"PWY","effect","group","term","estimate","std.error","statistic","df","p.value","padj"
"PWY_001","fixed",NA,"(Intercept)",-6.86260484768651,0.0360513191120711,-190.356553288745,60.2960189590267,1.6288056593468e-85,2.20006793407423e-84
"PWY_001","fixed",NA,"hd_exposurehigh_exposure",-0.00792817359736904,0.0502403805425719,-0.157804807840797,62.1867016922875,0.875121904849733,0.972141584521445
"PWY_003","fixed",NA,"(Intercept)",-3.36008921949686,0.0168120813401609,-199.861584744432,66.7242390130633,2.05066857811897e-94,6.59042453381682e-93
"PWY_003","fixed",NA,"hd_exposurehigh_exposure",0.00151313261280722,0.023497886429267,0.0643944134023299,64.7948844414615,0.948854434648338,0.988252611493919
"PWY_004","fixed",NA,"(Intercept)",-6.06533556743617,0.119434359972152,-50.7838411730963,70.1799872356988,4.46287038144533e-57,1.46457577306586e-56
"PWY_004","fixed",NA,"hd_exposurehigh_exposure",-0.00847387404774323,0.166766270814687,-0.05081287724638,68.2849680755731,0.959622975753215,0.988252611493919
"PWY_005","fixed",NA,"(Intercept)",-6.56408181154697,0.119006385159479,-55.1573917882686,69.6783571595144,3.16898052098449e-59,1.12299994127663e-58
"PWY_005","fixed",NA,"hd_exposurehigh_exposure",0.202056282888589,0.166243021975213,1.21542715289858,67.7463188729178,0.228421945700831,0.404732420899572
"PWY_007","fixed",NA,"(Intercept)",-6.26358882113432,0.124260864493826,-50.4067700369614,66.7749504800415,7.12783205762813e-55,2.11564951519408e-54
"PWY_007","fixed",NA,"hd_exposurehigh_exposure",0.199578046853372,0.173583588964539,1.14975181723051,64.8711770452919,0.254467250726025,0.44246917476988
"PWY_008","fixed",NA,"(Intercept)",-3.7319918095484,0.0417423982539551,-89.4053040949747,65.6134640962584,2.82443599941981e-70,1.67667156143902e-69
"PWY_008","fixed",NA,"hd_exposurehigh_exposure",-0.00800551953594104,0.0586328922714707,-0.136536323312782,64.1107537566482,0.891825166057764,0.972141584521445
"PWY_009","fixed",NA,"(Intercept)",-3.28961548659413,0.0125898544063607,-261.290987204119,70.5746079444502,4.04272077089053e-107,7.53563151693995e-105
"PWY_009","fixed",NA,"hd_exposurehigh_exposure",-0.0315498609013325,0.0175312447011076,-1.79963610338171,70.8377941384739,0.0761765338305584,0.146384596969238
"PWY_010","fixed",NA,"(Intercept)",-4.22511636990748,0.069171047788062,-61.082150769974,70.4724042615393,8.98442226453974e-63,3.82350755732924e-62
"PWY_010","fixed",NA,"hd_exposurehigh_exposure",0.010088701227892,0.0969429341106573,0.104068453471566,68.6280486575323,0.917418562706331,0.98222115142544
"PWY_011","fixed",NA,"(Intercept)",-6.06568324421416,0.140408160354816,-43.2003612103882,71.7148052647618,4.38571937956865e-53,1.20931670466213e-52
"PWY_011","fixed",NA,"hd_exposurehigh_exposure",0.103993500150175,0.196420394963011,0.529443493735763,69.7378733744603,0.598179250046734,0.852451163675162
"PWY_012","fixed",NA,"(Intercept)",-3.79410920941142,0.0867602962262669,-43.7309388561394,68.3219087737674,1.09192587013631e-51,2.81125666012994e-51
"PWY_012","fixed",NA,"hd_exposurehigh_exposure",-0.0581987134988427,0.122280343599212,-0.475944962091337,67.4664517941,0.635651204585817,0.872474499277173
"PWY_013","fixed",NA,"(Intercept)",-3.50662661889909,0.0262907472697123,-133.378735222898,70.2120018297816,3.40016231778462e-86,4.8753096618081e-85
"PWY_013","fixed",NA,"hd_exposurehigh_exposure",-0.042216519799603,0.0366283461671597,-1.1525641809472,69.0776866666667,0.253062303034821,0.441636392281166
"PWY_014","fixed",NA,"(Intercept)",-3.53398030318968,0.0290377057463521,-121.703151552655,70.3066889830673,1.67125868795018e-83,1.85430130615425e-82
"PWY_014","fixed",NA,"hd_exposurehigh_exposure",-0.0451550335861825,0.0404540090904731,-1.11620664061245,69.202317779121,0.268194520586431,0.462883876271396
"PWY_015","fixed",NA,"(Intercept)",-3.30099015491401,0.0148520060837318,-222.258874410896,64.3715820483476,1.3218947467374e-94,4.40002108556877e-93
"PWY_015","fixed",NA,"hd_exposurehigh_exposure",-0.0106427363214951,0.0207097421146301,-0.513899992698444,62.8170030366369,0.609124993239345,0.854976647137152
"PWY_016","fixed",NA,"(Intercept)",-3.48031269945498,0.0280333703517582,-124.148921652466,69.3878470692426,3.16340234040718e-83,3.46857762501116e-82
"PWY_016","fixed",NA,"hd_exposurehigh_exposure",0.0418240729803014,0.0392758765816367,1.06487942779248,67.5213194934354,0.290723761715511,0.498995480513547
"PWY_017","fixed",NA,"(Intercept)",-5.60164936632804,0.160547252904073,-34.8909698858257,70.4769350051603,3.33909311518814e-46,6.94650621284676e-46
"PWY_017","fixed",NA,"hd_exposurehigh_exposure",-0.0320152658032165,0.225191123579558,-0.142169306206715,68.7274819967015,0.887362225522563,0.972141584521445
"PWY_018","fixed",NA,"(Intercept)",-4.07615496778259,0.0725616710502674,-56.1750426745108,66.3246390828758,1.16791796904697e-57,3.91546599694883e-57
"PWY_018","fixed",NA,"hd_exposurehigh_exposure",0.0474863442874348,0.101793481618694,0.466496906602653,64.6302279957542,0.642428508894356,0.876637438198447
"PWY_019","fixed",NA,"(Intercept)",-3.25167505489311,0.0184913646196397,-175.848301181596,66.1141517222653,4.9904953165689e-90,9.49212578580043e-89
"PWY_019","fixed",NA,"hd_exposurehigh_exposure",0.0200434648787158,0.0258114770303465,0.776533045945056,64.2987611118583,0.440281614738056,0.705055781676749
"PWY_020","fixed",NA,"(Intercept)",-3.33612162866193,0.0139622814582063,-238.938144790166,48.0997338646082,1.28943556493934e-75,9.38870270721454e-75
"PWY_020","fixed",NA,"hd_exposurehigh_exposure",-0.0354079184892615,0.0194421373605498,-1.82119474997168,47.9590460057434,0.07481831151459,0.144389943600478
"PWY_021","fixed",NA,"(Intercept)",-6.54914315475926,0.153221086026038,-42.7430931643854,70.7511421824062,2.81563446469886e-52,7.45503216221402e-52
"PWY_021","fixed",NA,"hd_exposurehigh_exposure",0.098124653557894,0.214564191797392,0.457320733417396,68.8331055780823,0.64888069703098,0.881249282688751
"PWY_022","fixed",NA,"(Intercept)",-6.19480156085065,0.0968328759174575,-63.9741565264594,71.9311606517175,3.80722626858927e-65,1.7741674411626e-64
"PWY_022","fixed",NA,"hd_exposurehigh_exposure",0.0725698478774511,0.135145422818925,0.536975994922771,70.0883703029024,0.592984800422405,0.849598998479062
"PWY_023","fixed",NA,"(Intercept)",-4.83460191228394,0.0714871709024623,-67.6289444840433,65.2392347949765,3.86806655596511e-62,1.58812248024647e-61
"PWY_023","fixed",NA,"hd_exposurehigh_exposure",-0.00520556371320758,0.0996851485081574,-0.0522200527471913,63.6663590802945,0.958516858111165,0.988252611493919
"PWY_024","fixed",NA,"(Intercept)",-6.81700636069607,0.0276457220217279,-246.584493446701,45.9124699959565,2.46522393509789e-73,1.68940346140532e-72
"PWY_024","fixed",NA,"hd_exposurehigh_exposure",0.0579216951949907,0.0385734394830137,1.50159529384195,48.7581834571621,0.139650579638571,0.260830341128553
"PWY_025","fixed",NA,"(Intercept)",-3.93004802244294,0.0739118012385661,-53.1721316026093,67.1290446686219,1.33539159565584e-56,4.24773026331482e-56
"PWY_025","fixed",NA,"hd_exposurehigh_exposure",-0.00450712495198446,0.104066702156907,-0.0433099623469266,66.0591440038844,0.96558509775831,0.988928913308511
"PWY_026","fixed",NA,"(Intercept)",-3.36066540013787,0.0205128818266764,-163.831948554758,68.2583094656484,2.4730611659183e-90,4.90402767369332e-89
"PWY_026","fixed",NA,"hd_exposurehigh_exposure",-0.015687086233153,0.0286675400595241,-0.547207266496566,66.3163408859578,0.586073187816229,0.848168029572555
"PWY_027","fixed",NA,"(Intercept)",-3.36385517001183,0.0175052848449566,-192.162264127966,65.5029697484883,7.33699082559523e-92,1.62811320225113e-90
"PWY_027","fixed",NA,"hd_exposurehigh_exposure",0.00355872354204792,0.0244188439571974,0.145736773955632,63.8243971110354,0.884588491003718,0.972141584521445
"PWY_028","fixed",NA,"(Intercept)",-3.96674849082112,0.046712339472664,-84.9186432450564,67.4498400595002,2.6468639013127e-70,1.58133151027144e-69
"PWY_028","fixed",NA,"hd_exposurehigh_exposure",-0.0286768151803164,0.0654091386073333,-0.438422150037323,65.5570637815962,0.662521684188504,0.884627807541097
"PWY_029","fixed",NA,"(Intercept)",-3.83712073741581,0.0296424441335601,-129.446840487474,68.5079759121354,1.28526526408946e-83,1.46081369040411e-82
"PWY_029","fixed",NA,"hd_exposurehigh_exposure",-0.0157583969255908,0.0415650766228066,-0.379125896208363,66.7368773351195,0.705797980156336,0.911085481309841
"PWY_030","fixed",NA,"(Intercept)",-3.31982130123469,0.0146537437096135,-226.551068929692,68.4864868156295,3.33437669574494e-100,2.58969923369524e-98
"PWY_030","fixed",NA,"hd_exposurehigh_exposure",-0.00977154096744726,0.02041820228381,-0.478570093077946,67.2637296166092,0.633796458635182,0.871236429864292
"PWY_031","fixed",NA,"(Intercept)",-6.25803990151061,0.0600125826887149,-104.278796564565,61.1686909820152,1.32736353334895e-70,7.98130847149173e-70
"PWY_031","fixed",NA,"hd_exposurehigh_exposure",-0.122502376329522,0.0836656690210986,-1.46418928770688,59.7184024281053,0.148386757204115,0.276040833760949
"PWY_032","fixed",NA,"(Intercept)",-4.22624689590614,0.0695683123795239,-60.7495963514282,67.5612356312065,1.07915551181494e-60,4.0230917480461e-60
"PWY_032","fixed",NA,"hd_exposurehigh_exposure",0.00878932289584023,0.0974958281555868,0.090150758879795,65.7387650616952,0.928441527961031,0.984066333618384
"PWY_033","fixed",NA,"(Intercept)",-6.12688153240884,0.157877111479422,-38.8079150612495,70.8336845773988,1.81397785906773e-49,4.2265684116278e-49
"PWY_033","fixed",NA,"hd_exposurehigh_exposure",0.0409472401399994,0.221391405442079,0.184954063859142,69.0508344479266,0.853807234502343,0.972141584521445
"PWY_034","fixed",NA,"(Intercept)",-6.70941346092446,0.0844679671796802,-79.4314541351776,62.555472286465,1.5787563387522e-64,7.10821694549301e-64
"PWY_034","fixed",NA,"hd_exposurehigh_exposure",-0.22051582024899,0.117761964826895,-1.87255554518929,61.0834667640501,0.0659180165420329,0.127724722281028
"PWY_035","fixed",NA,"(Intercept)",-5.15133872299356,0.155760250249079,-33.0722293701761,69.5442397539916,2.82331282927485e-44,5.69551419238996e-44
"PWY_035","fixed",NA,"hd_exposurehigh_exposure",-0.0370928593579027,0.218384675828376,-0.169851017326203,67.7510571288339,0.865633462182518,0.972141584521445
"PWY_036","fixed",NA,"(Intercept)",-6.78222841632744,0.0443088944977874,-153.066974321964,79.9135306079241,2.05052297639019e-100,1.73735219454151e-98
"PWY_036","fixed",NA,"hd_exposurehigh_exposure",0.0129388951089046,0.06179767937299,0.209375096932197,78.1911261006096,0.834699976330506,0.970916471826593
"PWY_037","fixed",NA,"(Intercept)",-3.13474179969557,0.0257958040330598,-121.521383697833,70.9040479213593,5.03564530543364e-84,6.01695054444123e-83
"PWY_037","fixed",NA,"hd_exposurehigh_exposure",0.0244104863105913,0.0360913797895738,0.676352260648208,68.9377688284491,0.501079998151895,0.768868092175495
"PWY_038","fixed",NA,"(Intercept)",-5.6583563210017,0.135099648857885,-41.8828351430718,70.504772282959,1.49325834889258e-51,3.79214381789614e-51
"PWY_038","fixed",NA,"hd_exposurehigh_exposure",0.00109231060469238,0.189326692137099,0.005769448524994,68.6522015781385,0.995413404152815,0.99755407814024
"PWY_039","fixed",NA,"(Intercept)",-5.12601506381541,0.152504764684946,-33.6121633603059,70.5472544881757,3.74543679092989e-45,7.63839625633842e-45
"PWY_039","fixed",NA,"hd_exposurehigh_exposure",0.0705854876580467,0.213815874668987,0.330122764585753,68.7435238205001,0.742311145125341,0.928636224505795
"PWY_040","fixed",NA,"(Intercept)",-4.06793200681259,0.0750676187589984,-54.1902364036952,65.9897948299762,1.94603922313839e-56,6.14816459649147e-56
"PWY_040","fixed",NA,"hd_exposurehigh_exposure",0.080086390491335,0.105237600258391,0.761005479930156,64.2175876739217,0.449439254270522,0.711874823129232
"PWY_041","fixed",NA,"(Intercept)",-6.35772222939681,0.130236906840987,-48.8165941867713,71.6812229181855,9.50535563212971e-57,3.04432695846903e-56
"PWY_041","fixed",NA,"hd_exposurehigh_exposure",0.10689258482937,0.182609471944755,0.585361666571755,69.8776470605448,0.560190235761,0.825792792661331
"PWY_042","fixed",NA,"(Intercept)",-4.11049984661412,0.0725102769483318,-56.6885139542787,62.5645960854485,1.70105358061275e-55,5.14734395172428e-55
"PWY_042","fixed",NA,"hd_exposurehigh_exposure",-0.0391948811568862,0.101920411139728,-0.384563609178849,61.2040975495272,0.70189378019496,0.909114811356662
"PWY_043","fixed",NA,"(Intercept)",-4.91306136293015,0.123617098232717,-39.7441893813185,69.6180919615224,1.38398251093698e-49,3.24904710376138e-49
"PWY_043","fixed",NA,"hd_exposurehigh_exposure",0.0016150784261859,0.173482991534256,0.00930972201887002,67.9469979027652,0.992599304246218,0.99755407814024
"PWY_044","fixed",NA,"(Intercept)",-4.33900317306601,0.0691582024717163,-62.7402537658572,70.7599744618873,9.05011178940424e-64,3.95995501771115e-63
"PWY_044","fixed",NA,"hd_exposurehigh_exposure",-0.0558984610201347,0.0969613611440046,-0.576502437265868,68.9541720015127,0.56615282025802,0.830951855874763
"PWY_045","fixed",NA,"(Intercept)",-4.51442583948794,0.0731231755266863,-61.7372783248507,70.2303676745645,6.20577821557094e-63,2.65311252151932e-62
"PWY_045","fixed",NA,"hd_exposurehigh_exposure",-0.0730676960758669,0.102598004671526,-0.712174630586609,68.5241734785804,0.478774490583541,0.7424589438001
"PWY_046","fixed",NA,"(Intercept)",-4.50209765745246,0.0737435864055435,-61.0507011781845,67.8221735137863,5.21506494274508e-61,1.98385327617895e-60
"PWY_046","fixed",NA,"hd_exposurehigh_exposure",-0.0151389657718908,0.103041589765808,-0.146920925873704,65.8919564211552,0.88364304204874,0.972141584521445
"PWY_047","fixed",NA,"(Intercept)",-4.78955505469371,0.117722489472468,-40.6851322645012,71.504282870399,3.47002162022369e-51,8.67040254704687e-51
"PWY_047","fixed",NA,"hd_exposurehigh_exposure",-0.038688880628007,0.165287563724043,-0.234070124553354,69.8892043923431,0.815614862480508,0.965212939974228
"PWY_048","fixed",NA,"(Intercept)",-5.54347842313182,0.152103806551439,-36.4453628664257,70.0328110152994,2.86298227233819e-47,6.06431699504362e-47
"PWY_048","fixed",NA,"hd_exposurehigh_exposure",0.0878728982100852,0.213001948886217,0.412545043224115,68.1216788959317,0.681235469293848,0.896767595172128
"PWY_049","fixed",NA,"(Intercept)",-4.22579810436562,0.0475537065079903,-88.8636956964769,67.147254737241,2.25740638143982e-71,1.41201526677981e-70
"PWY_049","fixed",NA,"hd_exposurehigh_exposure",-0.0671103554358506,0.0665600898874379,-1.00826719959879,65.2332666665764,0.317051611445942,0.538236979722438
"PWY_050","fixed",NA,"(Intercept)",-4.01700434372164,0.0460009373836419,-87.3244018968645,71.1487480465346,4.10327779235301e-74,2.8971628049038e-73
"PWY_050","fixed",NA,"hd_exposurehigh_exposure",-0.0267196652117739,0.0644923530157748,-0.414307494800791,69.3364043856211,0.679927868330772,0.896703789351416
"PWY_051","fixed",NA,"(Intercept)",-5.08180158586303,0.12483232925383,-40.7090183788037,71.9611582428602,1.99945056940066e-51,5.02287851935692e-51
"PWY_051","fixed",NA,"hd_exposurehigh_exposure",0.0297124650605834,0.175141708242399,0.169648140118976,70.23576508821,0.86577454778833,0.972141584521445
"PWY_052","fixed",NA,"(Intercept)",-4.78955505469371,0.117722489472468,-40.6851322645012,71.504282870399,3.47002162022369e-51,8.67040254704687e-51
"PWY_052","fixed",NA,"hd_exposurehigh_exposure",-0.038688880628007,0.165287563724043,-0.234070124553354,69.8892043923431,0.815614862480508,0.965212939974228
"PWY_053","fixed",NA,"(Intercept)",-3.69910100566535,0.044698475279096,-82.7567603272433,65.0413929739852,1.23525290168862e-67,6.57860402499309e-67
"PWY_053","fixed",NA,"hd_exposurehigh_exposure",-0.0719774349417479,0.062691816763377,-1.14811531484912,63.3323952406077,0.255239204956286,0.44298498886268
"PWY_054","fixed",NA,"(Intercept)",-3.77310966516211,0.0594362188525188,-63.4816571108681,68.128657646523,2.38973667913111e-62,9.94301153995622e-62
"PWY_054","fixed",NA,"hd_exposurehigh_exposure",0.00136838516249036,0.082838256085644,0.0165187586889278,66.7500594339234,0.986869812885469,0.996541907411904
"PWY_055","fixed",NA,"(Intercept)",-4.08378990664964,0.0406335869124388,-100.502815945089,68.0221887807602,1.0573122617094e-75,7.75917344813509e-75
"PWY_055","fixed",NA,"hd_exposurehigh_exposure",-0.0381952002378137,0.0568792821024402,-0.671513402173812,66.1040968455147,0.504233518731404,0.768868092175495
"PWY_056","fixed",NA,"(Intercept)",-4.85013784081333,0.116345031038066,-41.6875374697045,67.4907872012587,6.73654990279885e-50,1.60164910954299e-49
"PWY_056","fixed",NA,"hd_exposurehigh_exposure",-0.0968573498503339,0.163160966161647,-0.593630646648507,65.7437173075099,0.554796183333242,0.822765694174953
"PWY_057","fixed",NA,"(Intercept)",-3.55157392626768,0.0250516942717559,-141.769809568203,66.3111008127681,4.61936125779168e-84,5.59122687306733e-83
"PWY_057","fixed",NA,"hd_exposurehigh_exposure",-0.0442698736439789,0.0349339756214636,-1.26724407561501,64.721758870963,0.209608869387361,0.374244188254828
"PWY_058","fixed",NA,"(Intercept)",-4.28564312767613,0.094600331832159,-45.3026225666922,67.2107473092198,4.22257557441905e-52,1.10236426760744e-51
"PWY_058","fixed",NA,"hd_exposurehigh_exposure",-0.0219224977382745,0.133211789896107,-0.164568749923501,66.1656151276944,0.869785156680779,0.972141584521445
"PWY_059","fixed",NA,"(Intercept)",-3.43519465526468,0.0234468625243823,-146.50977936568,63.88845947989,1.80248466551935e-82,1.82599533506961e-81
"PWY_059","fixed",NA,"hd_exposurehigh_exposure",-0.0366315461198558,0.0326891969484863,-1.1206009795096,62.3974197962537,0.266752297397505,0.461248870453571
"PWY_060","fixed",NA,"(Intercept)",-6.07905862802287,0.156965998549335,-38.7285060726844,71.31723824735,1.23777266522871e-49,2.92051676960292e-49
"PWY_060","fixed",NA,"hd_exposurehigh_exposure",0.0510985922019339,0.220116627945078,0.232143262773786,69.5323401072275,0.81710863663708,0.965212939974228
"PWY_061","fixed",NA,"(Intercept)",-4.00486703739037,0.0566904337978084,-70.6444944781001,68.177698786887,1.68408060007473e-65,8.13245139517951e-65
"PWY_061","fixed",NA,"hd_exposurehigh_exposure",-0.0235123686767269,0.0797033337023834,-0.294998560091896,66.8148113203712,0.768909694606145,0.940451227523526
"PWY_062","fixed",NA,"(Intercept)",-5.63973611343081,0.16093777454843,-35.0429607297303,70.1552243378593,3.43787433061733e-46,7.13607767513441e-46
"PWY_062","fixed",NA,"hd_exposurehigh_exposure",-0.0124047801686807,0.225577409474477,-0.0549912342622424,68.3244416794987,0.956305934608368,0.988252611493919
"PWY_063","fixed",NA,"(Intercept)",-3.68139580178618,0.0478553076854795,-76.927638329723,66.058862710584,2.25043207556908e-66,1.12160571894673e-65
"PWY_063","fixed",NA,"hd_exposurehigh_exposure",0.00208036136823656,0.0672657445117767,0.0309275008154014,64.6690258226848,0.975422611027135,0.992406460374528
"PWY_064","fixed",NA,"(Intercept)",-5.0043198092897,0.135074850854632,-37.0484940581231,70.9025297518151,3.87931762278408e-48,8.44748603839897e-48
"PWY_064","fixed",NA,"hd_exposurehigh_exposure",0.0982905320178852,0.189510544352718,0.518654686754245,69.1834729148207,0.60565659290551,0.854976647137152
"PWY_065","fixed",NA,"(Intercept)",-4.97415911312996,0.0908563172182599,-54.747531766897,70.3179154856201,2.13999699348877e-59,7.67106614589051e-59
"PWY_065","fixed",NA,"hd_exposurehigh_exposure",-0.0749191469119382,0.127298041125883,-0.588533383933628,68.446765651246,0.558111503955897,0.825650669344279
"PWY_066","fixed",NA,"(Intercept)",-5.65800330688359,0.140714378359626,-40.2091340831093,71.8100815093657,5.54097613766243e-51,1.3661877672755e-50
"PWY_066","fixed",NA,"hd_exposurehigh_exposure",0.114933730982154,0.197133172502568,0.583025827277533,69.9175828007875,0.561751749514253,0.825792792661331
"PWY_067","fixed",NA,"(Intercept)",-5.15459806468332,0.131411231263906,-39.224943066941,69.6133385339699,3.34386794788535e-49,7.69502451217072e-49
"PWY_067","fixed",NA,"hd_exposurehigh_exposure",0.00172016538640139,0.184664877329972,0.00931506527539443,68.1520941407314,0.992594974799903,0.99755407814024
"PWY_068","fixed",NA,"(Intercept)",-4.82150280160484,0.101480536707242,-47.5116013183319,69.0095843319669,1.870475324037e-54,5.44775938125778e-54
"PWY_068","fixed",NA,"hd_exposurehigh_exposure",0.000244843797125583,0.142413910113992,0.0017192407464243,67.3404574194412,0.998633328020882,0.998633328020882
"PWY_069","fixed",NA,"(Intercept)",-4.64506763455213,0.0875690205691192,-53.044645290805,69.7264984386044,4.23489003771259e-58,1.44575733155609e-57
"PWY_069","fixed",NA,"hd_exposurehigh_exposure",-0.0218038215291891,0.122952079622449,-0.177335931170439,68.1254561270854,0.859770735378922,0.972141584521445
"PWY_070","fixed",NA,"(Intercept)",-5.09335402731995,0.139967530600653,-36.3895398130014,69.7540793721017,4.22294115235412e-47,8.82462142151129e-47
"PWY_070","fixed",NA,"hd_exposurehigh_exposure",0.0868167704067759,0.195953138062445,0.443048635327848,67.8271443691341,0.659140443693861,0.883714957475977
"PWY_071","fixed",NA,"(Intercept)",-3.86080445276992,0.0695025889561332,-55.5490739374713,71.4441532364713,1.59863632278317e-60,5.91241687632506e-60
"PWY_071","fixed",NA,"hd_exposurehigh_exposure",0.0744992715769313,0.0976115492767901,0.763221894631332,69.8732409543212,0.447900327909443,0.711874823129232
"PWY_072","fixed",NA,"(Intercept)",-3.33675664713926,0.0164462179080878,-202.888996472455,69.5806686123513,3.26722789457003e-98,2.03003759849285e-96
"PWY_072","fixed",NA,"hd_exposurehigh_exposure",0.0307754845642262,0.0229672809303471,1.33997074610439,67.6749212917027,0.184736797080783,0.3356231868992
"PWY_073","fixed",NA,"(Intercept)",-5.0761223756743,0.131638360763158,-38.5611180984485,71.2118452936586,1.86136643169576e-49,4.31540675209067e-49
"PWY_073","fixed",NA,"hd_exposurehigh_exposure",0.0431409000778505,0.184547083759277,0.233766360318776,69.3946280097829,0.815854619854902,0.965212939974228
"PWY_074","fixed",NA,"(Intercept)",-3.62171015534461,0.0235619412616731,-153.710176726221,68.580987141641,8.66582645618542e-89,1.44224111735086e-87
"PWY_074","fixed",NA,"hd_exposurehigh_exposure",-0.0854207522410857,0.0328506693641748,-2.60027432908996,67.0372147531182,0.0114488229814626,0.0227511791443991
"PWY_075","fixed",NA,"(Intercept)",-3.24954328472146,0.0188141072730097,-172.718441410355,66.7353638099749,3.32003947341399e-90,6.4464099775455e-89
"PWY_075","fixed",NA,"hd_exposurehigh_exposure",0.0202435118393798,0.0262683318420272,0.77064322017555,64.8810027655795,0.443715710757383,0.708121647989523
"PWY_076","fixed",NA,"(Intercept)",-5.81392700870412,0.153818383513988,-37.7973482485299,69.9103658855425,2.87286769918394e-48,6.27052153545535e-48
"PWY_076","fixed",NA,"hd_exposurehigh_exposure",-0.0741471450877868,0.215581368585382,-0.343940413656018,68.0732980051901,0.73195124360792,0.923110364063032
"PWY_077","fixed",NA,"(Intercept)",-5.50749065097059,0.163482061674487,-33.6886542447493,70.2221994843037,4.39398174254534e-45,8.94146503068178e-45
"PWY_077","fixed",NA,"hd_exposurehigh_exposure",0.0206712226351422,0.22913829183958,0.0902128686968396,68.3884272850778,0.928381755506017,0.984066333618384
"PWY_078","fixed",NA,"(Intercept)",-4.99177743955258,0.0759705902558898,-65.7067086452653,77.0865305461758,1.91264264014823e-69,1.0936091660234e-68
"PWY_078","fixed",NA,"hd_exposurehigh_exposure",0.0190526566574294,0.105900071585121,0.179911650410124,75.5770281603033,0.857703442094543,0.972141584521445
"PWY_079","fixed",NA,"(Intercept)",-5.8733395345515,0.1587025629401,-37.0084731194185,69.6543384872656,1.53025459250493e-47,3.27109467939127e-47
"PWY_079","fixed",NA,"hd_exposurehigh_exposure",0.0807519679155588,0.221649606386349,0.364322631707285,67.7392997013376,0.716751915375668,0.915459812602871
"PWY_080","fixed",NA,"(Intercept)",-6.06260157021945,0.104491327494574,-58.0201411503196,71.573855373091,6.31440621729912e-62,2.54763056039947e-61
"PWY_080","fixed",NA,"hd_exposurehigh_exposure",0.138284271234938,0.146239560643908,0.945600975728168,69.6139840124593,0.347622823228988,0.580617331988201
"PWY_081","fixed",NA,"(Intercept)",-4.80739801318829,0.125808166478614,-38.2121300051336,71.1110425000205,3.84426007240711e-49,8.78149604775349e-49
"PWY_081","fixed",NA,"hd_exposurehigh_exposure",0.0364227822357029,0.176342581790136,0.20654558794568,69.2752617852327,0.836970621701116,0.970916471826593
"PWY_082","fixed",NA,"(Intercept)",-5.01271479049537,0.0942445099694376,-53.1884010232632,74.0631914750528,9.34031602080214e-61,3.52436215845652e-60
"PWY_082","fixed",NA,"hd_exposurehigh_exposure",-0.0988812525928818,0.131604857622031,-0.751349565506683,72.1295220162295,0.454886821661897,0.717351129930437
"PWY_084","fixed",NA,"(Intercept)",-5.59569882277686,0.147387999284874,-37.9657696008303,71.4381961485437,4.2176936371811e-49,9.61097914389435e-49
"PWY_084","fixed",NA,"hd_exposurehigh_exposure",-0.0770708326661514,0.206361351801963,-0.373475129878551,69.5030438961531,0.709931615350191,0.912629331732935
"PWY_085","fixed",NA,"(Intercept)",-4.8532672573159,0.127897037046689,-37.9466746797599,71.1373360643769,5.99917469670665e-49,1.35709485857539e-48
"PWY_085","fixed",NA,"hd_exposurehigh_exposure",0.0413214756661982,0.179280574932736,0.230484957345219,69.3074178189151,0.818393932612889,0.965497652145839
"PWY_086","fixed",NA,"(Intercept)",-5.61752437018258,0.141183075875971,-39.7889359990823,70.2796638863362,6.16324949050273e-50,1.47285859619194e-49
"PWY_086","fixed",NA,"hd_exposurehigh_exposure",-0.0530263368066872,0.197866485827142,-0.267990491593465,68.4363652618784,0.789512733961463,0.957633096978423
"PWY_088","fixed",NA,"(Intercept)",-4.09804874170104,0.0816122242223842,-50.213663219548,68.9950036361096,4.66228294768788e-56,1.45326010275756e-55
"PWY_088","fixed",NA,"hd_exposurehigh_exposure",-0.01983208193143,0.114825379448329,-0.172715143870737,67.7659897755687,0.863390157362879,0.972141584521445
"PWY_089","fixed",NA,"(Intercept)",-3.26873723814418,0.0151005302435369,-216.465063506178,67.792968396975,5.14775045606466e-98,2.82217848532486e-96
"PWY_089","fixed",NA,"hd_exposurehigh_exposure",0.000979650490708577,0.0210726993123857,0.0464890841076433,66.0056559819748,0.963060805580878,0.988488797701811
"PWY_090","fixed",NA,"(Intercept)",-3.48777502856323,0.0241336919106351,-144.518917432034,65.2716777842406,1.55776596374499e-83,1.74920226290401e-82
"PWY_090","fixed",NA,"hd_exposurehigh_exposure",-0.0455185926117173,0.0336769732874493,-1.35162362196846,63.5176085415976,0.181289799708866,0.330004088532545
"PWY_091","fixed",NA,"(Intercept)",-3.64290015280329,0.0243796655121938,-149.423713421385,64.9985989841849,3.44578497581009e-84,4.28196212994e-83
"PWY_091","fixed",NA,"hd_exposurehigh_exposure",-0.0311688365495432,0.0339701045288198,-0.917537257593659,63.7986064673495,0.362316865447305,0.602998783208728
"PWY_092","fixed",NA,"(Intercept)",-6.06568324421416,0.140408160354816,-43.2003612103882,71.7148052647618,4.38571937956865e-53,1.20931670466213e-52
"PWY_092","fixed",NA,"hd_exposurehigh_exposure",0.103993500150175,0.196420394963011,0.529443493735763,69.7378733744603,0.598179250046734,0.852451163675162
"PWY_093","fixed",NA,"(Intercept)",-4.95144011998146,0.125547060035637,-39.4389173157537,73.2703232508935,4.29890264532121e-51,1.07127734370037e-50
"PWY_093","fixed",NA,"hd_exposurehigh_exposure",-0.0186350924875243,0.17583290954393,-0.10598182408435,71.3426457054289,0.915894209174518,0.98222115142544
"PWY_095","fixed",NA,"(Intercept)",-4.96945529689659,0.121181537586677,-41.0083532183448,69.9876894205411,1.12200100307824e-50,2.74463237498404e-50
"PWY_095","fixed",NA,"hd_exposurehigh_exposure",0.054051504379518,0.169910998390895,0.318116572154839,68.1960406546185,0.751368638466205,0.933241415001747
"PWY_096","fixed",NA,"(Intercept)",-5.09901410623369,0.113114023773826,-45.0785316985034,68.0238108493021,2.12593889656478e-52,5.72651749016872e-52
"PWY_096","fixed",NA,"hd_exposurehigh_exposure",-0.16402017061114,0.15821366452859,-1.03670040827289,66.0770452546574,0.303654543704905,0.518326070939508
"PWY_097","fixed",NA,"(Intercept)",-5.49511655259146,0.164484771198123,-33.4080566399216,68.6387214961521,3.46574322270211e-44,6.9763988845753e-44
"PWY_097","fixed",NA,"hd_exposurehigh_exposure",-0.0401292587415737,0.230996915246182,-0.173722054681147,67.0802439029209,0.862607091808771,0.972141584521445
"PWY_098","fixed",NA,"(Intercept)",-5.32319804003606,0.100642708135792,-52.8920389627609,66.0766478337244,8.23596283004847e-56,2.5249728150017e-55
"PWY_098","fixed",NA,"hd_exposurehigh_exposure",0.215329699433848,0.14061711997173,1.53131922682771,64.1687525524627,0.130605972468721,0.244427241648288
"PWY_099","fixed",NA,"(Intercept)",-6.52392698485064,0.105159239262825,-62.0385524903368,70.9721376517612,1.43194566770638e-63,6.20731796419695e-63
"PWY_099","fixed",NA,"hd_exposurehigh_exposure",0.0446251544270997,0.146913546047595,0.303751121851233,69.0224700964075,0.762231287622483,0.937202585836615
"PWY_100","fixed",NA,"(Intercept)",-4.84772836639611,0.122304935563897,-39.6364083268207,69.8988963881508,1.21564037571453e-49,2.87557571108108e-49
"PWY_100","fixed",NA,"hd_exposurehigh_exposure",0.033095355339958,0.171834336503564,0.192600361565522,68.4016687422781,0.847842656798751,0.970916471826593
"PWY_101","fixed",NA,"(Intercept)",-6.33371311772453,0.0932684326578304,-67.9084330811126,69.4119842462711,3.22836457058209e-65,1.51197777878518e-64
"PWY_101","fixed",NA,"hd_exposurehigh_exposure",-0.0400364369625884,0.130741104793548,-0.306226852112117,67.5972784842471,0.760373126954642,0.936152911917736
"PWY_102","fixed",NA,"(Intercept)",-6.87506247673785,0.0458288351530886,-150.016086024707,60.1598258375086,3.81489098701612e-79,3.29210962953614e-78
"PWY_102","fixed",NA,"hd_exposurehigh_exposure",0.13597255626697,0.0640339661305929,2.12344423566805,58.325051544941,0.0379698019204477,0.0746579227634118
"PWY_103","fixed",NA,"(Intercept)",-4.47159192427658,0.0787946391707572,-56.7499511557648,71.696937898814,2.4970739264248e-61,9.73754351225069e-61
"PWY_103","fixed",NA,"hd_exposurehigh_exposure",-0.0717351028316634,0.10995353997947,-0.652412854056881,69.8839452676351,0.516275191514286,0.777331952328457
"PWY_104","fixed",NA,"(Intercept)",-5.20584347424687,0.0740373904835994,-70.3137082525897,68.0816970638672,2.709037712906e-65,1.28817507572877e-64
"PWY_104","fixed",NA,"hd_exposurehigh_exposure",-0.069415439324073,0.10309468088466,-0.673317369319309,68.1804448995636,0.503021458413316,0.768868092175495
"PWY_105","fixed",NA,"(Intercept)",-6.27904084335939,0.192701100483905,-32.5843538391408,69.8632942521336,5.54357884967774e-44,1.11349471721975e-43
"PWY_105","fixed",NA,"hd_exposurehigh_exposure",0.109943907166674,0.270193968999386,0.406907332439103,68.0743892494915,0.685352637046969,0.898380671909669
"PWY_106","fixed",NA,"(Intercept)",-5.59043042929874,0.119275211684092,-46.8700105442306,71.5633808749625,1.86536719537984e-55,5.60813621320648e-55
"PWY_106","fixed",NA,"hd_exposurehigh_exposure",0.0276611519422389,0.166624324493181,0.166009086766745,69.61289885957,0.868631009716467,0.972141584521445
"PWY_109","fixed",NA,"(Intercept)",-4.71887557367328,0.110516722147169,-42.6982947195033,70.4506735009866,4.29826043106688e-52,1.11898846976378e-51
"PWY_109","fixed",NA,"hd_exposurehigh_exposure",-0.00868092688521654,0.154878032862161,-0.0560500848622117,68.5995100942129,0.955464840225792,0.988252611493919
"PWY_110","fixed",NA,"(Intercept)",-3.78649433493634,0.0312696892766039,-121.09152417352,70.64001990891,1.14939502651108e-83,1.32251378359052e-82
"PWY_110","fixed",NA,"hd_exposurehigh_exposure",-0.0720141399799452,0.0435502587334096,-1.65358696077504,69.9021164367736,0.102695874761669,0.194933921136203
"PWY_111","fixed",NA,"(Intercept)",-4.61585937588557,0.0747036043175915,-61.788978163114,75.8899180363662,1.17935487904048e-66,5.97368884383548e-66
"PWY_111","fixed",NA,"hd_exposurehigh_exposure",-0.0666497658208089,0.104441038076201,-0.638156868683944,73.8794866779606,0.525344756400692,0.787311377978484
"PWY_112","fixed",NA,"(Intercept)",-4.20935530010121,0.0735962263140623,-57.1952600142612,69.3281194493631,4.44180570954429e-60,1.62343643972364e-59
"PWY_112","fixed",NA,"hd_exposurehigh_exposure",-0.0427706287599137,0.103325219532429,-0.413941813561693,67.7178207181682,0.680224870248338,0.896703789351416
"PWY_113","fixed",NA,"(Intercept)",-4.54719838966377,0.0896257285148925,-50.7354134243739,69.8235692163021,7.66867127603958e-57,2.46455228595479e-56
"PWY_113","fixed",NA,"hd_exposurehigh_exposure",0.0463040233956855,0.125646990928747,0.368524729907331,68.0160135120059,0.713626589115126,0.914855544780326
"PWY_114","fixed",NA,"(Intercept)",-6.54706774848423,0.0412208468825718,-158.829045097866,64.8156771617775,1.03925292512352e-85,1.42438783266929e-84
"PWY_114","fixed",NA,"hd_exposurehigh_exposure",0.0308580910119892,0.0573992274784475,0.537604639776309,65.0192464159211,0.592685366572165,0.849598998479062
"PWY_115","fixed",NA,"(Intercept)",-6.45152740773185,0.0636495635871204,-101.360120072172,58.2793417766502,3.11044708545035e-67,1.63781733538968e-66
"PWY_115","fixed",NA,"hd_exposurehigh_exposure",0.0124322156366027,0.0887581022056635,0.14006851574852,56.7758947131148,0.889101584001448,0.972141584521445
"PWY_116","fixed",NA,"(Intercept)",-3.39578090398347,0.0215436903093621,-157.622991011331,68.6929303331547,1.17980144642249e-89,2.15602930993286e-88
"PWY_116","fixed",NA,"hd_exposurehigh_exposure",-0.0126076671094762,0.0301679485067776,-0.417915958277497,66.7910099684593,0.677349111916958,0.895445918165397
"PWY_117","fixed",NA,"(Intercept)",-3.39064770875978,0.0191064736199386,-177.460675172495,68.8309107636157,2.45306092907847e-93,6.3507021830587e-92
"PWY_117","fixed",NA,"hd_exposurehigh_exposure",-0.00521438534959801,0.0267317648577168,-0.195063265644907,66.8827884241175,0.84593477366065,0.970916471826593
"PWY_118","fixed",NA,"(Intercept)",-3.77848694660184,0.0561517216726552,-67.2906695297625,68.5440291577487,2.44852540030259e-64,1.09187831247943e-63
"PWY_118","fixed",NA,"hd_exposurehigh_exposure",-0.0196995883439699,0.0791437742117127,-0.248908881844234,67.6971223112926,0.8041848781177,0.965212939974228
"PWY_119","fixed",NA,"(Intercept)",-3.23548717369961,0.0167302940474668,-193.390932910083,68.1678353732685,3.90084793729179e-95,1.51482928231498e-93
"PWY_119","fixed",NA,"hd_exposurehigh_exposure",0.013378814267896,0.0233749306079599,0.572357389730179,66.2392190176006,0.569017462947004,0.832534184405977
"PWY_120","fixed",NA,"(Intercept)",-3.64422579225617,0.0207261660795868,-175.827298607115,67.3343401059583,2.16274259817399e-91,4.58108204885945e-90
"PWY_120","fixed",NA,"hd_exposurehigh_exposure",-0.00617419027706047,0.0288647518024035,-0.213900688262504,66.684384793102,0.83127719075416,0.970916471826593
"PWY_122","fixed",NA,"(Intercept)",-5.28955828530452,0.114757454970372,-46.0933739482998,69.358327501164,9.19100291829181e-54,2.6356968368763e-53
"PWY_122","fixed",NA,"hd_exposurehigh_exposure",-0.0389493366595554,0.160472691458775,-0.242716292133489,67.3962185353924,0.808962332676376,0.965212939974228
"PWY_123","fixed",NA,"(Intercept)",-4.42920709849908,0.0757893239032645,-58.4410424897365,70.1535654193999,3.04679279361911e-61,1.18317120152209e-60
"PWY_123","fixed",NA,"hd_exposurehigh_exposure",0.0178431187342339,0.106229998085427,0.167966855462851,68.3231686712239,0.86710556567433,0.972141584521445
"PWY_124","fixed",NA,"(Intercept)",-4.2082988339066,0.0717231237319418,-58.6742268732564,69.1633979704739,1.00026159148123e-60,3.75904759379235e-60
"PWY_124","fixed",NA,"hd_exposurehigh_exposure",-0.0448343555703937,0.100796978931316,-0.444798604538976,67.7199260201887,0.657883729419761,0.883714957475977
"PWY_125","fixed",NA,"(Intercept)",-4.85244342734613,0.0673342188954622,-72.0650437020685,72.6256862361675,2.6107989224387e-69,1.48369792421517e-68
"PWY_125","fixed",NA,"hd_exposurehigh_exposure",-0.0938109026643693,0.0939123594267263,-0.998919665494762,70.9327696368318,0.32122916068051,0.54433741409861
"PWY_126","fixed",NA,"(Intercept)",-6.7615193253571,0.0929580947780321,-72.7372838428159,74.5008321475508,5.99062713174651e-71,3.62549641999204e-70
"PWY_126","fixed",NA,"hd_exposurehigh_exposure",-0.0866067800908161,0.129491296208582,-0.66882317674318,73.4840078627016,0.505704013415857,0.768868092175495
"PWY_127","fixed",NA,"(Intercept)",-6.11065184510021,0.10608417396362,-57.6019175791083,71.5178809155425,1.13688434216591e-61,4.5088349229729e-61
"PWY_127","fixed",NA,"hd_exposurehigh_exposure",0.0336478027412857,0.148197343169709,0.227047273733873,69.5675066591321,0.821052871212828,0.966809584989817
"PWY_128","fixed",NA,"(Intercept)",-5.0183164792569,0.143536134670655,-34.9620427690314,69.5630792876235,7.21466584899956e-46,1.48434184796194e-45
"PWY_128","fixed",NA,"hd_exposurehigh_exposure",-0.029931372026381,0.201239788454054,-0.148734861313049,67.7663328884,0.882204573899776,0.972141584521445
"PWY_130","fixed",NA,"(Intercept)",-3.16008058306794,0.0196706809708284,-160.649272272492,66.98404695807,2.22314002103163e-88,3.63502894666926e-87
"PWY_130","fixed",NA,"hd_exposurehigh_exposure",-0.0385877429022575,0.0274438244253204,-1.40606288337333,65.2529793744995,0.164449624213935,0.304301764716993
"PWY_131","fixed",NA,"(Intercept)",-3.72015403775386,0.0306629687052307,-121.324000735756,67.5919624114029,8.01970667787843e-81,7.25666662503175e-80
"PWY_131","fixed",NA,"hd_exposurehigh_exposure",0.0875443024986675,0.0428139793778299,2.04475976704002,65.7228060282865,0.0448871415583319,0.0877040166296967
"PWY_133","fixed",NA,"(Intercept)",-6.23032703596486,0.0328133551267853,-189.871685229746,72.5649553663724,1.30089081143324e-99,9.32638643273679e-98
"PWY_133","fixed",NA,"hd_exposurehigh_exposure",0.103808324300162,0.0458357189837,2.26479101019617,70.6125981717241,0.0265965934723065,0.0526285034314006
"PWY_134","fixed",NA,"(Intercept)",-5.91062840731019,0.0202562330177663,-291.793069428364,55.8768781355231,1.23823474586089e-90,2.50877126770077e-89
"PWY_134","fixed",NA,"hd_exposurehigh_exposure",0.0596005259779693,0.028208911896329,2.1128261237799,56.4548099122099,0.0390500797660999,0.0766203670358002
"PWY_135","fixed",NA,"(Intercept)",-4.91627499318833,0.105845873891725,-46.447488337783,69.331533348223,5.68322978320186e-54,1.63986692196413e-53
"PWY_135","fixed",NA,"hd_exposurehigh_exposure",0.0125131383830505,0.147976064082657,0.0845619084452798,67.3707784972876,0.932860467141346,0.985046099127287
"PWY_136","fixed",NA,"(Intercept)",-6.28992674975657,0.0179149963101399,-351.098411680748,43.944071875003,2.07036870053213e-77,1.63524036347114e-76
"PWY_136","fixed",NA,"hd_exposurehigh_exposure",0.0413527829987403,0.0250040289413955,1.65384479020013,46.9672131393154,0.10482835000986,0.198174487239735
"PWY_137","fixed",NA,"(Intercept)",-4.40647139895943,0.0732906567780243,-60.123235248189,66.6445958702477,8.63735876919767e-60,3.12016216003575e-59
"PWY_137","fixed",NA,"hd_exposurehigh_exposure",0.0105677593763524,0.102545164871114,0.103054682194277,64.72019646462,0.918238232208454,0.98222115142544
"PWY_138","fixed",NA,"(Intercept)",-3.88663467402621,0.0530996419867754,-73.1951201289489,71.2670316429562,8.33860214354792e-69,4.59856638922288e-68
"PWY_138","fixed",NA,"hd_exposurehigh_exposure",-0.0197560304445242,0.0744390517103918,-0.265398738841889,69.4453924376237,0.791488561912365,0.957633096978423
"PWY_139","fixed",NA,"(Intercept)",-3.37391597550469,0.0212865069542725,-158.500217191694,62.3657153614582,5.4297159297846e-83,5.81666120294167e-82
"PWY_139","fixed",NA,"hd_exposurehigh_exposure",-0.0342471462183857,0.0296450753266364,-1.15523896772205,63.1129719895373,0.252347616607787,0.44125324329917
"PWY_140","fixed",NA,"(Intercept)",-3.51752706014943,0.0224429572742244,-156.731887744102,72.0298810350554,5.10251574015464e-93,1.18888616745603e-91
"PWY_140","fixed",NA,"hd_exposurehigh_exposure",-0.0062173901219808,0.0313396306545108,-0.198387472734492,70.111013970635,0.843316055710968,0.970916471826593
"PWY_141","fixed",NA,"(Intercept)",-7.11727636372657,0.0571257677353962,-124.589596706927,64.5427564944589,1.24783366020849e-78,1.03837586724492e-77
"PWY_141","fixed",NA,"hd_exposurehigh_exposure",0.111075896669376,0.0795709141447199,1.39593591280547,63.6506618625793,0.167583989449661,0.308063665023835
"PWY_142","fixed",NA,"(Intercept)",-6.1345221162138,0.0861952230637372,-71.170093865615,71.7993533016542,2.49029010303665e-68,1.34938975350591e-67
"PWY_142","fixed",NA,"hd_exposurehigh_exposure",0.103603375184461,0.120105743418366,0.862601339750903,70.5393686613658,0.391279939321856,0.639777023592929
"PWY_143","fixed",NA,"(Intercept)",-3.25638274404058,0.0140522646022605,-231.733662595332,66.6534763152724,1.3122786250065e-98,8.73602627504325e-97
"PWY_143","fixed",NA,"hd_exposurehigh_exposure",0.00251856146182516,0.0195873472087138,0.12858103933057,65.2279761889808,0.89808480651385,0.972221582446035
"PWY_145","fixed",NA,"(Intercept)",-4.22021238440652,0.0787582718570573,-53.584370059135,67.7469355881587,3.37509681072959e-57,1.11151598148409e-56
"PWY_145","fixed",NA,"hd_exposurehigh_exposure",0.00350896251592122,0.110786766185371,0.031673119784451,66.4845937194901,0.97482762447313,0.992406460374528
"PWY_148","fixed",NA,"(Intercept)",-4.08420470582158,0.090744316355426,-45.0078293589719,69.2281422184682,5.34289354805686e-53,1.4689017070174e-52
"PWY_148","fixed",NA,"hd_exposurehigh_exposure",-0.0916935798033975,0.127645875921616,-0.718343457172905,67.954591473607,0.475008176216267,0.737846033722601
"PWY_149","fixed",NA,"(Intercept)",-6.28051577278521,0.0590977054979986,-106.273428382053,66.4307679188102,6.59939655780691e-76,4.92051007350084e-75
"PWY_149","fixed",NA,"hd_exposurehigh_exposure",-0.127113097060478,0.0824590517272888,-1.5415299399861,64.6839122487356,0.128066185147182,0.240156306956084
"PWY_150","fixed",NA,"(Intercept)",-4.64074483133097,0.0635301568492794,-73.0479045147141,52.2661629806194,2.69734242271947e-54,7.83153625537242e-54
"PWY_150","fixed",NA,"hd_exposurehigh_exposure",-0.124228508464423,0.0885344166260368,-1.4031662849167,51.1027133061991,0.166614313713398,0.306886443440487
"PWY_151","fixed",NA,"(Intercept)",-4.91832988430518,0.137707238908618,-35.7158412534068,66.794146532254,3.00158576043308e-45,6.13482001913078e-45
"PWY_151","fixed",NA,"hd_exposurehigh_exposure",-0.252066706814054,0.192772198311759,-1.30758848538108,64.8910382001956,0.195626806910156,0.353341441938499
"PWY_152","fixed",NA,"(Intercept)",-6.5590980861511,0.0419673639820137,-156.290447238054,46.9237536297748,2.04757779134929e-65,9.83681701823471e-65
"PWY_152","fixed",NA,"hd_exposurehigh_exposure",0.0757582336664891,0.0584732822544704,1.29560426139234,48.3298783331188,0.201265914966228,0.361425496625288
"PWY_153","fixed",NA,"(Intercept)",-4.0844167620046,0.119954182827041,-34.0498068991375,70.8991333072081,1.12882013674087e-45,2.31731358467508e-45
"PWY_153","fixed",NA,"hd_exposurehigh_exposure",0.0319648701859948,0.168954287006942,0.18919241856634,69.8876428033934,0.850490378734677,0.971393422770489
"PWY_157","fixed",NA,"(Intercept)",-6.38194181739911,0.105146741550994,-60.6955738547924,71.1117215100113,5.33635571673956e-63,2.29192789308814e-62
"PWY_157","fixed",NA,"hd_exposurehigh_exposure",0.091972953492935,0.147076717827644,0.625339991613873,69.1373543985273,0.533806668251329,0.796012503696382
"PWY_158","fixed",NA,"(Intercept)",-3.29345063204878,0.0151935894419714,-216.765804066735,64.4855736971319,4.79756088886805e-94,1.44236346723388e-92
"PWY_158","fixed",NA,"hd_exposurehigh_exposure",0.0117366033186331,0.0211949902849062,0.55374421789621,62.8077643905955,0.581720005240079,0.846231187368478
"PWY_159","fixed",NA,"(Intercept)",-3.73864845303993,0.0288582343432465,-129.552224455993,69.4652660947034,1.39945646501756e-84,1.78670332246077e-83
"PWY_159","fixed",NA,"hd_exposurehigh_exposure",-0.0690077291009085,0.0401973148350396,-1.71672484553011,68.5354790681661,0.0905460934019338,0.173283283471463
"PWY_161","fixed",NA,"(Intercept)",-3.29450762043369,0.0213468390806707,-154.33233969599,67.5279697512119,8.57589256517534e-88,1.28915030173281e-86
"PWY_161","fixed",NA,"hd_exposurehigh_exposure",0.019202942380721,0.029831174612542,0.643720625491143,65.5957581758598,0.522000967995247,0.784685326083177
"PWY_162","fixed",NA,"(Intercept)",-5.37024460569719,0.125475027262471,-42.7993101325542,70.7237730576881,2.65824992802251e-52,7.09882215735524e-52
"PWY_162","fixed",NA,"hd_exposurehigh_exposure",0.0247089307600366,0.175640741284071,0.140678811643557,68.78075646774,0.888534872362367,0.972141584521445
"PWY_163","fixed",NA,"(Intercept)",-4.01419284048348,0.0673303613428128,-59.6193568610927,70.9275990868643,2.44258339225438e-62,1.0117723207027e-61
"PWY_163","fixed",NA,"hd_exposurehigh_exposure",0.0154909516317728,0.0945947898440736,0.163761150664931,69.4198072924669,0.870395021689333,0.972141584521445
"PWY_164","fixed",NA,"(Intercept)",-4.71629112163994,0.108763345965093,-43.3628726644139,68.3206745647987,1.90999205619042e-51,4.81111512532288e-51
"PWY_164","fixed",NA,"hd_exposurehigh_exposure",-0.0723717493784314,0.152464078819059,-0.4746806588083,66.5175001222188,0.636569377155019,0.872474499277173
"PWY_165","fixed",NA,"(Intercept)",-4.58121854791052,0.103176228190127,-44.4018804357583,70.4034757709618,3.18665807871598e-53,8.83918252786693e-53
"PWY_165","fixed",NA,"hd_exposurehigh_exposure",-0.0208406702276079,0.144898454780471,-0.143829485684873,68.833478937602,0.886055374658538,0.972141584521445
"PWY_166","fixed",NA,"(Intercept)",-5.42469338361144,0.161903136555174,-33.5057954962027,70.2188806356914,6.31873316795757e-45,1.28023028533401e-44
"PWY_166","fixed",NA,"hd_exposurehigh_exposure",0.0883479292085321,0.226991528219579,0.389212451678237,68.4172033628581,0.698327792306145,0.908996511772803
"PWY_167","fixed",NA,"(Intercept)",-3.57495840498333,0.0171135966233342,-208.895796930781,55.3253996837123,7.52523417702783e-82,7.46118963084036e-81
"PWY_167","fixed",NA,"hd_exposurehigh_exposure",0.00463128484708109,0.0238348192015247,0.194307530001521,54.6475602202269,0.846655619202543,0.970916471826593
"PWY_170","fixed",NA,"(Intercept)",-6.03603708759279,0.076606237987939,-78.7930232071064,71.7567436033268,1.97426899977337e-71,1.24325588364107e-70
"PWY_170","fixed",NA,"hd_exposurehigh_exposure",0.147233791300419,0.106928756502973,1.37693354075735,69.8954828288825,0.172927080476167,0.317259919298795
"PWY_171","fixed",NA,"(Intercept)",-4.01449572082794,0.0363182797575707,-110.536505242683,69.6586231000309,5.44318499210351e-80,4.74116674078549e-79
"PWY_171","fixed",NA,"hd_exposurehigh_exposure",-0.0244556420510573,0.0506805370161498,-0.482545045709842,67.8600764482579,0.630971777482375,0.869919669546706
"PWY_172","fixed",NA,"(Intercept)",-5.15382968743567,0.120549673681192,-42.75274689723,70.3379409552549,4.49922202191974e-52,1.16479859011922e-51
"PWY_172","fixed",NA,"hd_exposurehigh_exposure",-0.00811342672093689,0.16907358823797,-0.0479875467569617,68.5782699968827,0.961865647785502,0.988488797701811
"PWY_175","fixed",NA,"(Intercept)",-5.46966431007987,0.0846614422480261,-64.6063209513466,72.496837847499,7.89317215150102e-66,3.85153740586332e-65
"PWY_175","fixed",NA,"hd_exposurehigh_exposure",-0.0376820085095373,0.118649529534866,-0.31759088010934,70.6343921506219,0.751732247443499,0.933241415001747
"PWY_176","fixed",NA,"(Intercept)",-4.28427539613049,0.0848970347884876,-50.4643702433699,64.4280538329624,1.61818285290672e-53,4.57014066336081e-53
"PWY_176","fixed",NA,"hd_exposurehigh_exposure",0.0983580048372488,0.118890123364365,0.827301730824259,62.5757218433171,0.411209883641191,0.668843999220925
"PWY_177","fixed",NA,"(Intercept)",-4.80422831805358,0.126450859682534,-37.9928482108784,71.0743058294915,5.90563082607967e-49,1.3391844111694e-48
"PWY_177","fixed",NA,"hd_exposurehigh_exposure",0.0426960828780529,0.17724510542323,0.240887232265749,69.2398222507936,0.810354389394166,0.965212939974228
"PWY_178","fixed",NA,"(Intercept)",-5.6151848269881,0.133475505009695,-42.0690285201036,70.4901912874041,1.12407180641153e-51,2.88604662142023e-51
"PWY_178","fixed",NA,"hd_exposurehigh_exposure",0.0825223284476807,0.187019290566219,0.441250355499887,68.6215208814841,0.66041896929142,0.883714957475977
"PWY_179","fixed",NA,"(Intercept)",-4.00130846363904,0.0503938578586562,-79.4007173426142,70.9356291883061,4.85141837399125e-71,2.99438538050321e-70
"PWY_179","fixed",NA,"hd_exposurehigh_exposure",-0.0559068090807993,0.0707524268051154,-0.790175144589631,69.3182900796586,0.43212041236214,0.695572062731459
"PWY_180","fixed",NA,"(Intercept)",-6.02472826331647,0.114231174737351,-52.7415416778209,68.5294500443006,3.25857561184781e-57,1.07694768448304e-56
"PWY_180","fixed",NA,"hd_exposurehigh_exposure",-0.000967318519337222,0.159719352554001,-0.00605636388996865,66.5753577373447,0.995185861822907,0.99755407814024
"PWY_181","fixed",NA,"(Intercept)",-6.50231351514639,0.0561200235476312,-115.864411739379,70.9367253894877,1.35648979229456e-82,1.43664600729379e-81
"PWY_181","fixed",NA,"hd_exposurehigh_exposure",0.0938106899264495,0.0785801803030084,1.19382126084099,69.010103955896,0.236635572453571,0.416121421748543
"PWY_182","fixed",NA,"(Intercept)",-6.076071891866,0.094676313541448,-64.1773181124757,71.9282257194033,3.05643428594061e-65,1.43868522954376e-64
"PWY_182","fixed",NA,"hd_exposurehigh_exposure",0.0271600827417771,0.132252914623813,0.205364719704157,69.9788764721259,0.837883403730724,0.970916471826593
"PWY_185","fixed",NA,"(Intercept)",-6.076071891866,0.094676313541448,-64.1773181124757,71.9282257194033,3.05643428594061e-65,1.43868522954376e-64
"PWY_185","fixed",NA,"hd_exposurehigh_exposure",0.0271600827417771,0.132252914623813,0.205364719704157,69.9788764721259,0.837883403730724,0.970916471826593
"PWY_186","fixed",NA,"(Intercept)",-6.30302628299232,0.0872579187140499,-72.2344329991158,76.3297133997955,4.9756279440696e-72,3.22033697491171e-71
"PWY_186","fixed",NA,"hd_exposurehigh_exposure",-0.0488180626391412,0.121683395625581,-0.401189187630447,74.6609390698839,0.689426772907152,0.900676359710016
"PWY_187","fixed",NA,"(Intercept)",-3.71298866560851,0.0511681913032981,-72.5643914907968,66.2377906090174,7.50540028730798e-65,3.42893777831914e-64
"PWY_187","fixed",NA,"hd_exposurehigh_exposure",-0.00640164814167662,0.0719779871609394,-0.0889389714019487,64.9891990993029,0.929403924944553,0.984066333618384
"PWY_188","fixed",NA,"(Intercept)",-7.11270513979474,0.101950398677155,-69.7663298239616,68.9347669231761,1.11804208823965e-65,5.42716263666332e-65
"PWY_188","fixed",NA,"hd_exposurehigh_exposure",-0.0183541914155523,0.142142711913693,-0.129125096661282,67.3860653746225,0.897643300999607,0.972221582446035
"PWY_189","fixed",NA,"(Intercept)",-4.41412639671743,0.0727633765057446,-60.6641226492415,69.1254419818716,1.10174459676673e-61,4.38814514609657e-61
"PWY_189","fixed",NA,"hd_exposurehigh_exposure",-0.0438882926745825,0.10203946180125,-0.430110977653598,67.3601956113572,0.668487847037528,0.887508081821903
"PWY_190","fixed",NA,"(Intercept)",-4.17810697895059,0.0456441641683641,-91.5364988071449,66.2213346714976,1.87639288076461e-71,1.1896586155596e-70
"PWY_190","fixed",NA,"hd_exposurehigh_exposure",-0.142979510695633,0.0636793097502961,-2.24530559857346,64.5039708456325,0.0281829066324406,0.0556492986894802
"PWY_191","fixed",NA,"(Intercept)",-6.79974271537244,0.023874868621897,-284.807544831305,169.999999998541,1.05595742724871e-229,4.920761610979e-227
"PWY_191","fixed",NA,"hd_exposurehigh_exposure",-0.0546764022714431,0.0333782741830481,-1.63808356212772,169.99999999848,0.103253827648906,0.195594649123537
"PWY_192","fixed",NA,"(Intercept)",-4.94643715126621,0.136423568621926,-36.2579369623031,71.0325986423908,1.45404543367059e-47,3.115334124554e-47
"PWY_192","fixed",NA,"hd_exposurehigh_exposure",0.0307705935958099,0.191514387234235,0.160669879898764,69.3963785461521,0.872820212638912,0.972141584521445
"PWY_195","fixed",NA,"(Intercept)",-7.38547431196845,0.0711273044572687,-103.834587410879,69.3657798557561,7.51032146087756e-78,6.03415482891197e-77
"PWY_195","fixed",NA,"hd_exposurehigh_exposure",0.0336942669990297,0.0990777023075893,0.340079212721597,70.62648350843,0.734806251127891,0.923494763138898
"PWY_196","fixed",NA,"(Intercept)",-5.58604655869562,0.150840310858841,-37.0328496864683,71.6123932632203,1.91406850875263e-48,4.21728569777176e-48
"PWY_196","fixed",NA,"hd_exposurehigh_exposure",-0.10415949063885,0.21123536578235,-0.493096836569369,69.6891705568644,0.623494409872504,0.864727366073175
"PWY_197","fixed",NA,"(Intercept)",-3.86764152419347,0.0390010542690408,-99.1676147396769,67.0328920446669,1.89654531608012e-74,1.35967710352821e-73
"PWY_197","fixed",NA,"hd_exposurehigh_exposure",-0.0266685327612558,0.0547673156339812,-0.486942484811305,65.4745393339993,0.627925305612893,0.86828840479409
"PWY_198","fixed",NA,"(Intercept)",-3.38918657684163,0.0229275464646645,-147.82159888172,69.9099839904052,5.24580422219126e-89,8.88925370014955e-88
"PWY_198","fixed",NA,"hd_exposurehigh_exposure",-0.0277839061288574,0.0321117061417073,-0.86522671845116,68.0107344535369,0.389956138024192,0.639561053667509
"PWY_199","fixed",NA,"(Intercept)",-5.14196574790982,0.138285777492989,-37.1836196109939,71.3279103325688,1.94963312945265e-48,4.28551433172139e-48
"PWY_199","fixed",NA,"hd_exposurehigh_exposure",0.0474313551316393,0.194014489557818,0.244473261969974,69.6050852493687,0.807583546848993,0.965212939974228
"PWY_200","fixed",NA,"(Intercept)",-4.5209892376731,0.0702646033531902,-64.3423433979697,71.3250817025652,6.50101631016806e-65,2.99947881241417e-64
"PWY_200","fixed",NA,"hd_exposurehigh_exposure",0.00942483841073505,0.098278561737545,0.0958992301485269,69.3478841548658,0.923877197200328,0.98404870795942
"PWY_201","fixed",NA,"(Intercept)",-5.94450895806536,0.10032258248661,-59.2539467258904,70.3653584805403,8.60716946346754e-62,3.45770773273782e-61
"PWY_201","fixed",NA,"hd_exposurehigh_exposure",0.0317940209622605,0.140445320619407,0.226380066078664,68.4307879649837,0.821580677373321,0.966809584989817
"PWY_202","fixed",NA,"(Intercept)",-3.21654141041598,0.0169711860228214,-189.52955945982,67.2948007029245,1.55020732388785e-93,4.51497883082336e-92
"PWY_202","fixed",NA,"hd_exposurehigh_exposure",0.0207067234309024,0.0236772626157893,0.874540430070411,65.5639118614941,0.385016360118876,0.636232708565234
"PWY_203","fixed",NA,"(Intercept)",-5.52293065672289,0.0880268505089764,-62.7414320152201,65.7524642829478,2.14174622059436e-60,7.85869085666906e-60
"PWY_203","fixed",NA,"hd_exposurehigh_exposure",0.0635326590237319,0.122911363140292,0.516898172801283,63.9010004514524,0.607011742611824,0.854976647137152
"PWY_204","fixed",NA,"(Intercept)",-6.64725146260898,0.138697767862292,-47.9261603489451,71.3495990691699,5.21698097976376e-56,1.61535756582718e-55
"PWY_204","fixed",NA,"hd_exposurehigh_exposure",0.060477670758607,0.194193743540076,0.311429553064494,69.4150842430437,0.756407495519966,0.933877053966406
"PWY_205","fixed",NA,"(Intercept)",-3.28778311983905,0.0113242190587908,-290.33199576679,43.1362502262334,1.25242166904596e-72,8.33754996822024e-72
"PWY_205","fixed",NA,"hd_exposurehigh_exposure",0.0201233315073823,0.0157783527341212,1.27537594364112,44.4920544976925,0.208795486301115,0.37350747261543
"PWY_206","fixed",NA,"(Intercept)",-6.2280777936982,0.160234387270338,-38.8685468818286,70.8746760266538,1.56124728428865e-49,3.64682323046873e-49
"PWY_206","fixed",NA,"hd_exposurehigh_exposure",0.116436056471179,0.224686001282127,0.518216781672019,69.0856116017837,0.605962778642504,0.854976647137152
"PWY_207","fixed",NA,"(Intercept)",-4.84219015420092,0.140861645292541,-34.3755047312183,70.1111873784419,1.2854795658679e-45,2.63311418766788e-45
"PWY_207","fixed",NA,"hd_exposurehigh_exposure",-0.0129157906116382,0.197670881653732,-0.0653398745611067,68.4270424277407,0.948093915889386,0.988252611493919
"PWY_210","fixed",NA,"(Intercept)",-6.06933561682068,0.154204391755367,-39.3590321762638,72.0884861092396,1.77882773041538e-50,4.32863562597163e-50
"PWY_210","fixed",NA,"hd_exposurehigh_exposure",0.0156757817157112,0.215775136967102,0.0726486931536564,70.1166919666938,0.942292517796843,0.988252611493919
"PWY_211","fixed",NA,"(Intercept)",-4.99085183409524,0.136662456638373,-36.5195530422939,70.1836330341048,2.14062687056018e-47,4.55494119489062e-47
"PWY_211","fixed",NA,"hd_exposurehigh_exposure",-0.0248878826122204,0.191975206001627,-0.129641129865538,68.65730448152,0.897229422852844,0.972221582446035
"PWY_212","fixed",NA,"(Intercept)",-4.57650551955087,0.120250887387899,-38.057977109044,70.0349965404856,1.58994199025151e-48,3.52815698789145e-48
"PWY_212","fixed",NA,"hd_exposurehigh_exposure",-0.0329928045426759,0.168808683901251,-0.195444948566603,68.403963753332,0.845624031239975,0.970916471826593
"PWY_213","fixed",NA,"(Intercept)",-4.78000132820217,0.120828042944153,-39.5603637345304,70.3522325129343,8.38541132144677e-50,1.98860136172732e-49
"PWY_213","fixed",NA,"hd_exposurehigh_exposure",0.0723112342157818,0.169834531315139,0.425774626960894,68.9296512395573,0.671598598584243,0.889104962898458
"PWY_214","fixed",NA,"(Intercept)",-4.67532530161347,0.123687221802706,-37.7995821514295,70.3336182488516,1.8261003641981e-48,4.03299890860813e-48
"PWY_214","fixed",NA,"hd_exposurehigh_exposure",-0.0598361877751347,0.173423869633693,-0.345028558649516,68.5389149933049,0.731129501050652,0.923110364063032
"PWY_215","fixed",NA,"(Intercept)",-4.95633551319122,0.137075827597509,-36.1576187432865,70.2344808541146,3.9489729708602e-47,8.27065799739709e-47
"PWY_215","fixed",NA,"hd_exposurehigh_exposure",0.00518518062837423,0.192273392919123,0.0269677491495419,68.4898391924752,0.978563880991622,0.992406460374528
"PWY_216","fixed",NA,"(Intercept)",-5.90313352040929,0.152071649840813,-38.8181066397888,69.6537909274771,6.40826021640513e-49,1.4461255500459e-48
"PWY_216","fixed",NA,"hd_exposurehigh_exposure",0.0307572944253486,0.213449837482234,0.144096124823279,68.0054598159543,0.885850731905747,0.972141584521445
"PWY_217","fixed",NA,"(Intercept)",-5.11422943249344,0.140224048835593,-36.4718425616825,70.3248136333742,2.02017771227402e-47,4.30847969757297e-47
"PWY_217","fixed",NA,"hd_exposurehigh_exposure",0.00534130730215238,0.196705437526086,0.0271538365656214,68.5901105151468,0.978415885398568,0.992406460374528
"PWY_218","fixed",NA,"(Intercept)",-4.72307654680287,0.124164560265095,-38.0388456796283,70.0389783925652,1.63731714781937e-48,3.62465458852175e-48
"PWY_218","fixed",NA,"hd_exposurehigh_exposure",-0.0371657185142027,0.17432746782573,-0.213194850919054,68.4295323754404,0.831808872888605,0.970916471826593
"PWY_219","fixed",NA,"(Intercept)",-4.82668947865857,0.127136657328003,-37.9645774877193,70.4065626331257,1.26159324783842e-48,2.81967603593622e-48
"PWY_219","fixed",NA,"hd_exposurehigh_exposure",-0.0638685747683527,0.178291605870265,-0.358225360395414,68.6322049708966,0.721274149315792,0.915459812602871
"PWY_222","fixed",NA,"(Intercept)",-4.95633551319122,0.137075827597509,-36.1576187432865,70.2344808541146,3.9489729708602e-47,8.27065799739709e-47
"PWY_222","fixed",NA,"hd_exposurehigh_exposure",0.00518518062837423,0.192273392919123,0.0269677491495419,68.4898391924752,0.978563880991622,0.992406460374528
"PWY_223","fixed",NA,"(Intercept)",-4.60041600574263,0.124237832909591,-37.0291069797588,69.9735406220056,1.05656211735706e-47,2.26893062990042e-47
"PWY_223","fixed",NA,"hd_exposurehigh_exposure",-0.0102468823924578,0.174496007880863,-0.0587227324962863,68.4242491445962,0.953344116551164,0.988252611493919
"PWY_224","fixed",NA,"(Intercept)",-4.60041600574263,0.124237832909591,-37.0291069797588,69.9735406220056,1.05656211735706e-47,2.26893062990042e-47
"PWY_224","fixed",NA,"hd_exposurehigh_exposure",-0.0102468823924578,0.174496007880863,-0.0587227324962863,68.4242491445962,0.953344116551164,0.988252611493919
"PWY_225","fixed",NA,"(Intercept)",-4.60041600574263,0.124237832909591,-37.0291069797588,69.9735406220056,1.05656211735706e-47,2.26893062990042e-47
"PWY_225","fixed",NA,"hd_exposurehigh_exposure",-0.0102468823924578,0.174496007880863,-0.0587227324962863,68.4242491445962,0.953344116551164,0.988252611493919
"PWY_226","fixed",NA,"(Intercept)",-6.45135884625599,0.0847319820417566,-76.1384153987653,67.1335485680464,6.7167130182248e-67,3.43954754559643e-66
"PWY_226","fixed",NA,"hd_exposurehigh_exposure",-0.0524152070894988,0.118537041115665,-0.442184203318803,65.1998588175439,0.659819248084512,0.883714957475977
"PWY_227","fixed",NA,"(Intercept)",-4.60233746307798,0.0862247577554726,-53.3760555886963,65.8933392734286,5.92467867028254e-56,1.82841076844481e-55
"PWY_227","fixed",NA,"hd_exposurehigh_exposure",0.066684732644863,0.120847566457787,0.551808651175088,64.0949172319792,0.582998357582763,0.846346525338216
"PWY_228","fixed",NA,"(Intercept)",-4.90688366901022,0.113768603917272,-43.1303848342756,70.2635768746296,2.70635026975366e-52,7.19344651866783e-52
"PWY_228","fixed",NA,"hd_exposurehigh_exposure",-0.0101324547188844,0.159615281354148,-0.0634804802705757,68.5471660304,0.949568656060604,0.988252611493919
"PWY_229","fixed",NA,"(Intercept)",-5.24670986518892,0.125456821689294,-41.8208415815197,70.5239369888792,1.61501636954055e-51,4.09020450111899e-51
"PWY_229","fixed",NA,"hd_exposurehigh_exposure",0.0255145534165662,0.175984462304158,0.14498185284374,68.7835492042951,0.885149197153817,0.972141584521445
"PWY_230","fixed",NA,"(Intercept)",-3.42600208082382,0.0195903897274485,-174.881772567473,54.9177357007153,4.1036945175864e-77,3.13495351671355e-76
"PWY_230","fixed",NA,"hd_exposurehigh_exposure",-0.0296238174549759,0.0272789770851543,-1.08595778215957,55.0018543720082,0.282234325200587,0.485318064736065
"PWY_231","fixed",NA,"(Intercept)",-4.33456511674017,0.100479730477589,-43.1387016678647,68.7361802800465,1.6371433499138e-51,4.1350070518148e-51
"PWY_231","fixed",NA,"hd_exposurehigh_exposure",0.067651712004043,0.140695916965116,0.480836355903749,66.8302351484046,0.632203270402085,0.870330056151763
"PWY_232","fixed",NA,"(Intercept)",-6.12825424522649,0.109513414484213,-55.9589368488726,71.3811943865529,1.04598504628537e-60,3.91509262304405e-60
"PWY_232","fixed",NA,"hd_exposurehigh_exposure",-0.0237357763674946,0.152916369195332,-0.155220637871509,69.4742695467794,0.877097473757629,0.972141584521445
"PWY_233","fixed",NA,"(Intercept)",-3.40831988143395,0.027138604238061,-125.589357932192,71.309022849934,2.01203075189081e-85,2.67887522966033e-84
"PWY_233","fixed",NA,"hd_exposurehigh_exposure",-0.0204416415328884,0.038028025546466,-0.537541490496555,69.4407002607477,0.592612155709966,0.849598998479062
"PWY_234","fixed",NA,"(Intercept)",-5.34884341311297,0.132437239707644,-40.387759703544,70.0198834633069,3.01483201388722e-50,7.27933532886759e-50
"PWY_234","fixed",NA,"hd_exposurehigh_exposure",-0.100353706351902,0.185338226122902,-0.541462538253472,68.0700449819581,0.589956679071796,0.849598998479062
"PWY_235","fixed",NA,"(Intercept)",-4.15670109325529,0.0771028399028436,-53.9111282864951,66.2648754042687,1.83708613843572e-56,5.8236880306874e-56
"PWY_235","fixed",NA,"hd_exposurehigh_exposure",0.0799523261036335,0.108085617010881,0.73971290829181,64.484660435175,0.462158729499176,0.723417708128218
"PWY_236","fixed",NA,"(Intercept)",-6.48485628592885,0.0909995056944245,-71.2625440813375,66.9970766585527,6.81223067638388e-65,3.12758570955161e-64
"PWY_236","fixed",NA,"hd_exposurehigh_exposure",0.00048567361782508,0.127040244675498,0.00382299025844644,65.1536549624939,0.996961384001835,0.998032234038357
"PWY_239","fixed",NA,"(Intercept)",-3.33333059320799,0.0210676498387865,-158.220333958236,68.4262506979198,1.75465554860898e-89,3.14488263712225e-88
"PWY_239","fixed",NA,"hd_exposurehigh_exposure",-0.0257051060196894,0.029459117040889,-0.872568786905965,66.4730402920052,0.386039190130268,0.636793849914
"PWY_240","fixed",NA,"(Intercept)",-3.26509308910346,0.0146595009996735,-222.728801558537,58.8539091916421,8.00910115505838e-88,1.22368561910072e-86
"PWY_240","fixed",NA,"hd_exposurehigh_exposure",0.0280137393803449,0.0204165255866843,1.3721110020118,58.183908114055,0.175296013893127,0.320344872447831
"PWY_241","fixed",NA,"(Intercept)",-3.40836465723966,0.0328232564897443,-103.83993002963,68.0351482286968,1.1320690150725e-76,8.50877679070618e-76
"PWY_241","fixed",NA,"hd_exposurehigh_exposure",-0.0399432256084295,0.046065988664016,-0.867087123642498,66.3835822741179,0.389017753449874,0.639443644118664
"PWY_242","fixed",NA,"(Intercept)",-3.42876544529607,0.0359894777984345,-95.271330817843,68.2139730972771,2.6859851080051e-74,1.91094513027539e-73
"PWY_242","fixed",NA,"hd_exposurehigh_exposure",-0.0408860592917335,0.0505409403490287,-0.80896910523192,66.654157035201,0.421411193895195,0.68186672345542
"PWY_243","fixed",NA,"(Intercept)",-3.61078101567104,0.0344577970641064,-104.788504295658,70.2711893718971,6.29199745706091e-79,5.33103784543706e-78
"PWY_243","fixed",NA,"hd_exposurehigh_exposure",0.0328068840214929,0.0483448337094118,0.67860165201284,68.5579977673425,0.499674619228456,0.768868092175495
"PWY_244","fixed",NA,"(Intercept)",-3.51050170517803,0.0309603119141899,-113.387155623877,70.5212637325111,1.50010505610205e-81,1.44133805390424e-80
"PWY_244","fixed",NA,"hd_exposurehigh_exposure",0.0272480924868036,0.043436154472586,0.627313647298145,68.8010377075193,0.532530065709864,0.796012503696382
"PWY_246","fixed",NA,"(Intercept)",-6.14154969161886,0.135017744748101,-45.4869817524872,69.5877565611619,1.68444532173272e-53,4.72862361402076e-53
"PWY_246","fixed",NA,"hd_exposurehigh_exposure",0.0645002112094428,0.18995190963836,0.339560741096215,68.3416805355852,0.735228663357363,0.923494763138898
"PWY_247","fixed",NA,"(Intercept)",-3.56343015858305,0.0451181221195824,-78.9800193620299,73.1615627814679,1.43593029522675e-72,9.49139741242076e-72
"PWY_247","fixed",NA,"hd_exposurehigh_exposure",0.0120957683063972,0.0633132464613612,0.191046407859989,71.45446715104,0.84903103491274,0.970916471826593
"PWY_249","fixed",NA,"(Intercept)",-3.33741605359939,0.0261785176758051,-127.486823162792,69.9554372748222,1.42082920917411e-84,1.78947678777064e-83
"PWY_249","fixed",NA,"hd_exposurehigh_exposure",-0.0242442421864163,0.0366480675633307,-0.661542171207808,68.0240944423131,0.510499381439358,0.773634834961759
"PWY_251","fixed",NA,"(Intercept)",-3.27061897426386,0.0136081391584821,-240.342851889875,64.0348731026736,2.30391663240885e-96,1.07362515070252e-94
"PWY_251","fixed",NA,"hd_exposurehigh_exposure",0.0017945985796208,0.0189670696137462,0.0946165441560979,62.6624938009885,0.924921317781601,0.98404870795942
"PWY_254","fixed",NA,"(Intercept)",-4.11311612930662,0.0994895195757125,-41.3422051573633,66.5449853402771,3.47998677276745e-49,7.98854106457946e-49
"PWY_254","fixed",NA,"hd_exposurehigh_exposure",-0.0599995687113664,0.139438192548564,-0.430295083540111,64.73948421638,0.668410072498,0.887508081821903
"PWY_256","fixed",NA,"(Intercept)",-6.27038303384982,0.100812694405764,-62.1983478450837,71.7062037713916,3.91698899224576e-64,1.73839701941574e-63
"PWY_256","fixed",NA,"hd_exposurehigh_exposure",0.0327324216928706,0.140828003124082,0.232428359181024,69.7569288318548,0.816885901335946,0.965212939974228
"PWY_257","fixed",NA,"(Intercept)",-6.18982761575918,0.0985708995680602,-62.795689629324,71.9463298990804,1.38451036649724e-64,6.26390126978363e-64
"PWY_257","fixed",NA,"hd_exposurehigh_exposure",0.0409059155106735,0.137755587049646,0.296945600441827,69.9718741542033,0.767387755659567,0.939823112056132
"PWY_258","fixed",NA,"(Intercept)",-7.3473468112125,0.075667168270015,-97.1008560145109,63.9825174996206,3.43015314026795e-71,2.13126848448649e-70
"PWY_258","fixed",NA,"hd_exposurehigh_exposure",-0.00339977044520488,0.105367535261508,-0.0322658249219468,64.3373323941651,0.974359953246216,0.992406460374528
"PWY_259","fixed",NA,"(Intercept)",-6.80605036933347,0.0938179284083066,-72.5453064761006,69.3558343146277,3.85683727505396e-67,2.01942266311814e-66
"PWY_259","fixed",NA,"hd_exposurehigh_exposure",0.0234349480047279,0.131113244180566,0.178738220926437,67.4035819381748,0.858679417952952,0.972141584521445
"PWY_260","fixed",NA,"(Intercept)",-4.01011473990542,0.0544705946557689,-73.6198083616976,69.5600218857164,9.96244194506223e-68,5.33620453609081e-67
"PWY_260","fixed",NA,"hd_exposurehigh_exposure",-0.0746626865235736,0.0765675622092308,-0.975121635968351,68.1526483791929,0.332948447622235,0.56052130250039
"PWY_261","fixed",NA,"(Intercept)",-5.15796162998317,0.118585397968687,-43.4957567992069,70.550514765715,1.08648964829287e-52,2.96084313511391e-52
"PWY_261","fixed",NA,"hd_exposurehigh_exposure",-0.0326645607831326,0.166349770623944,-0.19636072031007,68.8132202937605,0.844906593785185,0.970916471826593
"PWY_262","fixed",NA,"(Intercept)",-3.63495538638665,0.042302766878972,-85.9271308845172,66.2025550215243,1.23689667283832e-69,7.11597345114393e-69
"PWY_262","fixed",NA,"hd_exposurehigh_exposure",-0.0515224641575313,0.0594039485110454,-0.867323897635379,64.651896755285,0.388972378555723,0.639443644118664
"PWY_263","fixed",NA,"(Intercept)",-3.26509308910346,0.0146595009996735,-222.728801558537,58.8539091916421,8.00910115505838e-88,1.22368561910072e-86
"PWY_263","fixed",NA,"hd_exposurehigh_exposure",0.0280137393803449,0.0204165255866843,1.3721110020118,58.183908114055,0.175296013893127,0.320344872447831
"PWY_265","fixed",NA,"(Intercept)",-4.15319525154262,0.0789119622884973,-52.6307435665938,66.293357246425,8.37575538118763e-56,2.55941115254652e-55
"PWY_265","fixed",NA,"hd_exposurehigh_exposure",0.0829524853840052,0.110641047726741,0.74974421418061,64.5322146132835,0.456133432261991,0.718101957547594
"PWY_266","fixed",NA,"(Intercept)",-5.10260776427275,0.12958797787051,-39.375626104541,70.1671825160309,1.4081706078648e-49,3.29752514203517e-49
"PWY_266","fixed",NA,"hd_exposurehigh_exposure",0.0820013748226854,0.181579271391304,0.451600968515685,68.3048304838486,0.652987168834575,0.882032591677311
"PWY_267","fixed",NA,"(Intercept)",-4.87878042179694,0.121611560399555,-40.1177355653335,70.6088281999951,2.45405815710675e-50,5.94073299330776e-50
"PWY_267","fixed",NA,"hd_exposurehigh_exposure",0.0395649808817626,0.170434122877412,0.23214236805279,68.7609918821907,0.817116963132689,0.965212939974228
"PWY_268","fixed",NA,"(Intercept)",-4.49871432910459,0.079857933482418,-56.3339687483279,68.0390103064697,8.01429411088068e-59,2.79749891810517e-58
"PWY_268","fixed",NA,"hd_exposurehigh_exposure",-0.108310432586973,0.111436847946621,-0.971944510121597,66.2569700189019,0.334613151892749,0.561331032074854
"PWY_269","fixed",NA,"(Intercept)",-5.483361479292,0.118363247565796,-46.3265548391098,70.6450785072382,1.31053017897313e-54,3.85304140947304e-54
"PWY_269","fixed",NA,"hd_exposurehigh_exposure",-0.026909251423977,0.165701279158492,-0.162396159888654,68.7081784208479,0.87147055171468,0.972141584521445
"PWY_270","fixed",NA,"(Intercept)",-4.22154710550287,0.061272957573768,-68.8973940978847,66.3728577454363,1.78111541407498e-63,7.68518317554574e-63
"PWY_270","fixed",NA,"hd_exposurehigh_exposure",-0.0244636619492183,0.086056455838112,-0.284274569652728,64.8453500548377,0.77710577864171,0.947987677610045
"PWY_271","fixed",NA,"(Intercept)",-7.62034458378351,0.0449337874643104,-169.590524498655,42.1333708207531,2.32941079744229e-61,9.12189438326139e-61
"PWY_271","fixed",NA,"hd_exposurehigh_exposure",0.104883518022271,0.0627906158199179,1.67036931638121,45.9754301272384,0.101641573289902,0.193326421033039
"PWY_273","fixed",NA,"(Intercept)",-7.49691957424153,0.0440332943560902,-170.255705003926,43.046948033278,1.56632506528774e-62,6.59779545990617e-62
"PWY_273","fixed",NA,"hd_exposurehigh_exposure",0.101189838638178,0.0615201772112647,1.6448235883763,46.8019381962742,0.106707269809149,0.201318168951675
"PWY_274","fixed",NA,"(Intercept)",-3.66343228107071,0.0296493311649415,-123.558682005026,67.7972791153574,1.48840970035574e-81,1.44133805390424e-80
"PWY_274","fixed",NA,"hd_exposurehigh_exposure",0.00765261175026168,0.041298521107522,0.185299898036006,66.8963188424611,0.853554493534752,0.972141584521445
"PWY_275","fixed",NA,"(Intercept)",-6.38459561957734,0.10006503883103,-63.8044585218061,71.3393959385464,1.14558868134786e-64,5.20823732203027e-64
"PWY_275","fixed",NA,"hd_exposurehigh_exposure",0.0376762600748237,0.139725558165678,0.269644727632073,69.4310228334626,0.788233368894276,0.957633096978423
"PWY_276","fixed",NA,"(Intercept)",-6.55640256660348,0.135763196334417,-48.2929302169163,71.6073662954994,2.21280177001909e-56,6.96733530289796e-56
"PWY_276","fixed",NA,"hd_exposurehigh_exposure",0.100217522559842,0.18983210764431,0.527927144693668,69.6256270837171,0.599228448932123,0.852642617411815
"PWY_280","fixed",NA,"(Intercept)",-4.16954532625316,0.0656071669440031,-63.5531988420098,67.713082774607,4.24907612533592e-62,1.73690304772503e-61
"PWY_280","fixed",NA,"hd_exposurehigh_exposure",0.00937407896376671,0.091812893276404,0.102099810051143,65.7849686719014,0.918988030089038,0.98222115142544
"PWY_281","fixed",NA,"(Intercept)",-3.2406378345642,0.0147257748587989,-220.065692001795,65.8595619462508,3.79386729125713e-96,1.68375443592935e-94
"PWY_281","fixed",NA,"hd_exposurehigh_exposure",0.0153147349774429,0.0205468592831681,0.745356492998843,64.118630817601,0.458779877354956,0.721050330008126
"PWY_282","fixed",NA,"(Intercept)",-3.24063590696493,0.0158223058656186,-204.814388906912,67.1341648809361,1.3115601764869e-95,5.55624583857177e-94
"PWY_282","fixed",NA,"hd_exposurehigh_exposure",0.0160024277313832,0.0220985606951363,0.724138913486128,65.2410939395068,0.471569266819433,0.73372713969234
"PWY_283","fixed",NA,"(Intercept)",-3.2332825806924,0.0164116767651955,-197.011105382558,67.6151301786823,4.86591013361391e-95,1.81401129781127e-93
"PWY_283","fixed",NA,"hd_exposurehigh_exposure",0.0116111538744061,0.0229215682784276,0.506560185296475,65.7177330402832,0.614158817643036,0.85945348054551
"PWY_284","fixed",NA,"(Intercept)",-6.50673742683881,0.0550345429010311,-118.230062136428,77.9410972317878,1.08199282425913e-89,2.01683462441902e-88
"PWY_284","fixed",NA,"hd_exposurehigh_exposure",-0.0298498984478009,0.0766456958185767,-0.389453029671187,77.2493728286733,0.698012639273781,0.908996511772803
"PWY_285","fixed",NA,"(Intercept)",-6.12349840780209,0.0737786624066543,-82.9982302206903,70.0656396667245,1.04296395197278e-71,6.70374071199054e-71
"PWY_285","fixed",NA,"hd_exposurehigh_exposure",0.154010333301569,0.10370263568584,1.48511493736892,68.6451772093112,0.142091408856839,0.264858386109147
"PWY_286","fixed",NA,"(Intercept)",-6.5483379273446,0.095084200492602,-68.8688330281969,70.9948434147369,9.38699967785289e-67,4.78070147527808e-66
"PWY_286","fixed",NA,"hd_exposurehigh_exposure",0.186749093132931,0.13293403525875,1.40482527871385,69.0190293720598,0.164558035855541,0.304301764716993
"PWY_288","fixed",NA,"(Intercept)",-4.64884707142728,0.0792450162698099,-58.6642200387605,70.5201669969395,1.36651008088163e-61,5.39655676009186e-61
"PWY_288","fixed",NA,"hd_exposurehigh_exposure",0.055289360762749,0.110676705146688,0.499557343069348,68.5973377988963,0.618985371406132,0.862323417265344
"PWY_290","fixed",NA,"(Intercept)",-5.90871689677001,0.115987238454304,-50.9428190162307,71.8259021274523,4.01798021524368e-58,1.38182935815761e-57
"PWY_290","fixed",NA,"hd_exposurehigh_exposure",-0.132007469878813,0.162727776969155,-0.811216574929523,70.0979761474927,0.419987237349716,0.680744530799887
"PWY_291","fixed",NA,"(Intercept)",-4.2812209310736,0.0466134862418435,-91.8451134262188,68.7591789432497,1.12395845854327e-73,7.81738271165914e-73
"PWY_291","fixed",NA,"hd_exposurehigh_exposure",-0.0297099793822542,0.0652872258021838,-0.4550657347928,66.8722564538067,0.650535951169378,0.881249282688751
"PWY_292","fixed",NA,"(Intercept)",-6.54687577704327,0.0286570816542289,-228.455774249335,84.2403828498304,2.02125719793116e-119,4.70952927117959e-117
"PWY_292","fixed",NA,"hd_exposurehigh_exposure",-0.0719830969028182,0.0399098919571317,-1.80364048542495,85.0455627691025,0.074828693947458,0.144389943600478
"PWY_293","fixed",NA,"(Intercept)",-4.12650959039674,0.0758695856128032,-54.3895100660782,66.2718336246261,1.02590812543982e-56,3.27447387982845e-56
"PWY_293","fixed",NA,"hd_exposurehigh_exposure",0.0569338141377823,0.106419469530515,0.534994342566771,64.5604946482515,0.594491730659641,0.849794927875438
"PWY_294","fixed",NA,"(Intercept)",-3.7057228414695,0.0351975080224381,-105.283670625407,67.6558560172042,9.72618571934502e-77,7.3697602361216e-76
"PWY_294","fixed",NA,"hd_exposurehigh_exposure",-0.037418051264238,0.0490376739908382,-0.76304702525713,66.5284368866605,0.448132667459431,0.711874823129232
"PWY_295","fixed",NA,"(Intercept)",-4.81945013919666,0.102298027662127,-47.1118578660625,69.4870474154687,1.79528428018472e-54,5.24515658035159e-54
"PWY_295","fixed",NA,"hd_exposurehigh_exposure",0.00236306771598719,0.143596408812195,0.0164563148586659,67.8497508152519,0.986918648649343,0.996541907411904
"PWY_296","fixed",NA,"(Intercept)",-4.71660709685878,0.102509414725105,-46.0114527968685,66.1992595026997,5.53116401905868e-52,1.42799026752429e-51
"PWY_296","fixed",NA,"hd_exposurehigh_exposure",-0.0428817544638759,0.143812513189478,-0.298178187091255,64.5121219989545,0.766525428332462,0.939823112056132
"PWY_297","fixed",NA,"(Intercept)",-4.45520455470881,0.064655622165419,-68.9066844536788,61.4375107225583,6.87695898909471e-60,2.49390108087014e-59
"PWY_297","fixed",NA,"hd_exposurehigh_exposure",0.023838072286454,0.0905381713042427,0.263293061291783,59.6182156244658,0.793232565308307,0.957633096978423
"PWY_298","fixed",NA,"(Intercept)",-6.25771816994225,0.0954641006785608,-65.5504857371751,68.8955824310594,8.20784522265167e-64,3.60835459788271e-63
"PWY_298","fixed",NA,"hd_exposurehigh_exposure",0.0653953450321924,0.133563564839735,0.489619643730394,66.9468999996404,0.626003629380137,0.866917358963281
"PWY_300","fixed",NA,"(Intercept)",-5.45416579121015,0.13353217747144,-40.8453295264859,70.9809769666363,4.77418341810212e-51,1.18654371884565e-50
"PWY_300","fixed",NA,"hd_exposurehigh_exposure",0.0873169392954987,0.187798726126361,0.464949582441509,69.6613856299868,0.643417671731635,0.876703611189888
"PWY_301","fixed",NA,"(Intercept)",-5.16596811742795,0.103145124057808,-50.0844626890231,70.4973294727338,7.5678142426034e-57,2.44055462771847e-56
"PWY_301","fixed",NA,"hd_exposurehigh_exposure",0.0299238470885505,0.144690710398229,0.20681249685064,68.760727640861,0.836767503939834,0.970916471826593
"PWY_302","fixed",NA,"(Intercept)",-4.72221849706223,0.070339037859354,-67.1351022245217,65.2876712180624,5.72487089891605e-62,2.31981725121294e-61
"PWY_302","fixed",NA,"hd_exposurehigh_exposure",-0.00759699073147081,0.0980787291307885,-0.0774580869756192,63.7332355445161,0.938501795629078,0.988252611493919
"PWY_303","fixed",NA,"(Intercept)",-5.64135122811361,0.15078107100358,-37.4141872754019,72.1255944509498,5.5827325746204e-49,1.26905042915761e-48
"PWY_303","fixed",NA,"hd_exposurehigh_exposure",-0.0732220642698627,0.211155987477415,-0.346767643885517,70.199679607861,0.729803229268858,0.922899063335924
"PWY_304","fixed",NA,"(Intercept)",-4.43390854237049,0.0729806379203568,-60.7545873634207,68.8412626276934,1.53174174976238e-61,6.02355827332717e-61
"PWY_304","fixed",NA,"hd_exposurehigh_exposure",0.0228957620377824,0.102210290642145,0.224006427277897,66.9482906658229,0.823434501981686,0.967769175090708
"PWY_305","fixed",NA,"(Intercept)",-5.62805280168104,0.152689280520497,-36.8595148427957,72.1917296771601,1.4531642940541e-48,3.232336806822e-48
"PWY_305","fixed",NA,"hd_exposurehigh_exposure",-0.0774772984215825,0.21384325759851,-0.362308820449444,70.2706344013375,0.718208630855275,0.915459812602871
"PWY_306","fixed",NA,"(Intercept)",-3.99178152302908,0.0627438131046044,-63.6203208812654,69.8711057642785,1.36298577682262e-63,5.93599413083497e-63
"PWY_306","fixed",NA,"hd_exposurehigh_exposure",-0.0402148562538359,0.0881471101752005,-0.456224329690505,68.3628349635095,0.649674776386625,0.881249282688751
"PWY_307","fixed",NA,"(Intercept)",-3.25050096147826,0.0166005129159456,-195.807260771804,68.1251460388795,1.87846394034902e-95,7.61186257567515e-94
"PWY_307","fixed",NA,"hd_exposurehigh_exposure",-0.012696175209409,0.0231877272557578,-0.547538578031892,66.2140211424219,0.585849741179255,0.848168029572555
"PWY_308","fixed",NA,"(Intercept)",-5.07800658142519,0.125613905965517,-40.4255129429634,69.6467438082919,4.30777167785334e-50,1.03475340303075e-49
"PWY_308","fixed",NA,"hd_exposurehigh_exposure",0.00303727172479617,0.17630002367941,0.0172278577246209,67.9874250379702,0.986305296598186,0.996541907411904
"PWY_309","fixed",NA,"(Intercept)",-3.90084416670256,0.0345793824823781,-112.808381372642,72.3298141990912,4.78112222680548e-83,5.18140222718919e-82
"PWY_309","fixed",NA,"hd_exposurehigh_exposure",0.0106971972677993,0.0483403403565309,0.22128924184031,70.3443312922451,0.825508327560991,0.968984586003582
"PWY_310","fixed",NA,"(Intercept)",-3.41441308024261,0.0140235438266976,-243.477192529777,68.8903447105034,7.51455767255861e-103,8.75445968853078e-101
"PWY_310","fixed",NA,"hd_exposurehigh_exposure",-0.00722775319807543,0.0195317509069642,-0.370051473239827,68.0982988236206,0.712492564132508,0.914659875718316
"PWY_311","fixed",NA,"(Intercept)",-4.16236757270716,0.0538859485655812,-77.244025270176,68.9297959045473,1.10160575964505e-68,6.03939157640698e-68
"PWY_311","fixed",NA,"hd_exposurehigh_exposure",-0.055715155301938,0.0754140000388876,-0.73879061279349,66.9921792695881,0.462614757558389,0.723417708128218
"PWY_314","fixed",NA,"(Intercept)",-5.65800330688359,0.140714378359626,-40.2091340831093,71.8100815093657,5.54097613766243e-51,1.3661877672755e-50
"PWY_314","fixed",NA,"hd_exposurehigh_exposure",0.114933730982154,0.197133172502568,0.583025827277533,69.9175828007875,0.561751749514253,0.825792792661331
"PWY_315","fixed",NA,"(Intercept)",-3.29097139534007,0.021347014123253,-154.165419872715,70.5800139406028,5.53453669546377e-91,1.14626404448272e-89
"PWY_315","fixed",NA,"hd_exposurehigh_exposure",0.00276951262602552,0.0298588787935633,0.0927534032732182,68.6096632079953,0.926369782529173,0.984066333618384
"PWY_316","fixed",NA,"(Intercept)",-3.52159290308928,0.0322336612197946,-109.25202939487,71.1061555310106,6.02723449514885e-81,5.56176490047399e-80
"PWY_316","fixed",NA,"hd_exposurehigh_exposure",-0.000325177002920475,0.04514270483122,-0.00720331234329555,69.1919135785702,0.994273366540754,0.99755407814024
"PWY_317","fixed",NA,"(Intercept)",-6.32400225925839,0.123856469329587,-51.0591194266162,71.6885903367818,4.1122191164173e-58,1.40903978547828e-57
"PWY_317","fixed",NA,"hd_exposurehigh_exposure",0.114023031907029,0.173452580769211,0.657372933866828,69.7669698964103,0.513104123554561,0.773807819051758
"PWY_318","fixed",NA,"(Intercept)",-4.04043822748786,0.0727371007972221,-55.5485190254128,69.4644541854605,2.65571222375617e-59,9.44703737610973e-59
"PWY_318","fixed",NA,"hd_exposurehigh_exposure",-0.0678219688059458,0.102204224010086,-0.663592620195938,67.988679006399,0.509195050110547,0.772914962057052
"PWY_319","fixed",NA,"(Intercept)",-6.95313797724467,0.0200672894588366,-346.491138801153,169.999999998192,3.75527336717526e-244,3.49991477820734e-241
"PWY_319","fixed",NA,"hd_exposurehigh_exposure",0.0470755563779775,0.028055085884465,1.67796871383112,169.999999997298,0.0951906610285231,0.181798557538081
"PWY_320","fixed",NA,"(Intercept)",-5.63166515241117,0.144753574173011,-38.9051889363378,70.6535140877083,1.86123841716867e-49,4.31540675209067e-49
"PWY_320","fixed",NA,"hd_exposurehigh_exposure",-0.0913380061398072,0.203461559618932,-0.448920210337895,69.2269206374793,0.654891402490062,0.883297810594411
"PWY_321","fixed",NA,"(Intercept)",-6.36210888449277,0.0825324771423588,-77.0861254233153,70.6043944196741,6.86116986776633e-70,4.02176749481649e-69
"PWY_321","fixed",NA,"hd_exposurehigh_exposure",0.0434566149315519,0.115216405575937,0.377173847025721,68.7320114289698,0.707206495694133,0.91164101519631
"PWY_323","fixed",NA,"(Intercept)",-5.10529029617523,0.1610423836718,-31.7015321046146,69.3464138119923,5.35580173988326e-43,1.07346391861746e-42
"PWY_323","fixed",NA,"hd_exposurehigh_exposure",-0.0370858997154188,0.226058108700762,-0.164054719950392,67.7114212336727,0.87017679179545,0.972141584521445
"PWY_324","fixed",NA,"(Intercept)",-5.91413604985656,0.151402892880888,-39.0622394151303,68.7803670228313,1.10032744836227e-48,2.46515668719623e-48
"PWY_324","fixed",NA,"hd_exposurehigh_exposure",0.207637608990779,0.213026853319933,0.974701572852604,67.5606299467526,0.333185409426197,0.56052130250039
"PWY_325","fixed",NA,"(Intercept)",-3.95119247426721,0.0380778697045151,-103.766111521693,71.9958526152288,3.80697516060783e-80,3.34726495253443e-79
"PWY_325","fixed",NA,"hd_exposurehigh_exposure",-0.0676981212941141,0.0530323579397597,-1.27654367869167,71.249524245849,0.205908523397041,0.369051430396234
"PWY_328","fixed",NA,"(Intercept)",-4.57535193403631,0.0903003624931097,-50.6681458159753,71.0086688382689,1.73154250973073e-57,5.74305202515672e-57
"PWY_328","fixed",NA,"hd_exposurehigh_exposure",0.0157503194276735,0.126700926239704,0.124311004624193,69.2987355309358,0.901428918208386,0.972374712697009
"PWY_329","fixed",NA,"(Intercept)",-6.20171514089943,0.139811889272001,-44.3575662498496,71.0802795850917,1.50928089151704e-53,4.28856643565207e-53
"PWY_329","fixed",NA,"hd_exposurehigh_exposure",0.152782564026932,0.196293544302921,0.778337181538468,69.4613072010382,0.439013600731353,0.704235242481275
"PWY_331","fixed",NA,"(Intercept)",-3.7493814143394,0.0539066456272867,-69.5532317158594,68.0247561737919,6.17832476467447e-65,2.86477546302319e-64
"PWY_331","fixed",NA,"hd_exposurehigh_exposure",-0.0390440453347493,0.0759046510096589,-0.51438277912352,66.9635227251866,0.608677927340628,0.854976647137152
"PWY_332","fixed",NA,"(Intercept)",-4.23039427931972,0.0926553099749777,-45.6573323262549,69.0771932783573,2.46769566435738e-53,6.86535032591368e-53
"PWY_332","fixed",NA,"hd_exposurehigh_exposure",-0.0338309181355675,0.129752117687087,-0.260734997922384,67.1747232933987,0.795094520662136,0.958639189207129
"PWY_333","fixed",NA,"(Intercept)",-3.52857126379883,0.0218923799018509,-161.17805737057,66.7956830942315,2.85355953231451e-88,4.50765675274088e-87
"PWY_333","fixed",NA,"hd_exposurehigh_exposure",0.0352922321694042,0.0306333758725174,1.15208432515812,64.872502711624,0.253514452650669,0.441636392281166
"PWY_334","fixed",NA,"(Intercept)",-3.77693957425082,0.0507007661808666,-74.4947238228554,68.1113625381897,5.30161707242113e-67,2.72989343176602e-66
"PWY_334","fixed",NA,"hd_exposurehigh_exposure",-0.0214358325850262,0.0713847913286385,-0.300285707726465,67.0326941003115,0.764888541581366,0.939230725630873
"PWY_335","fixed",NA,"(Intercept)",-4.4061448459616,0.101136821289739,-43.5661788631736,69.484982528014,3.46830534355837e-52,9.10552276111662e-52
"PWY_335","fixed",NA,"hd_exposurehigh_exposure",0.127603449241925,0.141990373910996,0.898676760453566,67.8730797497214,0.37200198265325,0.61691431998724
"PWY_336","fixed",NA,"(Intercept)",-4.84533865508188,0.130201344238692,-37.2141983895277,69.8137984071438,8.96065820470582e-48,1.94669777314355e-47
"PWY_336","fixed",NA,"hd_exposurehigh_exposure",-0.146923524701764,0.183331473319797,-0.801409174547329,68.7412476912866,0.425656358383634,0.686352467151466
"PWY_337","fixed",NA,"(Intercept)",-6.8762504369958,0.0861261945567151,-79.8392460317948,72.3304115284995,2.82208717647873e-72,1.83929038355117e-71
"PWY_337","fixed",NA,"hd_exposurehigh_exposure",0.163416944111615,0.120901391785656,1.35165477996592,70.6800708718898,0.180795825240273,0.329748941534118
"PWY_338","fixed",NA,"(Intercept)",-5.56735920361476,0.129203974279047,-43.0896900399575,70.4840569754816,2.22414456711501e-52,5.97378310245301e-52
"PWY_338","fixed",NA,"hd_exposurehigh_exposure",-0.164545793741087,0.180548929483314,-0.91136399541097,68.5255662150962,0.365298549440989,0.606877447556152
"PWY_339","fixed",NA,"(Intercept)",-3.79248627034108,0.0415796189403908,-91.2102219065079,68.6176184683585,2.36528214350709e-73,1.63292070944341e-72
"PWY_339","fixed",NA,"hd_exposurehigh_exposure",-0.0972110442784848,0.0581698849975051,-1.67115758063909,66.6695685549636,0.0993786323511314,0.189408763499498
"PWY_340","fixed",NA,"(Intercept)",-6.09834526490962,0.056674693170333,-107.602616331443,72.0054405495668,2.77988892209257e-81,2.59085647539028e-80
"PWY_340","fixed",NA,"hd_exposurehigh_exposure",-0.0767810234369832,0.079072606811844,-0.971019250948515,70.2269605322707,0.334871302396587,0.561331032074854
"PWY_341","fixed",NA,"(Intercept)",-5.26992706038552,0.139113666053267,-37.8821665038118,71.1252147805486,6.81983323096063e-49,1.53528612832254e-48
"PWY_341","fixed",NA,"hd_exposurehigh_exposure",0.012513530079583,0.19517072966595,0.0641158133752991,69.4001764268639,0.949062331380076,0.988252611493919
"PWY_342","fixed",NA,"(Intercept)",-4.22034575394942,0.0549282189440584,-76.8338357784298,70.6098055466209,8.54436903937616e-70,4.94618133211092e-69
"PWY_342","fixed",NA,"hd_exposurehigh_exposure",-0.0383331532694845,0.0769588774651215,-0.498099173637992,68.7355259098613,0.620004159874518,0.862453547765747
"PWY_344","fixed",NA,"(Intercept)",-5.66869429700067,0.162916462745129,-34.7950980612004,70.5739134816187,3.64625972535675e-46,7.5518090311833e-46
"PWY_344","fixed",NA,"hd_exposurehigh_exposure",-0.302812887020146,0.22876130948694,-1.32370673913035,68.9783895221232,0.189970791340444,0.343791801027754
"PWY_347","fixed",NA,"(Intercept)",-4.90222403989241,0.136906296871701,-35.8071480414552,68.6592041604992,3.75041279988394e-46,7.75029873501516e-46
"PWY_347","fixed",NA,"hd_exposurehigh_exposure",-0.139849388163332,0.191853957762828,-0.72893668597765,66.8202275554704,0.46858765677391,0.730307184135926
"PWY_348","fixed",NA,"(Intercept)",-4.29377579189348,0.0630392378872732,-68.1127490718022,69.5541596166347,2.08717986311122e-65,9.9756493970239e-65
"PWY_348","fixed",NA,"hd_exposurehigh_exposure",-0.0121008805508121,0.088478964403096,-0.136765621438361,67.9003721715399,0.891620770630976,0.972141584521445
"PWY_349","fixed",NA,"(Intercept)",-6.47875111045156,0.0368151328825772,-175.980652605973,63.793220028451,1.95222554328149e-87,2.88805429577515e-86
"PWY_349","fixed",NA,"hd_exposurehigh_exposure",-0.00650158308932555,0.0514754786316823,-0.126304470830582,61.8917949279304,0.899900338262669,0.972221582446035
"PWY_350","fixed",NA,"(Intercept)",-6.9251359287602,0.12410916551914,-55.7987470127034,67.9640241335142,1.68644585316128e-58,5.84300198939149e-58
"PWY_350","fixed",NA,"hd_exposurehigh_exposure",0.056121460759289,0.173414861294362,0.323625439829092,66.0330459530442,0.747244373944239,0.932304894934446
"PWY_352","fixed",NA,"(Intercept)",-5.70526029062302,0.161634553939034,-35.2972811294728,70.4785347108876,1.53985758634536e-46,3.21062029188786e-46
"PWY_352","fixed",NA,"hd_exposurehigh_exposure",-0.0657269952751936,0.226407646082524,-0.290303779101332,68.5839102541722,0.772459822800569,0.943555117759017
"PWY_353","fixed",NA,"(Intercept)",-3.48982876038372,0.036032477117537,-96.8523132339748,75.9782474256972,2.36243146941844e-81,2.22402639343231e-80
"PWY_353","fixed",NA,"hd_exposurehigh_exposure",-0.00752967514649056,0.0503271537563537,-0.149614563600072,74.012362014399,0.881475671504053,0.972141584521445
"PWY_354","fixed",NA,"(Intercept)",-4.51463620775331,0.0715469644571788,-63.1003179800219,66.7338042031272,3.16664264129235e-61,1.21954997590267e-60
"PWY_354","fixed",NA,"hd_exposurehigh_exposure",-0.0671464040887843,0.0999687533103303,-0.671673916752203,64.8166711942031,0.504178314605684,0.768868092175495
"PWY_355","fixed",NA,"(Intercept)",-4.34486798128915,0.0781461584410037,-55.5992523236993,67.4717462020592,4.34662445681189e-58,1.47848685903236e-57
"PWY_355","fixed",NA,"hd_exposurehigh_exposure",0.0339352704211587,0.109458810693658,0.310027764837801,65.6020946626233,0.757522588839703,0.933877053966406
"PWY_356","fixed",NA,"(Intercept)",-5.24081361278087,0.139948915699811,-37.4480472862138,71.1599067332592,1.43639103901205e-48,3.20267092908908e-48
"PWY_356","fixed",NA,"hd_exposurehigh_exposure",0.0704427342805077,0.196391679203876,0.358684922732293,69.4692663492673,0.720918598580303,0.915459812602871
"PWY_358","fixed",NA,"(Intercept)",-6.81171368200657,0.0450489034255346,-151.207091938792,169.999999997284,3.75919566016856e-183,1.16785678509237e-180
"PWY_358","fixed",NA,"hd_exposurehigh_exposure",0.117120085338463,0.0629806460507206,1.85962025928001,169.999999996932,0.0646672599678274,0.125562263104198
"PWY_359","fixed",NA,"(Intercept)",-6.08110690631856,0.112134805121448,-54.2303248285167,70.7446881698006,2.26463059385096e-59,8.08672687152909e-59
"PWY_359","fixed",NA,"hd_exposurehigh_exposure",0.0109372614255973,0.156973047461474,0.0696760469550136,68.8036668017417,0.944653620323574,0.988252611493919
"PWY_360","fixed",NA,"(Intercept)",-4.65760503301489,0.112787138749049,-41.2955332023987,66.8735280800063,2.55082667013127e-49,5.88458033802559e-49
"PWY_360","fixed",NA,"hd_exposurehigh_exposure",-0.0388287915446894,0.158426354299071,-0.245090482050669,65.3614965302481,0.807154247525193,0.965212939974228
"PWY_361","fixed",NA,"(Intercept)",-5.24897205951404,0.130215045273116,-40.3100275279614,69.9525920828409,3.70019156017037e-50,8.91105564361444e-50
"PWY_361","fixed",NA,"hd_exposurehigh_exposure",-0.0729655972960172,0.182160907663025,-0.400555740702581,67.9906211387917,0.690003133940935,0.900676359710016
"PWY_362","fixed",NA,"(Intercept)",-5.39841543492812,0.14595581708102,-36.9866411828687,70.1124680090971,9.86782045461448e-48,2.13383031640387e-47
"PWY_362","fixed",NA,"hd_exposurehigh_exposure",-0.0305010445720509,0.20472092924268,-0.148988404287158,68.3636254742102,0.88200141526972,0.972141584521445
"PWY_363","fixed",NA,"(Intercept)",-6.03761446432126,0.101177009752778,-59.6737784509933,71.1820407361474,1.57157788851842e-62,6.59779545990617e-62
"PWY_363","fixed",NA,"hd_exposurehigh_exposure",-0.0540396476942995,0.141123545089734,-0.382924391956978,69.478444121316,0.702944874496675,0.909114811356662
"PWY_364","fixed",NA,"(Intercept)",-3.9809913863897,0.0333779173122179,-119.270215368784,68.7837887714281,1.87706174631844e-81,1.78512402813141e-80
"PWY_364","fixed",NA,"hd_exposurehigh_exposure",0.0559631268545292,0.0466480500772557,1.19968844918162,66.8358360390457,0.234495928898237,0.414199588161675
"PWY_365","fixed",NA,"(Intercept)",-4.40435777871832,0.0580554608555555,-75.8646596515107,66.8929982046662,1.29814787742951e-66,6.53985849602327e-66
"PWY_365","fixed",NA,"hd_exposurehigh_exposure",0.00548652167283786,0.0811388047695393,0.0676189609696787,64.9633631907145,0.94629665021996,0.988252611493919
"PWY_366","fixed",NA,"(Intercept)",-3.37940136772765,0.0202066176319439,-167.242307905371,71.67735739563,1.15958239526951e-94,4.00270663848585e-93
"PWY_366","fixed",NA,"hd_exposurehigh_exposure",-0.00355193151136258,0.0282323257731383,-0.125810800707821,69.7166018390425,0.90024380434649,0.972221582446035
"PWY_367","fixed",NA,"(Intercept)",-5.94199632125485,0.0436718909917574,-136.05997327609,58.7277082573252,4.04480290398315e-75,2.92229171047465e-74
"PWY_367","fixed",NA,"hd_exposurehigh_exposure",0.17038728701822,0.0608592279962289,2.79969517570577,60.5734498333631,0.0068530850998161,0.0136768207987764
"PWY_368","fixed",NA,"(Intercept)",-5.72997428201691,0.170243561447154,-33.657509472366,70.213112227279,4.7121324002952e-45,9.56798997184124e-45
"PWY_368","fixed",NA,"hd_exposurehigh_exposure",0.0632464386521014,0.238655813222783,0.265011096097045,68.3977275416005,0.791797950578131,0.957633096978423
"PWY_369","fixed",NA,"(Intercept)",-3.71187138754451,0.0282075061157419,-131.591618639161,70.1846879042307,9.29138744085285e-86,1.29247359624998e-84
"PWY_369","fixed",NA,"hd_exposurehigh_exposure",0.0259785875797751,0.0394395453025619,0.658693891637935,68.2151855217831,0.512309599370348,0.773807819051758
"PWY_370","fixed",NA,"(Intercept)",-5.61178518644377,0.102051247114268,-54.9898736676896,63.7857767807222,1.84377967136441e-55,5.56117363660721e-55
"PWY_370","fixed",NA,"hd_exposurehigh_exposure",0.0650958682788276,0.142251170584143,0.457612180001869,62.3757645452763,0.648821133652076,0.881249282688751
"PWY_371","fixed",NA,"(Intercept)",-5.07505453045617,0.122895880500861,-41.2955626321471,69.7858347167338,8.83972452336725e-51,2.1680587515206e-50
"PWY_371","fixed",NA,"hd_exposurehigh_exposure",-0.0757480968034233,0.171912795082323,-0.44061930798781,67.8241169026158,0.660889834078065,0.883714957475977
"PWY_372","fixed",NA,"(Intercept)",-4.62472240611026,0.0888155271081301,-52.0711023927135,66.4679218282925,1.31385855229255e-55,4.00168683247273e-55
"PWY_372","fixed",NA,"hd_exposurehigh_exposure",-0.0639784218663294,0.12440275015133,-0.514284626252257,64.6081884591399,0.608807738167469,0.854976647137152
"PWY_374","fixed",NA,"(Intercept)",-3.72750181308805,0.0424108459386012,-87.8902962342325,69.9074154493572,2.6321264847326e-73,1.77763904621072e-72
"PWY_374","fixed",NA,"hd_exposurehigh_exposure",0.0329363431794046,0.0595502661314252,0.553084735284227,68.3127055953254,0.58201093466008,0.846231187368478
"PWY_375","fixed",NA,"(Intercept)",-3.20747003745629,0.019054717997021,-168.3294414516,70.3813998048919,1.87219498766433e-93,5.1320168485387e-92
"PWY_375","fixed",NA,"hd_exposurehigh_exposure",0.0202445527413764,0.0266475061081253,0.759716600091274,68.4103999292357,0.450034155296392,0.711874823129232
"PWY_376","fixed",NA,"(Intercept)",-3.72750181308805,0.0424108459386012,-87.8902962342325,69.9074154493572,2.6321264847326e-73,1.77763904621072e-72
"PWY_376","fixed",NA,"hd_exposurehigh_exposure",0.0329363431794046,0.0595502661314252,0.553084735284227,68.3127055953254,0.58201093466008,0.846231187368478
"PWY_377","fixed",NA,"(Intercept)",-3.55344151747794,0.0320688928625045,-110.806491908322,70.3969673629797,9.78002159861724e-81,8.76159872177452e-80
"PWY_377","fixed",NA,"hd_exposurehigh_exposure",0.0270225369332185,0.0449870870832992,0.600673186134122,68.6647526021467,0.55003529591975,0.817596325035418
"PWY_378","fixed",NA,"(Intercept)",-3.41368253644578,0.0262989878950073,-129.802810285861,70.8296875169445,5.66889441781408e-86,8.00516605667079e-85
"PWY_378","fixed",NA,"hd_exposurehigh_exposure",0.018819345094432,0.0368882499270282,0.510171806243454,69.0777414466927,0.611557443365845,0.857100055965365
"PWY_379","fixed",NA,"(Intercept)",-4.12814150076809,0.0639101895264045,-64.5928533674987,63.9004143036322,6.37473458352908e-60,2.32080180931605e-59
"PWY_379","fixed",NA,"hd_exposurehigh_exposure",0.0326380211227677,0.0895486365338386,0.364472563582076,62.0982644147391,0.716743380989207,0.915459812602871
"PWY_380","fixed",NA,"(Intercept)",-3.55316266278849,0.031704686725562,-112.070581032543,67.1962685992409,3.86471464193737e-78,3.15957372481195e-77
"PWY_380","fixed",NA,"hd_exposurehigh_exposure",0.0530642761465975,0.0442382002525982,1.19951254444355,65.4390114290084,0.234653843937086,0.414199588161675
"PWY_381","fixed",NA,"(Intercept)",-3.34247183825199,0.0263400663130398,-126.896864970962,62.7253671237886,2.41137852933968e-77,1.88857545323074e-76
"PWY_381","fixed",NA,"hd_exposurehigh_exposure",-0.0345243024583017,0.0367064026349246,-0.94055260063685,61.460441159172,0.350616305869261,0.584569583309752
"PWY_382","fixed",NA,"(Intercept)",-4.16584642233549,0.0424471740699151,-98.1419025792834,66.6566588263943,8.04106976275742e-74,5.63479475104505e-73
"PWY_382","fixed",NA,"hd_exposurehigh_exposure",-0.0495443367467511,0.0593684121783637,-0.834523527392014,64.7234598619017,0.407055722583313,0.663244638894488
"PWY_383","fixed",NA,"(Intercept)",-6.27115869469752,0.0772615712581436,-81.167889709938,68.6640034912827,6.05631856992245e-70,3.57246133365046e-69
"PWY_383","fixed",NA,"hd_exposurehigh_exposure",-0.194362817971486,0.107885375163558,-1.80156779986931,66.7773480117243,0.0761277781370461,0.146384596969238
"PWY_384","fixed",NA,"(Intercept)",-3.42596515362533,0.0228033055119981,-150.239847982685,72.6913245243303,2.20320780198248e-92,5.00826749133579e-91
"PWY_384","fixed",NA,"hd_exposurehigh_exposure",-0.0447595514293337,0.0319118752429158,-1.40259859656069,70.719677840105,0.165111371076819,0.304720391769496
"PWY_385","fixed",NA,"(Intercept)",-5.42140093162235,0.104123553382349,-52.0669988250843,75.289164123594,8.51775446215735e-61,3.22705169054092e-60
"PWY_385","fixed",NA,"hd_exposurehigh_exposure",0.0368265094043722,0.14545939482996,0.253173811477916,73.312028667583,0.80084249598672,0.964321971911657
"PWY_386","fixed",NA,"(Intercept)",-6.35136720454188,0.0835723327662162,-75.9984434359285,67.4752898516785,4.18043543782371e-67,2.17662895421882e-66
"PWY_386","fixed",NA,"hd_exposurehigh_exposure",-0.206834840989505,0.116658924262147,-1.77298772723741,65.6421980585685,0.0808699977454641,0.155084028598297
"PWY_387","fixed",NA,"(Intercept)",-6.14417125956103,0.166527937766208,-36.8957385888424,70.3346563669063,9.2323804610331e-48,2.00106478829834e-47
"PWY_387","fixed",NA,"hd_exposurehigh_exposure",-0.0231561015292778,0.233124476915976,-0.0993293447158012,68.3992863426848,0.921167324902246,0.983422619483268
"PWY_388","fixed",NA,"(Intercept)",-7.12733535455643,0.0517901570072005,-137.619496955097,63.8816421169429,9.87089984749275e-81,8.76159872177452e-80
"PWY_388","fixed",NA,"hd_exposurehigh_exposure",0.0707633432565712,0.0721564145407098,0.980693729129894,62.7605339212359,0.330509220323544,0.558033683589753
"PWY_389","fixed",NA,"(Intercept)",-3.83227350786026,0.0630175370290116,-60.8128100293096,69.617976912352,4.42750913068163e-62,1.8019382138844e-61
"PWY_389","fixed",NA,"hd_exposurehigh_exposure",-0.028020855138272,0.0883135728825134,-0.317288206372865,67.7747626818621,0.752000324749262,0.933241415001747
"PWY_392","fixed",NA,"(Intercept)",-6.33014841569608,0.0815428522658015,-77.6297154171402,69.4277635005085,3.27855354277211e-69,1.82970772566683e-68
"PWY_392","fixed",NA,"hd_exposurehigh_exposure",-0.0593922214447909,0.113806478765155,-0.521870302018126,67.6038785683896,0.603466367434004,0.854976647137152
"PWY_393","fixed",NA,"(Intercept)",-5.4765544984823,0.154943996167573,-35.3453804854714,69.4514140689105,3.93375902770831e-46,8.11120224297377e-46
"PWY_393","fixed",NA,"hd_exposurehigh_exposure",0.044072745038507,0.218173565884492,0.2020077219705,68.383486211108,0.840510441990999,0.970916471826593
"PWY_394","fixed",NA,"(Intercept)",-4.93344794049586,0.103951154519715,-47.459289541226,67.3584654734397,1.68174164900916e-53,4.72862361402076e-53
"PWY_394","fixed",NA,"hd_exposurehigh_exposure",0.0835206437856983,0.145295575712999,0.574832670408876,65.4213893287318,0.56737609833723,0.831437930267764
"PWY_395","fixed",NA,"(Intercept)",-5.95166235052742,0.124457464186968,-47.8208550158666,73.2430918267211,5.54116654024501e-57,1.79943108554298e-56
"PWY_395","fixed",NA,"hd_exposurehigh_exposure",-0.155047075240505,0.174155292010893,-0.890280584932255,71.2636980880437,0.376310995830163,0.622951772848512
"PWY_397","fixed",NA,"(Intercept)",-4.03525999609075,0.0345629213618755,-116.751126267406,64.9204572493517,3.55533601073424e-77,2.73849021653249e-76
"PWY_397","fixed",NA,"hd_exposurehigh_exposure",0.00679586450863874,0.0483512800865807,0.140551904654223,63.0109321371739,0.888672294122082,0.972141584521445
"PWY_398","fixed",NA,"(Intercept)",-3.93196330728598,0.0323853258571525,-121.411880325965,64.272336002533,1.19967899230589e-77,9.55641727204352e-77
"PWY_398","fixed",NA,"hd_exposurehigh_exposure",-0.0244780733877648,0.0452063888910099,-0.54147376041869,62.4745318375534,0.590106912732692,0.849598998479062
"PWY_399","fixed",NA,"(Intercept)",-5.98362466849436,0.0577814111467472,-103.556222489925,78.0940489181494,2.29383927432149e-85,3.01106789248961e-84
"PWY_399","fixed",NA,"hd_exposurehigh_exposure",-0.0824068897373726,0.0805454622475094,-1.02311027136629,76.5786830634749,0.309476901971229,0.526336628899973
"PWY_400","fixed",NA,"(Intercept)",-6.06578037628142,0.132688560877189,-45.7144183054004,69.9477150342268,7.70552654518874e-54,2.21652800620861e-53
"PWY_400","fixed",NA,"hd_exposurehigh_exposure",0.0396394924103447,0.185655155653823,0.213511401128324,67.9912237088872,0.831567050757571,0.970916471826593
"PWY_401","fixed",NA,"(Intercept)",-3.87349202816054,0.0530073829521189,-73.074575888031,67.5767002247282,4.81054887949342e-66,2.37218600830046e-65
"PWY_401","fixed",NA,"hd_exposurehigh_exposure",-0.0499984589064839,0.0745184141606918,-0.670954414014596,66.2014737115585,0.504583859378033,0.768868092175495
"PWY_402","fixed",NA,"(Intercept)",-4.66489365868313,0.0755477173669603,-61.7476453461088,65.2674174835749,1.27953884936722e-59,4.6043637359469e-59
"PWY_402","fixed",NA,"hd_exposurehigh_exposure",0.0592706501646443,0.105507402257581,0.561767694933324,63.4012663458169,0.576254878479174,0.841801797402179
"PWY_403","fixed",NA,"(Intercept)",-3.5501073996886,0.0242781989897421,-146.226143100177,66.145506094279,8.8841823769328e-85,1.15000805212519e-83
"PWY_403","fixed",NA,"hd_exposurehigh_exposure",0.0233005343645269,0.0339495352781155,0.686328521838321,64.2162771563058,0.494976731368173,0.76377204244228
"PWY_404","fixed",NA,"(Intercept)",-5.83060339548375,0.124358584025815,-46.8854115794163,68.3265324109672,1.08322453645313e-53,3.09682597538135e-53
"PWY_404","fixed",NA,"hd_exposurehigh_exposure",0.204547157306377,0.174761974921633,1.17043285530562,66.8820475033673,0.245980441658157,0.430928142153012
"PWY_407","fixed",NA,"(Intercept)",-6.22391002222081,0.0273505423945138,-227.560752998787,70.1929525678223,2.01214302613157e-102,2.08368588928292e-100
"PWY_407","fixed",NA,"hd_exposurehigh_exposure",0.0735556957118151,0.0381545422681137,1.92783588373137,68.4587020131467,0.0580249259887241,0.112900273531296
"PWY_408","fixed",NA,"(Intercept)",-4.44392027783098,0.0825372865474988,-53.8413662929612,69.1406360574838,3.47771219098339e-58,1.20045472666538e-57
"PWY_408","fixed",NA,"hd_exposurehigh_exposure",-0.0693309127591639,0.115313577169329,-0.601238071535642,67.2048854181976,0.549704111318757,0.817596325035418
"PWY_409","fixed",NA,"(Intercept)",-6.39271693689678,0.128470936789355,-49.7600243032281,72.4894708109967,8.73739143656864e-58,2.95045247060941e-57
"PWY_409","fixed",NA,"hd_exposurehigh_exposure",-0.00843860112205961,0.179662541797427,-0.0469691736387337,70.5011922715074,0.962670593526038,0.988488797701811
"PWY_410","fixed",NA,"(Intercept)",-5.5562640071414,0.139059904643157,-39.955902611895,71.8118047861368,8.54037918949764e-51,2.10016712522739e-50
"PWY_410","fixed",NA,"hd_exposurehigh_exposure",-0.00711151090243716,0.194536580539881,-0.0365561627674403,69.834399501402,0.970943193381019,0.992235807270954
"PWY_411","fixed",NA,"(Intercept)",-6.15864238616314,0.109609065093773,-56.187345279282,70.7556761736871,1.92024128957326e-60,7.07377423668883e-60
"PWY_411","fixed",NA,"hd_exposurehigh_exposure",0.157357380659744,0.152941784381098,1.0288710916805,68.9650446107639,0.307135283907004,0.523309112616687
"PWY_412","fixed",NA,"(Intercept)",-6.26672911584517,0.120317813770321,-52.0847987464927,72.5130650888158,3.37842693409605e-59,1.19268708430966e-58
"PWY_412","fixed",NA,"hd_exposurehigh_exposure",0.0161473690156124,0.168224006719635,0.0959873048471842,70.5245072027106,0.923802892416727,0.98404870795942
"PWY_414","fixed",NA,"(Intercept)",-4.25819655258663,0.0869964758553461,-48.9467706676644,71.9870007307863,5.32343038158063e-57,1.73476822224935e-56
"PWY_414","fixed",NA,"hd_exposurehigh_exposure",-0.0143375105430577,0.121924236375938,-0.117593605416152,70.1301262775992,0.906725815644178,0.974557705540462
"PWY_415","fixed",NA,"(Intercept)",-6.24429829237008,0.066001592496732,-94.6082974085703,71.8902348392518,3.44433202402855e-77,2.67509787199551e-76
"PWY_415","fixed",NA,"hd_exposurehigh_exposure",0.0643804112099709,0.0919807702923046,0.699933377437231,70.5371686299932,0.486270984138553,0.752831490393906
"PWY_416","fixed",NA,"(Intercept)",-6.92675185229045,0.0325815899790891,-212.597109494535,68.3075099494372,4.22059661371256e-98,2.45849752748757e-96
"PWY_416","fixed",NA,"hd_exposurehigh_exposure",-0.0284642923251155,0.045458290103692,-0.626162846428835,71.691789286283,0.533196749146563,0.796012503696382
"PWY_417","fixed",NA,"(Intercept)",-3.71529840580944,0.0510278328883788,-72.8092532155245,68.1402345853569,2.35400148463232e-66,1.16698371472198e-65
"PWY_417","fixed",NA,"hd_exposurehigh_exposure",-0.0105695117202374,0.0715494116695752,-0.147723251297282,66.3682124525503,0.883009058437535,0.972141584521445
"PWY_418","fixed",NA,"(Intercept)",-6.24145025064014,0.151566023369108,-41.1797453802714,71.6162196919057,1.33440963296968e-51,3.39800485772608e-51
"PWY_418","fixed",NA,"hd_exposurehigh_exposure",0.0946318330979895,0.212201824948609,0.445952022895691,69.6768231781239,0.657014626082142,0.883714957475977
"PWY_420","fixed",NA,"(Intercept)",-7.49669961691805,0.0435512948342495,-172.134942151536,42.5999605359382,3.38958104735345e-62,1.39782722837762e-61
"PWY_420","fixed",NA,"hd_exposurehigh_exposure",0.0999329140607195,0.0608478102515628,1.64234199468423,46.3424672345818,0.107288650127159,0.202006104885883
"PWY_421","fixed",NA,"(Intercept)",-6.66011378965401,0.108119652362493,-61.5994746942453,67.7594710763078,3.16331968246843e-61,1.21954997590267e-60
"PWY_421","fixed",NA,"hd_exposurehigh_exposure",-0.0201687995494323,0.151985915341598,-0.132701767161132,66.37106979386,0.894830750667506,0.972221582446035
"PWY_422","fixed",NA,"(Intercept)",-6.36271772291118,0.136720582024839,-46.5381117362068,71.1727981996104,4.96520006267712e-55,1.48319437769714e-54
"PWY_422","fixed",NA,"hd_exposurehigh_exposure",0.0603153202489048,0.19095853107555,0.315855593930192,69.2402958214895,0.753062252288313,0.933316514804133
"PWY_423","fixed",NA,"(Intercept)",-4.19118904736746,0.0601911579289442,-69.6313078461652,72.1109973489495,7.04815085648847e-68,3.79703849609668e-67
"PWY_423","fixed",NA,"hd_exposurehigh_exposure",-0.0346062639877891,0.0841796421333285,-0.411100155700089,70.1260579499415,0.68225270695969,0.896839947653641
"PWY_427","fixed",NA,"(Intercept)",-3.45312634368017,0.0298576846386706,-115.652850697197,66.8421230308258,1.01357130105083e-78,8.51034641963402e-78
"PWY_427","fixed",NA,"hd_exposurehigh_exposure",0.00226800261526756,0.0418646031067574,0.0541747071979642,65.0801402335545,0.956961934730627,0.988252611493919
"PWY_428","fixed",NA,"(Intercept)",-6.46322248027367,0.092547111661681,-69.8371063583366,71.2722254476027,2.24512624374522e-67,1.18889639725599e-66
"PWY_428","fixed",NA,"hd_exposurehigh_exposure",-0.0250225142188962,0.129248773267481,-0.193599626412793,69.3476308622405,0.847055337601075,0.970916471826593
"PWY_429","fixed",NA,"(Intercept)",-3.43913457750822,0.0292195744436022,-117.699680539367,70.3345495348642,1.63447214742487e-82,1.67398685868129e-81
"PWY_429","fixed",NA,"hd_exposurehigh_exposure",-0.0240073331420913,0.040958750356741,-0.586134414087176,68.5109858506294,0.559711351674727,0.825792792661331
"PWY_430","fixed",NA,"(Intercept)",-4.10464865750801,0.076617199740584,-53.5734622435409,66.3721908084543,2.37168178125167e-56,7.44244922601533e-56
"PWY_430","fixed",NA,"hd_exposurehigh_exposure",0.0784337529684761,0.107412826130295,0.73020844711165,64.599023445277,0.467902694380313,0.730307184135926
"PWY_431","fixed",NA,"(Intercept)",-6.11304714566295,0.102039973672002,-59.9083567515685,68.8961871310001,3.63935312618464e-61,1.39583420312925e-60
"PWY_431","fixed",NA,"hd_exposurehigh_exposure",0.0464422729918116,0.142998149004831,0.324775343702124,67.0579552549302,0.746362138747148,0.932304894934446
"PWY_432","fixed",NA,"(Intercept)",-6.49929461637637,0.0677074834659515,-95.9907868920385,59.5917727740172,5.0019148261988e-67,2.58988034334294e-66
"PWY_432","fixed",NA,"hd_exposurehigh_exposure",0.00116549637264602,0.0942837113618887,0.0123615877632617,59.2693418759121,0.990178647705149,0.99755407814024
"PWY_435","fixed",NA,"(Intercept)",-4.11764777115145,0.0553707392199853,-74.3650496481947,71.2073535047561,3.02342292263826e-69,1.69748805054148e-68
"PWY_435","fixed",NA,"hd_exposurehigh_exposure",-0.102707332613823,0.0775005774450543,-1.32524603041364,69.2549794926643,0.189445152330915,0.343507552475511
"PWY_436","fixed",NA,"(Intercept)",-6.71974596380024,0.0400344937131924,-167.848905794603,70.4662482898567,1.85012440007709e-93,5.1320168485387e-92
"PWY_436","fixed",NA,"hd_exposurehigh_exposure",0.0431157576911959,0.0557470957219833,0.773417110484442,70.2915446483669,0.441868842487084,0.706383809945047
"PWY_438","fixed",NA,"(Intercept)",-3.21672911785088,0.0171790214255283,-187.247517665399,67.3677751365213,2.88529408723386e-93,7.07656339289989e-92
"PWY_438","fixed",NA,"hd_exposurehigh_exposure",0.0181851840723672,0.0239637613474782,0.758861841790163,65.6710667710689,0.450650370865072,0.711874823129232
"PWY_439","fixed",NA,"(Intercept)",-3.21672911785088,0.0171790214255283,-187.247517665399,67.3677751365213,2.88529408723386e-93,7.07656339289989e-92
"PWY_439","fixed",NA,"hd_exposurehigh_exposure",0.0181851840723672,0.0239637613474782,0.758861841790163,65.6710667710689,0.450650370865072,0.711874823129232
"PWY_440","fixed",NA,"(Intercept)",-6.38754447689369,0.150226939598676,-42.5193010917864,71.0210560341611,2.94062345607829e-52,7.74198039848861e-52
"PWY_440","fixed",NA,"hd_exposurehigh_exposure",0.104268082825796,0.210512119996622,0.495306791967459,69.157902458579,0.621953738459238,0.863876131511192
"PWY_441","fixed",NA,"(Intercept)",-6.30201656219714,0.152465857760463,-41.333952760087,71.4431313361603,1.2557462326714e-51,3.21526233200479e-51
"PWY_441","fixed",NA,"hd_exposurehigh_exposure",0.067760413619768,0.213494108425922,0.317387744886081,69.5152985406486,0.75190075409205,0.933241415001747
"PWY_442","fixed",NA,"(Intercept)",-6.50029219154264,0.0839569118421902,-77.4241458971351,70.3495435316111,7.87764069650354e-70,4.58872570571331e-69
"PWY_442","fixed",NA,"hd_exposurehigh_exposure",0.0319151364545826,0.117597046054962,0.27139403178262,68.4528009050796,0.786904775480166,0.957633096978423
"PWY_443","fixed",NA,"(Intercept)",-3.36739406636597,0.0174485799807543,-192.989576806835,66.7266757753934,2.09531253000698e-93,5.57951793704715e-92
"PWY_443","fixed",NA,"hd_exposurehigh_exposure",0.00342309338686585,0.0243557451863107,0.140545623247439,64.9058574675164,0.888664173923444,0.972141584521445
"PWY_445","fixed",NA,"(Intercept)",-5.14998434940127,0.142143523687295,-36.2308757782792,70.2523107296104,3.38790195551174e-47,7.1437208654682e-47
"PWY_445","fixed",NA,"hd_exposurehigh_exposure",0.0710224800240906,0.199343840066024,0.356281287651364,68.4835812305986,0.722725216113676,0.915459812602871
"PWY_446","fixed",NA,"(Intercept)",-6.64650701738883,0.132472945262861,-50.1725616819374,71.8806376953504,1.08451533096654e-57,3.64898299083327e-57
"PWY_446","fixed",NA,"hd_exposurehigh_exposure",0.0743844306029028,0.185622876669078,0.400728789132563,70.0053050084476,0.689840229769376,0.900676359710016
"PWY_447","fixed",NA,"(Intercept)",-6.59860598285204,0.142426921835863,-46.3297661551409,71.3651377367773,5.32764060164051e-55,1.58637732930638e-54
"PWY_447","fixed",NA,"hd_exposurehigh_exposure",0.0772249855885722,0.199495556730279,0.387101281122675,69.4603219977063,0.699864742248352,0.909114811356662
"PWY_448","fixed",NA,"(Intercept)",-5.03298609692012,0.104351700762779,-48.2309925006545,64.4464140478383,2.70911987988456e-52,7.19344651866783e-52
"PWY_448","fixed",NA,"hd_exposurehigh_exposure",0.0762380824242441,0.145948791034344,0.522361863253148,62.5383524403173,0.603263943228677,0.854976647137152
"PWY_450","fixed",NA,"(Intercept)",-5.31390503231607,0.126170117053749,-42.1169858315367,70.3123745086213,1.27852749443756e-51,3.26462362963235e-51
"PWY_450","fixed",NA,"hd_exposurehigh_exposure",0.104884543041719,0.176936395067716,0.592781055596722,68.5389146397204,0.555278563987173,0.822765694174953
"PWY_451","fixed",NA,"(Intercept)",-3.25266778848625,0.0157678888272018,-206.28429234451,68.1061158582063,5.7112589591741e-97,2.80152281576329e-95
"PWY_451","fixed",NA,"hd_exposurehigh_exposure",0.0110280164028019,0.0219989797661706,0.50129672012156,66.3627818358074,0.617821194698582,0.861990050088441
"PWY_452","fixed",NA,"(Intercept)",-3.29316030891009,0.019497575778855,-168.901013452221,68.7554057470437,8.84921315227585e-92,1.91801550184211e-90
"PWY_452","fixed",NA,"hd_exposurehigh_exposure",0.0212230042384894,0.0272409940931056,0.779083324417324,66.8216575181601,0.438681083982384,0.704235242481275
"PWY_453","fixed",NA,"(Intercept)",-5.47231667627596,0.117125653873908,-46.7217598816328,68.1998032946224,1.60430309063949e-53,4.54471270661401e-53
"PWY_453","fixed",NA,"hd_exposurehigh_exposure",0.207954863647132,0.164516282712046,1.26403818648831,66.6730410123989,0.210617760651285,0.375326487432118
"PWY_454","fixed",NA,"(Intercept)",-4.05830281056147,0.060562229933663,-67.010458746429,68.0896508364507,6.76050179836835e-64,2.98615529672005e-63
"PWY_454","fixed",NA,"hd_exposurehigh_exposure",-0.0441658084595731,0.0851765356987855,-0.518520835547469,66.7925494219417,0.605808543862492,0.854976647137152
"PWY_455","fixed",NA,"(Intercept)",-6.5834782535353,0.0293208592045007,-224.532241965295,71.2202326264878,2.92001548235524e-103,3.88779204222155e-101
"PWY_455","fixed",NA,"hd_exposurehigh_exposure",0.0910302022250454,0.040891458768309,2.22614220590228,69.5583927213084,0.0292464888310191,0.0576273310581603
"PWY_456","fixed",NA,"(Intercept)",-5.68618173993127,0.122725022064584,-46.3327008972864,71.0028733739902,8.31932048655711e-55,2.45367300426305e-54
"PWY_456","fixed",NA,"hd_exposurehigh_exposure",-0.0200071722301693,0.1718117755785,-0.116448201311022,69.0644872284881,0.907635287992619,0.974557705540462
"PWY_457","fixed",NA,"(Intercept)",-4.09804874170104,0.0816122242223842,-50.213663219548,68.9950036361096,4.66228294768788e-56,1.45326010275756e-55
"PWY_457","fixed",NA,"hd_exposurehigh_exposure",-0.01983208193143,0.114825379448329,-0.172715143870737,67.7659897755687,0.863390157362879,0.972141584521445
"PWY_458","fixed",NA,"(Intercept)",-6.25075555266253,0.125676744755687,-49.7367716263964,72.1013164135398,1.49659677711278e-57,4.98152927238967e-57
"PWY_458","fixed",NA,"hd_exposurehigh_exposure",-0.0147701055902856,0.175732631055487,-0.0840487364331445,70.115618957594,0.933257194774029,0.985046099127287
"PWY_462","fixed",NA,"(Intercept)",-4.93119517433364,0.0908192520974551,-54.2968044819631,69.8901871623249,6.87288224944439e-59,2.40809257762487e-58
"PWY_462","fixed",NA,"hd_exposurehigh_exposure",0.019043332646725,0.1273358681839,0.149551991267867,68.0960729969647,0.881560141172839,0.972141584521445
"PWY_467","fixed",NA,"(Intercept)",-3.42346425142782,0.0216162116554829,-158.37484874735,62.013325087704,1.38145349365603e-82,1.44664568099711e-81
"PWY_467","fixed",NA,"hd_exposurehigh_exposure",-0.0488857789937679,0.0301589711838141,-1.62093655966634,60.3296742895325,0.110246802010845,0.207157297326829
"PWY_468","fixed",NA,"(Intercept)",-4.10807490266415,0.0598922309322302,-68.5911150531787,70.0086621028784,6.16637068649791e-66,3.02476709464003e-65
"PWY_468","fixed",NA,"hd_exposurehigh_exposure",-0.0222177551033398,0.08413314525884,-0.264078503602661,68.4838024930731,0.792512493865552,0.957633096978423
"PWY_469","fixed",NA,"(Intercept)",-6.7615193253571,0.0929580947780321,-72.7372838428159,74.5008321475508,5.99062713174651e-71,3.62549641999204e-70
"PWY_469","fixed",NA,"hd_exposurehigh_exposure",-0.0866067800908161,0.129491296208582,-0.66882317674318,73.4840078627016,0.505704013415857,0.768868092175495
"PWY_470","fixed",NA,"(Intercept)",-6.7615193253571,0.0929580947780321,-72.7372838428159,74.5008321475508,5.99062713174651e-71,3.62549641999204e-70
"PWY_470","fixed",NA,"hd_exposurehigh_exposure",-0.0866067800908161,0.129491296208582,-0.66882317674318,73.4840078627016,0.505704013415857,0.768868092175495
"PWY_471","fixed",NA,"(Intercept)",-6.0651340321787,0.127044984720807,-47.7400508607829,67.3278761040553,1.18946124464515e-53,3.39014642204672e-53
"PWY_471","fixed",NA,"hd_exposurehigh_exposure",-0.0341649781788814,0.178233780461301,-0.191686323941827,65.6300315096677,0.84857974779863,0.970916471826593
"PWY_472","fixed",NA,"(Intercept)",-4.80438687724975,0.117250967362844,-40.9752429792936,67.5680672126544,1.88786291539851e-49,4.36597577456926e-49
"PWY_472","fixed",NA,"hd_exposurehigh_exposure",0.032520766608248,0.164337107274276,0.197890586901784,65.755937964658,0.843741167015445,0.970916471826593
"PWY_473","fixed",NA,"(Intercept)",-6.58876310311576,0.0732015664379754,-90.0084987757537,63.477956717451,1.1284063360267e-68,6.1501444747186e-68
"PWY_473","fixed",NA,"hd_exposurehigh_exposure",-0.0494263939904868,0.102194150239819,-0.483651890783356,61.6723786542348,0.630345812473351,0.869919669546706
"PWY_474","fixed",NA,"(Intercept)",-3.52896414319108,0.0252466223796203,-139.779654091066,70.9352820907415,2.38764063732912e-88,3.83669150688059e-87
"PWY_474","fixed",NA,"hd_exposurehigh_exposure",0.0159743093117986,0.0353765075239065,0.451551338158624,69.0688782372852,0.653006961649511,0.882032591677311
"PWY_475","fixed",NA,"(Intercept)",-6.58241404782722,0.0904051240299585,-72.8101876796932,68.2092159844608,2.09218568490865e-66,1.04834250448111e-65
"PWY_475","fixed",NA,"hd_exposurehigh_exposure",-0.0484425986098905,0.126639518120638,-0.38252355448592,66.3386191401069,0.703295900201881,0.909114811356662
"PWY_476","fixed",NA,"(Intercept)",-4.190037377375,0.0670628284668717,-62.4792820876148,68.8620408020219,2.23386714899291e-62,9.33616225498382e-62
"PWY_476","fixed",NA,"hd_exposurehigh_exposure",-0.0112539069414177,0.094127064194533,-0.119560798349763,67.2148905488024,0.905187717121727,0.974557705540462
"PWY_477","fixed",NA,"(Intercept)",-4.37950025314145,0.0801458956139998,-54.6440989846078,64.6650932207976,7.65176217592917e-56,2.35361133596237e-55
"PWY_477","fixed",NA,"hd_exposurehigh_exposure",-0.116846050141717,0.111941071939921,-1.0438175025198,62.7964366226875,0.300571547965986,0.51400492239321
"PWY_478","fixed",NA,"(Intercept)",-6.57423006116428,0.131690790611092,-49.9217145759207,72.0101559331781,1.29973343484843e-57,4.34176186838256e-57
"PWY_478","fixed",NA,"hd_exposurehigh_exposure",0.0215155992466717,0.184164383870869,0.116828231357469,70.0255453269331,0.90733059613415,0.974557705540462
"PWY_479","fixed",NA,"(Intercept)",-4.50121490161613,0.0809809259842593,-55.5836432704048,63.4937875631058,1.44707366128231e-55,4.39307052871372e-55
"PWY_479","fixed",NA,"hd_exposurehigh_exposure",0.0535289688414912,0.113526291197859,0.471511649651253,61.7476827157056,0.638937223092134,0.874433908842685
"PWY_480","fixed",NA,"(Intercept)",-4.20126169833782,0.070504097383673,-59.5889012730021,68.2455179218538,1.3861104910075e-60,5.14683258015532e-60
"PWY_480","fixed",NA,"hd_exposurehigh_exposure",-0.0424268568455499,0.0991232669429984,-0.428021171557509,66.8798602111438,0.670010913288659,0.888264823876288
"PWY_481","fixed",NA,"(Intercept)",-5.4391172818581,0.127291257486142,-42.7297002895131,71.6974757107815,9.53664620704307e-53,2.60649685189564e-52
"PWY_481","fixed",NA,"hd_exposurehigh_exposure",0.0900507333108534,0.178306148233262,0.50503437039674,69.7951606674377,0.615125714467129,0.859515990829632
"PWY_482","fixed",NA,"(Intercept)",-3.51484882603917,0.0268274638752199,-131.01681330697,66.2110840927866,1.06579834276055e-81,1.04560426889772e-80
"PWY_482","fixed",NA,"hd_exposurehigh_exposure",-0.0723186401347987,0.0373577933601743,-1.93583811114215,65.8586047142602,0.0571818642993039,0.111492672650526
"PWY_483","fixed",NA,"(Intercept)",-4.61022058413535,0.100156230192464,-46.0302926265914,66.8674935463985,2.3083766791657e-52,6.18220420971964e-52
"PWY_483","fixed",NA,"hd_exposurehigh_exposure",0.05760773919233,0.14062686531821,0.40964960046557,65.2910904511193,0.6834039248091,0.897087968904339
"PWY_484","fixed",NA,"(Intercept)",-4.50128301619883,0.0946104992277085,-47.5769925424993,69.63691684697,7.64265867348375e-55,2.2612564710117e-54
"PWY_484","fixed",NA,"hd_exposurehigh_exposure",-0.047268491629593,0.132774143857538,-0.356006751437316,67.9643063850693,0.72293822111128,0.915459812602871
"PWY_485","fixed",NA,"(Intercept)",-3.38917756273915,0.022924924899316,-147.8381097266,69.9124402021554,5.1747570894148e-89,8.88925370014955e-88
"PWY_485","fixed",NA,"hd_exposurehigh_exposure",-0.0277508707947302,0.0321079451509813,-0.864299184025548,68.0129520000021,0.390461630404305,0.639561053667509
"PWY_486","fixed",NA,"(Intercept)",-5.68063713096338,0.157610053428079,-36.0423526761609,70.654912921027,3.18740430404597e-47,6.73619231603366e-47
"PWY_486","fixed",NA,"hd_exposurehigh_exposure",-0.0526554420070725,0.220768687900085,-0.23850955725616,68.758189463833,0.81219531678399,0.965212939974228
"PWY_487","fixed",NA,"(Intercept)",-5.57411228920254,0.148912393998615,-37.432158193994,70.6912665517616,2.4148406775473e-48,5.2956035564096e-48
"PWY_487","fixed",NA,"hd_exposurehigh_exposure",-0.0562641166260765,0.208767461177351,-0.269506159191539,68.8799534435985,0.788345931024409,0.957633096978423
"PWY_488","fixed",NA,"(Intercept)",-5.22076211622999,0.134878245325631,-38.7072214916921,69.5928849652703,8.28372204337072e-49,1.86034432395699e-48
"PWY_488","fixed",NA,"hd_exposurehigh_exposure",-0.0114354468151384,0.189508502538462,-0.0603426583079957,68.1059268595254,0.952059450410278,0.988252611493919
"PWY_489","fixed",NA,"(Intercept)",-4.32654412863648,0.0963617272608862,-44.8989889619035,68.4652757389808,1.60431035309069e-52,4.33396304081311e-52
"PWY_489","fixed",NA,"hd_exposurehigh_exposure",0.00776990987332948,0.135364039195848,0.0574001035983256,66.9523217043183,0.954397447269516,0.988252611493919
"PWY_490","fixed",NA,"(Intercept)",-4.26567120525232,0.0697774455724594,-61.1325216946024,70.1266383754611,1.43150307557582e-62,6.06436757471209e-62
"PWY_490","fixed",NA,"hd_exposurehigh_exposure",-0.0459172958214541,0.0979437170007572,-0.46881308191621,68.479486002821,0.640692299352322,0.875550180346574
"PWY_491","fixed",NA,"(Intercept)",-6.52878366850884,0.155182598193186,-42.0716223631029,71.4568638370415,3.66906113703081e-52,9.6055196059346e-52
"PWY_491","fixed",NA,"hd_exposurehigh_exposure",0.0718058157322037,0.217289892455199,0.330460910633516,69.526240068879,0.742045492314202,0.928636224505795
"PWY_492","fixed",NA,"(Intercept)",-3.31066038163243,0.0178572082788661,-185.396302150464,68.4016769734713,3.73778624196083e-94,1.1612055925025e-92
"PWY_492","fixed",NA,"hd_exposurehigh_exposure",0.0264508740469705,0.0249172140773424,1.06155021845009,66.6276892551211,0.292272703527004,0.500731911189646
"PWY_493","fixed",NA,"(Intercept)",-3.71588984125218,0.0374048437562629,-99.3424772862475,72.2962548099422,4.7425502106024e-79,4.05509797823985e-78
"PWY_493","fixed",NA,"hd_exposurehigh_exposure",-0.0619172776417018,0.0524048698544589,-1.18151763020615,70.4048143970055,0.241372765306725,0.423652386564722
"PWY_494","fixed",NA,"(Intercept)",-4.87249294788832,0.130690682075952,-37.2826346185617,70.8088381073744,2.79630714831299e-48,6.11774239959556e-48
"PWY_494","fixed",NA,"hd_exposurehigh_exposure",-0.0444053523106928,0.183270841369332,-0.242293602075008,69.0281792378787,0.809271105923167,0.965212939974228
"PWY_495","fixed",NA,"(Intercept)",-5.13427930624518,0.144631915241557,-35.4989374072117,71.968143862513,2.38230819354217e-47,5.05765657490047e-47
"PWY_495","fixed",NA,"hd_exposurehigh_exposure",-0.0334842148654821,0.202910130961115,-0.16501992634315,70.2355341405427,0.869402335566033,0.972141584521445
"PWY_496","fixed",NA,"(Intercept)",-6.48879211095823,0.147982493244738,-43.848376714581,71.5087483727329,2.0013612894739e-53,5.58463689158584e-53
"PWY_496","fixed",NA,"hd_exposurehigh_exposure",0.153088856205636,0.207236056235992,0.738717282051078,69.5873209386958,0.462563046768555,0.723417708128218
"PWY_497","fixed",NA,"(Intercept)",-5.71000326989035,0.14748602422864,-38.7155549127721,72.0721011018744,5.63414299095249e-50,1.34987693253669e-49
"PWY_497","fixed",NA,"hd_exposurehigh_exposure",0.00518524279180821,0.206524987925493,0.0251070964530397,70.140750378262,0.98004083401795,0.992823975331227
"PWY_498","fixed",NA,"(Intercept)",-6.36656149644209,0.164274235896031,-38.7556908222144,71.1752443560787,1.37491399220793e-49,3.23590868873179e-49
"PWY_498","fixed",NA,"hd_exposurehigh_exposure",0.0449539850356924,0.230061000960702,0.195400284480946,69.2596775782241,0.845651713789667,0.970916471826593
"PWY_499","fixed",NA,"(Intercept)",-4.70203116514444,0.10940700478824,-42.9774233765501,70.4101119481359,2.8969116322044e-52,7.64850323290226e-52
"PWY_499","fixed",NA,"hd_exposurehigh_exposure",-0.00960741552036503,0.153317517644274,-0.0626635212204262,68.5558071089016,0.950216789889805,0.988252611493919
"PWY_500","fixed",NA,"(Intercept)",-3.93233656976296,0.0890365146143761,-44.1654369198323,69.5712665254824,1.24949426545152e-52,3.38525771918843e-52
"PWY_500","fixed",NA,"hd_exposurehigh_exposure",-0.00119679646498593,0.125149055570463,-0.00956296841019379,68.1541601511946,0.992397908999887,0.99755407814024
"PWY_501","fixed",NA,"(Intercept)",-4.13049223154114,0.0773031367798045,-53.4324013695163,67.5983310895556,5.01644490667084e-57,1.64046549228674e-56
"PWY_501","fixed",NA,"hd_exposurehigh_exposure",0.0585386365352979,0.108360349653382,0.540221923633033,65.7989893794309,0.59086787264072,0.849598998479062
"PWY_504","fixed",NA,"(Intercept)",-6.77703176604623,0.0384377644208752,-176.311808664025,80.4998863571602,6.10642329013514e-106,9.48531084400991e-104
"PWY_504","fixed",NA,"hd_exposurehigh_exposure",0.0669398133894958,0.0535339037772619,1.25041905533383,79.7271742095288,0.214804041125854,0.382056042613159
"PWY_505","fixed",NA,"(Intercept)",-4.78176547597864,0.0911806246778175,-52.4427803919395,68.2248280221734,7.25208827146911e-57,2.34685634340598e-56
"PWY_505","fixed",NA,"hd_exposurehigh_exposure",0.068469338048323,0.127634184532484,0.536449841389451,66.304169227469,0.593443077263809,0.849598998479062
"PWY_507","fixed",NA,"(Intercept)",-4.87046287655369,0.102892454113651,-47.3354719596245,67.4109283833169,1.86477345762073e-53,5.21912571322078e-53
"PWY_507","fixed",NA,"hd_exposurehigh_exposure",-0.0447384842769519,0.143901270312162,-0.310897076724212,65.4689939360397,0.756866586757625,0.933877053966406
"PWY_508","fixed",NA,"(Intercept)",-6.39810379282542,0.0783959116904561,-81.6127225879857,67.6445684950352,2.63965110000548e-69,1.49100292436673e-68
"PWY_508","fixed",NA,"hd_exposurehigh_exposure",-0.156709575096153,0.109232061949472,-1.43464814541945,66.4473520182249,0.156077371508261,0.289769143915736
"PWY_509","fixed",NA,"(Intercept)",-3.74942992518076,0.0265695854768835,-141.117366262372,66.1254519038201,9.71812695212428e-84,1.13216178992248e-82
"PWY_509","fixed",NA,"hd_exposurehigh_exposure",-0.016030938433827,0.0370327620976584,-0.432885302790867,64.7358381572389,0.666536946970065,0.887446335108715
"PWY_510","fixed",NA,"(Intercept)",-3.74943284203424,0.0265681415967164,-141.125145256589,66.124185760778,9.71191782211592e-84,1.13216178992248e-82
"PWY_510","fixed",NA,"hd_exposurehigh_exposure",-0.0160405275852487,0.0370307390089867,-0.433167903599116,64.7347272281958,0.666332727575404,0.887446335108715
"PWY_511","fixed",NA,"(Intercept)",-4.79092926874806,0.114537391338027,-41.8285174193368,69.4960717494563,5.22792365155683e-51,1.29585767107738e-50
"PWY_511","fixed",NA,"hd_exposurehigh_exposure",0.0220192947214089,0.160875103090241,0.136871985151471,67.95389401672,0.891536697295137,0.972141584521445
"PWY_512","fixed",NA,"(Intercept)",-6.67079920319948,0.0291604560832124,-228.761826775399,62.5958766181663,3.36070903198335e-93,8.0312328661756e-92
"PWY_512","fixed",NA,"hd_exposurehigh_exposure",-0.0405294443591115,0.0406059620280578,-0.998115605070669,62.314463371664,0.322083467372603,0.544794540093041
"PWY_514","fixed",NA,"(Intercept)",-6.45137159655135,0.100446608631838,-64.2268732058168,70.7739858560389,1.7368684721146e-64,7.78250680774427e-64
"PWY_514","fixed",NA,"hd_exposurehigh_exposure",0.134500058534341,0.140334895712684,0.958422050704418,68.8236907814901,0.341204830550958,0.570920829575392
"PWY_515","fixed",NA,"(Intercept)",-7.69031452654403,0.0881037555894521,-87.2870228413364,64.9911883681764,4.37437937415629e-69,2.42673903375813e-68
"PWY_515","fixed",NA,"hd_exposurehigh_exposure",-0.044368248742837,0.122994166776653,-0.36073457713979,63.172851257327,0.7195013523167,0.915459812602871
"PWY_516","fixed",NA,"(Intercept)",-5.70222618903362,0.175334659537186,-32.5219566062137,71.535218212798,1.34346340364792e-44,2.71606918047691e-44
"PWY_516","fixed",NA,"hd_exposurehigh_exposure",0.2102066393545,0.245561807872263,0.85602334164214,69.6202327467837,0.394921555444278,0.6446005073101
"PWY_517","fixed",NA,"(Intercept)",-5.54464136461116,0.135596859704255,-40.8906325463905,69.6063122832915,2.09884021142564e-50,5.09406009648098e-50
"PWY_517","fixed",NA,"hd_exposurehigh_exposure",0.00709449213142002,0.189846441766345,0.0373696344551542,67.6847147780166,0.970300283982919,0.992235807270954
"PWY_518","fixed",NA,"(Intercept)",-4.35557885658084,0.0735275930301725,-59.2373376725865,69.2420244147154,4.65446938687671e-61,1.77785470023323e-60
"PWY_518","fixed",NA,"hd_exposurehigh_exposure",-0.0384490164866901,0.102628818356433,-0.374641519822977,67.4053675972847,0.709103199714638,0.912629331732935
"PWY_519","fixed",NA,"(Intercept)",-4.49481009304148,0.0936294344395096,-48.0063787627106,67.6309468828308,5.57170006426971e-54,1.61267840369546e-53
"PWY_519","fixed",NA,"hd_exposurehigh_exposure",0.0433754309257631,0.130961317130772,0.331207961832352,65.6883011836902,0.741541698851818,0.928636224505795
"PWY_520","fixed",NA,"(Intercept)",-3.34886645649265,0.0324811036862252,-103.101990894258,69.6179296192855,7.33575014143801e-78,5.94514707114802e-77
"PWY_520","fixed",NA,"hd_exposurehigh_exposure",-0.0591858576611828,0.0456164834307199,-1.29746646847672,68.0560357835632,0.198851623945694,0.357779369724685
"PWY_521","fixed",NA,"(Intercept)",-6.19454661787113,0.106860773630372,-57.9683864099457,71.3326926488759,9.54321266927052e-62,3.81728506770821e-61
"PWY_521","fixed",NA,"hd_exposurehigh_exposure",0.170761356479322,0.14910497621448,1.14524250507703,69.5405127798915,0.256034871192652,0.443539962735225
"PWY_522","fixed",NA,"(Intercept)",-4.79973913451335,0.0968607614392344,-49.5529775235606,66.9329515163143,1.75388865046005e-54,5.14032774285777e-54
"PWY_522","fixed",NA,"hd_exposurehigh_exposure",-0.0489338887224719,0.1354166063312,-0.361358108493653,64.9960621728552,0.719003777790385,0.915459812602871
"PWY_523","fixed",NA,"(Intercept)",-3.45519756782009,0.0148571349591754,-232.56149838541,69.0969434428369,9.81101835739285e-102,9.14386910909013e-100
"PWY_523","fixed",NA,"hd_exposurehigh_exposure",0.0247627554363651,0.0207099050739052,1.19569623076479,67.6382983822247,0.235990275701475,0.415771147360632
"PWY_524","fixed",NA,"(Intercept)",-3.94520874918267,0.0897412215818999,-43.96205756551,68.7784298746949,4.43572792547804e-52,1.15155945029124e-51
"PWY_524","fixed",NA,"hd_exposurehigh_exposure",-0.00656125767641173,0.126287048389829,-0.0519551114707987,67.5894860463367,0.958717708504811,0.988252611493919
"PWY_525","fixed",NA,"(Intercept)",-5.34574409333638,0.11551795668443,-46.2763041069,72.0632359669058,2.43192562227754e-55,7.28795717029796e-55
"PWY_525","fixed",NA,"hd_exposurehigh_exposure",-0.0400246810354327,0.161530293089777,-0.247784364590902,70.0778347187381,0.805025846290033,0.965212939974228
"PWY_526","fixed",NA,"(Intercept)",-3.74858043270801,0.0445081031325937,-84.2224262296833,70.9263779614374,7.8668948974598e-73,5.27478132692988e-72
"PWY_526","fixed",NA,"hd_exposurehigh_exposure",0.00844177916602364,0.0626352984402543,0.134776705407989,69.7321037367689,0.893176693398422,0.972221582446035
"PWY_527","fixed",NA,"(Intercept)",-3.48486110455255,0.0225525564975015,-154.521776940837,62.5815210105925,1.54462243774531e-82,1.59954234664292e-81
"PWY_527","fixed",NA,"hd_exposurehigh_exposure",-0.0766459572600641,0.0315008060185623,-2.43314273339226,60.735107480278,0.0179279840288337,0.0355508108827085
"PWY_528","fixed",NA,"(Intercept)",-5.91694161834722,0.107295301003824,-55.146325728993,68.6939882625562,1.30116906918729e-58,4.5249610913528e-58
"PWY_528","fixed",NA,"hd_exposurehigh_exposure",-0.0351590526952518,0.150042854068459,-0.234326738940929,66.7383262518469,0.815448720071443,0.965212939974228
"PWY_529","fixed",NA,"(Intercept)",-4.27758800942284,0.0776102142456718,-55.1163020357388,69.3121318288243,5.60468808382072e-59,1.97115822419657e-58
"PWY_529","fixed",NA,"hd_exposurehigh_exposure",-0.00955268154706886,0.10867735591784,-0.087899465959502,67.4035830718053,0.930217210212228,0.984066333618384
"PWY_530","fixed",NA,"(Intercept)",-3.55482995836535,0.0400275745777928,-88.8095268289766,68.377331495626,2.28707841265112e-72,1.50109653562736e-71
"PWY_530","fixed",NA,"hd_exposurehigh_exposure",-0.00720652273673734,0.0562953469489731,-0.128012759975872,67.0762109732397,0.898521903920897,0.972221582446035
"PWY_531","fixed",NA,"(Intercept)",-4.57746023202478,0.103854197134458,-44.075832834165,65.7496489071772,1.5151507504772e-50,3.69665052210668e-50
"PWY_531","fixed",NA,"hd_exposurehigh_exposure",0.116770503459054,0.145588829275032,0.802056751472755,63.9763468663026,0.425489400512943,0.686352467151466
"PWY_532","fixed",NA,"(Intercept)",-4.35470387130008,0.0893500464294945,-48.7375669663065,64.9622754253101,7.06050360540401e-53,1.93540863536369e-52
"PWY_532","fixed",NA,"hd_exposurehigh_exposure",0.103191695158424,0.125165973724332,0.824438879736563,63.1284158642895,0.412794480595912,0.670251665357823
"PWY_533","fixed",NA,"(Intercept)",-4.97907492705479,0.139020978279536,-35.8152775838127,70.9556187173692,3.59581064236907e-47,7.56500117085322e-47
"PWY_533","fixed",NA,"hd_exposurehigh_exposure",0.0088107030004948,0.195017858808187,0.0451789546574846,69.216215531498,0.964094760848655,0.988488797701811
"PWY_534","fixed",NA,"(Intercept)",-4.73004446954816,0.123465053948604,-38.3107957942268,70.9870454090618,3.6837917755386e-49,8.4356116334201e-49
"PWY_534","fixed",NA,"hd_exposurehigh_exposure",-0.0101130293242475,0.172935260872664,-0.0584787004871953,69.0849452995283,0.953536151137362,0.988252611493919
"PWY_535","fixed",NA,"(Intercept)",-3.57600114141963,0.0263903115804266,-135.504316821781,65.4736259470348,6.42563412408424e-82,6.43945269209303e-81
"PWY_535","fixed",NA,"hd_exposurehigh_exposure",-0.0126465287199246,0.037032964466947,-0.341493825891578,63.8278037989603,0.733853574868664,0.923494763138898
"PWY_536","fixed",NA,"(Intercept)",-3.76835290573867,0.0356788600723626,-105.618646394415,72.2465632168975,6.44749330831663e-81,5.89123898367755e-80
"PWY_536","fixed",NA,"hd_exposurehigh_exposure",-0.0346879442280881,0.049902876465618,-0.695109113639718,70.2617361885705,0.489279432034342,0.756232886660044
"PWY_537","fixed",NA,"(Intercept)",-5.73703410004064,0.133058871227898,-43.116509610355,70.9531520904966,1.22673949427711e-52,3.33329798444976e-52
"PWY_537","fixed",NA,"hd_exposurehigh_exposure",-0.0141599974114058,0.186022725295629,-0.0761197181091855,68.9778339830361,0.939544203165187,0.988252611493919
"PWY_538","fixed",NA,"(Intercept)",-3.4458519808156,0.0296618520463725,-116.171167445258,72.5210513231311,3.84812929486023e-84,4.71902171422334e-83
"PWY_538","fixed",NA,"hd_exposurehigh_exposure",-0.0461043707357446,0.041592192230505,-1.10848619087527,70.7182111656472,0.271407603141823,0.467563560310867
"PWY_539","fixed",NA,"(Intercept)",-3.23017643219742,0.0143853864154606,-224.545683995378,66.7703292634874,7.68678689366144e-98,3.98004743605137e-96
"PWY_539","fixed",NA,"hd_exposurehigh_exposure",0.000624760422486414,0.0200598086965533,0.031144884377375,65.1812533817769,0.975249165406646,0.992406460374528
"PWY_540","fixed",NA,"(Intercept)",-3.48108172663682,0.0192213757629353,-181.104712252148,69.6513385904413,7.25608889411281e-95,2.60102878819736e-93
"PWY_540","fixed",NA,"hd_exposurehigh_exposure",0.00418451556195169,0.0268198639141353,0.156022997556906,67.8731728480049,0.876478021971926,0.972141584521445
"PWY_541","fixed",NA,"(Intercept)",-6.58459992210358,0.029610105367012,-222.376781186309,60.1900317928332,1.89741925809322e-89,3.33659386517525e-88
"PWY_541","fixed",NA,"hd_exposurehigh_exposure",0.107777185666803,0.0412380431923715,2.61353782389801,60.985525327646,0.0112713665257952,0.0224463965855579
"PWY_542","fixed",NA,"(Intercept)",-6.27633113635731,0.12318417304849,-50.9507916563819,71.6835116597209,4.80155199333835e-58,1.62728962101503e-57
"PWY_542","fixed",NA,"hd_exposurehigh_exposure",0.113403666804189,0.17251041418752,0.657372874201778,69.7616442098026,0.513104326366938,0.773807819051758
"PWY_543","fixed",NA,"(Intercept)",-6.50889524994799,0.0563247445557085,-115.560137933876,63.8186994706843,7.6153132856092e-76,5.6329142715776e-75
"PWY_543","fixed",NA,"hd_exposurehigh_exposure",-0.165684489391673,0.0788347660335803,-2.10166780124772,61.9412091429,0.0396564085675463,0.077646581480994
"PWY_544","fixed",NA,"(Intercept)",-3.78291599565442,0.0366588681144809,-103.192384004898,70.093173829973,2.63487502908661e-78,2.17318896204312e-77
"PWY_544","fixed",NA,"hd_exposurehigh_exposure",-0.0326718500056929,0.0511883601791068,-0.63826717424381,68.1954345859047,0.525437421783924,0.787311377978484
"PWY_545","fixed",NA,"(Intercept)",-6.64725146260898,0.138697767862292,-47.9261603489451,71.3495990691699,5.21698097976376e-56,1.61535756582718e-55
"PWY_545","fixed",NA,"hd_exposurehigh_exposure",0.060477670758607,0.194193743540076,0.311429553064494,69.4150842430437,0.756407495519966,0.933877053966406
"PWY_546","fixed",NA,"(Intercept)",-6.51228089589725,0.0804174561396576,-80.9809363353604,70.8555458542186,1.40365817650843e-71,8.96033849661546e-71
"PWY_546","fixed",NA,"hd_exposurehigh_exposure",0.145598856649286,0.111983995102493,1.3001755877349,70.4581745059965,0.197777932990919,0.356535848254422
"PWY_548","fixed",NA,"(Intercept)",-3.18231318122538,0.0146340733949027,-217.459151348376,58.8818721794106,3.02132271545019e-87,4.39980120437433e-86
"PWY_548","fixed",NA,"hd_exposurehigh_exposure",0.025164896262103,0.0203805526970998,1.23475043273405,58.2592601888072,0.221880350623558,0.393890451011726
"UNINTEGRATED","fixed",NA,"(Intercept)",-0.106805445799248,0.00393277882889217,-27.1577554818496,66.3299617319201,1.18590532278355e-37,2.3718106455671e-37
"UNINTEGRATED","fixed",NA,"hd_exposurehigh_exposure",0.00212994186608063,0.00551438245437419,0.386252111402083,64.5747517278757,0.700579717005017,0.909114811356662
"UNMAPPED","fixed",NA,"(Intercept)",-0.819606357597695,0.0199677759039351,-41.0464521206978,68.3777537404995,6.63895193117249e-50,1.58248163679099e-49
"UNMAPPED","fixed",NA,"hd_exposurehigh_exposure",-0.00559656777844949,0.0280134514351794,-0.199781443975207,66.6719784838377,0.842259604967087,0.970916471826593
