"Species","effect","group","term","estimate","std.error","statistic","df","p.value","padj"
"s__Acidaminococcus_fermentans","fixed",NA,"(Intercept)",-3.76789392453221,0.0390725262334423,-96.4333327725111,73.4775350460898,4.05109358054748e-79,1.1235032863385e-77
"s__Acidaminococcus_fermentans","fixed",NA,"hd_exposurehigh_exposure",0.0935723825880995,0.055050388471226,1.69975880618914,72.5259812044144,0.0934616362663722,0.173571610208977
"s__Acidaminococcus_intestini","fixed",NA,"(Intercept)",-4.7285709911721,0.257655098485107,-18.352328438187,67.927057778545,4.97610089534061e-28,1.07815519399047e-27
"s__Acidaminococcus_intestini","fixed",NA,"hd_exposurehigh_exposure",-0.173671957888792,0.363368983202561,-0.477949318508504,67.2192243051952,0.63423696153205,0.792074362186418
"s__Acidaminococcus_massiliensis","fixed",NA,"(Intercept)",-5.23482929778649,0.103016042425897,-50.8156707878977,69.7129100888547,7.98706410044806e-57,3.70552267559821e-56
"s__Acidaminococcus_massiliensis","fixed",NA,"hd_exposurehigh_exposure",-0.325837791235983,0.145394694577625,-2.24105695316152,69.1870071260361,0.0282341983636697,0.0554902040281257
"s__Acidaminococcus_SGB5735","fixed",NA,"(Intercept)",-6.03790729391156,0.067177070217209,-89.8804796694573,68.1107042506672,1.68502153861284e-72,2.38966690930548e-71
"s__Acidaminococcus_SGB5735","fixed",NA,"hd_exposurehigh_exposure",-0.124904841314365,0.0944189645775777,-1.32287874446811,66.694887497023,0.190393596585666,0.326389022718284
"s__Actinomyces_sp_ICM47","fixed",NA,"(Intercept)",-6.45727775601086,0.0644262819661035,-100.227384833541,73.2836300595035,3.56054228795131e-80,1.23432132648979e-78
"s__Actinomyces_sp_ICM47","fixed",NA,"hd_exposurehigh_exposure",0.0963155121575774,0.0900993182981439,1.06899268470449,71.2895930901347,0.288679290609783,0.460117183500651
"s__Adlercreutzia_equolifaciens","fixed",NA,"(Intercept)",-5.61575557812585,0.0961887086465624,-58.3826902049438,70.2235866813582,2.94451290285368e-61,1.73337363337801e-60
"s__Adlercreutzia_equolifaciens","fixed",NA,"hd_exposurehigh_exposure",-0.00914415081660543,0.134417467248793,-0.0680279951985743,68.2661217494553,0.945962210072583,0.976477120074924
"s__Agathobaculum_butyriciproducens","fixed",NA,"(Intercept)",-3.81487979054578,0.195726375854255,-19.4908824827293,69.9359048884726,5.58894883348955e-30,1.23451471578672e-29
"s__Agathobaculum_butyriciproducens","fixed",NA,"hd_exposurehigh_exposure",-0.304833666071831,0.274994658153901,-1.10850759108648,68.4419332860132,0.271522854616037,0.439507811362923
"s__Akkermansia_muciniphila","fixed",NA,"(Intercept)",-4.58293155719775,0.200096538588173,-22.9036023788002,68.6948650977916,7.03648149018804e-34,1.65689224523673e-33
"s__Akkermansia_muciniphila","fixed",NA,"hd_exposurehigh_exposure",0.0400017786192601,0.279332409298157,0.143204931786353,66.8415309377104,0.886559174182807,0.940038954443622
"s__Alistipes_communis","fixed",NA,"(Intercept)",-4.04402459535699,0.191427530941709,-21.1256164432713,68.1704337194697,1.24430611733572e-31,2.79297488207731e-31
"s__Alistipes_communis","fixed",NA,"hd_exposurehigh_exposure",-0.167225050717098,0.270345658484359,-0.618560148717066,67.8055198460022,0.538278635407429,0.720634320183483
"s__Alistipes_dispar","fixed",NA,"(Intercept)",-4.271201799881,0.181414748920356,-23.5438509013185,68.3078801917582,1.69141992038751e-34,4.0672294039376e-34
"s__Alistipes_dispar","fixed",NA,"hd_exposurehigh_exposure",-0.22765085110438,0.256228703753043,-0.88846740341704,67.9664525175045,0.377423002281678,0.564776866723662
"s__Alistipes_finegoldii","fixed",NA,"(Intercept)",-5.21439418459212,0.265170401597514,-19.6643145433204,67.3511359413267,1.29257020639545e-29,2.8450222532302e-29
"s__Alistipes_finegoldii","fixed",NA,"hd_exposurehigh_exposure",-0.0615930671277984,0.373097363665455,-0.165085774186888,66.1387975812221,0.869380017333377,0.932110797658126
"s__Alistipes_ihumii","fixed",NA,"(Intercept)",-4.39597065072482,0.131307259449785,-33.4785043046758,67.4125357148575,9.88456918138291e-44,2.92320908492082e-43
"s__Alistipes_ihumii","fixed",NA,"hd_exposurehigh_exposure",-0.252913927737546,0.18480520216205,-1.36854333524536,66.2589869185847,0.175764519431884,0.306360503143842
"s__Alistipes_indistinctus","fixed",NA,"(Intercept)",-4.71045168751742,0.178208686424343,-26.4322227049083,68.3617185367355,1.29672297312118e-37,3.2959475976685e-37
"s__Alistipes_indistinctus","fixed",NA,"hd_exposurehigh_exposure",-0.362739505076598,0.250949536038975,-1.44546792475544,67.3141025428871,0.152966181899896,0.27039914307517
"s__Alistipes_onderdonkii","fixed",NA,"(Intercept)",-4.31115174507054,0.267756777921538,-16.1009994911645,69.7656513786067,3.41085414667258e-25,7.17832373532442e-25
"s__Alistipes_onderdonkii","fixed",NA,"hd_exposurehigh_exposure",0.0628265962251692,0.376166276891083,0.167018151505804,68.2589650550599,0.867849564818355,0.931749239413605
"s__Alistipes_provencensis","fixed",NA,"(Intercept)",-5.44646608490781,0.10226454294728,-53.258597045856,68.927275659836,9.75386848737853e-58,4.69993354140865e-57
"s__Alistipes_provencensis","fixed",NA,"hd_exposurehigh_exposure",0.284039667778017,0.144152974601361,1.9704044856757,68.1025162753071,0.0528591278444234,0.10133362757272
"s__Alistipes_putredinis","fixed",NA,"(Intercept)",-3.83736130338217,0.324608261549091,-11.8215146006129,70.292776245946,2.25989130237831e-18,4.59339469929664e-18
"s__Alistipes_putredinis","fixed",NA,"hd_exposurehigh_exposure",-0.0330763065415789,0.456797355137746,-0.0724091463524452,69.0942015236549,0.942485505913223,0.974992155005496
"s__Alistipes_senegalensis","fixed",NA,"(Intercept)",-5.2918565034898,0.177863515328998,-29.7523440583154,64.3024710501986,2.61478863535029e-39,6.8990617693809e-39
"s__Alistipes_senegalensis","fixed",NA,"hd_exposurehigh_exposure",-0.242545584999804,0.250409375249053,-0.96859626265419,63.2336965667655,0.336436931933066,0.515181952211615
"s__Alistipes_SGB2300","fixed",NA,"(Intercept)",-4.90784895221194,0.0661002604529058,-74.248556943412,69.4498861838676,6.70275412456507e-68,6.28950161462948e-67
"s__Alistipes_SGB2300","fixed",NA,"hd_exposurehigh_exposure",-0.0663815522278992,0.0932595786790121,-0.711793396111902,68.8374852774006,0.47899809576329,0.667921367053168
"s__Alistipes_SGB2302","fixed",NA,"(Intercept)",-6.13972197906467,0.0931383246128119,-65.9204683419881,70.4173667741078,4.98778665946301e-65,3.70521294702967e-64
"s__Alistipes_SGB2302","fixed",NA,"hd_exposurehigh_exposure",0.152290175914079,0.131386896202769,1.15909714222224,69.764891670374,0.25036858361641,0.410591317152799
"s__Alistipes_shahii","fixed",NA,"(Intercept)",-4.30608108796576,0.248266142612844,-17.3446167191667,68.4286721786576,9.49629226396426e-27,2.02241855724017e-26
"s__Alistipes_shahii","fixed",NA,"hd_exposurehigh_exposure",-0.332465281247087,0.350336919550164,-0.948987282510719,67.8631394043001,0.345994404339207,0.525305373011351
"s__Alistipes_sp_AF17_16","fixed",NA,"(Intercept)",-4.72234313775294,0.0889730653692827,-53.0760980095814,68.4338140935458,2.43767143163213e-57,1.14368945363793e-56
"s__Alistipes_sp_AF17_16","fixed",NA,"hd_exposurehigh_exposure",0.00226540239834405,0.125464230577146,0.0180561614088973,67.6982371438566,0.985647160987175,0.98961195246339
"s__Alistipes_sp_D31t1_170403_E11","fixed",NA,"(Intercept)",-4.26831607655601,0.0722913161652073,-59.0432752227339,72.5005137259016,4.76037555872936e-63,3.06234468932693e-62
"s__Alistipes_sp_D31t1_170403_E11","fixed",NA,"hd_exposurehigh_exposure",0.0303114527675872,0.101917842302706,0.29741066022139,71.6988036957803,0.767013016318699,0.878002281855631
"s__Allisonella_histaminiformans","fixed",NA,"(Intercept)",-4.86707623604379,0.145542619752516,-33.4409002965583,69.6285675689072,1.26039819022756e-44,3.79946121112078e-44
"s__Allisonella_histaminiformans","fixed",NA,"hd_exposurehigh_exposure",0.12274958092321,0.204689670594226,0.599686249759749,68.3163436554151,0.550699214233416,0.729588767901596
"s__Anaerobutyricum_hallii","fixed",NA,"(Intercept)",-4.80294718158981,0.193864959975961,-24.7747049398992,69.4501695241383,3.33949354227977e-36,8.25284740745576e-36
"s__Anaerobutyricum_hallii","fixed",NA,"hd_exposurehigh_exposure",0.389238336359676,0.272205587364093,1.42994249357212,67.855576203811,0.157321972223124,0.276143208627932
"s__Anaerobutyricum_soehngenii","fixed",NA,"(Intercept)",-5.5157876401706,0.210095472117152,-26.253719723645,65.4158655680472,1.87587748745625e-36,4.66353606443307e-36
"s__Anaerobutyricum_soehngenii","fixed",NA,"hd_exposurehigh_exposure",-0.0335516239699845,0.295382835026776,-0.113586911598784,64.074218047254,0.909920419026018,0.954760954236294
"s__Anaerococcus_SGB53821","fixed",NA,"(Intercept)",-5.43179831936239,0.0859339926374061,-63.2089601874031,67.6157758900689,7.10331011616565e-62,4.36696109604666e-61
"s__Anaerococcus_SGB53821","fixed",NA,"hd_exposurehigh_exposure",0.302055089264876,0.120472930357895,2.50724447697542,65.8291142079184,0.0146433435480871,0.0291465594067188
"s__Anaerofilum_sp_BX8","fixed",NA,"(Intercept)",-6.54048300938748,0.0297153870502015,-220.104250984108,24.0738414176767,2.73935445667653e-41,7.59714302651624e-41
"s__Anaerofilum_sp_BX8","fixed",NA,"hd_exposurehigh_exposure",-0.0199477741038437,0.041492680232979,-0.48075405087929,26.2440438297878,0.634674969700656,0.792074362186418
"s__Anaeromassilibacillus_sp_An250","fixed",NA,"(Intercept)",-5.67735614601793,0.157067421061052,-36.1459818189232,72.7096434060718,3.2950977077604e-48,1.07651359667146e-47
"s__Anaeromassilibacillus_sp_An250","fixed",NA,"hd_exposurehigh_exposure",0.0365632712447082,0.219683629097462,0.166436030736214,70.7211933378858,0.86828875435739,0.931749239413605
"s__Anaerosacchariphilus_sp_NSJ_68","fixed",NA,"(Intercept)",-6.28567288908352,0.159381282839358,-39.4379614538485,71.0690597420567,4.70911603494234e-50,1.6279714159579e-49
"s__Anaerosacchariphilus_sp_NSJ_68","fixed",NA,"hd_exposurehigh_exposure",0.347906539412851,0.224467552679135,1.54991906518519,70.03790608022,0.1256681597964,0.227956196839982
"s__Anaerostipes_caccae","fixed",NA,"(Intercept)",-6.05703544197012,0.159845124357946,-37.8931510504282,74.8692485477524,1.33640378986163e-50,4.73815889132758e-50
"s__Anaerostipes_caccae","fixed",NA,"hd_exposurehigh_exposure",0.0691957502413727,0.22429944206468,0.308497201796067,73.1475485550788,0.758580900531396,0.871739377406246
"s__Anaerostipes_hadrus","fixed",NA,"(Intercept)",-3.66408680313368,0.204879740379188,-17.8840855438037,69.9270672283065,8.53662290455071e-28,1.84320162368154e-27
"s__Anaerostipes_hadrus","fixed",NA,"hd_exposurehigh_exposure",-0.194349107133158,0.287840645597297,-0.67519688447705,68.4246182065817,0.501826039043629,0.69125706040447
"s__Anaerotignum_faecicola","fixed",NA,"(Intercept)",-4.78021913726995,0.223413657033083,-21.3962709386298,68.691059940876,4.29569589083028e-32,9.69444569937829e-32
"s__Anaerotignum_faecicola","fixed",NA,"hd_exposurehigh_exposure",-0.172090597858033,0.314331815539372,-0.547480685538425,67.4619949056553,0.585855309365377,0.760819381985422
"s__Anaerotignum_lactatifermentans","fixed",NA,"(Intercept)",-5.21234244053297,0.143399301312839,-36.3484507442735,73.1204699098347,1.48172695217154e-48,4.90502715201613e-48
"s__Anaerotignum_lactatifermentans","fixed",NA,"hd_exposurehigh_exposure",0.288690141483031,0.201499507982846,1.43270891513843,71.6280477826253,0.156291160608722,0.275107712890952
"s__Anaerotruncus_colihominis","fixed",NA,"(Intercept)",-5.10961454205238,0.189131790850255,-27.0161590448743,70.7222662306923,5.36492226006039e-39,1.40365261646863e-38
"s__Anaerotruncus_colihominis","fixed",NA,"hd_exposurehigh_exposure",-0.0122974014437456,0.265071095181308,-0.0463928420235113,68.8773235343685,0.96313139240807,0.981338610167485
"s__Anaerotruncus_rubiinfantis","fixed",NA,"(Intercept)",-5.61542473980555,0.0728807096770904,-77.049534296326,65.6541451480636,4.15236761375503e-66,3.32189409100402e-65
"s__Anaerotruncus_rubiinfantis","fixed",NA,"hd_exposurehigh_exposure",-0.0581129225430574,0.102155147974556,-0.568869251283664,63.8680866261455,0.571439953526278,0.751451412903262
"s__Angelakisella_massiliensis","fixed",NA,"(Intercept)",-6.36955661125532,0.117179364878016,-54.3573232188621,69.2518189592962,1.56129715835954e-58,7.95305654543963e-58
"s__Angelakisella_massiliensis","fixed",NA,"hd_exposurehigh_exposure",-0.160300462364448,0.164692903314589,-0.973329506847352,67.8221596872983,0.333848314599675,0.512534563497566
"s__Bacteroides_bouchesdurhonensis","fixed",NA,"(Intercept)",-5.13488935416825,0.0699677858622172,-73.3893361193398,60.868913616936,4.07231158435325e-61,2.38603044942387e-60
"s__Bacteroides_bouchesdurhonensis","fixed",NA,"hd_exposurehigh_exposure",-0.195484662978376,0.0986485936724603,-1.981626455086,60.1311728562199,0.0520981484552701,0.10018257206807
"s__Bacteroides_caccae","fixed",NA,"(Intercept)",-3.75973364250997,0.307159393437997,-12.2403342460985,69.603163053427,5.06776057680231e-19,1.03342568624988e-18
"s__Bacteroides_caccae","fixed",NA,"hd_exposurehigh_exposure",0.0868633754774654,0.432360462522751,0.200904992493144,68.4640942756817,0.841368521956003,0.917856569406549
"s__Bacteroides_cellulosilyticus","fixed",NA,"(Intercept)",-5.51125728187126,0.224160283066463,-24.5862344857817,69.0908237741746,6.90665411698906e-36,1.70345935533643e-35
"s__Bacteroides_cellulosilyticus","fixed",NA,"hd_exposurehigh_exposure",0.15701719785303,0.315478373665655,0.497711446995848,67.9207331827616,0.620295046996393,0.780371188156753
"s__Bacteroides_clarus","fixed",NA,"(Intercept)",-5.21197191642218,0.294472946328655,-17.6993234230937,68.6676354838245,2.73457947827241e-27,5.87393319945606e-27
"s__Bacteroides_clarus","fixed",NA,"hd_exposurehigh_exposure",-0.176283284687518,0.415279047198237,-0.424493568545894,67.9493106235141,0.672546959664962,0.813312602385536
"s__Bacteroides_cutis","fixed",NA,"(Intercept)",-5.43571190759736,0.0766701212168183,-70.8973955085516,73.8796079571603,1.08218451645496e-69,1.23905162984935e-68
"s__Bacteroides_cutis","fixed",NA,"hd_exposurehigh_exposure",0.0101125562592136,0.107413528490241,0.0941460205371842,71.974956534585,0.925254762490676,0.96306750924801
"s__Bacteroides_eggerthii","fixed",NA,"(Intercept)",-4.26793707943917,0.271223993612605,-15.7358389373735,67.5186084118239,2.81083989296102e-24,5.84654697735892e-24
"s__Bacteroides_eggerthii","fixed",NA,"hd_exposurehigh_exposure",-0.457140380356273,0.381999340777758,-1.19670463154603,66.513377869027,0.23566985113832,0.391632455686582
"s__Bacteroides_faecis","fixed",NA,"(Intercept)",-6.32563934923679,0.218742436914583,-28.9182082748164,67.8433444956122,7.06161845334462e-40,1.89118022098156e-39
"s__Bacteroides_faecis","fixed",NA,"hd_exposurehigh_exposure",0.670693001931498,0.308649137678563,2.17299489956773,67.2589866126598,0.0333071534893833,0.0651525510262544
"s__Bacteroides_finegoldii","fixed",NA,"(Intercept)",-5.1134794978317,0.293659898734296,-17.4129308082966,69.2772139123085,5.23775734011581e-27,1.11738823255804e-26
"s__Bacteroides_finegoldii","fixed",NA,"hd_exposurehigh_exposure",0.0122689005035563,0.413824274635737,0.0296476095182088,68.3841804769555,0.976434451631776,0.986712709017373
"s__Bacteroides_fragilis","fixed",NA,"(Intercept)",-3.40060887203019,0.291295314343277,-11.6740939678238,69.0504910052087,5.32209109526876e-18,1.07824183228822e-17
"s__Bacteroides_fragilis","fixed",NA,"hd_exposurehigh_exposure",-0.984781817976096,0.409038673177948,-2.40755185891109,67.4708180921768,0.0188007062062778,0.0372433037229123
"s__Bacteroides_gallinarum","fixed",NA,"(Intercept)",-6.3099264908038,0.054243841005476,-116.32521543168,63.8763486720529,4.4136862555242e-76,8.2213140998421e-75
"s__Bacteroides_gallinarum","fixed",NA,"hd_exposurehigh_exposure",0.0346174681783611,0.0760340192180238,0.455289205205596,62.1122049135316,0.65048876227451,0.800153182096355
"s__Bacteroides_intestinalis","fixed",NA,"(Intercept)",-5.30274514595016,0.178488511198823,-29.7091678917266,67.0363828656059,2.5962341265434e-40,7.04369606505688e-40
"s__Bacteroides_intestinalis","fixed",NA,"hd_exposurehigh_exposure",-0.505582627969001,0.252040390019671,-2.00595875894947,66.6413994936132,0.0489226067268943,0.0943669446602227
"s__Bacteroides_nordii","fixed",NA,"(Intercept)",-4.84202314791249,0.20764513716359,-23.3187408771233,69.0050743001811,1.92022757901073e-34,4.59970061152667e-34
"s__Bacteroides_nordii","fixed",NA,"hd_exposurehigh_exposure",-0.0260297404608613,0.292453607824216,-0.0890046823306993,67.9927514102412,0.929339837847306,0.96490525593464
"s__Bacteroides_ovatus","fixed",NA,"(Intercept)",-3.27024556251571,0.303274708191107,-10.7831133760583,70.2617975432036,1.51000441798078e-16,3.04440309150245e-16
"s__Bacteroides_ovatus","fixed",NA,"hd_exposurehigh_exposure",-0.474049640903578,0.426852421005527,-1.11057034603873,69.0999747480829,0.270602944776789,0.438587629975886
"s__Bacteroides_salyersiae","fixed",NA,"(Intercept)",-5.15503637369294,0.214171831998856,-24.0696282306652,68.8176889561274,3.10064418355385e-35,7.54308760443509e-35
"s__Bacteroides_salyersiae","fixed",NA,"hd_exposurehigh_exposure",-0.379834502823997,0.301830918337558,-1.25843470548369,67.9422407819975,0.212541890768193,0.357965289714851
"s__Bacteroides_sp_AF16_49","fixed",NA,"(Intercept)",-5.14690502656782,0.0943972406572977,-54.5238927613709,68.1422360684573,6.09136047931722e-58,2.98118348164231e-57
"s__Bacteroides_sp_AF16_49","fixed",NA,"hd_exposurehigh_exposure",0.0455926907733505,0.13347556752307,0.341580797290638,68.0969425273609,0.733718228830703,0.858140998224412
"s__Bacteroides_sp_AM10_21B","fixed",NA,"(Intercept)",-6.41520688863328,0.0923511406443852,-69.4653779462909,67.4492788191209,1.74224972992199e-64,1.26414399008293e-63
"s__Bacteroides_sp_AM10_21B","fixed",NA,"hd_exposurehigh_exposure",0.0974240771489633,0.130100771704712,0.748835505527098,66.4959899591035,0.45659709382029,0.648274372113449
"s__Bacteroides_stercoris","fixed",NA,"(Intercept)",-3.76450029128809,0.325420888853389,-11.5680966410982,69.5244221220648,7.32000935598851e-18,1.480611292751e-17
"s__Bacteroides_stercoris","fixed",NA,"hd_exposurehigh_exposure",-0.079606918332216,0.458166530909484,-0.173751055482364,68.4319544124058,0.862574072828405,0.928811426134469
"s__Bacteroides_thetaiotaomicron","fixed",NA,"(Intercept)",-3.1805033280388,0.267131774046306,-11.9061213866961,70.591842383484,1.51029808336445e-18,3.07479936058536e-18
"s__Bacteroides_thetaiotaomicron","fixed",NA,"hd_exposurehigh_exposure",-0.0605741183968585,0.376283525644833,-0.160979990535204,69.59981741276,0.872575517938483,0.932467336824266
"s__Bacteroides_uniformis","fixed",NA,"(Intercept)",-2.45607402123061,0.263963224921532,-9.3046068139254,69.8556478582297,7.46429406244037e-14,1.49765900159575e-13
"s__Bacteroides_uniformis","fixed",NA,"hd_exposurehigh_exposure",-0.137088189405884,0.371988954680309,-0.368527580405441,68.9682635938695,0.713608703330933,0.843006469819515
"s__Bacteroides_xylanisolvens","fixed",NA,"(Intercept)",-3.36942782235093,0.265326374879496,-12.6991816169095,70.0551096284663,7.61688437971814e-20,1.5583396239161e-19
"s__Bacteroides_xylanisolvens","fixed",NA,"hd_exposurehigh_exposure",-0.116554858618024,0.373803613060927,-0.311807736858409,69.1028505200179,0.756125487551247,0.86998059004479
"s__Barnesiella_intestinihominis","fixed",NA,"(Intercept)",-4.63820806481993,0.261583705089376,-17.7312576226228,68.1588874067325,3.11504446459521e-27,6.67968297562685e-27
"s__Barnesiella_intestinihominis","fixed",NA,"hd_exposurehigh_exposure",-0.0812331000815475,0.368742218095035,-0.22029780181181,67.3443891837048,0.826305703327089,0.910980139357073
"s__Bifidobacterium_adolescentis","fixed",NA,"(Intercept)",-4.18865470692078,0.24631551189315,-17.0052412644551,68.4752536191336,2.79968976685731e-26,5.92205564243717e-26
"s__Bifidobacterium_adolescentis","fixed",NA,"hd_exposurehigh_exposure",0.422159571372622,0.346625700460677,1.21791191712432,67.2890706901675,0.227510922643545,0.381118968401535
"s__Bifidobacterium_bifidum","fixed",NA,"(Intercept)",-4.43043013419739,0.197449693491833,-22.4382730398142,69.9599378964525,1.11285373006519e-33,2.60082669498382e-33
"s__Bifidobacterium_bifidum","fixed",NA,"hd_exposurehigh_exposure",-0.423155830248699,0.277033551520994,-1.52745336413388,68.253315005837,0.131269542265934,0.236058197043063
"s__Bifidobacterium_breve","fixed",NA,"(Intercept)",-5.22512427401807,0.23452640688146,-22.2794709708706,73.7456781728225,1.75495144538981e-34,4.21188346893554e-34
"s__Bifidobacterium_breve","fixed",NA,"hd_exposurehigh_exposure",-0.0835906489161549,0.32937852707014,-0.253782933756197,72.1624628807945,0.800384948429627,0.900129049282634
"s__Bifidobacterium_catenulatum","fixed",NA,"(Intercept)",-4.97698211129862,0.230474689093707,-21.5944845434853,68.7089688637748,2.44570484156407e-32,5.53945488615601e-32
"s__Bifidobacterium_catenulatum","fixed",NA,"hd_exposurehigh_exposure",0.0721138159859108,0.324436751696376,0.222273881145865,67.5864377449548,0.824770994315245,0.910897522925155
"s__Bifidobacterium_dentium","fixed",NA,"(Intercept)",-5.44378882160262,0.105888704334213,-51.4104772159697,68.6125277740432,1.60799468326465e-56,7.27093248084884e-56
"s__Bifidobacterium_dentium","fixed",NA,"hd_exposurehigh_exposure",0.0694564655044169,0.148496421023094,0.467731579157824,66.8547771649477,0.641497700908873,0.796872686637371
"s__Bifidobacterium_longum","fixed",NA,"(Intercept)",-3.69242206973505,0.207133813658133,-17.8262641165352,68.4387182618036,2.02758747582423e-27,4.37034398934134e-27
"s__Bifidobacterium_longum","fixed",NA,"hd_exposurehigh_exposure",0.185745368335162,0.290611110049463,0.639154395382707,66.7398869213536,0.524910187767871,0.706832002341658
"s__Bifidobacterium_pseudocatenulatum","fixed",NA,"(Intercept)",-4.98390717547591,0.215021189061705,-23.1786792605155,71.1287882835706,7.0792348312055e-35,1.71218702894273e-34
"s__Bifidobacterium_pseudocatenulatum","fixed",NA,"hd_exposurehigh_exposure",0.115331662090237,0.301525633183434,0.382493723245329,69.3440935503266,0.703265033136329,0.834291598245379
"s__Bilophila_SGB15450","fixed",NA,"(Intercept)",-5.95343638583081,0.0957766505691088,-62.1595801320598,67.981367056783,1.22860305519643e-61,7.47949567261046e-61
"s__Bilophila_SGB15450","fixed",NA,"hd_exposurehigh_exposure",-0.0987183692607469,0.135442919848417,-0.728855885351769,67.9698879207756,0.468593805100414,0.658151198913785
"s__Bilophila_SGB69261","fixed",NA,"(Intercept)",-4.44813404860033,0.0240295606353177,-185.110918843128,68.0969592285506,9.22206779655981e-94,9.5909505084222e-92
"s__Bilophila_SGB69261","fixed",NA,"hd_exposurehigh_exposure",-0.000878445285665102,0.0336976956155517,-0.0260684082284753,66.3404430429481,0.979281033096864,0.987989271871371
"s__Bilophila_wadsworthia","fixed",NA,"(Intercept)",-4.33289391034749,0.229875817695449,-18.8488461021504,70.0850135867045,3.73645082923902e-29,8.18086076296543e-29
"s__Bilophila_wadsworthia","fixed",NA,"hd_exposurehigh_exposure",0.0904544566920019,0.322978237848561,0.280063626870162,68.5920354193775,0.780271580003674,0.885203976551807
"s__Blautia_caecimuris","fixed",NA,"(Intercept)",-5.57039644578421,0.21250124997901,-26.213476138773,69.4523135943751,9.60714422396428e-38,2.45188466083996e-37
"s__Blautia_caecimuris","fixed",NA,"hd_exposurehigh_exposure",0.1713407402904,0.298485875505567,0.574032992349093,67.9182736392288,0.56784172587687,0.749118894180057
"s__Blautia_faecicola","fixed",NA,"(Intercept)",-5.50132246220507,0.0805931444086944,-68.2604271438699,75.5558516733643,1.19051237245958e-69,1.35069040075415e-68
"s__Blautia_faecicola","fixed",NA,"hd_exposurehigh_exposure",-0.0499507959331832,0.112875678819854,-0.4425293070698,73.6153851251774,0.659403763377838,0.806057132811557
"s__Blautia_faecis","fixed",NA,"(Intercept)",-3.59543235783603,0.20011858834261,-17.966508696736,72.353929709126,2.18816293936541e-28,4.7575389343694e-28
"s__Blautia_faecis","fixed",NA,"hd_exposurehigh_exposure",-0.301493529523603,0.280348061718509,-1.07542576779548,70.4551133624669,0.2858531860614,0.45736509769824
"s__Blautia_glucerasea","fixed",NA,"(Intercept)",-5.49639199955907,0.0760425134895778,-72.2805145086687,68.5607301320751,1.88995181919631e-66,1.56202640420993e-65
"s__Blautia_glucerasea","fixed",NA,"hd_exposurehigh_exposure",0.0691306506190333,0.106033642498155,0.651969025964908,66.971025029918,0.516652532646103,0.699893785236168
"s__Blautia_hansenii","fixed",NA,"(Intercept)",-5.38355690049193,0.186309729789896,-28.8957367205837,73.4521746041685,7.41467761187779e-42,2.0841255990143e-41
"s__Blautia_hansenii","fixed",NA,"hd_exposurehigh_exposure",-0.216330707906639,0.260802843348748,-0.829479867354663,71.4893292789539,0.409594118635679,0.597165257076317
"s__Blautia_hydrogenotrophica","fixed",NA,"(Intercept)",-5.51663294510886,0.0785196694710832,-70.2579746230401,66.2194613798908,6.3995892450125e-64,4.46183652389698e-63
"s__Blautia_hydrogenotrophica","fixed",NA,"hd_exposurehigh_exposure",0.0549701203175221,0.109918719430781,0.500097895992486,64.3232470766946,0.618712796042859,0.780371188156753
"s__Blautia_luti","fixed",NA,"(Intercept)",-5.29850327011121,0.115519831181747,-45.8666119566526,67.2058789525317,1.89779649165722e-52,7.26518411530124e-52
"s__Blautia_luti","fixed",NA,"hd_exposurehigh_exposure",0.250110639534957,0.162769821977912,1.53659097549973,66.2942703086869,0.129152861537757,0.233260160924922
"s__Blautia_marasmi","fixed",NA,"(Intercept)",-5.35127600216108,0.058916605816316,-90.8279750338083,82.100212130256,3.82639317348256e-84,1.91013547220249e-82
"s__Blautia_marasmi","fixed",NA,"hd_exposurehigh_exposure",-0.0905203107179698,0.0822555872602496,-1.10047613460677,80.1566479774458,0.274418623610261,0.441902506149169
"s__Blautia_massiliensis","fixed",NA,"(Intercept)",-4.29242115511787,0.188502697456604,-22.7711391562768,68.924305184259,8.65095750739777e-34,2.02559005051265e-33
"s__Blautia_massiliensis","fixed",NA,"hd_exposurehigh_exposure",-0.0546742893680951,0.265250506752622,-0.206123223052258,67.7214496881189,0.837313079252003,0.915454827869672
"s__Blautia_obeum","fixed",NA,"(Intercept)",-4.30817587330007,0.210773201884847,-20.4398653850397,70.2522351919712,2.75930168184989e-31,6.17134139596535e-31
"s__Blautia_obeum","fixed",NA,"hd_exposurehigh_exposure",-0.203236385078823,0.295494103849233,-0.687784908163575,68.4447986152164,0.493912530368138,0.683373434478311
"s__Blautia_producta","fixed",NA,"(Intercept)",-6.05544441291108,0.219168835231783,-27.6291307863507,70.3657092006695,1.66207580607434e-39,4.40397156259189e-39
"s__Blautia_producta","fixed",NA,"hd_exposurehigh_exposure",0.231270294344951,0.308212981300381,0.750358707700105,69.0343504150576,0.45558859633844,0.64757923488653
"s__Blautia_SGB4815","fixed",NA,"(Intercept)",-5.59614167280191,0.14165150119504,-39.5064056899516,71.4935479798955,2.63054506013093e-50,9.24766263392506e-50
"s__Blautia_SGB4815","fixed",NA,"hd_exposurehigh_exposure",0.203837151011594,0.197884705426598,1.03008037216501,69.5431746041344,0.306541583810997,0.483035222974905
"s__Blautia_sp_Marseille_P3087","fixed",NA,"(Intercept)",-5.19279387814712,0.0880689125947864,-58.9628476740671,68.2868484867338,2.64350575052673e-60,1.49280324735627e-59
"s__Blautia_sp_Marseille_P3087","fixed",NA,"hd_exposurehigh_exposure",-0.157346842121943,0.123914187240103,-1.26980489987849,67.0692501070719,0.20854221751224,0.352179550007139
"s__Blautia_sp_MSK_20_85","fixed",NA,"(Intercept)",-4.96816401550805,0.155700945643202,-31.9083740627554,70.0799005401393,1.7975334863379e-43,5.27840421399929e-43
"s__Blautia_sp_MSK_20_85","fixed",NA,"hd_exposurehigh_exposure",-0.327552381645746,0.219277930759848,-1.49377723745706,69.0467904877314,0.139789857928684,0.24915704973544
"s__Blautia_sp_OF03_15BH","fixed",NA,"(Intercept)",-5.26439229141129,0.074221186948783,-70.9284303826081,73.1921844717348,3.22293364470315e-69,3.52826420051713e-68
"s__Blautia_sp_OF03_15BH","fixed",NA,"hd_exposurehigh_exposure",0.0326809748231823,0.103483878543017,0.315807401919105,71.6073527116634,0.753067335115709,0.869406137117858
"s__Blautia_stercoris","fixed",NA,"(Intercept)",-5.21756588636344,0.0650797069817029,-80.1719326706611,62.9765442824664,4.10796426503301e-65,3.08839723057903e-64
"s__Blautia_stercoris","fixed",NA,"hd_exposurehigh_exposure",0.122833221566061,0.0915180974678287,1.342174115991,61.6939112168572,0.184458141390279,0.3184007751799
"s__Blautia_wexlerae","fixed",NA,"(Intercept)",-3.21636208903653,0.189936756064048,-16.9338581730435,71.5208543869856,9.89620022242818e-27,2.10041800639292e-26
"s__Blautia_wexlerae","fixed",NA,"hd_exposurehigh_exposure",0.0468700281464646,0.265678908996573,0.176416066760757,69.5431142961952,0.860479830948219,0.927578322844339
"s__Bradyrhizobium_denitrificans","fixed",NA,"(Intercept)",-5.60727597574382,0.128426317540634,-43.6614245672013,47.0438085717755,1.00789116332105e-39,2.68770976885614e-39
"s__Bradyrhizobium_denitrificans","fixed",NA,"hd_exposurehigh_exposure",0.310838440373028,0.178832536192821,1.7381537330426,46.8343394854558,0.0887552245117755,0.165323164463725
"s__Bradyrhizobium_viridifuturi","fixed",NA,"(Intercept)",-5.42826709729442,0.0732182141011488,-74.1382067827471,169.99999999779,2.23448243256717e-131,6.97158518960957e-129
"s__Bradyrhizobium_viridifuturi","fixed",NA,"hd_exposurehigh_exposure",0.238634521607162,0.102362767484292,2.33126289442869,169.999999997243,0.0209127151358244,0.0413614397615037
"s__Butyricicoccus_SGB14990","fixed",NA,"(Intercept)",-5.19347315649338,0.101071095090826,-51.3843562477119,64.1019908390389,8.1719003695093e-54,3.34378087250741e-53
"s__Butyricicoccus_SGB14990","fixed",NA,"hd_exposurehigh_exposure",0.118839341068207,0.142376975986806,0.834680890253068,63.1546157138924,0.407043745533706,0.596473798616845
"s__Butyricicoccus_sp_AM29_23AC","fixed",NA,"(Intercept)",-4.68304165139371,0.0861321954879948,-54.3703968633475,69.8416616040168,6.70696047022119e-59,3.47314799453778e-58
"s__Butyricicoccus_sp_AM29_23AC","fixed",NA,"hd_exposurehigh_exposure",0.0910981924287608,0.121226371729324,0.751471739434435,68.6772760999642,0.454936315823806,0.647389420921448
"s__Butyricimonas_faecalis","fixed",NA,"(Intercept)",-5.138722679196,0.08973753611872,-57.2639154299671,68.936914775892,7.24093736718148e-60,3.94615276604475e-59
"s__Butyricimonas_faecalis","fixed",NA,"hd_exposurehigh_exposure",0.0801822504948728,0.126306945191833,0.634820598131745,67.7875693651039,0.527682322937925,0.708877867628128
"s__Butyricimonas_faecihominis","fixed",NA,"(Intercept)",-4.72368318455424,0.129513711313861,-36.4724563649247,69.6093908225867,4.2159490619419e-47,1.33880519829605e-46
"s__Butyricimonas_faecihominis","fixed",NA,"hd_exposurehigh_exposure",-0.0911934634410476,0.182582963906779,-0.499463156308538,68.8065757072781,0.619046512243257,0.780371188156753
"s__Butyricimonas_paravirosa","fixed",NA,"(Intercept)",-4.60509300466695,0.148240590044343,-31.064993759735,67.3652698955652,1.18179425368465e-41,3.29214113526437e-41
"s__Butyricimonas_paravirosa","fixed",NA,"hd_exposurehigh_exposure",0.0999044528165132,0.208926184802142,0.478180621118053,66.5088080886168,0.634089729278379,0.792074362186418
"s__Butyricimonas_SGB15260","fixed",NA,"(Intercept)",-5.48370540016021,0.215596769155315,-25.4350073131651,68.219255411937,1.56960933006992e-36,3.90992503777895e-36
"s__Butyricimonas_SGB15260","fixed",NA,"hd_exposurehigh_exposure",-0.0407321960422866,0.30367502624498,-0.134130871892729,67.2265699826836,0.893699836523688,0.944400843337479
"s__Butyricimonas_SGB15266","fixed",NA,"(Intercept)",-4.88665262585518,0.136739213077582,-35.737024631571,66.5928615539287,3.55906897367933e-45,1.08334587296386e-44
"s__Butyricimonas_SGB15266","fixed",NA,"hd_exposurehigh_exposure",0.0332489945791487,0.19301930081182,0.172257356851396,66.1112862401906,0.863761447163563,0.92928817763804
"s__Butyricimonas_synergistica","fixed",NA,"(Intercept)",-5.05086414548321,0.0737692155064804,-68.468454094371,69.2128796815586,2.54583958504191e-65,1.92558048614079e-64
"s__Butyricimonas_synergistica","fixed",NA,"hd_exposurehigh_exposure",-0.0902427945535652,0.103693472188814,-0.870284239197269,67.8051094379359,0.387215743086813,0.577395097459188
"s__Butyricimonas_virosa","fixed",NA,"(Intercept)",-5.40323683824645,0.170853594057004,-31.6249527442994,68.0590616133896,2.02509544501357e-42,5.7569911512003e-42
"s__Butyricimonas_virosa","fixed",NA,"hd_exposurehigh_exposure",-0.0553135024958129,0.240721700278131,-0.229781953317476,67.1300136675005,0.818959929844086,0.906887304743052
"s__Candidatus_Allochristensenella_caecavium","fixed",NA,"(Intercept)",-5.65625019805505,0.127813373533897,-44.2539778245897,66.6871721581835,3.68691803732468e-51,1.33370252480615e-50
"s__Candidatus_Allochristensenella_caecavium","fixed",NA,"hd_exposurehigh_exposure",-0.243278330756405,0.180178482840312,-1.35020745497129,65.8865123776555,0.181569518148572,0.315597156893339
"s__Candidatus_Alloruminococcus_vanvlietii","fixed",NA,"(Intercept)",-6.537629719311,0.0636534793163181,-102.706557277459,68.7514575684274,5.54246050904342e-77,1.17237130767563e-75
"s__Candidatus_Alloruminococcus_vanvlietii","fixed",NA,"hd_exposurehigh_exposure",-0.0557852746059305,0.0886483369990521,-0.62928732218098,68.0987582658471,0.531266454634318,0.712925306864117
"s__Candidatus_Avimonas_narfia","fixed",NA,"(Intercept)",-6.30523799591704,0.106737140351986,-59.0725775032412,75.681068437136,4.51280239345109e-65,3.37244154911794e-64
"s__Candidatus_Avimonas_narfia","fixed",NA,"hd_exposurehigh_exposure",0.0588221295612745,0.148873062049046,0.395116005217219,73.9617210361809,0.693894521260295,0.830056060037895
"s__Candidatus_Borkfalkia_ceftriaxoniphila","fixed",NA,"(Intercept)",-4.83128654876418,0.0932468898782843,-51.8117714710966,70.4080042493524,8.32583839729896e-58,4.0273822945074e-57
"s__Candidatus_Borkfalkia_ceftriaxoniphila","fixed",NA,"hd_exposurehigh_exposure",-0.118581621690849,0.130985496313031,-0.905303449837389,68.8774519468877,0.368460565945802,0.55402263409682
"s__Candidatus_Catenibacterium_tridentinum","fixed",NA,"(Intercept)",-4.40770877071709,0.216295960045405,-20.3781372975798,68.1855015603059,1.03290268555937e-30,2.29370560779021e-30
"s__Candidatus_Catenibacterium_tridentinum","fixed",NA,"hd_exposurehigh_exposure",-0.434942854434058,0.304729664611144,-1.42730723308174,67.2432146377258,0.158118805647921,0.277152063832311
"s__Candidatus_Cibionibacter_quicibialis","fixed",NA,"(Intercept)",-3.96690790884367,0.170794558697743,-23.2261960749226,68.8540538692531,2.70397226897744e-34,6.45230858830563e-34
"s__Candidatus_Cibionibacter_quicibialis","fixed",NA,"hd_exposurehigh_exposure",-0.165526587041042,0.240628159343825,-0.68789366752595,67.9118041745806,0.493862656691959,0.683373434478311
"s__Candidatus_Heritagella_intestinalis","fixed",NA,"(Intercept)",-5.40721577533455,0.0498806421469691,-108.403090710072,68.9679397297801,8.8280393513587e-79,2.29529023135326e-77
"s__Candidatus_Heritagella_intestinalis","fixed",NA,"hd_exposurehigh_exposure",0.0104468825329196,0.0702195677360266,0.14877452068905,67.853275815216,0.882172833689997,0.93937858058457
"s__Candidatus_Neochristensenella_gallicola","fixed",NA,"(Intercept)",-5.30487892114666,0.0576238805373679,-92.0604248043752,74.9421025922457,7.54942629317371e-79,2.04819217693061e-77
"s__Candidatus_Neochristensenella_gallicola","fixed",NA,"hd_exposurehigh_exposure",-0.0542752720162572,0.0810219311783763,-0.669883712062673,73.5562349269634,0.505029485571979,0.694137442724482
"s__Candidatus_Parachristensenella_avicola","fixed",NA,"(Intercept)",-6.16101025634999,0.0513433689282728,-119.996221224926,74.9820891112208,1.87642998320523e-87,1.23251822054744e-85
"s__Candidatus_Parachristensenella_avicola","fixed",NA,"hd_exposurehigh_exposure",-0.0769675507963725,0.0720053273323928,-1.06891467128638,73.1829535923471,0.288621241459614,0.460117183500651
"s__Candidatus_Pararuminococcus_gallinarum","fixed",NA,"(Intercept)",-6.2348731242906,0.118303700889549,-52.7022660948843,69.198272438999,1.360941014256e-57,6.40926183317543e-57
"s__Candidatus_Pararuminococcus_gallinarum","fixed",NA,"hd_exposurehigh_exposure",-0.144403637659809,0.166261550754809,-0.868532965103669,67.756658723915,0.388168659269438,0.577395097459188
"s__Candidatus_Pseudobutyricicoccus_lothianensis","fixed",NA,"(Intercept)",-5.21557071948426,0.0604005861435045,-86.3496706322136,65.3970926378387,4.07975505323114e-69,4.24294525536038e-68
"s__Candidatus_Pseudobutyricicoccus_lothianensis","fixed",NA,"hd_exposurehigh_exposure",-0.0208768372668484,0.0842498712429195,-0.247796666735,63.7361807246822,0.805088311702697,0.901828531861372
"s__Candidatus_Schneewindia_gallinarum","fixed",NA,"(Intercept)",-6.29051892430872,0.101676087482419,-61.8682236902207,58.9402277428621,2.5541662354154e-55,1.10297559231779e-54
"s__Candidatus_Schneewindia_gallinarum","fixed",NA,"hd_exposurehigh_exposure",0.186954434507832,0.142086510141537,1.31577891751723,57.117020434455,0.193505164758739,0.330814309066994
"s__Candidatus_Stoquefichus_sp_SB1","fixed",NA,"(Intercept)",-5.53203058707306,0.0387906047072767,-142.61264109748,86.3370556895865,2.8391549350249e-104,7.08653071782216e-102
"s__Candidatus_Stoquefichus_sp_SB1","fixed",NA,"hd_exposurehigh_exposure",-0.0283636750185686,0.054238072029411,-0.522947699969648,84.2969810879473,0.602382509385737,0.772634503302569
"s__Candidatus_Woodwardibium_gallinarum","fixed",NA,"(Intercept)",-4.3667659789803,0.0282596929796002,-154.522767891801,62.257211429832,3.4554209603468e-82,1.43745511950427e-80
"s__Candidatus_Woodwardibium_gallinarum","fixed",NA,"hd_exposurehigh_exposure",-0.032213005730838,0.0395674686803003,-0.814128545627081,60.4189653062898,0.418768509627475,0.609117832185419
"s__Catenibacterium_SGB4425","fixed",NA,"(Intercept)",-5.31333562257532,0.241490905172283,-22.002218339381,66.9927216533899,2.28494597762951e-32,5.18475014560295e-32
"s__Catenibacterium_SGB4425","fixed",NA,"hd_exposurehigh_exposure",0.155291007885886,0.340700520500277,0.455799150696511,66.3775536832919,0.650022095376626,0.800153182096355
"s__Christensenella_hongkongensis","fixed",NA,"(Intercept)",-5.88366921257721,0.0902088667812307,-65.2227372154662,68.1055316432964,4.04141565677666e-63,2.61330919153226e-62
"s__Christensenella_hongkongensis","fixed",NA,"hd_exposurehigh_exposure",0.0781757917616146,0.126697234315925,0.61702839989924,66.5649815359739,0.539320877445011,0.720634320183483
"s__Christensenella_minuta","fixed",NA,"(Intercept)",-5.91031406149092,0.0910584307248171,-64.9068297624431,68.5132706621451,2.93353110776095e-63,1.91677844109197e-62
"s__Christensenella_minuta","fixed",NA,"hd_exposurehigh_exposure",0.0365266939253813,0.128502287539375,0.284249367266626,67.9601263523469,0.777083577921757,0.884047680261033
"s__Christensenellaceae_bacterium_NSJ_44","fixed",NA,"(Intercept)",-6.33107965769477,0.0713748410161885,-88.70183901718,66.7340303637595,5.58676243142492e-71,7.0427065802205e-70
"s__Christensenellaceae_bacterium_NSJ_44","fixed",NA,"hd_exposurehigh_exposure",-0.0205006870689009,0.0996818648148088,-0.20566115117316,64.8498988392959,0.837699850502536,0.915454827869672
"s__Christensenellaceae_bacterium_NSJ_63","fixed",NA,"(Intercept)",-6.15878554627872,0.106638599122541,-57.7538114430923,63.5233820656556,1.27398505316432e-56,5.82393167160833e-56
"s__Christensenellaceae_bacterium_NSJ_63","fixed",NA,"hd_exposurehigh_exposure",-0.00452119420820501,0.148979962987512,-0.0303476663407682,61.6510847642086,0.97588781309818,0.986712709017373
"s__Citrobacter_freundii","fixed",NA,"(Intercept)",-4.99988958264501,0.0624314118121887,-80.0861207125364,75.9404768227755,4.10806338951385e-75,7.12064320849067e-74
"s__Citrobacter_freundii","fixed",NA,"hd_exposurehigh_exposure",-0.0354424211720063,0.087012713361986,-0.40732462881097,78.1306439628439,0.684883437847247,0.822367668222678
"s__Cloacibacillus_evryensis","fixed",NA,"(Intercept)",-5.11597371611726,0.0556039236709482,-92.0074228285125,65.5443760576084,4.99070946085815e-71,6.35551572158263e-70
"s__Cloacibacillus_evryensis","fixed",NA,"hd_exposurehigh_exposure",-0.0741462309697582,0.0778734939774337,-0.95213694907852,63.6845160859884,0.344627376823211,0.524221476213084
"s__Clostridia_bacterium","fixed",NA,"(Intercept)",-5.78525395492239,0.058060846471018,-99.6412265158793,52.9380991417667,6.47040697077342e-62,3.9975583661016e-61
"s__Clostridia_bacterium","fixed",NA,"hd_exposurehigh_exposure",-0.163307872006422,0.0808771854623014,-2.01920814965233,52.0788141637091,0.0486264401401452,0.0939408626856055
"s__Clostridia_bacterium_UC5_1_1D1","fixed",NA,"(Intercept)",-5.34835541442276,0.0799110069400342,-66.9288952701622,67.417883983111,2.17503479015939e-63,1.4286544305889e-62
"s__Clostridia_bacterium_UC5_1_1D1","fixed",NA,"hd_exposurehigh_exposure",-0.0627044658567486,0.111505409230437,-0.562344609911827,65.6513415750378,0.575796401338495,0.753243091059163
"s__Clostridiaceae_bacterium","fixed",NA,"(Intercept)",-3.65568914702722,0.230831544482252,-15.8370432222633,70.2140999016154,7.15132936862805e-25,1.49745957249124e-24
"s__Clostridiaceae_bacterium","fixed",NA,"hd_exposurehigh_exposure",-0.187190449009487,0.324183182268494,-0.577421838170659,68.6495730043357,0.565543535373365,0.746876541953396
"s__Clostridiaceae_bacterium_AF18_31LB","fixed",NA,"(Intercept)",-4.15799592139999,0.189453263908191,-21.9473438230916,68.8500548403627,8.46901867873216e-33,1.93932758001059e-32
"s__Clostridiaceae_bacterium_AF18_31LB","fixed",NA,"hd_exposurehigh_exposure",-0.187558067190891,0.267201191463615,-0.701935744236494,68.1539201092078,0.485109526733359,0.67418339572743
"s__Clostridiaceae_bacterium_Marseille_Q3526","fixed",NA,"(Intercept)",-5.07783083827589,0.099841769089839,-50.858782697518,71.5437533634497,6.55719671769542e-58,3.19663339987652e-57
"s__Clostridiaceae_bacterium_Marseille_Q3526","fixed",NA,"hd_exposurehigh_exposure",0.198374789153604,0.140557176378988,1.41134586126517,70.423604483882,0.162545508606814,0.284113157900986
"s__Clostridiaceae_bacterium_Marseille_Q4143","fixed",NA,"(Intercept)",-4.46141671187073,0.127677837846714,-34.9427652215332,68.569968914391,2.01425533472726e-45,6.17638982245608e-45
"s__Clostridiaceae_bacterium_Marseille_Q4143","fixed",NA,"hd_exposurehigh_exposure",0.236057360866442,0.179368106597382,1.31604980029313,67.0680938681978,0.192637812051772,0.32978325026147
"s__Clostridiaceae_bacterium_Marseille_Q4145","fixed",NA,"(Intercept)",-5.33247169831184,0.136570220137398,-39.0456403522456,67.5523164771927,4.39016059897409e-48,1.42680219466658e-47
"s__Clostridiaceae_bacterium_Marseille_Q4145","fixed",NA,"hd_exposurehigh_exposure",0.0486218045812731,0.191899715799579,0.253370904582547,66.0926066787061,0.800768090553597,0.900129049282634
"s__Clostridiaceae_bacterium_Marseille_Q4149","fixed",NA,"(Intercept)",-4.51549077656341,0.131557671553254,-34.3232798456422,66.5608155278766,4.71325975538602e-44,1.40051147017185e-43
"s__Clostridiaceae_bacterium_Marseille_Q4149","fixed",NA,"hd_exposurehigh_exposure",-0.0587939013834079,0.184922002502509,-0.31793891796413,65.1705359825749,0.75154781474849,0.868455252598255
"s__Clostridiaceae_bacterium_NSJ_31","fixed",NA,"(Intercept)",-5.59382138241189,0.0396954704039144,-140.918379993811,75.2463068650931,6.29026673425722e-93,6.03865606488693e-91
"s__Clostridiaceae_bacterium_NSJ_31","fixed",NA,"hd_exposurehigh_exposure",-0.0253190914654954,0.0555928224670112,-0.455438136470222,73.3031933686879,0.650140271069956,0.800153182096355
"s__Clostridiaceae_bacterium_OM02_2AC","fixed",NA,"(Intercept)",-5.86514466227575,0.0618940098300086,-94.7611033504586,93.269003230441,1.61519518380617e-94,2.0157635893901e-92
"s__Clostridiaceae_bacterium_OM02_2AC","fixed",NA,"hd_exposurehigh_exposure",-0.0813596122758758,0.0861863757209338,-0.943996212804136,93.0496029210041,0.347616289924105,0.527126524696578
"s__Clostridiaceae_unclassified_SGB15090","fixed",NA,"(Intercept)",-5.81452381583649,0.18097233208869,-32.1293523088764,67.64193682366,1.08710722157781e-42,3.12605947587351e-42
"s__Clostridiaceae_unclassified_SGB15090","fixed",NA,"hd_exposurehigh_exposure",-0.0642509677370841,0.254301845813234,-0.252656316872634,66.1890418479467,0.801316805891832,0.900129049282634
"s__Clostridiaceae_unclassified_SGB4771","fixed",NA,"(Intercept)",-5.85149739119557,0.139523533397452,-41.9391428005681,68.4646705981329,1.45596766854655e-50,5.13290296707937e-50
"s__Clostridiaceae_unclassified_SGB4771","fixed",NA,"hd_exposurehigh_exposure",-0.0094121442534707,0.196054444154832,-0.0480078087188758,67.0024550573735,0.96185283414477,0.981338610167485
"s__Clostridiales_bacterium","fixed",NA,"(Intercept)",-4.324871953672,0.236651245177994,-18.2752976871899,71.8994924537973,9.78376943207422e-29,2.13837902823619e-28
"s__Clostridiales_bacterium","fixed",NA,"hd_exposurehigh_exposure",0.447051373899277,0.331807209429105,1.34732266567823,70.0910390547435,0.182215863216091,0.316280107501643
"s__Clostridiales_bacterium_1_7_47FAA","fixed",NA,"(Intercept)",-5.68954128459605,0.166650169559208,-34.140627037134,72.3785162055738,2.28286480769328e-46,7.14038917293538e-46
"s__Clostridiales_bacterium_1_7_47FAA","fixed",NA,"hd_exposurehigh_exposure",-0.226955943445733,0.233456127052124,-0.972156723027704,70.4773750061466,0.334297383563316,0.512534563497566
"s__Clostridiales_bacterium_Choco116","fixed",NA,"(Intercept)",-5.407868991881,0.0945865026277793,-57.1737916260872,68.3691910116909,1.8441720324009e-59,9.83558417280482e-59
"s__Clostridiales_bacterium_Choco116","fixed",NA,"hd_exposurehigh_exposure",0.00254870157611536,0.133583139604933,0.0190795154512242,68.0083324868297,0.98483353913456,0.98961195246339
"s__Clostridiales_bacterium_KLE1615","fixed",NA,"(Intercept)",-4.70734795718441,0.223038101794879,-21.1055775641133,68.4023240331121,1.15017218293513e-31,2.58633312487034e-31
"s__Clostridiales_bacterium_KLE1615","fixed",NA,"hd_exposurehigh_exposure",-0.0169997560858679,0.312139884386155,-0.0544619798245237,66.469135080833,0.956730465149092,0.981338610167485
"s__Clostridiales_bacterium_NSJ_40","fixed",NA,"(Intercept)",-5.4161831916338,0.045410616931146,-119.271297279359,62.2583586062224,3.27461230899718e-75,5.75593825581476e-74
"s__Clostridiales_bacterium_NSJ_40","fixed",NA,"hd_exposurehigh_exposure",-0.0355094702916001,0.0637716298750319,-0.556822373227487,60.754264057283,0.579694292365958,0.756755728946356
"s__Clostridiales_Family_XIII_bacterium_BX16","fixed",NA,"(Intercept)",-5.21707612819195,0.200384839640961,-26.0352835950046,67.8534594138637,4.86855013435358e-37,1.22252526512541e-36
"s__Clostridiales_Family_XIII_bacterium_BX16","fixed",NA,"hd_exposurehigh_exposure",0.0323491568365777,0.282074147973891,0.114683167773219,66.7317080916848,0.90904062942447,0.954760954236294
"s__Clostridioides_difficile","fixed",NA,"(Intercept)",-4.70444426630347,0.0575244425760852,-81.781657598526,72.3438838320602,4.93424769709646e-73,7.50968429997119e-72
"s__Clostridioides_difficile","fixed",NA,"hd_exposurehigh_exposure",-0.0452524249053458,0.0802876156154801,-0.563628955206147,70.491169223516,0.574795389881842,0.752722609205182
"s__Clostridium_butyricum","fixed",NA,"(Intercept)",-5.25288973243496,0.208843686106421,-25.1522554038729,71.8024888277963,2.46402961976692e-37,6.23754354050531e-37
"s__Clostridium_butyricum","fixed",NA,"hd_exposurehigh_exposure",0.0703223624921557,0.291843611796829,0.240959060433749,69.8320867733104,0.810292913583518,0.90370469718698
"s__Clostridium_fessum","fixed",NA,"(Intercept)",-4.6883793224917,0.202789175326417,-23.1194752626471,68.0255655875609,6.1456105193137e-34,1.4525988500196e-33
"s__Clostridium_fessum","fixed",NA,"hd_exposurehigh_exposure",0.142370738678604,0.285782718939824,0.498178263565973,67.1482165146035,0.619986212787886,0.780371188156753
"s__Clostridium_hylemonae","fixed",NA,"(Intercept)",-5.59756708847722,0.055720289702399,-100.458327090073,61.6844180990124,4.42975472214866e-70,5.26507989832526e-69
"s__Clostridium_hylemonae","fixed",NA,"hd_exposurehigh_exposure",-0.0375678966310818,0.0775921794650823,-0.484171174080603,62.0917228012544,0.629967815226873,0.791446670618664
"s__Clostridium_leptum","fixed",NA,"(Intercept)",-5.00711073000918,0.210217902300983,-23.8186694625092,71.1112282453906,1.28342740355738e-35,3.1467925336731e-35
"s__Clostridium_leptum","fixed",NA,"hd_exposurehigh_exposure",-0.282087247279781,0.294822828352934,-0.956802595157568,69.340385039884,0.341991006128036,0.522404866153964
"s__Clostridium_methylpentosum","fixed",NA,"(Intercept)",-6.71850263212005,0.0356203660875383,-188.614081495095,55.5588453717919,1.11963489195592e-79,3.49326086290247e-78
"s__Clostridium_methylpentosum","fixed",NA,"hd_exposurehigh_exposure",-0.102001013546882,0.0496901618797251,-2.0527406168202,58.5203924837239,0.044577941112917,0.0862531325719696
"s__Clostridium_neonatale","fixed",NA,"(Intercept)",-5.77426409655283,0.117628559072915,-49.0889639562235,79.956434787521,1.80705631072402e-61,1.08423378643441e-60
"s__Clostridium_neonatale","fixed",NA,"hd_exposurehigh_exposure",0.0309704776191262,0.164494647989079,0.188276506243427,77.9268278370927,0.851149335332189,0.924485962136268
"s__Clostridium_paraputrificum","fixed",NA,"(Intercept)",-5.194797388282,0.0868740536396263,-59.7968803186187,84.4971249969027,6.24760506356743e-71,7.71981298943778e-70
"s__Clostridium_paraputrificum","fixed",NA,"hd_exposurehigh_exposure",0.051451057837269,0.121165781505439,0.424633565665232,82.7605974842035,0.672205721612101,0.813312602385536
"s__Clostridium_perfringens","fixed",NA,"(Intercept)",-5.35611738644126,0.105749168277455,-50.6492625302583,73.4331843097865,7.25131709637156e-59,3.73952220507095e-58
"s__Clostridium_perfringens","fixed",NA,"hd_exposurehigh_exposure",0.170505716511561,0.147384054504098,1.15688034967731,72.0311081154418,0.251143483670566,0.411321611051006
"s__Clostridium_saudiense","fixed",NA,"(Intercept)",-5.4390475064889,0.0451089108218354,-120.575899692441,66.2028323816685,2.59273922799557e-79,7.35395126486016e-78
"s__Clostridium_saudiense","fixed",NA,"hd_exposurehigh_exposure",0.124165004028335,0.0628205360730253,1.97650341417018,65.6018418583357,0.0523046417735932,0.100424912205299
"s__Clostridium_scindens","fixed",NA,"(Intercept)",-5.27514890170758,0.184298300865495,-28.6228840794223,69.5397301149109,3.31861415507733e-40,8.96456810722189e-40
"s__Clostridium_scindens","fixed",NA,"hd_exposurehigh_exposure",-0.311673916012117,0.259155771124514,-1.20265087927511,68.1991271238511,0.233270253127894,0.389001886015931
"s__Clostridium_SGB4750","fixed",NA,"(Intercept)",-5.13699449058864,0.180972298953749,-28.3855292787185,67.3810339264962,3.31946037832241e-39,8.72144537293973e-39
"s__Clostridium_SGB4750","fixed",NA,"hd_exposurehigh_exposure",0.165157881758503,0.25449410412649,0.64896545373961,66.0658919977734,0.518610386994878,0.70046078243464
"s__Clostridium_SGB4751","fixed",NA,"(Intercept)",-5.68123881540289,0.0561023419296949,-101.265626709886,66.3196654114989,2.00349071697985e-74,3.2899426510406e-73
"s__Clostridium_SGB4751","fixed",NA,"hd_exposurehigh_exposure",0.000123760081044011,0.0783674197918578,0.00157922873271463,64.4240405016637,0.99874483827847,0.999545756352471
"s__Clostridium_SGB4909","fixed",NA,"(Intercept)",-5.26363416620074,0.112119731189735,-46.9465464316299,72.3352189507868,6.34986310061001e-56,2.80022231433261e-55
"s__Clostridium_SGB4909","fixed",NA,"hd_exposurehigh_exposure",0.170005304230369,0.157408418859049,1.08002675754338,70.7023928192007,0.283800770471609,0.454664135492385
"s__Clostridium_SGB6179","fixed",NA,"(Intercept)",-5.05098338505307,0.0667513376801718,-75.6686466607461,65.6444762476443,1.36662884431382e-65,1.05281036895287e-64
"s__Clostridium_SGB6179","fixed",NA,"hd_exposurehigh_exposure",0.0728996983520086,0.0929920766359592,0.783934513446697,64.5933370180869,0.435943859673857,0.626794858148587
"s__Clostridium_sp_1001270H_150608_G6","fixed",NA,"(Intercept)",-4.38521798254596,0.199411893596677,-21.9907544302013,70.8568334227918,2.23578988117453e-33,5.19602564563465e-33
"s__Clostridium_sp_1001270H_150608_G6","fixed",NA,"hd_exposurehigh_exposure",-0.122090348244247,0.280425361765734,-0.435375557601101,69.5200771918045,0.664638592142821,0.810820100678632
"s__Clostridium_sp_AF12_28","fixed",NA,"(Intercept)",-5.5940322716024,0.0986311404399892,-56.7166946123472,60.4145131818862,4.19935408552064e-54,1.75277387917383e-53
"s__Clostridium_sp_AF12_28","fixed",NA,"hd_exposurehigh_exposure",0.00634856145014999,0.137752493798029,0.0460867260919295,58.6046761151635,0.96339781375946,0.981338610167485
"s__Clostridium_sp_AF20_17LB","fixed",NA,"(Intercept)",-4.59569940840009,0.156525794625593,-29.3606521493337,69.916330228622,4.70845610440748e-41,1.29716406585001e-40
"s__Clostridium_sp_AF20_17LB","fixed",NA,"hd_exposurehigh_exposure",-0.0939301315384348,0.21942662110217,-0.428070810490668,68.1039104478045,0.669950288025775,0.813312602385536
"s__Clostridium_sp_AF27_2AA","fixed",NA,"(Intercept)",-5.33101169693415,0.117619027583649,-45.3243986662174,67.0141238408151,5.23243986766359e-52,1.95511525594137e-51
"s__Clostridium_sp_AF27_2AA","fixed",NA,"hd_exposurehigh_exposure",-0.00611677988795547,0.164330006588417,-0.0372225378367788,65.0982635857561,0.970421479460177,0.984622769403497
"s__Clostridium_sp_AF34_10BH","fixed",NA,"(Intercept)",-3.65808196532573,0.186756048332176,-19.5874885873534,67.5879945036638,1.42734182041062e-29,3.1361313237191e-29
"s__Clostridium_sp_AF34_10BH","fixed",NA,"hd_exposurehigh_exposure",0.219399996734965,0.26171031190653,0.83833149384394,65.7588271331847,0.404881530108756,0.594461352442033
"s__Clostridium_sp_AF34_13","fixed",NA,"(Intercept)",-5.1350954429092,0.131799659875118,-38.9613709760311,71.4249290150945,7.32300846729886e-50,2.52461728375386e-49
"s__Clostridium_sp_AF34_13","fixed",NA,"hd_exposurehigh_exposure",-0.02810381131801,0.184850876083176,-0.152035045294372,69.6563432798978,0.879598797615267,0.938238717456285
"s__Clostridium_sp_AF36_4","fixed",NA,"(Intercept)",-4.43156923287388,0.14042318912058,-31.5586710473334,65.0245748113766,3.8172859984465e-41,1.05397631107549e-40
"s__Clostridium_sp_AF36_4","fixed",NA,"hd_exposurehigh_exposure",-0.0915452509399177,0.197164657337499,-0.46430862496423,63.4648512149623,0.644015498779385,0.798200269803183
"s__Clostridium_sp_AM22_11AC","fixed",NA,"(Intercept)",-4.75573088675911,0.183836783883561,-25.8693107347401,68.7262915005341,3.77870479427543e-37,9.52691632980958e-37
"s__Clostridium_sp_AM22_11AC","fixed",NA,"hd_exposurehigh_exposure",-0.083006834943028,0.258802113114413,-0.320734765045492,67.6173829318603,0.749400566754028,0.867628552817614
"s__Clostridium_sp_AM33_3","fixed",NA,"(Intercept)",-5.33415787520991,0.170649475281706,-31.2579799404853,66.4394353109423,1.86185374747633e-41,5.17504115111461e-41
"s__Clostridium_sp_AM33_3","fixed",NA,"hd_exposurehigh_exposure",-0.528382192464255,0.23961602853627,-2.20512039904825,64.874023519845,0.0309963542268892,0.0608074290842343
"s__Clostridium_sp_AM42_4","fixed",NA,"(Intercept)",-5.28830464094092,0.0505323439737638,-104.651876898617,65.9463019059004,4.96123680202732e-75,8.36705882287851e-74
"s__Clostridium_sp_AM42_4","fixed",NA,"hd_exposurehigh_exposure",0.061703604828418,0.0712241492281387,0.86632982628932,65.1130435894291,0.389490457563111,0.578129717664804
"s__Clostridium_sp_AM49_4BH","fixed",NA,"(Intercept)",-5.06925883672872,0.0741131901903953,-68.3988750680667,74.7097838634358,3.92491609459403e-69,4.11621452609526e-68
"s__Clostridium_sp_AM49_4BH","fixed",NA,"hd_exposurehigh_exposure",0.0278711687554564,0.103744366545003,0.268652358519788,72.7376302358966,0.788957724426361,0.892673835071713
"s__Clostridium_sp_AT4","fixed",NA,"(Intercept)",-5.02282532087629,0.169940019438021,-29.5564596113758,68.3524765298239,1.15604231132459e-40,3.15008909286699e-40
"s__Clostridium_sp_AT4","fixed",NA,"hd_exposurehigh_exposure",0.115552262696274,0.239985304083107,0.481497244749028,67.9719296312989,0.631709708388335,0.792074362186418
"s__Clostridium_sp_C5_48","fixed",NA,"(Intercept)",-4.6626453432581,0.0965302548809728,-48.3024244472098,74.8337350191228,3.64973315305879e-58,1.82194679000695e-57
"s__Clostridium_sp_C5_48","fixed",NA,"hd_exposurehigh_exposure",-0.316407588890371,0.135805010112979,-2.32986683353689,73.5623197439163,0.0225599871397019,0.0444784580574218
"s__Clostridium_sp_chh4_2","fixed",NA,"(Intercept)",-6.37657354813199,0.0677232940154224,-94.156281687655,66.5451681825832,1.55571917711277e-72,2.23165233682383e-71
"s__Clostridium_sp_chh4_2","fixed",NA,"hd_exposurehigh_exposure",0.145275882141276,0.0946914542880785,1.53420267154526,64.6116304773912,0.129862283744851,0.233864545618433
"s__Clostridium_sp_Marseille_P3244","fixed",NA,"(Intercept)",-6.08650760248761,0.0988352207210511,-61.5823747656308,61.2010043385733,9.04849505665659e-57,4.1824154928546e-56
"s__Clostridium_sp_Marseille_P3244","fixed",NA,"hd_exposurehigh_exposure",-0.04854950015471,0.138023508217676,-0.351748052064745,59.3895157089746,0.726272217919381,0.85266954653188
"s__Clostridium_spiroforme","fixed",NA,"(Intercept)",-6.13754650998066,0.107799740457213,-56.9347058160749,73.8253461352166,9.5336733736934e-63,6.07042059712722e-62
"s__Clostridium_spiroforme","fixed",NA,"hd_exposurehigh_exposure",0.1356735793276,0.150600084314693,0.900886476557985,71.8552069998974,0.370658297414687,0.556656504420614
"s__Clostridium_symbiosum","fixed",NA,"(Intercept)",-5.23167238032029,0.145367443195059,-35.9892990158757,75.0338026446915,4.42006459918613e-49,1.48286038166244e-48
"s__Clostridium_symbiosum","fixed",NA,"hd_exposurehigh_exposure",-0.148597551672866,0.203104268138995,-0.731631851139498,73.0495962198235,0.466733938109436,0.657824076616695
"s__Collinsella_aerofaciens","fixed",NA,"(Intercept)",-4.06069170681611,0.240839202666686,-16.8605927185201,71.4526474707259,1.30506172569898e-26,2.76522416582737e-26
"s__Collinsella_aerofaciens","fixed",NA,"hd_exposurehigh_exposure",0.246416739125739,0.337370617388902,0.73040367603111,69.5546398732623,0.467596597254474,0.657903667839441
"s__Collinsella_bouchesdurhonensis","fixed",NA,"(Intercept)",-5.03184435446702,0.0589387588778828,-85.3741145939748,58.6398780685974,3.20788738141852e-63,2.08512679792204e-62
"s__Collinsella_bouchesdurhonensis","fixed",NA,"hd_exposurehigh_exposure",0.017353957514525,0.082799036216056,0.209591298493397,57.2308306755244,0.834730983288147,0.914613052803869
"s__Collinsella_SGB14861","fixed",NA,"(Intercept)",-5.31518307932345,0.244691858006145,-21.7219449908708,69.1606228836347,1.30989151294868e-32,2.98311059883202e-32
"s__Collinsella_SGB14861","fixed",NA,"hd_exposurehigh_exposure",0.179068092210352,0.344136920164397,0.52033967214215,67.8538999057125,0.604520556939627,0.774262648415653
"s__Collinsella_SGB14987","fixed",NA,"(Intercept)",-5.00878460197542,0.0423774539922052,-118.19456173315,67.6258623943359,4.32183104889229e-80,1.41938030237305e-78
"s__Collinsella_SGB14987","fixed",NA,"hd_exposurehigh_exposure",0.0225672131536813,0.0597792805384067,0.377508945414329,66.9775448747645,0.706989046003546,0.837117959594331
"s__Collinsella_SGB15196","fixed",NA,"(Intercept)",-4.62580976127772,0.0606199217839182,-76.3084086080906,62.6581251265373,1.57581514641966e-63,1.04607303336795e-62
"s__Collinsella_SGB15196","fixed",NA,"hd_exposurehigh_exposure",-0.109967650653426,0.0852798963724781,-1.28949090384818,61.4507923270833,0.202059875396047,0.343089421080635
"s__Collinsella_SGB4121","fixed",NA,"(Intercept)",-4.57898848362199,0.136995037565752,-33.4244843096908,70.8604891981601,4.03851524923837e-45,1.22629368152056e-44
"s__Collinsella_SGB4121","fixed",NA,"hd_exposurehigh_exposure",-0.205937110073787,0.192383412549761,-1.07045148718589,69.2795101493533,0.28813136175366,0.460117183500651
"s__Collinsella_stercoris","fixed",NA,"(Intercept)",-4.55517514792615,0.0664324654400307,-68.5685096549391,69.1969160111988,2.36522748808195e-65,1.81092264118176e-64
"s__Collinsella_stercoris","fixed",NA,"hd_exposurehigh_exposure",0.17636896191147,0.0935871289303704,1.88454292729388,68.2344175930891,0.0637515499076294,0.121098834527734
"s__Collinsella_tanakaei","fixed",NA,"(Intercept)",-5.39075180452968,0.132110982963653,-40.8047210277197,69.4270347368501,2.96105426940319e-50,1.03803250792561e-49
"s__Collinsella_tanakaei","fixed",NA,"hd_exposurehigh_exposure",0.276241981775783,0.185598788771271,1.48838245984579,67.9214767954508,0.141278517946687,0.251161809682999
"s__Coprobacillus_cateniformis","fixed",NA,"(Intercept)",-5.42322349051257,0.11528955158614,-47.0400258817949,75.334987642896,1.34228564219345e-57,6.34535030855085e-57
"s__Coprobacillus_cateniformis","fixed",NA,"hd_exposurehigh_exposure",-0.17523240903121,0.160716128149674,-1.09032249002426,73.8124346827637,0.27911774683869,0.447736437088284
"s__Coprobacter_fastidiosus","fixed",NA,"(Intercept)",-4.59980935595162,0.166492897523649,-27.627661145715,68.2553562303013,8.8566711935045e-39,2.31236938273925e-38
"s__Coprobacter_fastidiosus","fixed",NA,"hd_exposurehigh_exposure",-0.197191202722304,0.23513077302036,-0.8386448110951,67.8895596837955,0.404611859934605,0.594461352442033
"s__Coprobacter_secundus","fixed",NA,"(Intercept)",-4.94399315085453,0.137793234884602,-35.8797959493077,68.361036238599,4.46029107399848e-46,1.38468737819654e-45
"s__Coprobacter_secundus","fixed",NA,"hd_exposurehigh_exposure",-0.169186651180489,0.194657168531395,-0.869151916967301,68.0714685864466,0.387818334940893,0.577395097459188
"s__Coprococcus_catus","fixed",NA,"(Intercept)",-4.32187298373706,0.14079953573919,-30.695221834699,68.2408125530815,1.15163393461512e-41,3.21530011275095e-41
"s__Coprococcus_catus","fixed",NA,"hd_exposurehigh_exposure",-0.0217631056837891,0.198667399316341,-0.109545429993451,67.6515694012733,0.913094190507553,0.955405227142626
"s__Coprococcus_comes","fixed",NA,"(Intercept)",-4.6031340669445,0.204558905381832,-22.5027312223451,68.5773325801987,2.21390629332905e-33,5.15476689193034e-33
"s__Coprococcus_comes","fixed",NA,"hd_exposurehigh_exposure",0.239629616274798,0.28829732041668,0.831189190133499,67.7137836631081,0.408788165850967,0.597165257076317
"s__Coprococcus_eutactus","fixed",NA,"(Intercept)",-4.24348759932554,0.184796557164222,-22.9630230370283,66.6421723235816,2.28353242346053e-33,5.29711610497907e-33
"s__Coprococcus_eutactus","fixed",NA,"hd_exposurehigh_exposure",0.0504326320366349,0.26046865280298,0.19362265475678,65.8076416745497,0.847067760590324,0.922383430675955
"s__Coprococcus_SGB4669","fixed",NA,"(Intercept)",-4.51283526216723,0.104688737510854,-43.1071705463955,67.7376851063512,5.6666899452009e-51,2.02636935576239e-50
"s__Coprococcus_SGB4669","fixed",NA,"hd_exposurehigh_exposure",0.0417054298737406,0.14732536270879,0.283083843181688,66.5598673497644,0.777991139514273,0.884274082070868
"s__Desulfovibrio_piger","fixed",NA,"(Intercept)",-4.73670943622806,0.0884531861529996,-53.5504671141507,65.6996695380994,6.31810538598002e-56,2.79609770273158e-55
"s__Desulfovibrio_piger","fixed",NA,"hd_exposurehigh_exposure",0.000920109949743216,0.124822338285479,0.00737135646056273,65.1480348589094,0.994141087949201,0.995736820032587
"s__Desulfovibrio_porci","fixed",NA,"(Intercept)",-5.89903142717533,0.122717109365572,-48.070162813257,68.3455883121638,2.01816888031563e-54,8.5090363602497e-54
"s__Desulfovibrio_porci","fixed",NA,"hd_exposurehigh_exposure",-0.165655268169399,0.173438227737024,-0.955125466460454,68.1751870470197,0.342888810910771,0.523135985350418
"s__Desulfovibrio_SGB5076","fixed",NA,"(Intercept)",-5.33784578399738,0.110475901669692,-48.3168338372727,65.9210800901375,3.43932969038384e-53,1.36262966780922e-52
"s__Desulfovibrio_SGB5076","fixed",NA,"hd_exposurehigh_exposure",-0.0139307669156277,0.154470660155671,-0.0901839022477709,63.9944114005894,0.92842275152634,0.964755698505305
"s__Desulfovibrio_SGB5077","fixed",NA,"(Intercept)",-4.39416789093898,0.0974573951876179,-45.0880908778615,67.8351444390085,2.64856589124136e-52,1.00468396117605e-51
"s__Desulfovibrio_SGB5077","fixed",NA,"hd_exposurehigh_exposure",-0.196470327925976,0.136192098074093,-1.44259711616374,65.8997648266421,0.153870321638208,0.271612675253867
"s__Dialister_hominis","fixed",NA,"(Intercept)",-4.8206046821872,0.311283804756263,-15.4862045777221,68.6874417054541,4.25895870109942e-24,8.84389427449596e-24
"s__Dialister_hominis","fixed",NA,"hd_exposurehigh_exposure",-0.375318813465366,0.439349012871872,-0.854261196610043,68.1694084799873,0.395952405857042,0.585484126196195
"s__Dialister_invisus","fixed",NA,"(Intercept)",-5.03213242877136,0.191614789336516,-26.2617120849365,69.2427906729475,1.00063281460759e-37,2.54855051557199e-37
"s__Dialister_invisus","fixed",NA,"hd_exposurehigh_exposure",0.116756799929628,0.269673369433815,0.432956358185316,68.0709729354405,0.666415237158989,0.812193570287518
"s__Dielma_fastidiosa","fixed",NA,"(Intercept)",-5.6378597753529,0.138985389766663,-40.5644059769021,69.5435274849844,3.84859470947713e-50,1.34163301604119e-49
"s__Dielma_fastidiosa","fixed",NA,"hd_exposurehigh_exposure",-0.099671266442243,0.194434399558518,-0.512621566289484,67.5858627631466,0.609887417795176,0.776806356568742
"s__Dorea_formicigenerans","fixed",NA,"(Intercept)",-4.03057505809879,0.116702359430444,-34.5372199651291,69.2355591893729,2.22725940838433e-45,6.81279348446971e-45
"s__Dorea_formicigenerans","fixed",NA,"hd_exposurehigh_exposure",0.0993478923347972,0.163739528885165,0.606743484674811,67.5340511745171,0.546055555111864,0.72652167673732
"s__Dorea_longicatena","fixed",NA,"(Intercept)",-3.32818519331136,0.152601505526988,-21.8096484816316,70.1302257730223,5.74324779122523e-33,1.3199950724584e-32
"s__Dorea_longicatena","fixed",NA,"hd_exposurehigh_exposure",-0.0138749980776798,0.214732702934304,-0.0646152071299765,68.9210099580365,0.948667427982035,0.978460289356678
"s__Dorea_sp_AF24_7LB","fixed",NA,"(Intercept)",-5.3805527899875,0.13284850174095,-40.5014186797482,67.2033301488427,6.0978862869584e-49,2.04025793193675e-48
"s__Dorea_sp_AF24_7LB","fixed",NA,"hd_exposurehigh_exposure",0.206283685124236,0.186706521199231,1.10485527660876,65.779905738649,0.273247251239316,0.44115468246658
"s__Dorea_sp_AF36_15AT","fixed",NA,"(Intercept)",-5.27947667268727,0.157384009390473,-33.5451911101641,66.2271700586684,2.76870894122037e-43,8.07324476318463e-43
"s__Dorea_sp_AF36_15AT","fixed",NA,"hd_exposurehigh_exposure",0.397363417344346,0.221340867698722,1.79525553268011,64.9355283013326,0.0772664091092896,0.145005230929915
"s__Drancourtella_sp_An57","fixed",NA,"(Intercept)",-4.73293775762589,0.0557518190966318,-84.8929745130383,78.263407926249,8.13959757348036e-79,2.16132293014968e-77
"s__Drancourtella_sp_An57","fixed",NA,"hd_exposurehigh_exposure",0.057608796146349,0.0782148352565201,0.736545643258217,76.4944952736536,0.46365161980234,0.654566992662127
"s__Duodenibacillus_massiliensis","fixed",NA,"(Intercept)",-5.17682981626037,0.189433566508185,-27.3279435724328,68.1496357902728,1.90721904141742e-38,4.92796969707855e-38
"s__Duodenibacillus_massiliensis","fixed",NA,"hd_exposurehigh_exposure",-0.0653142196100206,0.267145324483581,-0.244489473047224,67.4309617286669,0.807594188303114,0.901828531861372
"s__Dysgonomonas_mossii","fixed",NA,"(Intercept)",-5.3329621889033,0.076831132757104,-69.411474197095,94.2169818713671,1.06113201374863e-82,4.5665267350286e-81
"s__Dysgonomonas_mossii","fixed",NA,"hd_exposurehigh_exposure",0.031938146058387,0.106997952058402,0.298493059390096,93.5965331767554,0.765988548598874,0.877827097016892
"s__Dysosmobacter_sp_BX15","fixed",NA,"(Intercept)",-4.29094712641607,0.196909375413365,-21.7914820836145,68.7008152554056,1.42428802113931e-32,3.23772577483034e-32
"s__Dysosmobacter_sp_BX15","fixed",NA,"hd_exposurehigh_exposure",0.0400214895832823,0.277035516987355,0.144463388732605,67.4673321729492,0.885565241079613,0.940038954443622
"s__Dysosmobacter_sp_NSJ_60","fixed",NA,"(Intercept)",-4.57018075955593,0.130440642261075,-35.036478511113,71.0545812362734,1.42917169658771e-46,4.50405625591279e-46
"s__Dysosmobacter_sp_NSJ_60","fixed",NA,"hd_exposurehigh_exposure",0.00934412355871186,0.18275345683119,0.0511296679183643,69.1744855377453,0.959369552845563,0.981338610167485
"s__Dysosmobacter_welbionis","fixed",NA,"(Intercept)",-3.83964552310984,0.254306729105401,-15.0984818082357,71.7630084631748,5.67440654519423e-24,1.17635537681103e-23
"s__Dysosmobacter_welbionis","fixed",NA,"hd_exposurehigh_exposure",-0.0995351930391811,0.356538088602037,-0.279171275723871,69.9478151684156,0.780937162006041,0.885203976551807
"s__Eggerthella_guodeyinii","fixed",NA,"(Intercept)",-5.58385079773209,0.0574197775129852,-97.2461238894443,85.3996533884587,3.01558162320718e-89,2.21379168574268e-87
"s__Eggerthella_guodeyinii","fixed",NA,"hd_exposurehigh_exposure",0.0355918010709877,0.079985979508194,0.444975498078905,84.3680409380974,0.657477008073059,0.806022893983474
"s__Eggerthella_lenta","fixed",NA,"(Intercept)",-4.94298454503177,0.185310105200872,-26.6741230310872,70.3875694797082,1.57053323370851e-38,4.06644289557723e-38
"s__Eggerthella_lenta","fixed",NA,"hd_exposurehigh_exposure",-0.11460289705706,0.259158570575123,-0.442211487749504,68.4167432574747,0.659730951238577,0.806057132811557
"s__Eisenbergiella_massiliensis","fixed",NA,"(Intercept)",-5.41203226020836,0.102161069113155,-52.9754857421657,74.206129577783,1.02885880629556e-60,5.94451754748545e-60
"s__Eisenbergiella_massiliensis","fixed",NA,"hd_exposurehigh_exposure",-0.334053752449663,0.143246891034632,-2.33201397975821,72.3886959551841,0.0224854737491731,0.0444016949983672
"s__Eisenbergiella_sp_OF01_20","fixed",NA,"(Intercept)",-5.64570412342463,0.106529379369794,-52.9966865180618,87.5612107128338,2.5741207958588e-68,2.47115596402445e-67
"s__Eisenbergiella_sp_OF01_20","fixed",NA,"hd_exposurehigh_exposure",-0.0612971319566723,0.148934004220482,-0.411572442958883,85.5226982498541,0.681682469028359,0.820357083791511
"s__Eisenbergiella_tayi","fixed",NA,"(Intercept)",-5.50455044214788,0.149559922101568,-36.8049833458035,69.5385870345132,2.48806068811306e-47,7.96179420196178e-47
"s__Eisenbergiella_tayi","fixed",NA,"hd_exposurehigh_exposure",-0.0443567486608929,0.209595235861596,-0.211630519551424,67.6960909164785,0.833031146222107,0.914286695096515
"s__Ellagibacter_isourolithinifaciens","fixed",NA,"(Intercept)",-5.22531046696293,0.0629696480568523,-82.9814145101343,63.2838334858813,2.70196820110229e-66,2.20395837580109e-65
"s__Ellagibacter_isourolithinifaciens","fixed",NA,"hd_exposurehigh_exposure",-0.00893726832510142,0.0881649866924806,-0.101369814258291,61.4316977779847,0.91958703626597,0.957967129599275
"s__Emergencia_timonensis","fixed",NA,"(Intercept)",-4.40058752441334,0.0412729184146065,-106.621670903116,68.8051813985747,3.84875652307325e-78,9.41813360940277e-77
"s__Emergencia_timonensis","fixed",NA,"hd_exposurehigh_exposure",0.0128180503354293,0.0581766535470469,0.220329798190668,67.9729740289499,0.82627473507053,0.910980139357073
"s__Enorma_massiliensis","fixed",NA,"(Intercept)",-5.82960818617933,0.18599399923397,-31.3429906888877,67.8583686200765,4.30078392857282e-42,1.21159782005844e-41
"s__Enorma_massiliensis","fixed",NA,"hd_exposurehigh_exposure",-0.21701677336799,0.26136277896486,-0.830327769805231,66.4068061519252,0.40932873432866,0.597165257076317
"s__Enterobacter_cloacae","fixed",NA,"(Intercept)",-5.62542139888702,0.086260779797988,-65.2141264206173,77.1599190402643,3.02287839936061e-69,3.33854180743544e-68
"s__Enterobacter_cloacae","fixed",NA,"hd_exposurehigh_exposure",-0.0845825711367758,0.120234709099617,-0.70347881880512,79.4728392013202,0.483813338036979,0.673861647721941
"s__Enterobacter_hormaechei","fixed",NA,"(Intercept)",-5.96362089677863,0.106316985528505,-56.0928328350667,40.7267391529235,3.45571660214161e-40,9.31476094918516e-40
"s__Enterobacter_hormaechei","fixed",NA,"hd_exposurehigh_exposure",-0.117682267051424,0.148042660038135,-0.794921322145315,40.6913622039113,0.431271590800308,0.624145983545074
"s__Enterobacter_kobei","fixed",NA,"(Intercept)",-5.63190290989937,0.0549159430460411,-102.554970333071,42.6003360058874,1.2231228117965e-52,4.72587389821061e-52
"s__Enterobacter_kobei","fixed",NA,"hd_exposurehigh_exposure",-0.0784842080966103,0.0765554593658418,-1.02519413699226,44.5173123003233,0.310810289076165,0.488528011041629
"s__Enterobacter_roggenkampii","fixed",NA,"(Intercept)",-4.94674569208924,0.133376837901896,-37.0884912995746,62.9866828258994,1.66273235577446e-44,4.98819706732339e-44
"s__Enterobacter_roggenkampii","fixed",NA,"hd_exposurehigh_exposure",-0.369737995334355,0.186201965796485,-1.98568255578178,61.1875924429624,0.0515545023910272,0.0992901527530893
"s__Enterocloster_aldenensis","fixed",NA,"(Intercept)",-5.37987460137023,0.10898461719963,-49.3636142384733,77.2962990849,3.30110402742268e-60,1.85575577757815e-59
"s__Enterocloster_aldenensis","fixed",NA,"hd_exposurehigh_exposure",0.0027652211082957,0.152010121788869,0.0181910327796223,75.565112755646,0.985534402758797,0.98961195246339
"s__Enterocloster_asparagiformis","fixed",NA,"(Intercept)",-5.58608011606046,0.121282384928788,-46.0584619880323,74.7017586906292,1.34327981261173e-56,6.11829637277169e-56
"s__Enterocloster_asparagiformis","fixed",NA,"hd_exposurehigh_exposure",-0.0664352628212202,0.169574210873909,-0.39177692456207,72.6978826250036,0.696369146522177,0.830056060037895
"s__Enterocloster_bolteae","fixed",NA,"(Intercept)",-4.61345981764337,0.191285931457553,-24.1181344727754,70.6385159001667,7.98161443363024e-36,1.96470509135514e-35
"s__Enterocloster_bolteae","fixed",NA,"hd_exposurehigh_exposure",-0.208611725763566,0.268275085812992,-0.777603798471932,68.8729399602346,0.43946559380766,0.630405817324091
"s__Enterocloster_citroniae","fixed",NA,"(Intercept)",-5.73665266883032,0.127831721501793,-44.8765971500264,71.3577060827328,4.85082065993698e-54,2.00457754423886e-53
"s__Enterocloster_citroniae","fixed",NA,"hd_exposurehigh_exposure",-0.0286505724093841,0.178146655295705,-0.160825766623724,70.0124728977659,0.872693789591941,0.932467336824266
"s__Enterocloster_clostridioformis","fixed",NA,"(Intercept)",-5.44768384902648,0.0755683054617737,-72.0895329826099,72.396727330563,3.72329741006232e-69,3.93786031165914e-68
"s__Enterocloster_clostridioformis","fixed",NA,"hd_exposurehigh_exposure",-0.0161732907051925,0.106068463786287,-0.152479729863717,70.7289045594657,0.879242721174485,0.938238717456285
"s__Enterocloster_lavalensis","fixed",NA,"(Intercept)",-5.25516098147612,0.031543754645575,-166.599095146504,56.0561632961736,2.97625134189836e-77,6.40407185291232e-76
"s__Enterocloster_lavalensis","fixed",NA,"hd_exposurehigh_exposure",-0.0759568562871954,0.0439272243612606,-1.72915219187356,56.5816085145546,0.0892348649517133,0.165968869537613
"s__Enterococcus_avium","fixed",NA,"(Intercept)",-4.96950429579135,0.0627837600816257,-79.1527026946213,73.2818495252376,9.94215967991467e-73,1.47596972402919e-71
"s__Enterococcus_avium","fixed",NA,"hd_exposurehigh_exposure",0.0501021437960327,0.088246065172033,0.567754989396526,71.8384474829633,0.57197155225072,0.751451412903262
"s__Enterococcus_casseliflavus","fixed",NA,"(Intercept)",-5.0403294308834,0.0413463149481089,-121.905167055618,61.787706529228,2.43937940878422e-75,4.34906500308957e-74
"s__Enterococcus_casseliflavus","fixed",NA,"hd_exposurehigh_exposure",0.0935732473427429,0.0575821611970236,1.62503882100868,62.5506024687398,0.109182967986705,0.200088610935988
"s__Enterococcus_faecalis","fixed",NA,"(Intercept)",-5.08215473463598,0.095889372866309,-53.0001874318402,61.1897058216533,7.58856987798395e-53,2.96881981433353e-52
"s__Enterococcus_faecalis","fixed",NA,"hd_exposurehigh_exposure",-0.0636983646511023,0.134291007537501,-0.474330826904507,59.3818791039531,0.637003658226578,0.793795556856038
"s__Enterococcus_faecium","fixed",NA,"(Intercept)",-5.49616019723979,0.0899276543250527,-61.1175754387339,38.5009282270504,5.95351384992199e-40,1.60128993204798e-39
"s__Enterococcus_faecium","fixed",NA,"hd_exposurehigh_exposure",-0.0376138590290638,0.125355116921116,-0.300058425638369,37.4440141964909,0.765792145405436,0.877827097016892
"s__Enterococcus_gallinarum","fixed",NA,"(Intercept)",-5.75314026463538,0.0870869592971738,-66.0620179079107,62.8026864361794,9.3421106585477e-60,5.04716627786473e-59
"s__Enterococcus_gallinarum","fixed",NA,"hd_exposurehigh_exposure",0.0626943485775153,0.121362861627827,0.516585945128538,61.5266211009538,0.607297122613086,0.774955837444919
"s__Enterococcus_raffinosus","fixed",NA,"(Intercept)",-5.46415562175586,0.0348391356672891,-156.839586203805,71.0166552065589,5.69729452118933e-92,5.07873111603163e-90
"s__Enterococcus_raffinosus","fixed",NA,"hd_exposurehigh_exposure",0.0258357086733321,0.0485495420028611,0.532151439694521,72.9727431251625,0.596237670948992,0.76790981769282
"s__Erysipelatoclostridium_ramosum","fixed",NA,"(Intercept)",-4.83218018342916,0.200216882733917,-24.1347288872288,72.5337762062642,2.15863111907623e-36,5.3558084226782e-36
"s__Erysipelatoclostridium_ramosum","fixed",NA,"hd_exposurehigh_exposure",-0.0904812323529535,0.281138675710138,-0.321838438359304,70.926390311626,0.74852171943366,0.867628552817614
"s__Erysipelotrichaceae_bacterium_3_1_53","fixed",NA,"(Intercept)",-6.07127799561569,0.0281900405957588,-215.369608106528,34.9503161321582,3.5323667623683e-56,1.59147787705258e-55
"s__Erysipelotrichaceae_bacterium_3_1_53","fixed",NA,"hd_exposurehigh_exposure",0.00712073741638711,0.0393907695253648,0.180771726528517,38.3010772570895,0.85749992720711,0.927578322844339
"s__Escherichia_coli","fixed",NA,"(Intercept)",-3.10531763397171,0.217814119846017,-14.2567324660449,74.5374252231704,5.45484240478283e-23,1.12523030101966e-22
"s__Escherichia_coli","fixed",NA,"hd_exposurehigh_exposure",0.0587833769968969,0.305058281626296,0.192695561921862,72.6020077582324,0.847735412648494,0.922383430675955
"s__Escherichia_marmotae","fixed",NA,"(Intercept)",-5.9286921021962,0.107047375365784,-55.3838156417912,71.8271062455174,1.14793842257706e-60,6.57168418062464e-60
"s__Escherichia_marmotae","fixed",NA,"hd_exposurehigh_exposure",0.0757720162319405,0.149725842778452,0.506071729675014,69.8457891771962,0.614399921613072,0.77844781946509
"s__Eubacteriaceae_bacterium","fixed",NA,"(Intercept)",-5.8129034642159,0.164983677514952,-35.2332033797045,70.6270240510331,1.49965007284862e-46,4.71426521641077e-46
"s__Eubacteriaceae_bacterium","fixed",NA,"hd_exposurehigh_exposure",0.349376033461928,0.230999407158203,1.51245424289186,68.6990799320528,0.135005227545333,0.242078339046803
"s__Eubacteriales_unclassified_SGB15145","fixed",NA,"(Intercept)",-4.39009472108537,0.0595817316115486,-73.681892122693,74.253592891626,3.50312829019531e-71,4.60200432227763e-70
"s__Eubacteriales_unclassified_SGB15145","fixed",NA,"hd_exposurehigh_exposure",-0.0322125760688537,0.0835502076467829,-0.385547528559542,72.445527146332,0.700961588153402,0.833937142054763
"s__Eubacterium_callanderi","fixed",NA,"(Intercept)",-5.6241369001255,0.0896120904525477,-62.7609162081053,68.0991985020333,5.37611050574225e-62,3.33800294087877e-61
"s__Eubacterium_callanderi","fixed",NA,"hd_exposurehigh_exposure",-0.0708602571529764,0.12565095532625,-0.563945232003924,66.3276140124568,0.574693356697443,0.752722609205182
"s__Eubacterium_limosum","fixed",NA,"(Intercept)",-5.6331928085166,0.0572766200558414,-98.3506499340316,50.8851750007135,1.0160410241293e-59,5.46559999186797e-59
"s__Eubacterium_limosum","fixed",NA,"hd_exposurehigh_exposure",0.0737166452744276,0.0797915138210235,0.923865731383137,49.9697589271607,0.359996128177574,0.54391666823924
"s__Eubacterium_ramulus","fixed",NA,"(Intercept)",-4.87564074637872,0.149776245104922,-32.552830677276,68.5119689864607,2.08541053008791e-43,6.09506403173235e-43
"s__Eubacterium_ramulus","fixed",NA,"hd_exposurehigh_exposure",0.282819613832627,0.210123027888625,1.34597153236595,66.8031495352438,0.182861793087273,0.31687152067586
"s__Eubacterium_rectale","fixed",NA,"(Intercept)",-3.18043516792876,0.28998803393202,-10.9674703635334,69.4946118960331,8.21770610892192e-17,1.65949793267549e-16
"s__Eubacterium_rectale","fixed",NA,"hd_exposurehigh_exposure",-0.167628897095951,0.407794224802874,-0.411062459692709,68.1636024838908,0.682316228345824,0.820357083791511
"s__Eubacterium_siraeum","fixed",NA,"(Intercept)",-5.62700092634541,0.2250698023711,-25.0011368342852,71.4723357656391,4.57317584211246e-37,1.15067005059604e-36
"s__Eubacterium_siraeum","fixed",NA,"hd_exposurehigh_exposure",0.160370748378325,0.315715180916053,0.507960206135817,69.7244031070479,0.613084502776424,0.777670454680401
"s__Eubacterium_sp_AF16_48","fixed",NA,"(Intercept)",-5.25996441534924,0.137690266406047,-38.2014252179429,73.298162864154,3.87868232295184e-50,1.34835530335485e-49
"s__Eubacterium_sp_AF16_48","fixed",NA,"hd_exposurehigh_exposure",0.308951115019029,0.193054682154458,1.60032956243892,71.4801833762926,0.113936355813462,0.208188246054467
"s__Eubacterium_sp_AF34_35BH","fixed",NA,"(Intercept)",-4.31938184238397,0.0726246737260978,-59.4754044427713,74.7937901372446,9.89658469617915e-65,7.2652574710774e-64
"s__Eubacterium_sp_AF34_35BH","fixed",NA,"hd_exposurehigh_exposure",-0.00495515411148273,0.10149522880177,-0.0488215472784503,72.7991270412381,0.961195207350651,0.981338610167485
"s__Eubacterium_ventriosum","fixed",NA,"(Intercept)",-4.52252731921406,0.249605415909586,-18.1187066904519,70.3808668867644,3.26319681860441e-28,7.08255587759706e-28
"s__Eubacterium_ventriosum","fixed",NA,"hd_exposurehigh_exposure",-0.575274689714081,0.35088349567727,-1.63950341580955,68.9792898888018,0.105661661404716,0.19392022563689
"s__Evtepia_gabavorous","fixed",NA,"(Intercept)",-4.45870922655898,0.125664559147488,-35.4810398158956,70.0200924221556,1.7244113007265e-46,5.40719925453936e-46
"s__Evtepia_gabavorous","fixed",NA,"hd_exposurehigh_exposure",-0.225020162282709,0.17654841684096,-1.2745521387791,68.5161976348827,0.206773524317575,0.349665797219965
"s__Faecalibacillus_intestinalis","fixed",NA,"(Intercept)",-4.96552404542294,0.153710228223998,-32.3044478093338,69.5454835522434,1.3089880498445e-43,3.86197892720078e-43
"s__Faecalibacillus_intestinalis","fixed",NA,"hd_exposurehigh_exposure",-0.0885416558318341,0.215375387083974,-0.411103873244867,67.6866506861805,0.682295075354195,0.820357083791511
"s__Faecalibacterium_prausnitzii","fixed",NA,"(Intercept)",-2.34141035114054,0.261291116652103,-8.96092596312034,70.1897999971803,3.04883126059858e-13,6.107450101488e-13
"s__Faecalibacterium_prausnitzii","fixed",NA,"hd_exposurehigh_exposure",0.0805153891756522,0.36730191146485,0.219207650879207,68.7850369328539,0.827137465835518,0.91109228363877
"s__Faecalibacterium_SGB15315","fixed",NA,"(Intercept)",-5.58655185282651,0.199565460735552,-27.993580814214,67.9455671974576,4.98164450088738e-39,1.30611183552677e-38
"s__Faecalibacterium_SGB15315","fixed",NA,"hd_exposurehigh_exposure",0.108177988389271,0.281444640039276,0.384366845196179,67.236846072051,0.701919557037838,0.834281530650687
"s__Faecalibacterium_SGB15346","fixed",NA,"(Intercept)",-4.83485560246979,0.270890790261784,-17.8479881054556,68.0814189423678,2.2320995564202e-27,4.80286249381451e-27
"s__Faecalibacterium_SGB15346","fixed",NA,"hd_exposurehigh_exposure",0.226323625536657,0.381174302772324,0.593753628958141,66.8792694970467,0.554679900019123,0.734083261106962
"s__Faecalicatena_contorta","fixed",NA,"(Intercept)",-5.70495995512306,0.0983098207687919,-58.0304176175864,75.1126885478955,3.79759522949109e-64,2.69284025363914e-63
"s__Faecalicatena_contorta","fixed",NA,"hd_exposurehigh_exposure",-0.208119464690621,0.136973157104973,-1.51941788514901,73.9113901309001,0.132923715520986,0.238688916503872
"s__Faecalicatena_fissicatena","fixed",NA,"(Intercept)",-4.49658323624771,0.194833822407202,-23.0790690276037,69.4380613119227,2.73491851892578e-34,6.51369906797591e-34
"s__Faecalicatena_fissicatena","fixed",NA,"hd_exposurehigh_exposure",-0.346277452753159,0.273938922808169,-1.2640680966525,68.0764975603903,0.210516709114582,0.355033585101349
"s__Faecalimonas_umbilicata","fixed",NA,"(Intercept)",-5.06260499332428,0.143609101698816,-35.2526750285078,70.8457557548083,1.16275817867416e-46,3.68305128676487e-46
"s__Faecalimonas_umbilicata","fixed",NA,"hd_exposurehigh_exposure",0.296472157373692,0.202267811143695,1.46574067172296,69.8299371444495,0.14720754156687,0.261330031117288
"s__Faecalitalea_cylindroides","fixed",NA,"(Intercept)",-4.55042090924947,0.0238285558879002,-190.965030808271,70.9230631872067,6.38304974229314e-98,1.13800658262598e-95
"s__Faecalitalea_cylindroides","fixed",NA,"hd_exposurehigh_exposure",-0.00724460713316068,0.0335833239384531,-0.215720372004796,70.0523565962117,0.829832596634544,0.911647077992879
"s__Firmicutes_bacterium_AF16_15","fixed",NA,"(Intercept)",-5.19656912257796,0.174335555548738,-29.8078559260115,69.2449407990721,3.13628798308916e-41,8.67868603746179e-41
"s__Firmicutes_bacterium_AF16_15","fixed",NA,"hd_exposurehigh_exposure",-0.0934352183911151,0.244115828938554,-0.382749528358661,67.3353681267147,0.703111053178583,0.834291598245379
"s__Flavonifractor_plautii","fixed",NA,"(Intercept)",-3.51590135942036,0.235076422486877,-14.9564185222218,69.6835448553954,1.92402399728582e-23,3.98205961627315e-23
"s__Flavonifractor_plautii","fixed",NA,"hd_exposurehigh_exposure",0.0107689647347488,0.330156767572894,0.0326177313096305,68.1286405045443,0.974074802095965,0.985924860515624
"s__Formosa_SGB1638","fixed",NA,"(Intercept)",-4.94265220937198,0.0444645638123749,-111.159354451969,66.5313399477194,2.73531690203966e-77,5.9889043749921e-76
"s__Formosa_SGB1638","fixed",NA,"hd_exposurehigh_exposure",0.0285724386178838,0.0624668398240899,0.457401698218533,65.0476900295328,0.648906430465013,0.800153182096355
"s__Fusicatenibacter_saccharivorans","fixed",NA,"(Intercept)",-3.74810962567806,0.20944990495226,-17.8950170759561,69.9541688075744,8.14059543452177e-28,1.76073883921719e-27
"s__Fusicatenibacter_saccharivorans","fixed",NA,"hd_exposurehigh_exposure",-0.123751710198738,0.293044706513011,-0.422296350858137,67.9961046826535,0.674141070552187,0.814451167520938
"s__Fusobacterium_mortiferum","fixed",NA,"(Intercept)",-5.84684915819864,0.110214987790098,-53.0494924096335,71.4278055344015,4.0613290126028e-59,2.12963807047407e-58
"s__Fusobacterium_mortiferum","fixed",NA,"hd_exposurehigh_exposure",0.0950751542263806,0.154757434100572,0.614349512699948,69.8240891228331,0.540981093717133,0.721308124956177
"s__Fusobacterium_ulcerans","fixed",NA,"(Intercept)",-5.05757926749354,0.0350630762644801,-144.242314317897,75.5820970637902,5.02592245470715e-94,5.70213747588593e-92
"s__Fusobacterium_ulcerans","fixed",NA,"hd_exposurehigh_exposure",0.022944732476123,0.048824098371747,0.469946875442977,75.6297244081826,0.639745250993807,0.796014031146831
"s__Fusobacterium_varium","fixed",NA,"(Intercept)",-5.14820245739535,0.130406833919736,-39.4780112564039,69.4761310431951,2.53455982536913e-49,8.54900178935319e-49
"s__Fusobacterium_varium","fixed",NA,"hd_exposurehigh_exposure",-0.187483816381444,0.184045833281043,-1.01868003767926,68.9404411528112,0.311916531906135,0.489650102916801
"s__Gemella_sanguinis","fixed",NA,"(Intercept)",-6.51616036186464,0.0653572943974914,-99.700583109125,60.9408037276632,3.25636816259152e-69,3.5338673625341e-68
"s__Gemella_sanguinis","fixed",NA,"hd_exposurehigh_exposure",0.0459701840483821,0.0910957453600779,0.504635906613134,63.0613049059875,0.615573470207156,0.77914370265571
"s__Gemmiger_formicilis","fixed",NA,"(Intercept)",-4.30641992296947,0.287742450437515,-14.9662307957047,69.1348899034552,2.24436568855152e-23,4.63736486641108e-23
"s__Gemmiger_formicilis","fixed",NA,"hd_exposurehigh_exposure",0.24772908386935,0.405330015981848,0.611178728694112,68.1569735226159,0.543114345320714,0.723379618954377
"s__Gemmiger_SGB15295","fixed",NA,"(Intercept)",-5.99390745689339,0.153222048511997,-39.1190922918909,66.8733467018784,8.27229255231401e-48,2.66765403237413e-47
"s__Gemmiger_SGB15295","fixed",NA,"hd_exposurehigh_exposure",0.0456156861976324,0.21641025289716,0.210783387510339,66.5352092403591,0.833700528060765,0.914286695096515
"s__Gemmiger_SGB15299","fixed",NA,"(Intercept)",-5.65250867113358,0.063827781230438,-88.5587523515235,67.3230062705013,2.03396985170542e-71,2.75912432057431e-70
"s__Gemmiger_SGB15299","fixed",NA,"hd_exposurehigh_exposure",-0.032259092645322,0.0890222534290988,-0.362371108377014,65.6690622158367,0.718238337710568,0.846422516962029
"s__GGB1093_SGB1404","fixed",NA,"(Intercept)",-4.3688394162207,0.0647953106148887,-67.4252407274798,68.2032706073812,3.71645571477982e-64,2.65036384688298e-63
"s__GGB1093_SGB1404","fixed",NA,"hd_exposurehigh_exposure",0.0313574575930117,0.09159070544669,0.342365062481839,68.0746878725767,0.733130997652478,0.858140998224412
"s__GGB1146_SGB1472","fixed",NA,"(Intercept)",-4.31582238427399,0.100458057465725,-42.9614357787727,66.5230607908257,3.0356231616478e-50,1.06119263466007e-49
"s__GGB1146_SGB1472","fixed",NA,"hd_exposurehigh_exposure",0.0157664240004972,0.141807350539554,0.111181994025757,66.0452601616797,0.911809223222542,0.955405227142626
"s__GGB1239_SGB1657","fixed",NA,"(Intercept)",-3.55901233538191,0.050566837935586,-70.3823391115641,69.8070441355047,1.45166432365379e-66,1.20778471727995e-65
"s__GGB1239_SGB1657","fixed",NA,"hd_exposurehigh_exposure",0.137553412388646,0.0713869470394723,1.9268706408272,69.3441335646154,0.0580941682602385,0.110689346547752
"s__GGB1246_SGB1667","fixed",NA,"(Intercept)",-4.75233853856857,0.12117168522949,-39.2198765707353,67.3433610833928,4.15240598434028e-48,1.35305552701218e-47
"s__GGB1246_SGB1667","fixed",NA,"hd_exposurehigh_exposure",0.115520320105233,0.170980848166201,0.675633097766259,66.7685010925009,0.501607014080776,0.69125706040447
"s__GGB1247_SGB1668","fixed",NA,"(Intercept)",-4.98153420703417,0.116260910839791,-42.8478855967227,67.5427307282215,1.06089263626906e-50,3.77206270673442e-50
"s__GGB1247_SGB1668","fixed",NA,"hd_exposurehigh_exposure",0.0424749635416831,0.16430123634852,0.258518830933105,67.3532157695484,0.7967948971755,0.898283678116553
"s__GGB1266_SGB1699","fixed",NA,"(Intercept)",-5.41475817888007,0.203014839795254,-26.6717358412862,69.080890592891,4.25931235572114e-38,1.08926676638114e-37
"s__GGB1266_SGB1699","fixed",NA,"hd_exposurehigh_exposure",-0.121934611992224,0.286712726889855,-0.425284964901707,68.716867354408,0.671957851294857,0.813312602385536
"s__GGB13404_SGB14252","fixed",NA,"(Intercept)",-5.06800173850664,0.105449717012251,-48.0608377348025,64.2418787571871,4.4342358495736e-52,1.66684528321321e-51
"s__GGB13404_SGB14252","fixed",NA,"hd_exposurehigh_exposure",-0.178499546132134,0.148375435056154,-1.20302626957474,63.0598335203285,0.233463471655395,0.389001886015931
"s__GGB13493_SGB15238","fixed",NA,"(Intercept)",-5.8683767528992,0.105088451256201,-55.842261283234,57.0526176414272,1.70740100983885e-51,6.28565327515894e-51
"s__GGB13493_SGB15238","fixed",NA,"hd_exposurehigh_exposure",-0.145059220003885,0.147434004799178,-0.983892557225672,55.4767572714115,0.329440008895154,0.510734324349258
"s__GGB14025_SGB14906","fixed",NA,"(Intercept)",-5.72030692394927,0.1129179947952,-50.658948862174,68.6200471146917,4.26186254567368e-56,1.90638152580672e-55
"s__GGB14025_SGB14906","fixed",NA,"hd_exposurehigh_exposure",-0.0132721781118773,0.158148134347709,-0.0839224450330643,66.7316059003997,0.933369347372881,0.968092495663056
"s__GGB1495_SGB2071","fixed",NA,"(Intercept)",-5.46547384362199,0.275492876523259,-19.8388935227534,68.431343956223,4.34530359451051e-30,9.61513986870412e-30
"s__GGB1495_SGB2071","fixed",NA,"hd_exposurehigh_exposure",-0.172224850022678,0.38820230188148,-0.443647163316561,67.5296931705515,0.658715948984449,0.806057132811557
"s__GGB1627_SGB2230","fixed",NA,"(Intercept)",-4.88897211152246,0.113965773162449,-42.8985999555642,68.9048218060912,1.94054492582083e-51,7.08128674685497e-51
"s__GGB1627_SGB2230","fixed",NA,"hd_exposurehigh_exposure",0.295716908731627,0.160965771604578,1.83714155987195,68.564741544649,0.0705228899801327,0.133150630401219
"s__GGB1663_SGB2279","fixed",NA,"(Intercept)",-4.96215586665082,0.0789085784327901,-62.8848721546455,68.9419537809388,1.27368820845152e-62,8.06884712765229e-62
"s__GGB1663_SGB2279","fixed",NA,"hd_exposurehigh_exposure",0.0743592832168917,0.111415658673693,0.667404241935779,68.5210323035331,0.506755498439919,0.695576004360407
"s__GGB2653_SGB3574","fixed",NA,"(Intercept)",-4.7054280279501,0.170728948324461,-27.56080954126,70.0384420201269,2.51990211658734e-39,6.66279203707838e-39
"s__GGB2653_SGB3574","fixed",NA,"hd_exposurehigh_exposure",-0.157032226140108,0.239489432470913,-0.655695846451094,68.3015529239394,0.514222505726177,0.699073733274803
"s__GGB2734_SGB3677","fixed",NA,"(Intercept)",-5.96762215656905,0.187573158185896,-31.8149047245597,66.8954655205573,4.05194759746584e-42,1.14407932163741e-41
"s__GGB2734_SGB3677","fixed",NA,"hd_exposurehigh_exposure",0.125459561301015,0.264898768099461,0.473613230446996,66.5295530281883,0.637326240360377,0.793795556856038
"s__GGB28262_SGB40814","fixed",NA,"(Intercept)",-6.76718564276311,0.0475058319778902,-142.449576420694,63.5049969245942,2.70274188159478e-81,1.02212783885766e-79
"s__GGB28262_SGB40814","fixed",NA,"hd_exposurehigh_exposure",0.0555889259503757,0.0666125424874052,0.834511397923089,61.7830570948237,0.407208074055731,0.596473798616845
"s__GGB2848_SGB3813","fixed",NA,"(Intercept)",-5.60725969351647,0.0866198516451201,-64.7341179535761,73.5588430062443,1.32359843364995e-66,1.10862472831889e-65
"s__GGB2848_SGB3813","fixed",NA,"hd_exposurehigh_exposure",-0.128435190669396,0.121014599311425,-1.06131980273616,71.5886155807643,0.292112014255199,0.463222101385628
"s__GGB2958_SGB3940","fixed",NA,"(Intercept)",-5.36069163902787,0.0747028039799125,-71.760246649769,59.8969882165407,8.55436434793512e-60,4.64167248096653e-59
"s__GGB2958_SGB3940","fixed",NA,"hd_exposurehigh_exposure",-0.0708835185085463,0.104496156500591,-0.678336131034115,58.0518732749084,0.500253753195902,0.690615800872218
"s__GGB2980_SGB3962","fixed",NA,"(Intercept)",-6.05312984390052,0.101734153677348,-59.4994859159901,71.426540616944,1.34258888465835e-62,8.46237842451321e-62
"s__GGB2980_SGB3962","fixed",NA,"hd_exposurehigh_exposure",-0.135923975053453,0.142921317785971,-0.951040594636861,69.9054267760337,0.344860442284409,0.524221476213084
"s__GGB2982_SGB3964","fixed",NA,"(Intercept)",-5.80216799074373,0.102928313408716,-56.3709614836882,66.5150802633064,7.05096118253923e-58,3.42396869875835e-57
"s__GGB2982_SGB3964","fixed",NA,"hd_exposurehigh_exposure",0.0353925075802804,0.144400878354636,0.245098977122283,64.8255414617458,0.807154033509243,0.901828531861372
"s__GGB2983_SGB3965","fixed",NA,"(Intercept)",-4.98335017610725,0.0634671863570362,-78.5185300018389,67.8936452179307,2.25672478222228e-68,2.18325002187085e-67
"s__GGB2983_SGB3965","fixed",NA,"hd_exposurehigh_exposure",0.0426373930044018,0.0892552746774295,0.477701661425549,66.5832360128661,0.634427095705825,0.792074362186418
"s__GGB2987_SGB3969","fixed",NA,"(Intercept)",-5.33137450632925,0.0673781061644097,-79.1262148763892,72.5873215218538,3.42150424518614e-72,4.69234867911242e-71
"s__GGB2987_SGB3969","fixed",NA,"hd_exposurehigh_exposure",-0.0757418790406742,0.0945594792882932,-0.800997209489195,70.897926150549,0.425809496334231,0.617201221167387
"s__GGB2998_SGB3988","fixed",NA,"(Intercept)",-5.62318369988613,0.136455504095815,-41.2089181535521,67.6179868598069,1.23120581381822e-49,4.19820998810148e-49
"s__GGB2998_SGB3988","fixed",NA,"hd_exposurehigh_exposure",-0.0887182365670394,0.191507032043665,-0.463263597269949,65.968339970861,0.644700217917956,0.798200269803183
"s__GGB2998_SGB3989","fixed",NA,"(Intercept)",-5.08805632171503,0.0600051901918882,-84.7936037773424,73.5333595023801,4.28859859110355e-75,7.33174115300991e-74
"s__GGB2998_SGB3989","fixed",NA,"hd_exposurehigh_exposure",-0.0279061990104966,0.0837710166050783,-0.333124750557282,71.6343232468174,0.740013159719194,0.863010110381903
"s__GGB3000_SGB3991","fixed",NA,"(Intercept)",-5.86581836855717,0.0465693233047572,-125.958849137023,69.7942700024166,4.70951318345958e-84,2.2605663280606e-82
"s__GGB3000_SGB3991","fixed",NA,"hd_exposurehigh_exposure",-0.0483641786613293,0.0653599746036937,-0.739966301311813,68.1329225657161,0.461862644131001,0.652779818658539
"s__GGB3002_SGB3993","fixed",NA,"(Intercept)",-6.18628680634358,0.0445913491780958,-138.73289147713,59.6761293390224,1.32504783683576e-76,2.62485666725561e-75
"s__GGB3002_SGB3993","fixed",NA,"hd_exposurehigh_exposure",-0.038511108143059,0.0625964062187351,-0.615228740264847,58.143524214368,0.540804282509224,0.721308124956177
"s__GGB3005_SGB3996","fixed",NA,"(Intercept)",-4.83251111071568,0.0946100033777553,-51.078225749772,73.1392578087001,5.85213316122264e-59,3.04310924383577e-58
"s__GGB3005_SGB3996","fixed",NA,"hd_exposurehigh_exposure",-0.129762454928084,0.132750789043693,-0.97748914234607,71.4181632984643,0.331626593006275,0.512534563497566
"s__GGB3033_SGB4029","fixed",NA,"(Intercept)",-4.79717851366558,0.0343531538030515,-139.643030772897,72.7057342414397,4.26433690524943e-90,3.32618278609455e-88
"s__GGB3033_SGB4029","fixed",NA,"hd_exposurehigh_exposure",-0.0253894812728405,0.0482038048969215,-0.526711145046186,70.9920857979667,0.600036122938901,0.77053435978872
"s__GGB3061_SGB4063","fixed",NA,"(Intercept)",-5.61490805878094,0.0266118265082612,-210.992960480855,44.484413249383,2.14802257775347e-68,2.09432201330964e-67
"s__GGB3061_SGB4063","fixed",NA,"hd_exposurehigh_exposure",-0.069699091255403,0.0373097668957162,-1.8681191831141,43.056744904636,0.0685602714870798,0.129837964819234
"s__GGB3109_SGB4119","fixed",NA,"(Intercept)",-5.1436592417798,0.0943318398743501,-54.5272863185024,68.1967426424326,5.61515178657223e-58,2.75894072033155e-57
"s__GGB3109_SGB4119","fixed",NA,"hd_exposurehigh_exposure",0.00783150647792273,0.132658443609201,0.0590351150281363,66.8808142323588,0.953100180049117,0.980443442709199
"s__GGB3189_SGB4212","fixed",NA,"(Intercept)",-4.89619606189672,0.0663292981328744,-73.816491350299,77.290994961106,1.99204797431e-73,3.14693148346694e-72
"s__GGB3189_SGB4212","fixed",NA,"hd_exposurehigh_exposure",0.181308762591354,0.0932608521995068,1.94410364386862,75.893675497814,0.0555893619708832,0.106241230841749
"s__GGB32387_SGB47381","fixed",NA,"(Intercept)",-4.88904181511669,0.0456125693520868,-107.186284056437,68.3847317890072,6.4130928616207e-78,1.51010186628351e-76
"s__GGB32387_SGB47381","fixed",NA,"hd_exposurehigh_exposure",-0.00286800396028685,0.0641714393784114,-0.0446928413647474,67.1477996821173,0.964484785661238,0.981338610167485
"s__GGB3256_SGB4303","fixed",NA,"(Intercept)",-5.43658409815238,0.232350247194192,-23.3982281654671,67.7816420669338,3.49779896559907e-34,8.3147678267955e-34
"s__GGB3256_SGB4303","fixed",NA,"hd_exposurehigh_exposure",-0.107383403287313,0.3276760844015,-0.327712055896448,67.07024705189,0.744150160717994,0.864710801281245
"s__GGB3277_SGB4327","fixed",NA,"(Intercept)",-4.64123749162771,0.17364719738621,-26.727972357107,69.7551960418638,2.2298120842203e-38,5.7495981014606e-38
"s__GGB3277_SGB4327","fixed",NA,"hd_exposurehigh_exposure",0.245091240993052,0.244891916672169,1.00081392772613,69.0398573340741,0.320411685003208,0.500467813371718
"s__GGB3278_SGB4328","fixed",NA,"(Intercept)",-5.47057181444822,0.125886089346556,-43.4565236146792,50.6386313609852,9.32317295011749e-42,2.61467861612284e-41
"s__GGB3278_SGB4328","fixed",NA,"hd_exposurehigh_exposure",-0.00798378432712066,0.175715448328323,-0.0454358703407967,49.0510882520001,0.963944366105005,0.981338610167485
"s__GGB3304_SGB4367","fixed",NA,"(Intercept)",-4.90839710429146,0.171941923570803,-28.5468314088637,68.2872627608899,1.10116760466389e-39,2.93018586486254e-39
"s__GGB3304_SGB4367","fixed",NA,"hd_exposurehigh_exposure",-0.265159225395231,0.242208548796444,-1.09475584868012,67.3147759907634,0.277525360235801,0.44632944532768
"s__GGB3321_SGB4394","fixed",NA,"(Intercept)",-5.1386527984271,0.0806162823972617,-63.7421206438768,69.9019576455617,1.13915266817378e-63,7.76864770426708e-63
"s__GGB3321_SGB4394","fixed",NA,"hd_exposurehigh_exposure",0.0888261031336134,0.112843606809131,0.787161148472132,67.9643270227072,0.433924006194004,0.625371876019898
"s__GGB3341_SGB4420","fixed",NA,"(Intercept)",-5.49485010854024,0.106079559946508,-51.7993297795644,70.087874943028,1.30563968541806e-57,6.19558299392297e-57
"s__GGB3341_SGB4420","fixed",NA,"hd_exposurehigh_exposure",0.283458530448379,0.149785336422192,1.89243177749663,69.6739426317608,0.0625885604261749,0.119070919835162
"s__GGB33469_SGB15236","fixed",NA,"(Intercept)",-4.90772814124376,0.105509603225739,-46.5145161312341,65.3615842611969,8.06156993449263e-52,3.00323560544681e-51
"s__GGB33469_SGB15236","fixed",NA,"hd_exposurehigh_exposure",1.52319693812162e-05,0.148706301557966,0.000102429885093193,64.5205792432002,0.999918588822071,0.999918588822071
"s__GGB33469_SGB15237","fixed",NA,"(Intercept)",-5.80255486170108,0.0597150722683936,-97.1706914398611,73.4651605896838,2.38125159467883e-79,6.91116741897483e-78
"s__GGB33469_SGB15237","fixed",NA,"hd_exposurehigh_exposure",0.131345969643512,0.0835013912713903,1.57297941559585,71.4693303006828,0.120140415117737,0.218564486978041
"s__GGB3351_SGB4434","fixed",NA,"(Intercept)",-5.66103086859948,0.0666737794769681,-84.9064041817974,53.4892822984555,9.90139945933406e-59,5.08516317911478e-58
"s__GGB3351_SGB4434","fixed",NA,"hd_exposurehigh_exposure",-0.058661419859203,0.0933316021163231,-0.628526871167291,51.7734721714835,0.532422021808156,0.713708574883543
"s__GGB33512_SGB15201","fixed",NA,"(Intercept)",-6.33644835238632,0.0713991360426316,-88.746849101968,67.0661350900315,2.87436683153065e-71,3.85721484489274e-70
"s__GGB33512_SGB15201","fixed",NA,"hd_exposurehigh_exposure",-0.0868992088783644,0.0999419278477198,-0.869497024419737,65.1560147652608,0.387767212217906,0.577395097459188
"s__GGB33586_SGB53517","fixed",NA,"(Intercept)",-5.26132088268445,0.0655349006761779,-80.2827322296828,81.982860910313,1.05025159925967e-79,3.36080511763093e-78
"s__GGB33586_SGB53517","fixed",NA,"hd_exposurehigh_exposure",-0.022348717411162,0.0916087623799648,-0.243958294278296,79.950510240423,0.807888059792479,0.901828531861372
"s__GGB3363_SGB4447","fixed",NA,"(Intercept)",-5.74472736460843,0.0633927544238905,-90.6211982239321,57.0948552545251,2.16704677863416e-63,1.4286544305889e-62
"s__GGB3363_SGB4447","fixed",NA,"hd_exposurehigh_exposure",0.206230011683299,0.0885592371672983,2.32872389464814,55.3162487417362,0.0235545267816453,0.0463660085544058
"s__GGB3363_SGB4448","fixed",NA,"(Intercept)",-5.43932047620917,0.127805291104577,-42.5594310626657,69.3580195480467,1.92885322063328e-51,7.05926339985436e-51
"s__GGB3363_SGB4448","fixed",NA,"hd_exposurehigh_exposure",-0.0260516436470162,0.180298768495101,-0.144491522956377,68.7199068958364,0.885535275260582,0.940038954443622
"s__GGB33928_SGB15225","fixed",NA,"(Intercept)",-4.93194894095223,0.0879987221778225,-56.0456881519944,74.2467858471496,1.64318561250495e-62,1.0305003238222e-61
"s__GGB33928_SGB15225","fixed",NA,"hd_exposurehigh_exposure",-0.0484972197006054,0.123116360441039,-0.393913688862099,72.2542985909091,0.694804884610215,0.830056060037895
"s__GGB34228_SGB72916","fixed",NA,"(Intercept)",-5.79792396467826,0.0802607287312396,-72.2386160246954,70.9003387378738,3.87776052126607e-68,3.69423292407637e-67
"s__GGB34228_SGB72916","fixed",NA,"hd_exposurehigh_exposure",0.109618199031176,0.112709969908505,0.972568789789951,69.3177842264911,0.33414934542558,0.512534563497566
"s__GGB3444_SGB4594","fixed",NA,"(Intercept)",-6.611231890251,0.129558267623974,-51.0290235543998,75.2827185059506,3.75402800910763e-60,2.10090894859476e-59
"s__GGB3444_SGB4594","fixed",NA,"hd_exposurehigh_exposure",-0.186343763056403,0.181420729713815,-1.02713600232099,73.3297632825468,0.307732698929762,0.484300640938642
"s__GGB3446_SGB4597","fixed",NA,"(Intercept)",-5.58505408963635,0.0911273292378942,-61.288464573083,68.1934911767008,2.27991542564689e-61,1.35492116724158e-60
"s__GGB3446_SGB4597","fixed",NA,"hd_exposurehigh_exposure",0.0402746750088671,0.12873371862645,0.3128525722599,67.9048561794794,0.755351502454573,0.86998059004479
"s__GGB3463_SGB4621","fixed",NA,"(Intercept)",-6.082391520343,0.0945559913580908,-64.3258183112746,80.2558406153875,8.06940710150642e-71,9.87315692419609e-70
"s__GGB3463_SGB4621","fixed",NA,"hd_exposurehigh_exposure",0.0537232881243698,0.132081399680595,0.406743782654376,78.2629113280518,0.685306390185565,0.822367668222678
"s__GGB34797_SGB14321","fixed",NA,"(Intercept)",-5.711484231453,0.0888821133315646,-64.2590957546988,55.901565060893,4.37888846838115e-54,1.82161760284656e-53
"s__GGB34797_SGB14321","fixed",NA,"hd_exposurehigh_exposure",-0.0319893470793265,0.124417596949021,-0.25711272250688,54.1436144008251,0.798066354779222,0.898905063866849
"s__GGB34900_SGB14891","fixed",NA,"(Intercept)",-5.74807040493445,0.0535659268383352,-107.308334686011,63.1850904547663,3.20793525409268e-73,5.00437899638458e-72
"s__GGB34900_SGB14891","fixed",NA,"hd_exposurehigh_exposure",-0.0934913148360045,0.0748213031083177,-1.24952802146013,61.3291270929098,0.216219715680016,0.363179280173163
"s__GGB35068_SGB47850","fixed",NA,"(Intercept)",-6.0645610927738,0.0980217165473486,-61.8695663204833,67.8526576368019,2.04754059149718e-61,1.22264624793707e-60
"s__GGB35068_SGB47850","fixed",NA,"hd_exposurehigh_exposure",-0.0755035740469071,0.137088148314686,-0.550766605101327,65.9060899212826,0.583655886521917,0.75972113563802
"s__GGB3510_SGB4687","fixed",NA,"(Intercept)",-5.31400205427386,0.0947884145008193,-56.0617252884626,66.4181732154832,1.16201367677621e-57,5.5350880481554e-57
"s__GGB3510_SGB4687","fixed",NA,"hd_exposurehigh_exposure",-0.0601621140295483,0.132278004144148,-0.454815707409581,64.6423065082091,0.650765608836379,0.800153182096355
"s__GGB3534_SGB4722","fixed",NA,"(Intercept)",-6.33479841278241,0.061756577617712,-102.576902042667,54.7047693863774,3.13010962404334e-64,2.24504414414143e-63
"s__GGB3534_SGB4722","fixed",NA,"hd_exposurehigh_exposure",0.0849735150742747,0.0860658295206149,0.987308384147061,53.4928023012436,0.327936381348004,0.509292202703527
"s__GGB3538_SGB4728","fixed",NA,"(Intercept)",-5.44704480192392,0.0383011956385722,-142.21605125137,170.000000001307,1.1635439641228e-178,7.26051433612628e-176
"s__GGB3538_SGB4728","fixed",NA,"hd_exposurehigh_exposure",0.0942464793464733,0.0535470091923485,1.76006990433259,169.999999999579,0.080194448517482,0.15004898313316
"s__GGB3570_SGB4777","fixed",NA,"(Intercept)",-5.24110087585668,0.0539925105690844,-97.0708866954907,71.449038619008,1.30421486410783e-77,2.95914893919869e-76
"s__GGB3570_SGB4777","fixed",NA,"hd_exposurehigh_exposure",-0.113657196993122,0.0753500990902703,-1.5083881556275,69.6214015774735,0.135980030053355,0.243476438316481
"s__GGB3588_SGB4808","fixed",NA,"(Intercept)",-5.37546667834092,0.069092145893158,-77.801414456766,66.6248097991539,3.93956626727619e-67,3.48693524933382e-66
"s__GGB3588_SGB4808","fixed",NA,"hd_exposurehigh_exposure",-0.00566284320127621,0.0972281009679559,-0.0582428654360178,65.447316062249,0.953732643789237,0.980443442709199
"s__GGB3614_SGB4886","fixed",NA,"(Intercept)",-4.735764445291,0.094416551017536,-50.158202076365,68.6371706634714,8.09173209607853e-56,3.5558033999669e-55
"s__GGB3614_SGB4886","fixed",NA,"hd_exposurehigh_exposure",-0.14173108968363,0.13297370122176,-1.06585804848182,67.6178675279741,0.290278910479145,0.46203342384322
"s__GGB3619_SGB4894","fixed",NA,"(Intercept)",-5.33567487163754,0.110679091945439,-48.2085168738813,66.1201509972337,3.05658995098055e-53,1.21872979515135e-52
"s__GGB3619_SGB4894","fixed",NA,"hd_exposurehigh_exposure",-0.0837955150988207,0.155119077144138,-0.540201222451557,64.317899407622,0.590923956465446,0.764346818562668
"s__GGB3626_SGB4905","fixed",NA,"(Intercept)",-5.53933447226683,0.0697180215878338,-79.4534088332977,72.9749963731909,1.29128063174269e-72,1.87385840513358e-71
"s__GGB3626_SGB4905","fixed",NA,"hd_exposurehigh_exposure",0.082598637288295,0.0978491227260014,0.844142849594973,71.2917799562528,0.401413332825285,0.592155838494038
"s__GGB36267_SGB14177","fixed",NA,"(Intercept)",-5.27882513406372,0.0463960871814409,-113.777377678852,65.2298284978164,9.65496819876856e-77,1.94345166323599e-75
"s__GGB36267_SGB14177","fixed",NA,"hd_exposurehigh_exposure",-0.0392873737808124,0.0652001805479503,-0.602565413939601,63.8082537743778,0.548933385067325,0.728796664429811
"s__GGB3653_SGB4964","fixed",NA,"(Intercept)",-4.49858178883439,0.100323597683739,-44.8407143752534,70.2360030571706,2.00129293656541e-53,8.05681801559235e-53
"s__GGB3653_SGB4964","fixed",NA,"hd_exposurehigh_exposure",-0.097510998373806,0.140742954469821,-0.692830406617015,68.511018814716,0.490757926787932,0.680517658479265
"s__GGB36599_SGB9269","fixed",NA,"(Intercept)",-4.62207881591374,0.0777675794735206,-59.4345207502251,81.9585549796546,3.63525265431854e-69,3.87760283127311e-68
"s__GGB36599_SGB9269","fixed",NA,"hd_exposurehigh_exposure",-0.182021792253682,0.109228888689817,-1.66642537919231,80.3599289776616,0.0995221553472212,0.183733209871793
"s__GGB3730_SGB5060","fixed",NA,"(Intercept)",-5.29132769408511,0.088083010816692,-60.0720575400947,66.1173974341973,2.03876918174555e-59,1.08271656970998e-58
"s__GGB3730_SGB5060","fixed",NA,"hd_exposurehigh_exposure",0.0498206732674957,0.124113370018842,0.401412621862837,65.2157976236385,0.689428696001517,0.826519704716516
"s__GGB3746_SGB5089","fixed",NA,"(Intercept)",-4.41128410130294,0.210927438646165,-20.9137518078098,67.0870992954474,4.22896047854649e-31,9.44140013815031e-31
"s__GGB3746_SGB5089","fixed",NA,"hd_exposurehigh_exposure",0.0734232812984586,0.295624756369704,0.248366483917323,65.2769451639369,0.804630563610335,0.901828531861372
"s__GGB3815_SGB5180","fixed",NA,"(Intercept)",-5.24975000522871,0.0868882839373995,-60.4195383696496,75.527614290715,1.06234626306432e-65,8.31972373882426e-65
"s__GGB3815_SGB5180","fixed",NA,"hd_exposurehigh_exposure",-0.0283637041053421,0.121677647863434,-0.233105295864829,73.5779416995446,0.816326911323824,0.906384328587306
"s__GGB3817_SGB5182","fixed",NA,"(Intercept)",-5.32550903103855,0.0627239208219163,-84.9039562778379,63.1078332323332,8.9491544934865e-67,7.64968822456928e-66
"s__GGB3817_SGB5182","fixed",NA,"hd_exposurehigh_exposure",0.0045774163078518,0.0880264182422556,0.0520004834827471,61.4977389017968,0.958696851200029,0.981338610167485
"s__GGB3818_SGB5183","fixed",NA,"(Intercept)",-4.53838385399215,0.0516428686541556,-87.8801656891875,85.83230014867,7.35214666598457e-86,3.82311626631197e-84
"s__GGB3818_SGB5183","fixed",NA,"hd_exposurehigh_exposure",-0.0473407988598001,0.0721548461481558,-0.656100059621706,83.814125303735,0.51355692485834,0.699073733274803
"s__GGB3819_SGB5184","fixed",NA,"(Intercept)",-4.7794954388206,0.0533984523084831,-89.5062540616241,66.7205693943363,3.1537361912221e-71,4.18708804962253e-70
"s__GGB3819_SGB5184","fixed",NA,"hd_exposurehigh_exposure",0.028591672828661,0.0752147605641862,0.380133801054404,65.7393731426556,0.705071519320899,0.83564031919514
"s__GGB3828_SGB5197","fixed",NA,"(Intercept)",-5.48492233754751,0.111518723805016,-49.1838693127226,69.0538152690434,1.73507623475246e-55,7.5978075121792e-55
"s__GGB3828_SGB5197","fixed",NA,"hd_exposurehigh_exposure",-0.286286410764739,0.156412580935102,-1.83032853913154,67.308657544671,0.0716285276989768,0.135033840737648
"s__GGB42389_SGB59559","fixed",NA,"(Intercept)",-6.24442004946515,0.0754733710628562,-82.7367316647964,75.4533885492901,8.4361079147722e-76,1.52583517067184e-74
"s__GGB42389_SGB59559","fixed",NA,"hd_exposurehigh_exposure",-0.0637526142244709,0.105372471647241,-0.60502153197941,73.5338161153087,0.547027295687387,0.727039472862469
"s__GGB4266_SGB5809","fixed",NA,"(Intercept)",-4.66488617310209,0.109539648238844,-42.5862803843463,68.5691953132257,4.68574421734918e-51,1.68524748796881e-50
"s__GGB4266_SGB5809","fixed",NA,"hd_exposurehigh_exposure",0.154091072967558,0.154824910002125,0.995260213394878,68.4168409891562,0.323116780345183,0.504062177338485
"s__GGB4285_SGB5849","fixed",NA,"(Intercept)",-3.63459028384222,0.0650303782344166,-55.8906526845118,67.851511189327,1.77795690515614e-58,8.98336120499945e-58
"s__GGB4285_SGB5849","fixed",NA,"hd_exposurehigh_exposure",0.0532667902397514,0.0919364486940599,0.579387076577312,67.7622866901805,0.564249297424304,0.745956698289757
"s__GGB42994_SGB4746","fixed",NA,"(Intercept)",-5.19432806099647,0.0776667742567385,-66.8796677949554,68.4414849955919,4.36883951324317e-64,3.08040209747315e-63
"s__GGB42994_SGB4746","fixed",NA,"hd_exposurehigh_exposure",0.059471379291344,0.109479724986688,0.543218201348014,67.6185984027415,0.588765908080283,0.76380442129334
"s__GGB4684_SGB6478","fixed",NA,"(Intercept)",-4.65851640037977,0.111570388190225,-41.7540574694165,75.0600862249216,1.04483579172754e-53,4.23362035089601e-53
"s__GGB4684_SGB6478","fixed",NA,"hd_exposurehigh_exposure",-0.0513358837239059,0.156676120494716,-0.327656081614795,73.4514974935864,0.744103801833321,0.864710801281245
"s__GGB4716_SGB14929","fixed",NA,"(Intercept)",-5.02133310858655,0.0747554722371457,-67.1701075294856,71.0326448137734,5.06834085669823e-66,4.02884674468751e-65
"s__GGB4716_SGB14929","fixed",NA,"hd_exposurehigh_exposure",-0.00615210779364863,0.105279378887712,-0.058436019082239,69.9936488038158,0.953567838098816,0.980443442709199
"s__GGB47687_SGB2286","fixed",NA,"(Intercept)",-4.57173367183991,0.0811562761220555,-56.3324722411391,66.2640783746662,1.06386730973966e-57,5.08699771093908e-57
"s__GGB47687_SGB2286","fixed",NA,"hd_exposurehigh_exposure",-0.0628077387024256,0.114671747896458,-0.547717636249318,66.0321940131055,0.585732524391008,0.760819381985422
"s__GGB4774_SGB6609","fixed",NA,"(Intercept)",-5.18287533375896,0.073294247746439,-70.7132618604544,77.8500060544464,2.14100831923849e-72,2.96886486934403e-71
"s__GGB4774_SGB6609","fixed",NA,"hd_exposurehigh_exposure",0.0245447931339645,0.102445622119706,0.23958850193993,75.8341023698457,0.81129567481465,0.904015180507753
"s__GGB51441_SGB71759","fixed",NA,"(Intercept)",-5.70134633055984,0.142241165204681,-40.0822527174588,66.4832896533214,2.70733322704776e-48,8.89145228251474e-48
"s__GGB51441_SGB71759","fixed",NA,"hd_exposurehigh_exposure",0.127644489023132,0.199554290492981,0.639647930935475,64.7942914243178,0.524656747009589,0.706832002341658
"s__GGB51510_SGB71883","fixed",NA,"(Intercept)",-5.87476335011316,0.107585285744675,-54.6056396973778,77.3995001827486,1.45635556973847e-63,9.82449595153304e-63
"s__GGB51510_SGB71883","fixed",NA,"hd_exposurehigh_exposure",0.02673444315459,0.150216205449367,0.177973096009281,75.4610650974807,0.859221005632672,0.927578322844339
"s__GGB51647_SGB4348","fixed",NA,"(Intercept)",-5.34651319412251,0.233783088229686,-22.8695464441368,74.7490444631964,1.75993897466314e-35,4.30667419682274e-35
"s__GGB51647_SGB4348","fixed",NA,"hd_exposurehigh_exposure",0.264382984515557,0.327972567118153,0.806113105247342,72.9945877606559,0.4227961057648,0.613545976737757
"s__GGB51884_SGB49168","fixed",NA,"(Intercept)",-5.14727044742378,0.108981152907007,-47.2308312962692,71.0221095657088,2.16710857182625e-55,9.39080381124707e-55
"s__GGB51884_SGB49168","fixed",NA,"hd_exposurehigh_exposure",-0.078018370000228,0.153630371265275,-0.507831683004353,70.2042622363782,0.613163243113393,0.777670454680401
"s__GGB52106_SGB72838","fixed",NA,"(Intercept)",-5.54043648257039,0.0498326828255827,-111.180778726328,66.8656174715687,1.32782324194813e-77,2.95914893919869e-76
"s__GGB52106_SGB72838","fixed",NA,"hd_exposurehigh_exposure",0.0591475322380746,0.0702612261943737,0.841823227998418,66.10384545033,0.402922173237167,0.593679896340006
"s__GGB52130_SGB14966","fixed",NA,"(Intercept)",-6.02951931040046,0.136220292326389,-44.2630037524329,60.9042902198705,5.06771629137032e-48,1.64272985237147e-47
"s__GGB52130_SGB14966","fixed",NA,"hd_exposurehigh_exposure",-0.0820751726625399,0.191023794140777,-0.429659420344534,59.2231772717374,0.669002648824323,0.813312602385536
"s__GGB55957_SGB77276","fixed",NA,"(Intercept)",-5.29095228388718,0.0887285405186763,-59.6307823047478,69.7976692524944,1.29461112085246e-61,7.84308096516443e-61
"s__GGB55957_SGB77276","fixed",NA,"hd_exposurehigh_exposure",-0.0140322553916788,0.124213917365145,-0.112968463513061,67.8678491829034,0.910389050914415,0.954760954236294
"s__GGB58158_SGB79798","fixed",NA,"(Intercept)",-6.35284184148882,0.0929148808577933,-68.3727061030393,62.3745102166951,2.27715311711839e-60,1.29766533797432e-59
"s__GGB58158_SGB79798","fixed",NA,"hd_exposurehigh_exposure",-0.0442341042078515,0.12976272417468,-0.340884522031964,60.5426106516328,0.734370661942045,0.858140998224412
"s__GGB58233_SGB79883","fixed",NA,"(Intercept)",-5.7878344365967,0.106182898085494,-54.5081603624776,63.9314952398543,2.58678460771146e-55,1.11320937600824e-54
"s__GGB58233_SGB79883","fixed",NA,"hd_exposurehigh_exposure",-0.0782899873515257,0.148580216009212,-0.526920672579125,62.0415871978445,0.600127722527753,0.77053435978872
"s__GGB58485_SGB80143","fixed",NA,"(Intercept)",-6.39687260467648,0.158842665762385,-40.2717530203481,68.34937192555,2.3972578314124e-49,8.10779884445168e-49
"s__GGB58485_SGB80143","fixed",NA,"hd_exposurehigh_exposure",0.00324585384104713,0.223255282897416,0.0145387549128617,66.9303834909163,0.988443412237087,0.990825203591875
"s__GGB6020_SGB14985","fixed",NA,"(Intercept)",-5.60328976413875,0.0709933369818454,-78.9269810710776,70.5615614232952,1.4244609150989e-70,1.72594875926547e-69
"s__GGB6020_SGB14985","fixed",NA,"hd_exposurehigh_exposure",-0.191032881106892,0.0988588553727041,-1.93238006232913,70.2388393447576,0.0573460132499286,0.109430924366836
"s__GGB6518_SGB9205","fixed",NA,"(Intercept)",-4.96300448952128,0.0680345178525275,-72.9483304383689,52.918402272446,8.78838907907395e-55,3.71793544768959e-54
"s__GGB6518_SGB9205","fixed",NA,"hd_exposurehigh_exposure",-0.12694675519155,0.0955838104913474,-1.3281198409959,51.5936528194806,0.189984116201125,0.326135044042647
"s__GGB6547_SGB9247","fixed",NA,"(Intercept)",-4.25261536558921,0.104654325122131,-40.6348744844173,68.8688263684377,7.36446888193246e-50,2.53191657428422e-49
"s__GGB6547_SGB9247","fixed",NA,"hd_exposurehigh_exposure",-0.097956806579778,0.147900827573647,-0.662314120798282,68.6819356210169,0.509986305036772,0.697111619590243
"s__GGB6565_SGB9274","fixed",NA,"(Intercept)",-5.97140550817759,0.138701354922646,-43.0522507260859,68.1319938772504,3.84365368531579e-51,1.38638144487691e-50
"s__GGB6565_SGB9274","fixed",NA,"hd_exposurehigh_exposure",0.25280574013973,0.196118756000331,1.2890441755571,68.0841822409496,0.201745263712143,0.343021919772146
"s__GGB6569_SGB9281","fixed",NA,"(Intercept)",-4.3145989356438,0.0720989485802775,-59.842744181488,68.312627066452,9.42437015084597e-61,5.4705181154678e-60
"s__GGB6569_SGB9281","fixed",NA,"hd_exposurehigh_exposure",0.0511982050477421,0.101882482809886,0.502522157251299,68.100213675264,0.616921471465521,0.780058760272513
"s__GGB6612_SGB9346","fixed",NA,"(Intercept)",-4.93841304483287,0.124600587963984,-39.6339465609933,67.9543301152995,1.06216122008078e-48,3.54432407128559e-48
"s__GGB6612_SGB9346","fixed",NA,"hd_exposurehigh_exposure",-0.133789983205195,0.176009471851594,-0.760129450976386,67.6495165371179,0.449818282822506,0.64230345190216
"s__GGB77437_SGB9391","fixed",NA,"(Intercept)",-5.63132014201946,0.0888376940104938,-63.388859928695,64.7750288499537,5.1824865043623e-60,2.84922606054808e-59
"s__GGB77437_SGB9391","fixed",NA,"hd_exposurehigh_exposure",-0.155993051988885,0.124748686401797,-1.25045847365843,63.2346641557301,0.215739618560488,0.362861245233812
"s__GGB781_SGB1024","fixed",NA,"(Intercept)",-5.21384366611058,0.198470840883736,-26.270073945849,68.0091767123694,2.48395811419885e-37,6.27526260429183e-37
"s__GGB781_SGB1024","fixed",NA,"hd_exposurehigh_exposure",0.0797786721630288,0.280259459522759,0.284660051435482,67.614385418627,0.776774643445226,0.884047680261033
"s__GGB79630_SGB13983","fixed",NA,"(Intercept)",-4.99867698997859,0.0689515768514116,-72.4954702740239,69.7386387461859,2.12286015687994e-67,1.90599242862314e-66
"s__GGB79630_SGB13983","fixed",NA,"hd_exposurehigh_exposure",0.0892178143307125,0.0967026269871205,0.922599696723804,67.9792390413638,0.359478876173693,0.543793499957296
"s__GGB79734_SGB15291","fixed",NA,"(Intercept)",-5.23415743925117,0.152613000070698,-34.2969303848719,64.3224075890657,4.69288640455009e-43,1.35572273909225e-42
"s__GGB79734_SGB15291","fixed",NA,"hd_exposurehigh_exposure",-0.030879813511707,0.21432703286562,-0.144078015259364,62.8029792783503,0.885900201723786,0.940038954443622
"s__GGB79916_SGB4587","fixed",NA,"(Intercept)",-5.18491851495671,0.148902420457041,-34.8209149256415,68.3747273953363,3.07112715073544e-45,9.37106768732966e-45
"s__GGB79916_SGB4587","fixed",NA,"hd_exposurehigh_exposure",0.203234393057048,0.208044171613733,0.976880974269179,66.4431668129225,0.332171508675356,0.512534563497566
"s__GGB79973_SGB14341","fixed",NA,"(Intercept)",-5.43566869967358,0.0828788643433694,-65.585704422221,74.1662857904819,1.99902082079414e-67,1.80781013358774e-66
"s__GGB79973_SGB14341","fixed",NA,"hd_exposurehigh_exposure",-0.244922333782279,0.116640731549629,-2.09980107744839,72.9702469658403,0.0392041636255244,0.0762099629355989
"s__GGB80011_SGB15265","fixed",NA,"(Intercept)",-4.44546165355106,0.188137939247876,-23.6287357633596,68.7658052446439,1.00044239718292e-34,2.41033226193878e-34
"s__GGB80011_SGB15265","fixed",NA,"hd_exposurehigh_exposure",0.0343237572364016,0.264285863028323,0.129873602935482,67.2501588987197,0.897054112385245,0.94608363401703
"s__GGB80011_SGB15267","fixed",NA,"(Intercept)",-3.95873827184178,0.058654659100553,-67.4923072190264,70.2854634004922,1.2034156728312e-65,9.32834012231884e-65
"s__GGB80011_SGB15267","fixed",NA,"hd_exposurehigh_exposure",-0.0654705096275216,0.0827645170793216,-0.791045630880375,69.6998994550903,0.431600948557211,0.624145983545074
"s__GGB80140_SGB15224","fixed",NA,"(Intercept)",-4.70626052771992,0.099466018667907,-47.3152599324699,67.1400467276594,2.71899835651959e-53,1.08759934260784e-52
"s__GGB80140_SGB15224","fixed",NA,"hd_exposurehigh_exposure",-0.0602126865166848,0.140232898590765,-0.429376324113505,66.3631602322264,0.669040212386762,0.813312602385536
"s__GGB8965_SGB13825","fixed",NA,"(Intercept)",-6.25278871144082,0.0982212587804781,-63.6602380083077,71.2790535096705,1.4737187829771e-64,1.07555616441837e-63
"s__GGB8965_SGB13825","fixed",NA,"hd_exposurehigh_exposure",-0.229313149313698,0.138019843219015,-1.6614505854047,69.8007887530109,0.101108390073914,0.186111018897116
"s__GGB9059_SGB13976","fixed",NA,"(Intercept)",-5.34907728541254,0.137279551437539,-38.9648511333192,65.7734993773045,3.63191839948906e-47,1.15628422514346e-46
"s__GGB9059_SGB13976","fixed",NA,"hd_exposurehigh_exposure",-0.0253259382671829,0.193084343113956,-0.131165157457825,64.5026200182045,0.89605290694333,0.94608363401703
"s__GGB9060_SGB13977","fixed",NA,"(Intercept)",-5.40346689187685,0.122618533624425,-44.0672933540978,69.2074887912818,2.25134452340119e-52,8.59228735536602e-52
"s__GGB9060_SGB13977","fixed",NA,"hd_exposurehigh_exposure",0.00897962398788146,0.172935042567015,0.0519248375262157,68.5050155138719,0.958739698539397,0.981338610167485
"s__GGB9061_SGB13979","fixed",NA,"(Intercept)",-5.83886483841562,0.179219269413259,-32.5794478324308,68.0298028360216,3.11313170566686e-43,9.03532178760988e-43
"s__GGB9061_SGB13979","fixed",NA,"hd_exposurehigh_exposure",0.044680694225154,0.253199710727373,0.176464238828704,67.7622301844321,0.860455586089067,0.927578322844339
"s__GGB9062_SGB13981","fixed",NA,"(Intercept)",-4.43625745875049,0.0624573896380511,-71.0285441716216,69.9056922418534,6.56760070996804e-67,5.65266599037249e-66
"s__GGB9062_SGB13981","fixed",NA,"hd_exposurehigh_exposure",0.131694600880474,0.0880526156706017,1.49563530711153,69.1092935118882,0.139301510297656,0.249066310675465
"s__GGB9063_SGB13982","fixed",NA,"(Intercept)",-4.96724783854421,0.0924773921739687,-53.7131045953352,68.4688388015516,1.04540559126442e-57,5.01794683806921e-57
"s__GGB9063_SGB13982","fixed",NA,"hd_exposurehigh_exposure",0.238374561641031,0.130480391302065,1.82689950008801,67.8701187532101,0.0721121786818415,0.135740571636407
"s__GGB9082_SGB14007","fixed",NA,"(Intercept)",-6.20078869237926,0.153822014725006,-40.3114515400456,68.9504270153345,1.13935362958418e-49,3.89565295813989e-49
"s__GGB9082_SGB14007","fixed",NA,"hd_exposurehigh_exposure",-0.100782579547587,0.217184421294384,-0.464041476579855,68.5225729015996,0.644088908276212,0.798200269803183
"s__GGB9186_SGB14125","fixed",NA,"(Intercept)",-5.00508713224756,0.0371262767418818,-134.812525560942,69.6383297607176,5.9912370512606e-86,3.25089732172749e-84
"s__GGB9186_SGB14125","fixed",NA,"hd_exposurehigh_exposure",0.0605452641663653,0.0519912687248985,1.16452753801275,67.7315931926806,0.248295664575548,0.408264808155841
"s__GGB9189_SGB14128","fixed",NA,"(Intercept)",-5.57593669919737,0.0948789928298551,-58.768928009139,73.9147746187557,8.4718041000735e-64,5.87378417605096e-63
"s__GGB9189_SGB14128","fixed",NA,"hd_exposurehigh_exposure",0.14164883466936,0.133057334029108,1.06456991418731,72.1184970737332,0.290621985350102,0.46203342384322
"s__GGB9261_SGB14209","fixed",NA,"(Intercept)",-6.11510746160541,0.178076867155244,-34.3397071124033,67.7054113506585,1.46494723768424e-44,4.40543169308418e-44
"s__GGB9261_SGB14209","fixed",NA,"hd_exposurehigh_exposure",0.0113744641342515,0.250999138027826,0.045316745800898,66.8678237455825,0.963989903359577,0.981338610167485
"s__GGB9290_SGB14247","fixed",NA,"(Intercept)",-5.85191881121405,0.069345687891944,-84.3876380652916,78.1105961061017,1.69448050819187e-78,4.22942334844691e-77
"s__GGB9290_SGB14247","fixed",NA,"hd_exposurehigh_exposure",0.0700899022589184,0.0966636144015138,0.725090849259831,76.6055405646035,0.470605417120579,0.659905124232003
"s__GGB9342_SGB14306","fixed",NA,"(Intercept)",-5.14529385241809,0.122627855633862,-41.9586057818767,54.9888493931575,1.90459951215432e-43,5.57967181025491e-43
"s__GGB9342_SGB14306","fixed",NA,"hd_exposurehigh_exposure",-0.205378640119452,0.172201048403927,-1.19266776841974,53.5653415043365,0.238256035284429,0.393832492761546
"s__GGB9345_SGB14311","fixed",NA,"(Intercept)",-4.62962863502301,0.0621072038431916,-74.542538522776,68.156616505497,4.69733143590367e-67,4.12835889578013e-66
"s__GGB9345_SGB14311","fixed",NA,"hd_exposurehigh_exposure",-0.123904952356116,0.087380139953595,-1.4179990146722,66.9272216617896,0.160830485981359,0.281509742643388
"s__GGB9359_SGB14334","fixed",NA,"(Intercept)",-6.12831349507217,0.0758388230439171,-80.8070754410753,66.1055092090153,8.29212475852943e-68,7.72281470048114e-67
"s__GGB9359_SGB14334","fixed",NA,"hd_exposurehigh_exposure",-0.0200772098086444,0.106185245886038,-0.189077207865508,64.2216262497164,0.850628578865746,0.924485962136268
"s__GGB9444_SGB14834","fixed",NA,"(Intercept)",-5.14998938391241,0.0454775495251261,-113.242455622352,78.187123714943,1.83819372603789e-88,1.27448098338627e-86
"s__GGB9444_SGB14834","fixed",NA,"hd_exposurehigh_exposure",0.113156177775153,0.063476475812137,1.78264745053029,76.2940800303874,0.0786217718251277,0.14732728414078
"s__GGB9453_SGB14844","fixed",NA,"(Intercept)",-5.66513831831796,0.0794070612257987,-71.3430043986744,55.2584572022498,4.2585715361258e-56,1.90638152580672e-55
"s__GGB9453_SGB14844","fixed",NA,"hd_exposurehigh_exposure",0.08720103114214,0.110619895909796,0.788294279477965,54.3107225305459,0.43395195884073,0.625371876019898
"s__GGB9453_SGB14845","fixed",NA,"(Intercept)",-5.71816386605874,0.117000189703556,-48.8731161936308,68.4353515902941,5.96784922758027e-55,2.54193714539938e-54
"s__GGB9453_SGB14845","fixed",NA,"hd_exposurehigh_exposure",-0.104330169993384,0.164018541812422,-0.636087657166837,66.6365166498891,0.526898073006974,0.708587063699034
"s__GGB9469_SGB14863","fixed",NA,"(Intercept)",-5.38721618670926,0.0769127104473777,-70.0432497486238,68.8003918891866,1.06663124856721e-65,8.31972373882426e-65
"s__GGB9469_SGB14863","fixed",NA,"hd_exposurehigh_exposure",0.195563171675874,0.108320937580913,1.80540508643394,67.7786281141136,0.0754524321785705,0.141814209877795
"s__GGB9480_SGB14874","fixed",NA,"(Intercept)",-6.01322632754221,0.150285936659805,-40.011903050876,64.414624106713,3.23904115851706e-47,1.03384229305097e-46
"s__GGB9480_SGB14874","fixed",NA,"hd_exposurehigh_exposure",0.202930718305949,0.210317449327502,0.964878182741507,62.5234658378543,0.338323109106429,0.517435343339244
"s__GGB9501_SGB14898","fixed",NA,"(Intercept)",-6.11699255396325,0.138001470980676,-44.3255605211616,69.3681811653758,1.25321899062272e-52,4.82721388980601e-52
"s__GGB9501_SGB14898","fixed",NA,"hd_exposurehigh_exposure",0.0892402492512908,0.193800401801025,0.460475047636454,67.8007199462166,0.646648791075444,0.799027417091242
"s__GGB9512_SGB14909","fixed",NA,"(Intercept)",-5.65991652586304,0.160428186290016,-35.2800630409874,68.8772528256375,7.91328260664433e-46,2.44449918145845e-45
"s__GGB9512_SGB14909","fixed",NA,"hd_exposurehigh_exposure",0.0398941350875893,0.226460134867836,0.176164052498122,68.3920587989958,0.860685655331526,0.927578322844339
"s__GGB9522_SGB14921","fixed",NA,"(Intercept)",-5.25439726936492,0.0516109438239891,-101.807812065678,48.4128834721817,3.92315836209225e-58,1.95063810194866e-57
"s__GGB9522_SGB14921","fixed",NA,"hd_exposurehigh_exposure",-0.0763623417799408,0.072166368034115,-1.05814306386934,46.7679247346278,0.295425172394989,0.467288485613366
"s__GGB9523_SGB14922","fixed",NA,"(Intercept)",-5.44369771638016,0.0939494202883657,-57.9428558438299,68.6801285243169,4.76486166148342e-60,2.64290993490281e-59
"s__GGB9523_SGB14922","fixed",NA,"hd_exposurehigh_exposure",0.234167310736082,0.132477841111947,1.76759606565602,67.9370397369801,0.0816189010673188,0.152485611574871
"s__GGB9531_SGB14932","fixed",NA,"(Intercept)",-5.92310159975041,0.0398101369181142,-148.783753543317,28.4744131098864,1.0193961151949e-42,2.93812090476497e-42
"s__GGB9531_SGB14932","fixed",NA,"hd_exposurehigh_exposure",0.00248952067680493,0.0554806523299496,0.0448718710443322,27.703667484695,0.964531321607429,0.981338610167485
"s__GGB9534_SGB14937","fixed",NA,"(Intercept)",-5.46771024754231,0.135127824767412,-40.4632447606818,68.3274548483245,1.80011638909876e-49,6.12137671279359e-49
"s__GGB9534_SGB14937","fixed",NA,"hd_exposurehigh_exposure",-0.157669527315283,0.190000442752804,-0.829837683696431,66.9818801001117,0.409578387056719,0.597165257076317
"s__GGB9537_SGB14940","fixed",NA,"(Intercept)",-5.97250135471339,0.0721602775690141,-82.767161600803,57.7633755913975,1.0309040342024e-61,6.30670703276762e-61
"s__GGB9537_SGB14940","fixed",NA,"hd_exposurehigh_exposure",-0.0730878369801285,0.100970664978425,-0.723852190096453,55.9588610301018,0.472171808974393,0.660617060089733
"s__GGB9561_SGB14972","fixed",NA,"(Intercept)",-6.10991309988152,0.12511733163049,-48.8334671164981,65.6208111261473,2.59138094813092e-53,1.03988534510205e-52
"s__GGB9561_SGB14972","fixed",NA,"hd_exposurehigh_exposure",-0.028784572655689,0.175338376355685,-0.164165844659686,63.8146828198522,0.870119454544644,0.932110797658126
"s__GGB9581_SGB4365","fixed",NA,"(Intercept)",-5.52291844302047,0.133843243460316,-41.2640810266825,66.6129821283332,3.62900608305199e-49,1.22075460691345e-48
"s__GGB9581_SGB4365","fixed",NA,"hd_exposurehigh_exposure",-0.00665517423730313,0.188801914891482,-0.03524950602926,65.9648927969915,0.971987237634485,0.984878062767938
"s__GGB9602_SGB15028","fixed",NA,"(Intercept)",-5.14921940337702,0.0714504107756235,-72.0670370888023,64.8870694074769,1.17919919879373e-63,7.99804673964446e-63
"s__GGB9602_SGB15028","fixed",NA,"hd_exposurehigh_exposure",-0.0235708710100147,0.100211923780286,-0.235210243660163,63.1787070537273,0.814806277390859,0.906384328587306
"s__GGB9602_SGB15031","fixed",NA,"(Intercept)",-5.07843527260944,0.109875617957532,-46.2198562976209,69.3356618951057,7.86529453348628e-54,3.22891038743121e-53
"s__GGB9602_SGB15031","fixed",NA,"hd_exposurehigh_exposure",0.019654191491201,0.154836229305857,0.126935353433187,68.4423548260497,0.899363754110579,0.946379397242835
"s__GGB9603_SGB15035","fixed",NA,"(Intercept)",-4.99169333117647,0.0592313252082461,-84.27455090067,55.5930495595504,2.42746420582559e-60,1.37703424039561e-59
"s__GGB9603_SGB15035","fixed",NA,"hd_exposurehigh_exposure",-0.00289552558188836,0.0828551104636188,-0.0349468556095857,53.8159115259478,0.972251420937579,0.984878062767938
"s__GGB9608_SGB15041","fixed",NA,"(Intercept)",-5.17575737077957,0.0969239777535639,-53.4001749694931,67.5225838823776,5.80519353843636e-57,2.71343877751632e-56
"s__GGB9608_SGB15041","fixed",NA,"hd_exposurehigh_exposure",-0.0729425322322663,0.136785209344509,-0.533263300775104,66.9818823068314,0.59561637673832,0.767902105546924
"s__GGB9614_SGB15049","fixed",NA,"(Intercept)",-4.7097914245275,0.186176587348384,-25.2974420232243,69.1467056009954,1.12332538003711e-36,2.80382014857263e-36
"s__GGB9614_SGB15049","fixed",NA,"hd_exposurehigh_exposure",-0.108226861324696,0.261737014006456,-0.413494674169494,67.7660715388046,0.680549861915981,0.820357083791511
"s__GGB9616_SGB15051","fixed",NA,"(Intercept)",-5.33265531634253,0.121016811952081,-44.0654090148573,68.9036415174492,3.26083086299479e-52,1.23318694455075e-51
"s__GGB9616_SGB15051","fixed",NA,"hd_exposurehigh_exposure",-0.0393729756918253,0.17055760995211,-0.230848542629559,68.0404064223079,0.818125211104406,0.906767551916784
"s__GGB9616_SGB15052","fixed",NA,"(Intercept)",-5.13770780303824,0.170435803009441,-30.1445336737942,67.0657267544572,1.02013218493089e-40,2.78583143718546e-40
"s__GGB9616_SGB15052","fixed",NA,"hd_exposurehigh_exposure",-0.207491466582798,0.239810205141596,-0.8652320132093,65.8596370464568,0.390052261437312,0.578129717664804
"s__GGB9618_SGB15065","fixed",NA,"(Intercept)",-5.728848530113,0.11680461402855,-49.0464231893506,63.7461080675296,2.42821374728486e-52,9.23905718479118e-52
"s__GGB9618_SGB15065","fixed",NA,"hd_exposurehigh_exposure",-0.0210528824154685,0.164090492261588,-0.128300440356451,62.2826603154682,0.898324604415209,0.94608363401703
"s__GGB9619_SGB15066","fixed",NA,"(Intercept)",-5.12200204412286,0.057102445627273,-89.6984706671919,66.5608218923894,3.71405132005255e-71,4.82826671606831e-70
"s__GGB9619_SGB15066","fixed",NA,"hd_exposurehigh_exposure",0.107560721902264,0.080344763965032,1.33873965886659,65.3562511957295,0.185293652413288,0.31896065960246
"s__GGB9619_SGB15067","fixed",NA,"(Intercept)",-5.58395406707131,0.16020348472565,-34.855384554424,71.4292779946038,1.40184026979321e-46,4.42910546000489e-46
"s__GGB9619_SGB15067","fixed",NA,"hd_exposurehigh_exposure",-0.114764294244236,0.224262964634236,-0.51173984269499,69.4827474678729,0.610455706449637,0.776806356568742
"s__GGB9621_SGB15073","fixed",NA,"(Intercept)",-5.10479667365086,0.114282152213017,-44.6683631240663,70.9471619301871,1.09774947741405e-53,4.43362895732276e-53
"s__GGB9621_SGB15073","fixed",NA,"hd_exposurehigh_exposure",0.10532847198068,0.160555456851688,0.656025488302007,69.4354784184277,0.513975787277253,0.699073733274803
"s__GGB9627_SGB15081","fixed",NA,"(Intercept)",-5.11798343442027,0.179754715750109,-28.4720398742427,68.0601256594866,1.56664434489097e-39,4.15994072856156e-39
"s__GGB9627_SGB15081","fixed",NA,"hd_exposurehigh_exposure",-0.378332347360812,0.253294125258418,-1.49364833067023,67.1586324630057,0.139951195404281,0.24915704973544
"s__GGB9634_SGB15093","fixed",NA,"(Intercept)",-5.16777556570585,0.0684813467727342,-75.4625282539477,63.6999652578553,4.9775828283279e-64,3.48990076952428e-63
"s__GGB9634_SGB15093","fixed",NA,"hd_exposurehigh_exposure",0.0742517949563791,0.0959570570377859,0.773802336675876,61.9034774914692,0.441992863610859,0.632576942415541
"s__GGB9634_SGB15095","fixed",NA,"(Intercept)",-4.92007926783322,0.105625720607262,-46.5803143358147,63.1185717391297,1.34979663092151e-50,4.77208553934856e-50
"s__GGB9634_SGB15095","fixed",NA,"hd_exposurehigh_exposure",0.0309149587907085,0.148596584614298,0.20804622711183,61.9109152657812,0.835875767047355,0.915063997609736
"s__GGB9635_SGB15103","fixed",NA,"(Intercept)",-4.10055917557568,0.0971657252752192,-42.2017039852372,65.7901879818342,2.28267218658606e-49,7.74123611103098e-49
"s__GGB9635_SGB15103","fixed",NA,"hd_exposurehigh_exposure",-0.0339288897112342,0.136989840070139,-0.247674496837595,65.0190928312936,0.805166752835292,0.901828531861372
"s__GGB9635_SGB15106","fixed",NA,"(Intercept)",-5.0662580294595,0.138240017855404,-36.6482738360083,69.8172028374396,2.47239956831747e-47,7.93201712406221e-47
"s__GGB9635_SGB15106","fixed",NA,"hd_exposurehigh_exposure",0.0623066479193342,0.194755615881427,0.319922214501215,68.8624311521918,0.74999595173235,0.867628552817614
"s__GGB9640_SGB15115","fixed",NA,"(Intercept)",-5.00161003115292,0.0405863278494845,-123.233864608336,77.1086798372098,2.60517429157942e-90,2.16750501059408e-88
"s__GGB9640_SGB15115","fixed",NA,"hd_exposurehigh_exposure",0.0553799932441619,0.0568525279183697,0.974099046636552,75.1730344879769,0.33313153636969,0.512534563497566
"s__GGB9642_SGB15119","fixed",NA,"(Intercept)",-4.63848863309602,0.102775364096758,-45.132300662337,67.2938134268186,4.86600763542481e-52,1.82365691561867e-51
"s__GGB9642_SGB15119","fixed",NA,"hd_exposurehigh_exposure",-0.0257463641594548,0.145056897137923,-0.177491485530499,66.7772219564495,0.859659646744649,0.927578322844339
"s__GGB9646_SGB15123","fixed",NA,"(Intercept)",-5.5719212930804,0.0473620225287421,-117.645341047229,74.8710372601312,1.03895023698639e-86,6.48304947879506e-85
"s__GGB9646_SGB15123","fixed",NA,"hd_exposurehigh_exposure",0.0854982839188198,0.0665533775079269,1.28465732499656,73.3752080239431,0.202952977912517,0.344137658199486
"s__GGB9691_SGB15198","fixed",NA,"(Intercept)",-4.71998434035901,0.0585722220092168,-80.5840068627802,72.2270806582218,1.74337983942122e-72,2.44464948269402e-71
"s__GGB9691_SGB15198","fixed",NA,"hd_exposurehigh_exposure",0.0571937602739922,0.0821583373846653,0.696140672932694,70.4683909117998,0.488630497600903,0.678321313688461
"s__GGB9695_SGB15209","fixed",NA,"(Intercept)",-5.67994863954297,0.0546865361060261,-103.863748629657,69.07865451758,1.32244090713439e-77,2.95914893919869e-76
"s__GGB9695_SGB15209","fixed",NA,"hd_exposurehigh_exposure",-0.102567242525196,0.0769343512186962,-1.33317875435947,67.8296662837475,0.186933567865318,0.321340348066002
"s__GGB9699_SGB15216","fixed",NA,"(Intercept)",-5.0294739126805,0.228705344194288,-21.9910642245767,69.5847875035472,4.80528411636812e-33,1.1064565640641e-32
"s__GGB9699_SGB15216","fixed",NA,"hd_exposurehigh_exposure",-0.419593147430277,0.321075750594306,-1.30683537032497,67.965689086164,0.195673188940028,0.333606748356769
"s__GGB9707_SGB15229","fixed",NA,"(Intercept)",-5.26076986726485,0.156770104661656,-33.5572262238311,69.4299813438124,1.21390486412558e-44,3.66816772500903e-44
"s__GGB9707_SGB15229","fixed",NA,"hd_exposurehigh_exposure",-0.102087156620782,0.221002559856455,-0.461927484853976,68.6222312011625,0.645594459581047,0.798515248322247
"s__GGB9708_SGB15233","fixed",NA,"(Intercept)",-5.52236925289697,0.109317011001204,-50.5170165404187,68.7526208593494,4.30380109987936e-56,1.91826563308908e-55
"s__GGB9708_SGB15233","fixed",NA,"hd_exposurehigh_exposure",0.0359311005450508,0.153222099357723,0.234503382316695,66.93294846422,0.815310082639838,0.906384328587306
"s__GGB9708_SGB15234","fixed",NA,"(Intercept)",-5.28922265150258,0.140178354378029,-37.7320926256472,69.3098030994525,6.10410795564942e-48,1.97355614731877e-47
"s__GGB9708_SGB15234","fixed",NA,"hd_exposurehigh_exposure",0.0827419759797524,0.19719810450228,0.419588089797261,68.0512584078798,0.676108076800385,0.816037601399305
"s__GGB9712_SGB15244","fixed",NA,"(Intercept)",-4.80661172652319,0.102129471333677,-47.063904901838,67.2417012016617,3.37700030144316e-53,1.34219629815321e-52
"s__GGB9712_SGB15244","fixed",NA,"hd_exposurehigh_exposure",-0.195570477546289,0.143810805662441,-1.3599150400794,66.1917352116181,0.178470944832433,0.310643987658127
"s__GGB9713_SGB15249","fixed",NA,"(Intercept)",-4.55908044687209,0.157069840804365,-29.025816945664,67.5555474450952,7.12743853030773e-40,1.90472018968395e-39
"s__GGB9713_SGB15249","fixed",NA,"hd_exposurehigh_exposure",-0.162243091073072,0.22179216847459,-0.731509557749148,67.1557270396684,0.467012926187814,0.657824076616695
"s__GGB9719_SGB15272","fixed",NA,"(Intercept)",-5.82470690622042,0.093459448763481,-62.323360380191,65.6653219682941,3.78232144914872e-60,2.10729337881143e-59
"s__GGB9719_SGB15272","fixed",NA,"hd_exposurehigh_exposure",-0.0877462124934298,0.130251696074205,-0.673666563569662,64.3296284377609,0.502936687667398,0.692023138047312
"s__GGB9724_SGB15278","fixed",NA,"(Intercept)",-6.02740766606609,0.0635486927419597,-94.8470756202721,66.5216902554308,1.00526784088526e-72,1.47596972402919e-71
"s__GGB9724_SGB15278","fixed",NA,"hd_exposurehigh_exposure",0.101011217904787,0.0893974473667805,1.12991165721273,65.2794888703119,0.262648149804955,0.428476981642593
"s__GGB9747_SGB15356","fixed",NA,"(Intercept)",-4.85818441296455,0.109308712333449,-44.4446221097596,64.4160511280855,4.69642592257266e-50,1.6279714159579e-49
"s__GGB9747_SGB15356","fixed",NA,"hd_exposurehigh_exposure",-0.0355683113555267,0.153739803274261,-0.231353953875402,63.1513415626386,0.817787805905031,0.906767551916784
"s__GGB9758_SGB15368","fixed",NA,"(Intercept)",-4.97047083670049,0.0981610387408395,-50.6358826318384,69.6902895322427,1.04720003025631e-56,4.80480013882307e-56
"s__GGB9758_SGB15368","fixed",NA,"hd_exposurehigh_exposure",0.0644436399404678,0.13788002560155,0.467389236833325,68.1545236118548,0.641712379864229,0.796872686637371
"s__GGB9759_SGB15370","fixed",NA,"(Intercept)",-5.95408886795099,0.121958331732114,-48.8206814851271,67.4384113856497,2.3752534032144e-54,9.94736995708582e-54
"s__GGB9759_SGB15370","fixed",NA,"hd_exposurehigh_exposure",-0.00319604916373188,0.170793884447786,-0.0187129016595964,65.5545432218412,0.985126975432972,0.98961195246339
"s__GGB9760_SGB15373","fixed",NA,"(Intercept)",-5.32618931345445,0.096880831054671,-54.9767095871506,67.9367594276611,4.70524956455112e-58,2.33021883196817e-57
"s__GGB9760_SGB15373","fixed",NA,"hd_exposurehigh_exposure",-0.213522607848842,0.135688099745335,-1.57362810924164,66.0554010305204,0.120351334365405,0.218629498235845
"s__GGB9760_SGB15374","fixed",NA,"(Intercept)",-6.05939562810809,0.104590105841251,-57.934692573169,55.3033763579569,3.38321588836109e-51,1.23097767599844e-50
"s__GGB9760_SGB15374","fixed",NA,"hd_exposurehigh_exposure",-0.0319740136461061,0.146470086061065,-0.218297227140126,53.5810141186998,0.828026839953157,0.911267633387601
"s__GGB9767_SGB15385","fixed",NA,"(Intercept)",-4.60336063579939,0.0495788323995275,-92.8493151815989,62.873961164567,5.24501205530922e-69,5.36538938116877e-68
"s__GGB9767_SGB15385","fixed",NA,"hd_exposurehigh_exposure",-0.110672013882934,0.0697974854200136,-1.58561606076427,61.8056119897144,0.117930082870843,0.214856559741332
"s__GGB9770_SGB15390","fixed",NA,"(Intercept)",-5.36947508386974,0.0695972752449958,-77.1506508691348,72.0085341172016,5.69430374069738e-71,7.10649106839032e-70
"s__GGB9770_SGB15390","fixed",NA,"hd_exposurehigh_exposure",-0.0988512771723681,0.0977306705827201,-1.01146627341209,70.411235388722,0.315256564787317,0.494271599063532
"s__GGB9774_SGB15394","fixed",NA,"(Intercept)",-5.37876218314176,0.0715433094303318,-75.1819034647754,72.1742133889629,2.70209285726278e-70,3.24251142871534e-69
"s__GGB9774_SGB15394","fixed",NA,"hd_exposurehigh_exposure",0.188505934926442,0.100301101922148,1.87940043841947,70.3530587123997,0.0643317318887015,0.122015199691641
"s__GGB9775_SGB15395","fixed",NA,"(Intercept)",-5.07812417824081,0.0439991803830704,-115.414063035473,67.7827629286195,1.53005569110015e-79,4.65734024998288e-78
"s__GGB9775_SGB15395","fixed",NA,"hd_exposurehigh_exposure",-0.0537670128147061,0.0621295464388238,-0.865401663082285,67.382594882216,0.389889089031029,0.578129717664804
"s__GGB9818_SGB15459","fixed",NA,"(Intercept)",-5.76445329247987,0.104004089523599,-55.4252560537236,65.1961220143334,1.43682937643881e-56,6.52059295198412e-56
"s__GGB9818_SGB15459","fixed",NA,"hd_exposurehigh_exposure",-0.139273598745704,0.146141383291758,-0.953005887919217,63.7573784426995,0.344186250910693,0.524221476213084
"s__GGB9819_SGB15460","fixed",NA,"(Intercept)",-5.88734210701723,0.0760213550578245,-77.4432671259163,62.1830520510366,1.48415311870259e-63,9.9581886674238e-63
"s__GGB9819_SGB15460","fixed",NA,"hd_exposurehigh_exposure",-0.031618870775605,0.106490389124302,-0.296917600129131,60.3794302587428,0.767548469154242,0.878002281855631
"s__Gordonibacter_pamelaeae","fixed",NA,"(Intercept)",-5.93030341496837,0.0666100107645197,-89.0302125296637,65.1361338228579,9.26138059974799e-70,1.08020588677435e-68
"s__Gordonibacter_pamelaeae","fixed",NA,"hd_exposurehigh_exposure",-0.0907811683960966,0.0929193307097424,-0.976989047410115,63.4551260797204,0.332284623469905,0.512534563497566
"s__Gordonibacter_urolithinfaciens","fixed",NA,"(Intercept)",-5.5618509562979,0.0493421360276297,-112.720109100739,54.4915083272647,2.97151739390341e-66,2.39255077909126e-65
"s__Gordonibacter_urolithinfaciens","fixed",NA,"hd_exposurehigh_exposure",-0.0637757114333786,0.069456498982721,-0.918210856686635,53.4735168205,0.3626316911447,0.546575302594911
"s__Granulicatella_SGB8255","fixed",NA,"(Intercept)",-6.09858599143065,0.0993900459276889,-61.3601285169711,77.4835557006948,1.892573851891e-67,1.72403807821895e-66
"s__Granulicatella_SGB8255","fixed",NA,"hd_exposurehigh_exposure",0.0036821494118117,0.138935003118387,0.0265026762814705,75.4669015297601,0.97892635636579,0.987989271871371
"s__Haemophilus_parainfluenzae","fixed",NA,"(Intercept)",-4.57290838257469,0.20280013821881,-22.5488425340262,66.7853600395405,6.11359984393726e-33,1.40253172890325e-32
"s__Haemophilus_parainfluenzae","fixed",NA,"hd_exposurehigh_exposure",-0.318233344784435,0.284259429497222,-1.11951728513388,64.9874456836154,0.267040201126887,0.433940326831191
"s__Haemophilus_SGB5071","fixed",NA,"(Intercept)",-4.99527532954099,0.0928592438290971,-53.7940556433407,73.8881989560067,5.23561134935206e-61,3.05329110466887e-60
"s__Haemophilus_SGB5071","fixed",NA,"hd_exposurehigh_exposure",-0.0436909093965259,0.130411040854108,-0.335024619927721,72.298823315408,0.738576619571466,0.862248476356585
"s__Harryflintia_acetispora","fixed",NA,"(Intercept)",-5.809609949495,0.0599640705842535,-96.8848494254923,60.3361239849566,6.32179981214222e-68,5.97697436784355e-67
"s__Harryflintia_acetispora","fixed",NA,"hd_exposurehigh_exposure",-0.0113039866374521,0.0841803879926307,-0.134282900174345,58.8024621232201,0.893637434268019,0.944400843337479
"s__Holdemanella_biformis","fixed",NA,"(Intercept)",-4.43208303828325,0.0942465498327494,-47.0264751988105,68.2843535116551,9.36672171127421e-54,3.80770967285675e-53
"s__Holdemanella_biformis","fixed",NA,"hd_exposurehigh_exposure",0.0303145520897889,0.132877054107297,0.228139856752921,67.5079225218586,0.82022713517977,0.907485341049959
"s__Holdemanella_porci","fixed",NA,"(Intercept)",-4.90428457960011,0.193505786892022,-25.344381986554,69.1562858550459,9.93530261285026e-37,2.4898107752685e-36
"s__Holdemanella_porci","fixed",NA,"hd_exposurehigh_exposure",-0.0906253716726444,0.272645746292411,-0.332392391610795,68.2293019968664,0.740612041842162,0.863010110381903
"s__Holdemania_filiformis","fixed",NA,"(Intercept)",-5.47498635148019,0.0666108477053749,-82.1936147051677,63.5846409091482,2.81607525192153e-66,2.28211812623251e-65
"s__Holdemania_filiformis","fixed",NA,"hd_exposurehigh_exposure",0.203037272179246,0.0934673366157981,2.17228049424197,61.9491527735562,0.0336699599975131,0.0657591706993683
"s__Holdemania_massiliensis","fixed",NA,"(Intercept)",-5.2303153371535,0.185552107913325,-28.1878518976281,72.0210369427208,1.21940366844608e-40,3.31550278479457e-40
"s__Holdemania_massiliensis","fixed",NA,"hd_exposurehigh_exposure",-0.302313768416565,0.260334706313634,-1.16125034843552,70.2963932784464,0.249468165267696,0.409652987176427
"s__Hungatella_effluvii","fixed",NA,"(Intercept)",-5.56044618288133,0.0783559159526464,-70.9639612437398,68.4152795687793,8.35865775379399e-66,6.60228156755373e-65
"s__Hungatella_effluvii","fixed",NA,"hd_exposurehigh_exposure",-0.0412014148660118,0.10942610962921,-0.376522705646968,66.5190351639841,0.707726703617435,0.837197086364511
"s__Hungatella_hathewayi","fixed",NA,"(Intercept)",-5.10358234044178,0.182851925073469,-27.9110123581755,73.9691208945397,5.14480889935203e-41,1.41114758382227e-40
"s__Hungatella_hathewayi","fixed",NA,"hd_exposurehigh_exposure",-0.0799065527365346,0.255914610003351,-0.312239120445246,71.9928434019409,0.755761378539641,0.86998059004479
"s__Hydrogeniiclostidium_mannosilyticum","fixed",NA,"(Intercept)",-6.10956487522801,0.0906166569708682,-67.4220952246355,75.9901483696935,1.50880897299745e-69,1.69639062909983e-68
"s__Hydrogeniiclostidium_mannosilyticum","fixed",NA,"hd_exposurehigh_exposure",-0.149441370250436,0.126586061501124,-1.18055154318162,74.011426187814,0.241561128674912,0.398240803944902
"s__Hydrogenoanaerobacterium_saccharovorans","fixed",NA,"(Intercept)",-4.77367904847045,0.208766004208073,-22.8661705078794,68.5386734927619,8.59182649202672e-34,2.01552621467093e-33
"s__Hydrogenoanaerobacterium_saccharovorans","fixed",NA,"hd_exposurehigh_exposure",-0.494184184478096,0.293359795003181,-1.68456684554452,67.0805263315399,0.0967198760465184,0.179089622115809
"s__Intestinibacillus_sp_Marseille_P6563","fixed",NA,"(Intercept)",-6.35655520702957,0.0713876582527588,-89.0427752164559,62.645324083011,1.11289440528971e-67,1.02880905022338e-66
"s__Intestinibacillus_sp_Marseille_P6563","fixed",NA,"hd_exposurehigh_exposure",-0.0428645943187893,0.0999823494815553,-0.428721614775586,60.8225396034193,0.669640440241587,0.813312602385536
"s__Intestinibacter_bartlettii","fixed",NA,"(Intercept)",-5.54111778857201,0.137794262419414,-40.2129790550067,67.0926231130519,1.09736351674743e-48,3.64595813195829e-48
"s__Intestinibacter_bartlettii","fixed",NA,"hd_exposurehigh_exposure",-0.0981691285594668,0.191883258929944,-0.511608616128978,66.6993975902547,0.610614612014372,0.776806356568742
"s__Intestinimonas_butyriciproducens","fixed",NA,"(Intercept)",-5.61127943845447,0.125610908365129,-44.6719119500629,69.2214008315725,8.89602776482016e-53,3.46945082827986e-52
"s__Intestinimonas_butyriciproducens","fixed",NA,"hd_exposurehigh_exposure",-0.147573936657769,0.175872945284884,-0.839094019939934,67.3061088117938,0.404386965147765,0.594461352442033
"s__Intestinimonas_massiliensis","fixed",NA,"(Intercept)",-5.9259575685638,0.109037704459632,-54.347783621561,69.9948843699084,5.56629631757048e-59,2.90658485536735e-58
"s__Intestinimonas_massiliensis","fixed",NA,"hd_exposurehigh_exposure",0.0220397939201622,0.152920113712897,0.144126193638211,68.2316609722681,0.88582566859437,0.940038954443622
"s__Intestinimonas_timonensis","fixed",NA,"(Intercept)",-5.33792507620913,0.0711117270607916,-75.0639211960901,68.4908127302873,1.65028607013379e-67,1.51438015847571e-66
"s__Intestinimonas_timonensis","fixed",NA,"hd_exposurehigh_exposure",0.210316091188162,0.0996945076730338,2.10960559510391,66.6975101492794,0.0386486051289085,0.075247206241619
"s__Klebsiella_pneumoniae","fixed",NA,"(Intercept)",-4.0855650009534,0.185811106025543,-21.9877330711963,70.0509961032573,3.65912990132608e-33,8.44102424557293e-33
"s__Klebsiella_pneumoniae","fixed",NA,"hd_exposurehigh_exposure",0.214199047018611,0.2595540608666,0.825257930095343,68.1185123744186,0.412105966627174,0.600126308460576
"s__Klebsiella_quasipneumoniae","fixed",NA,"(Intercept)",-4.77161360327678,0.170515402002711,-27.9834756698455,71.4268415455602,3.14877558860299e-40,8.52423413140245e-40
"s__Klebsiella_quasipneumoniae","fixed",NA,"hd_exposurehigh_exposure",-0.0845803422881352,0.238565828717026,-0.354536702691231,69.4555095523132,0.724010899476015,0.851616967526924
"s__Klebsiella_quasivariicola","fixed",NA,"(Intercept)",-5.28412778240524,0.0358490106348994,-147.399542939159,64.092339517965,7.4764098332014e-83,3.33234266851262e-81
"s__Klebsiella_quasivariicola","fixed",NA,"hd_exposurehigh_exposure",-0.0724376700792568,0.0499394028951173,-1.45051133733798,63.0940396350768,0.151869464717505,0.269223141999213
"s__Klebsiella_variicola","fixed",NA,"(Intercept)",-5.50882267379096,0.0847143086578633,-65.0282432928717,47.8377913581812,2.44764348385844e-48,8.05978645872121e-48
"s__Klebsiella_variicola","fixed",NA,"hd_exposurehigh_exposure",0.00523474024622088,0.118112382254484,0.0443199954678939,50.046322584205,0.964825700861782,0.981338610167485
"s__Kluyvera_genomosp_3","fixed",NA,"(Intercept)",-5.70400100745966,0.0836183396350008,-68.2147126139789,80.1456406866875,9.36637177474275e-73,1.40834120179264e-71
"s__Kluyvera_genomosp_3","fixed",NA,"hd_exposurehigh_exposure",0.19359730489042,0.116459863129359,1.66235215883244,79.3579835947726,0.10038743193258,0.185056890770842
"s__Lachnoclostridium_phocaeense","fixed",NA,"(Intercept)",-4.66385941986939,0.0515375415626603,-90.4944100641467,72.3614372861313,3.37796567967581e-76,6.48569410497755e-75
"s__Lachnoclostridium_phocaeense","fixed",NA,"hd_exposurehigh_exposure",0.0811983821032064,0.072104376455816,1.1261227971781,70.3822516632725,0.263938729527926,0.429459627706456
"s__Lachnoclostridium_sp_An131","fixed",NA,"(Intercept)",-6.23689349521462,0.0652353621361831,-95.6060224237691,64.3080195978734,4.80379331256471e-71,6.18055057121727e-70
"s__Lachnoclostridium_sp_An131","fixed",NA,"hd_exposurehigh_exposure",-0.141240495226772,0.0912737632154095,-1.54743806161952,62.4100743922499,0.126813948846055,0.229700737532478
"s__Lachnoclostridium_sp_An138","fixed",NA,"(Intercept)",-6.22065915567907,0.0789474952763635,-78.7948893616326,68.9880755485182,2.56306964935632e-69,2.85599189499704e-68
"s__Lachnoclostridium_sp_An138","fixed",NA,"hd_exposurehigh_exposure",-0.0873515635979297,0.111225695072659,-0.785354171451719,68.0423379482623,0.43497211047687,0.626119024077433
"s__Lachnospira_eligens","fixed",NA,"(Intercept)",-4.20344533601969,0.269398362950387,-15.6030841835286,69.3227974102266,2.24667430586899e-24,4.68871159485701e-24
"s__Lachnospira_eligens","fixed",NA,"hd_exposurehigh_exposure",-0.040677291220146,0.378249614475815,-0.107540866304695,67.7241081342731,0.914677864460231,0.955405227142626
"s__Lachnospira_pectinoschiza","fixed",NA,"(Intercept)",-4.45243741854775,0.176054615438874,-25.2900919833802,69.2887798805719,1.03290990423113e-36,2.58330974044179e-36
"s__Lachnospira_pectinoschiza","fixed",NA,"hd_exposurehigh_exposure",0.301206647253934,0.246589293414243,1.22149118107873,67.3988576179038,0.226155518874971,0.379357644564467
"s__Lachnospira_sp_NSJ_43","fixed",NA,"(Intercept)",-5.41414182460143,0.210938788842953,-25.6668858975593,66.5910594291865,2.99519220282408e-36,7.41666640699295e-36
"s__Lachnospira_sp_NSJ_43","fixed",NA,"hd_exposurehigh_exposure",-0.214524277502628,0.297351902834573,-0.72144914983771,65.7843235778539,0.473189637742793,0.661299740092952
"s__Lachnospiraceae_bacterium","fixed",NA,"(Intercept)",-5.5630861310824,0.245585054124662,-22.6523806626217,69.5907253435242,7.81512304614751e-34,1.83677468203241e-33
"s__Lachnospiraceae_bacterium","fixed",NA,"hd_exposurehigh_exposure",-0.260209142844093,0.344580004213192,-0.755148701789154,67.8908394464926,0.45277160434012,0.645781671104537
"s__Lachnospiraceae_bacterium_AM48_27BH","fixed",NA,"(Intercept)",-5.79481472025182,0.157488515550481,-36.7951574119342,65.7188699096394,1.41669333519826e-45,4.35476177913161e-45
"s__Lachnospiraceae_bacterium_AM48_27BH","fixed",NA,"hd_exposurehigh_exposure",0.144902257708587,0.220355083644147,0.657585272425983,63.8052812716021,0.513170040380511,0.699073733274803
"s__Lachnospiraceae_bacterium_BX3","fixed",NA,"(Intercept)",-5.95497363956575,0.173619850266671,-34.2989216406951,70.6620747321371,8.72282981615866e-46,2.68792385446074e-45
"s__Lachnospiraceae_bacterium_BX3","fixed",NA,"hd_exposurehigh_exposure",0.0801861483595853,0.243541706571009,0.329250170283279,68.9188172968832,0.742965121524823,0.864710801281245
"s__Lachnospiraceae_bacterium_Marseille_Q4251","fixed",NA,"(Intercept)",-5.30859287106611,0.165022206380453,-32.1689606962794,67.2865742743816,1.40107519631582e-42,4.01963642529228e-42
"s__Lachnospiraceae_bacterium_Marseille_Q4251","fixed",NA,"hd_exposurehigh_exposure",-0.370429361211715,0.231548288580878,-1.59979312946779,65.6096432555042,0.114449329412306,0.208819829103155
"s__Lachnospiraceae_bacterium_NSJ_29","fixed",NA,"(Intercept)",-5.88027729979548,0.0622091843055318,-94.5242630238537,70.6037523647703,4.39841382730875e-76,8.2213140998421e-75
"s__Lachnospiraceae_bacterium_NSJ_29","fixed",NA,"hd_exposurehigh_exposure",-0.152866419097418,0.086670087505813,-1.76377367897736,69.4668297062495,0.0821670349793454,0.153280208750707
"s__Lachnospiraceae_bacterium_NSJ_46","fixed",NA,"(Intercept)",-5.86603199501671,0.07739649596864,-75.791958299941,62.250779650424,4.95613769963755e-63,3.17192812776803e-62
"s__Lachnospiraceae_bacterium_NSJ_46","fixed",NA,"hd_exposurehigh_exposure",-0.0972713757416003,0.108090477920546,-0.899906981751917,60.4201707216157,0.371742551537528,0.557613827306293
"s__Lachnospiraceae_bacterium_OM04_12BH","fixed",NA,"(Intercept)",-5.3079665614611,0.149298094929649,-35.5528083862173,66.1646688849879,7.67694186730607e-45,2.32544258504805e-44
"s__Lachnospiraceae_bacterium_OM04_12BH","fixed",NA,"hd_exposurehigh_exposure",-0.158014990110527,0.209532943993986,-0.754129575514684,64.5295521381808,0.453514600363061,0.64610299229806
"s__Lachnotalea_sp_AF33_28","fixed",NA,"(Intercept)",-6.02394893474863,0.0794287718794651,-75.8408923140611,70.166859548494,4.53798929992817e-69,4.6805046663722e-68
"s__Lachnotalea_sp_AF33_28","fixed",NA,"hd_exposurehigh_exposure",-0.014315104463241,0.110903121934195,-0.129077560789813,68.2754549264637,0.897675771527602,0.94608363401703
"s__Lacrimispora_amygdalina","fixed",NA,"(Intercept)",-4.13388286811719,0.182352301832525,-22.669759726498,69.7456458477953,6.76373629003576e-34,1.59567918524851e-33
"s__Lacrimispora_amygdalina","fixed",NA,"hd_exposurehigh_exposure",-0.310265432062272,0.256437126576379,-1.20990839432862,68.4168810651952,0.230477921426414,0.385571643351428
"s__Lacrimispora_celerecrescens","fixed",NA,"(Intercept)",-5.2237543747435,0.197441480883964,-26.4572284980657,67.7930076796741,1.88618490667183e-37,4.78446903155782e-37
"s__Lacrimispora_celerecrescens","fixed",NA,"hd_exposurehigh_exposure",0.0785356478844269,0.278437597765812,0.28205834454326,67.074986524718,0.778767240779063,0.884350788437007
"s__Lacrimispora_saccharolytica","fixed",NA,"(Intercept)",-5.68353298748767,0.140586348907022,-40.4273461233889,68.9467316100119,9.46120343045605e-50,3.24384117615636e-49
"s__Lacrimispora_saccharolytica","fixed",NA,"hd_exposurehigh_exposure",0.285266009151008,0.198388655382487,1.43791492815465,68.3827875273594,0.155018917176779,0.273253684514999
"s__Lacticaseibacillus_paracasei","fixed",NA,"(Intercept)",-5.26338115707354,0.0421600567762489,-124.842838447947,59.3972222484796,1.33407895190334e-73,2.16224744412385e-72
"s__Lacticaseibacillus_paracasei","fixed",NA,"hd_exposurehigh_exposure",0.0325918028555167,0.058795166962602,0.554327924202468,57.8601903924897,0.581490784769614,0.758307731862569
"s__Lactobacillus_gasseri","fixed",NA,"(Intercept)",-4.80664468187831,0.0931815644587857,-51.5836443592262,66.5487652581704,2.16405881766621e-55,9.39080381124707e-55
"s__Lactobacillus_gasseri","fixed",NA,"hd_exposurehigh_exposure",-0.035150832533519,0.131261830159499,-0.267791729635389,65.5854576787265,0.789700037810739,0.892704390568661
"s__Lactococcus_petauri","fixed",NA,"(Intercept)",-5.40209452211294,0.0518275964341503,-104.232009465779,72.3504344269379,1.34981297752303e-80,4.81304741699642e-79
"s__Lactococcus_petauri","fixed",NA,"hd_exposurehigh_exposure",0.0360697485727808,0.0721756019563792,0.499749882163509,73.0028787506796,0.618754180278298,0.780371188156753
"s__Lactonifactor_sp_BIOML_A6","fixed",NA,"(Intercept)",-5.68819944505708,0.0690293564736868,-82.4026144184809,61.1603941888912,2.19096223836421e-64,1.5805322968084e-63
"s__Lactonifactor_sp_BIOML_A6","fixed",NA,"hd_exposurehigh_exposure",-0.00188670633428127,0.0962577877709509,-0.0196005578143013,59.6301062349216,0.984427457704326,0.98961195246339
"s__Lawsonibacter_asaccharolyticus","fixed",NA,"(Intercept)",-4.54446797397852,0.19111548995452,-23.7786480575696,70.2831678471389,2.46632809945465e-35,6.01167474242071e-35
"s__Lawsonibacter_asaccharolyticus","fixed",NA,"hd_exposurehigh_exposure",0.230230802796846,0.269194727060238,0.855257475921241,69.2828305737812,0.395356633204417,0.585296652715435
"s__Leuconostoc_lactis","fixed",NA,"(Intercept)",-5.82533078204439,0.0472051217757423,-123.404634135229,64.7409824949404,1.47855485676144e-78,3.76578869640464e-77
"s__Leuconostoc_lactis","fixed",NA,"hd_exposurehigh_exposure",-0.0752700569884663,0.0657314425874748,-1.14511494081843,64.7142099314071,0.256378906585046,0.418796957353583
"s__Ligilactobacillus_ruminis","fixed",NA,"(Intercept)",-4.89507048127707,0.225326480827343,-21.72434621667,67.729070420684,3.08391765843476e-32,6.97233557559163e-32
"s__Ligilactobacillus_ruminis","fixed",NA,"hd_exposurehigh_exposure",-0.243297821079875,0.317046849362544,-0.767387600820038,66.5207609016389,0.445566389501701,0.636960886710335
"s__Ligilactobacillus_salivarius","fixed",NA,"(Intercept)",-5.40906784205704,0.129814163488091,-41.6677787439831,71.076687060983,1.09911178418093e-51,4.0703012066997e-51
"s__Ligilactobacillus_salivarius","fixed",NA,"hd_exposurehigh_exposure",-0.143819800443147,0.18235431066183,-0.788683305161105,69.5437116185811,0.432977549410586,0.625371876019898
"s__Limosilactobacillus_fermentum","fixed",NA,"(Intercept)",-5.72908878292777,0.115691828010437,-49.5202546407249,66.2079520852001,4.82737091561901e-54,2.00151458561213e-53
"s__Limosilactobacillus_fermentum","fixed",NA,"hd_exposurehigh_exposure",-0.149728388412587,0.162888124826094,-0.919209970477852,65.1380313902362,0.361377240295045,0.54534316310546
"s__Limosilactobacillus_mucosae","fixed",NA,"(Intercept)",-5.15656191065227,0.0850213506767462,-60.6501998569475,64.3216800891993,1.74232261464617e-58,8.8391000938147e-58
"s__Limosilactobacillus_mucosae","fixed",NA,"hd_exposurehigh_exposure",0.079024231320454,0.119187467340167,0.663024670999299,62.5634305493305,0.509750291937674,0.697111619590243
"s__Longicatena_caecimuris","fixed",NA,"(Intercept)",-5.17537106984721,0.0884686503949055,-58.4994915910374,70.1518479613816,2.85159341972169e-61,1.68662966247046e-60
"s__Longicatena_caecimuris","fixed",NA,"hd_exposurehigh_exposure",-0.206580876870221,0.124438549624477,-1.66010354101384,68.8631226032927,0.101441009864122,0.18644827733494
"s__Massiliimalia_massiliensis","fixed",NA,"(Intercept)",-5.81921450662809,0.0597132809840114,-97.4526003383772,68.1960333002872,6.0082243272671e-75,9.99768528057245e-74
"s__Massiliimalia_massiliensis","fixed",NA,"hd_exposurehigh_exposure",-0.0825535962720581,0.0837948293216657,-0.985187235779873,66.5260781228783,0.328101707510926,0.509292202703527
"s__Massiliimalia_timonensis","fixed",NA,"(Intercept)",-5.9769732768312,0.120651476050849,-49.5391641484119,68.6665260008599,1.78463245783788e-55,7.78748708874713e-55
"s__Massiliimalia_timonensis","fixed",NA,"hd_exposurehigh_exposure",-0.0447078224866219,0.16948481956373,-0.263786589275099,67.1518511183967,0.792752185532363,0.894534111703788
"s__Massilimicrobiota_sp_An134","fixed",NA,"(Intercept)",-5.92517564038792,0.0756439049250217,-78.3298488656945,68.7142193004162,6.22136686688217e-69,6.31241126005606e-68
"s__Massilimicrobiota_sp_An134","fixed",NA,"hd_exposurehigh_exposure",0.0586397780156757,0.106521744067536,0.550495849734654,67.6681465474791,0.583792122657741,0.75972113563802
"s__Massilioclostridium_coli","fixed",NA,"(Intercept)",-6.32010986424264,0.08421491791164,-75.0473909013819,67.3159946631119,1.27590094878145e-66,1.0758948541076e-65
"s__Massilioclostridium_coli","fixed",NA,"hd_exposurehigh_exposure",0.107007099818334,0.118060725645635,0.906373387366098,65.5301347450832,0.3680590247287,0.55402263409682
"s__Mediterraneibacter_butyricigenes","fixed",NA,"(Intercept)",-6.42204847218536,0.128283041368946,-50.0615545410662,61.6335468110066,1.24488903279207e-51,4.59651335184764e-51
"s__Mediterraneibacter_butyricigenes","fixed",NA,"hd_exposurehigh_exposure",0.0929867006299816,0.17908479004027,0.519232820437025,59.8557976575803,0.605513096837883,0.774262648415653
"s__Mediterraneibacter_glycyrrhizinilyticus","fixed",NA,"(Intercept)",-5.44824203328417,0.168502854255531,-32.3332329138,68.5574983808762,3.09053652292056e-43,8.99065170304162e-43
"s__Mediterraneibacter_glycyrrhizinilyticus","fixed",NA,"hd_exposurehigh_exposure",0.133569740907742,0.236357480590912,0.565117467717996,66.8277216783988,0.573886187174529,0.752722609205182
"s__Mediterraneibacter_massiliensis","fixed",NA,"(Intercept)",-5.92167746244721,0.097190207612544,-60.9287458882115,68.7329350776306,1.48810725969898e-61,8.97177710195328e-61
"s__Mediterraneibacter_massiliensis","fixed",NA,"hd_exposurehigh_exposure",-0.105675982873251,0.136618355544551,-0.773512332600066,67.3326704029585,0.441926498635355,0.632576942415541
"s__Megamonas_funiformis","fixed",NA,"(Intercept)",-3.7322194117564,0.238491719958557,-15.6492620054271,68.3071967040581,2.79805890704278e-24,5.82967865774521e-24
"s__Megamonas_funiformis","fixed",NA,"hd_exposurehigh_exposure",0.353242510000396,0.336273937396049,1.05046056419282,67.5496767116012,0.297250053616592,0.469579831536085
"s__Megasphaera_elsdenii","fixed",NA,"(Intercept)",-5.64204060483176,0.0954857521780402,-59.0877746274832,68.7803718111293,1.09863935984788e-60,6.31844203267353e-60
"s__Megasphaera_elsdenii","fixed",NA,"hd_exposurehigh_exposure",-0.0246258343577554,0.134358565925695,-0.183284438830453,67.5728697640956,0.855123689271658,0.927188848141641
"s__Megasphaera_hominis","fixed",NA,"(Intercept)",-5.61861366943451,0.0776219457479966,-72.3843445985703,68.3328313259092,2.52016472361065e-66,2.06918787833295e-65
"s__Megasphaera_hominis","fixed",NA,"hd_exposurehigh_exposure",-0.168961545195295,0.109628023781578,-1.54122585965731,67.9806429490477,0.127904165391094,0.231339707837805
"s__Megasphaera_micronuciformis","fixed",NA,"(Intercept)",-6.07589897451744,0.120966677260045,-50.2278735941132,72.3772458366129,5.23371586952655e-58,2.58169067397989e-57
"s__Megasphaera_micronuciformis","fixed",NA,"hd_exposurehigh_exposure",-0.0917426311440936,0.170307874087958,-0.538686961101469,71.2673378473167,0.591781583112509,0.764346818562668
"s__Megasphaera_sp_AM44_1BH","fixed",NA,"(Intercept)",-4.98160363998362,0.155179790275281,-32.102141852019,69.65276091657,1.78700056319994e-43,5.25985071432434e-43
"s__Megasphaera_sp_AM44_1BH","fixed",NA,"hd_exposurehigh_exposure",0.117883057933177,0.219054842825332,0.538144039240318,69.1696677915076,0.592205091024286,0.764346818562668
"s__Megasphaera_sp_MJR8396C","fixed",NA,"(Intercept)",-5.21643946380794,0.146639019432623,-35.5733384196883,68.4015845634325,7.47039881630891e-46,2.31341382698599e-45
"s__Megasphaera_sp_MJR8396C","fixed",NA,"hd_exposurehigh_exposure",0.0736086270118789,0.206374985278251,0.356674172078723,67.2337880718526,0.722452705607158,0.850585826978993
"s__Megasphaera_sp_NM10","fixed",NA,"(Intercept)",-4.57883455926254,0.171027592925191,-26.7724902218869,69.3895380474177,2.65139559212785e-38,6.82256020407332e-38
"s__Megasphaera_sp_NM10","fixed",NA,"hd_exposurehigh_exposure",0.264728578059233,0.240148280235968,1.10235466936974,67.8009824654046,0.274205180721015,0.441902506149169
"s__Merdimonas_faecis","fixed",NA,"(Intercept)",-5.68417823978837,0.118297085721013,-48.0500276498248,72.4728825861295,1.04578679394333e-56,4.80480013882307e-56
"s__Merdimonas_faecis","fixed",NA,"hd_exposurehigh_exposure",-0.223352112587213,0.166119071678897,-1.34453022359134,70.875239611871,0.183064396159692,0.31687152067586
"s__Mesosutterella_multiformis","fixed",NA,"(Intercept)",-4.57253264447413,0.228075953633315,-20.0482890529772,68.1742426895624,2.7028636265418e-30,5.99142771922588e-30
"s__Mesosutterella_multiformis","fixed",NA,"hd_exposurehigh_exposure",-0.350951252078661,0.32150259709698,-1.09159694275439,67.3559044294121,0.278899634569002,0.447736437088284
"s__Methanobrevibacter_smithii","fixed",NA,"(Intercept)",-5.24605697397116,0.112220343885866,-46.7478247910796,63.4483628869272,7.03738307584131e-51,2.50932973675713e-50
"s__Methanobrevibacter_smithii","fixed",NA,"hd_exposurehigh_exposure",-0.235957009200131,0.15772919751561,-1.49596278252021,62.071344254015,0.139730817540924,0.24915704973544
"s__Methylobacterium_SGB15164","fixed",NA,"(Intercept)",-5.70924956908347,0.10262119262105,-55.6342157332557,82.4962524719552,3.48273807069015e-67,3.10461222301522e-66
"s__Methylobacterium_SGB15164","fixed",NA,"hd_exposurehigh_exposure",0.00585430749718334,0.143464895234123,0.0408065505337009,80.4610349853252,0.96755120497662,0.983309367924122
"s__Mitsuokella_multacida","fixed",NA,"(Intercept)",-4.84486183604142,0.126069204541611,-38.4301769306581,69.2763312080026,1.88087581806129e-48,6.20987571677377e-48
"s__Mitsuokella_multacida","fixed",NA,"hd_exposurehigh_exposure",0.200654038527346,0.177848468573235,1.12823034202693,68.6368894816952,0.263150946365299,0.428736789900644
"s__Mogibacterium_sp_BX12","fixed",NA,"(Intercept)",-5.82204173609259,0.106610780615296,-54.6102533204533,69.1316666487717,1.35102231696162e-58,6.91014693265618e-58
"s__Mogibacterium_sp_BX12","fixed",NA,"hd_exposurehigh_exposure",-0.229968726883433,0.149902440875823,-1.53412263029082,67.77984833606,0.129654361064785,0.233827518220883
"s__Mogibacterium_sp_NSJ_24","fixed",NA,"(Intercept)",-5.56022070892088,0.0738190146578009,-75.3223371335437,67.5829545225071,6.29470617023863e-67,5.45541201420681e-66
"s__Mogibacterium_sp_NSJ_24","fixed",NA,"hd_exposurehigh_exposure",0.0302479638076284,0.103496894589395,0.292259626992981,65.8055285899031,0.771007597110111,0.880811768857233
"s__Morganella_morganii","fixed",NA,"(Intercept)",-5.54624452971981,0.0520834733590069,-106.487608679437,54.4413955170692,7.25401464996672e-65,5.35681081843697e-64
"s__Morganella_morganii","fixed",NA,"hd_exposurehigh_exposure",-0.00167729120602812,0.0725286701270359,-0.023125905977461,54.8730162350794,0.981633733663243,0.989562923757454
"s__Murimonas_intestini","fixed",NA,"(Intercept)",-5.6772942632415,0.055488719331957,-102.31438626791,50.2807345727133,5.13489050793336e-60,2.83555015659329e-59
"s__Murimonas_intestini","fixed",NA,"hd_exposurehigh_exposure",-0.035145542134953,0.0776816208585946,-0.452430597437316,48.6294326648187,0.652970721410965,0.802074271969374
"s__Negativibacillus_massiliensis","fixed",NA,"(Intercept)",-4.96998555743209,0.148847508021319,-33.3897800742507,68.8699191892638,2.87680988397963e-44,8.58913573015929e-44
"s__Negativibacillus_massiliensis","fixed",NA,"hd_exposurehigh_exposure",0.0739088537757079,0.20935125415058,0.353037549622452,67.5748144194762,0.725159200114834,0.852164483750765
"s__Neobittarella_massiliensis","fixed",NA,"(Intercept)",-6.09237698778326,0.0676943265863162,-89.9983395213327,68.8823750132176,3.55420892023664e-73,5.47611448451275e-72
"s__Neobittarella_massiliensis","fixed",NA,"hd_exposurehigh_exposure",0.0331298553761227,0.0948532072204988,0.3492750150146,67.0308345155399,0.72797773195904,0.853868617936919
"s__Nitrosopumilus_SGB14899","fixed",NA,"(Intercept)",-5.64098466324678,0.103204755384378,-54.6581854899746,68.7852218746832,2.07811690024524e-58,1.04576205302664e-57
"s__Nitrosopumilus_SGB14899","fixed",NA,"hd_exposurehigh_exposure",0.0897905783092392,0.145421171141392,0.617451899228184,67.8717909891182,0.539002817631407,0.720634320183483
"s__Odoribacter_splanchnicus","fixed",NA,"(Intercept)",-3.37954823549329,0.237988532602671,-14.2004667138124,70.7801324979257,2.10459726321877e-22,4.33422010643073e-22
"s__Odoribacter_splanchnicus","fixed",NA,"hd_exposurehigh_exposure",-0.374132888184659,0.335192938139596,-1.116171749504,69.7615759011861,0.268178516610325,0.435223392366301
"s__Olsenella_SGB72492","fixed",NA,"(Intercept)",-4.82097247566203,0.0343230046009171,-140.458929272562,22.9501390836626,3.46582132055607e-35,8.41506810905442e-35
"s__Olsenella_SGB72492","fixed",NA,"hd_exposurehigh_exposure",-0.0117699655538764,0.0478458434085259,-0.245997660724256,24.1228895229062,0.807765117351379,0.901828531861372
"s__Olsenella_sp_AF16_14LB","fixed",NA,"(Intercept)",-5.10610043127456,0.110635964197304,-46.1522658415896,68.1029943880487,4.07850246480643e-53,1.61075034053115e-52
"s__Olsenella_sp_AF16_14LB","fixed",NA,"hd_exposurehigh_exposure",0.0748873403585282,0.155994437284927,0.480064171914957,67.3424129185107,0.632737446927189,0.792074362186418
"s__Oscillibacter_SGB15077","fixed",NA,"(Intercept)",-6.15589716563005,0.0548206329726645,-112.291610509123,89.0370678989509,1.06294543270103e-97,1.65819487501361e-95
"s__Oscillibacter_SGB15077","fixed",NA,"hd_exposurehigh_exposure",-0.00820761524735035,0.0765223587167568,-0.107257739894432,87.1199481623194,0.914831126951473,0.955405227142626
"s__Oscillibacter_sp_ER4","fixed",NA,"(Intercept)",-3.61646404967705,0.164626566263108,-21.9676819590416,68.6379918779521,9.11369296344668e-33,2.08312982021638e-32
"s__Oscillibacter_sp_ER4","fixed",NA,"hd_exposurehigh_exposure",0.131601536313504,0.231752899882034,0.567852813839619,67.5246844918124,0.572018303091426,0.751451412903262
"s__Oscillibacter_valericigenes","fixed",NA,"(Intercept)",-5.80912856436141,0.095103826338717,-61.0819647116185,65.2473995011125,2.64606683296095e-59,1.39927602014206e-58
"s__Oscillibacter_valericigenes","fixed",NA,"hd_exposurehigh_exposure",0.0516192487587299,0.133429832671429,0.386864374519919,63.5762967533522,0.700148535205309,0.833764667878078
"s__Oscillospiraceae_bacterium_Marseille_Q3528","fixed",NA,"(Intercept)",-5.74887196938287,0.130758875458403,-43.9654436398981,67.5988868561694,1.84700863802957e-51,6.77960817723796e-51
"s__Oscillospiraceae_bacterium_Marseille_Q3528","fixed",NA,"hd_exposurehigh_exposure",-0.0587445365270052,0.183698101929057,-0.31978847854232,66.1058709379628,0.750137186290228,0.867628552817614
"s__Oscillospiraceae_bacterium_NSJ_64","fixed",NA,"(Intercept)",-6.29134934957792,0.0405872043051294,-155.008196728219,50.082428457173,7.79156669802677e-69,7.71736130090271e-68
"s__Oscillospiraceae_bacterium_NSJ_64","fixed",NA,"hd_exposurehigh_exposure",0.0115361454660454,0.0565166757129605,0.20411932089983,49.9411768643441,0.839089797857107,0.916171537817733
"s__Oscillospiraceae_unclassified_SGB15256","fixed",NA,"(Intercept)",-5.97589946045898,0.091378853277016,-65.396962712401,62.4014602917972,3.36752905258698e-59,1.77328112136226e-58
"s__Oscillospiraceae_unclassified_SGB15256","fixed",NA,"hd_exposurehigh_exposure",-0.0375495941999094,0.128678440841932,-0.291809521115004,61.3912265782155,0.771416076411022,0.880811768857233
"s__Oxalobacter_formigenes","fixed",NA,"(Intercept)",-5.56066730616978,0.0344801475365364,-161.271563594022,56.3770326160981,8.0135492535156e-77,1.63949335547336e-75
"s__Oxalobacter_formigenes","fixed",NA,"hd_exposurehigh_exposure",0.0886756632760876,0.048035743961379,1.84603497236107,55.3772244365495,0.0702347585224405,0.132807543387888
"s__Parabacteroides_distasonis","fixed",NA,"(Intercept)",-2.72982286791883,0.232005253646617,-11.766211432767,69.8241623792641,3.1203579317379e-18,6.3320434126974e-18
"s__Parabacteroides_distasonis","fixed",NA,"hd_exposurehigh_exposure",-0.213778941322236,0.326632123987966,-0.654494538724895,68.7220014951072,0.514977777912108,0.699338701669543
"s__Parabacteroides_faecis","fixed",NA,"(Intercept)",-5.9472173343394,0.0925996339072202,-64.2250631389988,76.7462619518266,1.8016004751506e-68,1.77039164802201e-67
"s__Parabacteroides_faecis","fixed",NA,"hd_exposurehigh_exposure",-0.104706642019099,0.12983038191142,-0.8064879766782,74.9062673038238,0.422514720936653,0.613545976737757
"s__Parabacteroides_goldsteinii","fixed",NA,"(Intercept)",-4.87517582909076,0.147982081133807,-32.9443659106441,67.0868158242026,3.75353357334612e-43,1.08687004629605e-42
"s__Parabacteroides_goldsteinii","fixed",NA,"hd_exposurehigh_exposure",-0.0403642285803028,0.207982524449931,-0.194075096871997,65.670280378276,0.846716173418356,0.922383430675955
"s__Parabacteroides_gordonii","fixed",NA,"(Intercept)",-5.85693413582708,0.141178798079812,-41.485932841814,70.3260637412876,3.49390548447053e-51,1.26755640831954e-50
"s__Parabacteroides_gordonii","fixed",NA,"hd_exposurehigh_exposure",0.0146446189768336,0.19831172585226,0.0738464602327329,68.7922586427847,0.941346867243011,0.974938498190272
"s__Parabacteroides_johnsonii","fixed",NA,"(Intercept)",-4.72320340969874,0.173515428137228,-27.2206538657952,67.9799821113715,2.78701246629906e-38,7.15677275296549e-38
"s__Parabacteroides_johnsonii","fixed",NA,"hd_exposurehigh_exposure",-0.0961047551904097,0.2451955180998,-0.391951516631282,67.7702394870648,0.696323901531244,0.830056060037895
"s__Parabacteroides_merdae","fixed",NA,"(Intercept)",-4.01984553150195,0.317439491559666,-12.6633441597054,69.6400066233782,9.71922702824519e-20,1.98520381853519e-19
"s__Parabacteroides_merdae","fixed",NA,"hd_exposurehigh_exposure",0.175051914313249,0.446702245062705,0.39187605669785,68.4417355143714,0.696367357593073,0.830056060037895
"s__Parabacteroides_sp_TM07_1AC","fixed",NA,"(Intercept)",-4.91346958325684,0.0650645096007512,-75.516892594855,67.2539835992591,9.3849026269499e-67,7.96759080165543e-66
"s__Parabacteroides_sp_TM07_1AC","fixed",NA,"hd_exposurehigh_exposure",-0.109080304190888,0.0914111719985818,-1.19329291820676,65.7719956091929,0.237041347395586,0.392344299137521
"s__Paraprevotella_clara","fixed",NA,"(Intercept)",-5.22340046146457,0.241282833887233,-21.6484545432096,66.4579203165968,8.21952442900124e-32,1.85161849952952e-31
"s__Paraprevotella_clara","fixed",NA,"hd_exposurehigh_exposure",-0.104106695012964,0.340442561119816,-0.30579811957273,65.8696804708386,0.76072273500538,0.873396479564595
"s__Parasutterella_excrementihominis","fixed",NA,"(Intercept)",-4.88774543010931,0.210492083270518,-23.2205665608227,68.240644544239,4.09872337352008e-34,9.7062747061728e-34
"s__Parasutterella_excrementihominis","fixed",NA,"hd_exposurehigh_exposure",-0.61829452634177,0.296949319882541,-2.08215505119304,67.6073742241138,0.0411157969417118,0.0798017334109741
"s__Paratractidigestivibacter_faecalis","fixed",NA,"(Intercept)",-5.57403740699036,0.124830038357185,-44.6530136523788,68.1813117079177,3.27085672349909e-52,1.23324144740993e-51
"s__Paratractidigestivibacter_faecalis","fixed",NA,"hd_exposurehigh_exposure",0.204150142390951,0.17510542715226,1.16586987457239,66.4602473309359,0.247834074908894,0.408043437317017
"s__Phascolarctobacterium_faecium","fixed",NA,"(Intercept)",-4.0057112328214,0.21573078123314,-18.5681023817015,69.1730324137207,1.3959741303755e-28,3.0457617390011e-28
"s__Phascolarctobacterium_faecium","fixed",NA,"hd_exposurehigh_exposure",0.0119239888824086,0.30367206325882,0.0392660054219271,68.041271815458,0.968793295360269,0.98377057169212
"s__Phascolarctobacterium_SGB4573","fixed",NA,"(Intercept)",-5.47076715669493,0.052430577063852,-104.343065879905,89.1915143144332,5.19526770134144e-95,7.20410454586013e-93
"s__Phascolarctobacterium_SGB4573","fixed",NA,"hd_exposurehigh_exposure",-0.0532325844637513,0.0731655813637913,-0.727563199410254,87.3246767246686,0.468827256277528,0.658151198913785
"s__Phascolarctobacterium_succinatutens","fixed",NA,"(Intercept)",-4.23692837885574,0.102871934088104,-41.1864364796239,64.9195622305364,2.96978928137715e-48,9.72781370907791e-48
"s__Phascolarctobacterium_succinatutens","fixed",NA,"hd_exposurehigh_exposure",0.032453016930777,0.145120455218442,0.223628136239837,64.2895487682241,0.823755768557691,0.910582107316208
"s__Phocaeicola_coprocola","fixed",NA,"(Intercept)",-4.24825082620758,0.254569457973452,-16.6879831540931,68.2422097795857,8.7493159737308e-26,1.84445039446217e-25
"s__Phocaeicola_coprocola","fixed",NA,"hd_exposurehigh_exposure",-0.173868062626194,0.359679679244076,-0.483396957513989,67.9930458982278,0.630366979643391,0.791446670618664
"s__Phocaeicola_dorei","fixed",NA,"(Intercept)",-3.46085014881169,0.342621898724202,-10.1010769063467,69.5721525303469,2.80982111998877e-15,5.64679027012236e-15
"s__Phocaeicola_dorei","fixed",NA,"hd_exposurehigh_exposure",-0.375426020172343,0.482784789082052,-0.777626032680448,68.660819146084,0.439460771757308,0.630405817324091
"s__Phocaeicola_massiliensis","fixed",NA,"(Intercept)",-5.17154454349882,0.266418479111338,-19.4113582539355,67.2735845589201,2.83056001640855e-29,6.20832847184159e-29
"s__Phocaeicola_massiliensis","fixed",NA,"hd_exposurehigh_exposure",0.366542495203937,0.375982740963627,0.974891810896704,66.7311253261091,0.333134789132864,0.512534563497566
"s__Phocaeicola_plebeius","fixed",NA,"(Intercept)",-5.08481888767195,0.304673227086936,-16.6894181556066,68.3757942099723,8.23653054211865e-26,1.73928766777734e-25
"s__Phocaeicola_plebeius","fixed",NA,"hd_exposurehigh_exposure",0.00665126093866821,0.429899161650378,0.0154716769233373,67.7900530215678,0.987701325427698,0.990825203591875
"s__Phocaeicola_sartorii","fixed",NA,"(Intercept)",-6.57027813899321,0.0485931547414633,-135.209952388355,52.9561453992357,6.32781690416132e-69,6.36864152934945e-68
"s__Phocaeicola_sartorii","fixed",NA,"hd_exposurehigh_exposure",0.0299379744642457,0.067700095561207,0.442214655918455,54.356342188565,0.660088453312028,0.806057132811557
"s__Phocaeicola_SGB6473","fixed",NA,"(Intercept)",-4.22869899539864,0.0347283095805786,-121.765183692197,68.8107800947533,4.2868683070192e-82,1.67187863973749e-80
"s__Phocaeicola_SGB6473","fixed",NA,"hd_exposurehigh_exposure",0.0364509731388718,0.0490767404249413,0.742734191864687,68.6109237517881,0.460178101165466,0.651136360832769
"s__Phocaeicola_vulgatus","fixed",NA,"(Intercept)",-2.71413668677313,0.255208910380992,-10.6349605220339,72.2894362611154,1.95339551915119e-16,3.93199614177531e-16
"s__Phocaeicola_vulgatus","fixed",NA,"hd_exposurehigh_exposure",-0.152876362479556,0.35835899392841,-0.426601159925392,70.6844788368502,0.670966337038265,0.813312602385536
"s__Phocea_massiliensis","fixed",NA,"(Intercept)",-5.87573170230784,0.189309734480852,-31.0376627933105,69.0241842442977,2.81584525783537e-42,7.96865052557492e-42
"s__Phocea_massiliensis","fixed",NA,"hd_exposurehigh_exposure",0.262283169679484,0.265076207355375,0.989463265286023,67.1147251209395,0.325990451490229,0.507910216554064
"s__Prevotella_bivia","fixed",NA,"(Intercept)",-5.79680273186673,0.111020353249108,-52.2138739629103,64.9785050406634,8.76729986979133e-55,3.71793544768959e-54
"s__Prevotella_bivia","fixed",NA,"hd_exposurehigh_exposure",0.0412372793182617,0.154592101977689,0.266748939892241,65.0548610239667,0.790506208610887,0.892807012078178
"s__Prevotella_buccalis","fixed",NA,"(Intercept)",-5.52789527528028,0.0436864469284856,-126.535703036903,52.5983876922616,4.89536755403472e-67,4.2723207744303e-66
"s__Prevotella_buccalis","fixed",NA,"hd_exposurehigh_exposure",-0.0728568496842598,0.060832581026187,-1.19766165523861,52.4167596398701,0.236436680926447,0.39186318432431
"s__Prevotella_copri_clade_A","fixed",NA,"(Intercept)",-3.15653731472119,0.351731013976144,-8.97429339266422,68.5342554724711,3.51745340687089e-13,7.03490681374178e-13
"s__Prevotella_copri_clade_A","fixed",NA,"hd_exposurehigh_exposure",-0.107304857353374,0.495832917528814,-0.216413339171129,67.7249273843611,0.829316117407091,0.911647077992879
"s__Prevotella_copri_clade_B","fixed",NA,"(Intercept)",-4.87522550085079,0.211452033613299,-23.0559404775767,67.3175855060692,1.15270534603523e-33,2.68892761093825e-33
"s__Prevotella_copri_clade_B","fixed",NA,"hd_exposurehigh_exposure",0.0450627088547742,0.298594267108924,0.150916189018243,66.9276889148879,0.880495776659243,0.938393449419928
"s__Prevotella_copri_clade_C","fixed",NA,"(Intercept)",-4.80750917946312,0.23318130346788,-20.6170439394827,68.272463635036,4.95564767621354e-31,1.10440148212759e-30
"s__Prevotella_copri_clade_C","fixed",NA,"hd_exposurehigh_exposure",0.235730639441175,0.329152058578339,0.716175497912223,67.7839395266366,0.47634314570093,0.664962243663043
"s__Prevotella_copri_clade_D","fixed",NA,"(Intercept)",-5.43899065507957,0.262953765421723,-20.6842090523273,67.6414114608194,5.85573331066274e-31,1.3026658060084e-30
"s__Prevotella_copri_clade_D","fixed",NA,"hd_exposurehigh_exposure",-0.165583131106644,0.370963328332388,-0.446359837914436,67.0128201914042,0.656776394772607,0.80595569388025
"s__Prevotella_copri_clade_E","fixed",NA,"(Intercept)",-4.21495712839404,0.0850697457626195,-49.5470756449132,68.1054932210965,3.71261155679719e-55,1.58676000783661e-54
"s__Prevotella_copri_clade_E","fixed",NA,"hd_exposurehigh_exposure",0.0686159177649403,0.120002980250614,0.571785114183356,67.4562013783172,0.569368065893465,0.750339330765622
"s__Prevotella_copri_clade_G","fixed",NA,"(Intercept)",-5.80230343955946,0.253743424376031,-22.8668130172344,66.5044278266878,3.20429474806591e-33,7.40548119553011e-33
"s__Prevotella_copri_clade_G","fixed",NA,"hd_exposurehigh_exposure",0.103661799961556,0.35749854057001,0.289964260542921,65.5770536212463,0.772758488070063,0.881538019297476
"s__Prevotella_disiens","fixed",NA,"(Intercept)",-5.43270054666134,0.0576642304431816,-94.2126601691902,80.0480644071318,8.93102704619535e-84,4.12811916801918e-82
"s__Prevotella_disiens","fixed",NA,"hd_exposurehigh_exposure",-0.0853282747350131,0.080333948580859,-1.06216955897701,81.5774437015836,0.291293056448065,0.462511112528225
"s__Prevotella_SGB1635","fixed",NA,"(Intercept)",-5.75805708919268,0.129601117257678,-44.4290698338987,69.9733222196882,5.14345996393017e-53,2.02493313406462e-52
"s__Prevotella_SGB1635","fixed",NA,"hd_exposurehigh_exposure",0.0967916735959131,0.182824436850314,0.52942415829871,69.3231402652932,0.598202624198016,0.769646262885695
"s__Prevotella_SGB1680","fixed",NA,"(Intercept)",-5.0916000711058,0.169476764813057,-30.0430567973265,67.8286069320041,6.46290827648624e-41,1.76879594935413e-40
"s__Prevotella_SGB1680","fixed",NA,"hd_exposurehigh_exposure",0.288291939540005,0.238807918262186,1.2072126487175,66.9249424185252,0.231599690718738,0.386929603771065
"s__Prevotella_sp_885","fixed",NA,"(Intercept)",-6.29246945365233,0.22745723815016,-27.6644063069922,67.957548393241,1.03394291565051e-38,2.68399186094546e-38
"s__Prevotella_sp_885","fixed",NA,"hd_exposurehigh_exposure",0.840273310451127,0.320765706378575,2.61958586514051,67.2382203895354,0.0108716328225229,0.0216737983426654
"s__Prevotella_sp_Marseille_P4119","fixed",NA,"(Intercept)",-4.79389184932504,0.167893208196684,-28.5532208289753,68.8338142332578,6.92140995918151e-40,1.85761712452872e-39
"s__Prevotella_sp_Marseille_P4119","fixed",NA,"hd_exposurehigh_exposure",0.310314949547923,0.236852283413056,1.31016237241316,68.1975468679164,0.194536732997211,0.332122903940519
"s__Prevotella_sp_P4_51","fixed",NA,"(Intercept)",-4.62458408734978,0.12384054280874,-37.3430540795675,68.9598789949864,1.75293270498645e-47,5.63829900985332e-47
"s__Prevotella_sp_P4_51","fixed",NA,"hd_exposurehigh_exposure",0.295500334430998,0.174899289812653,1.68954565080012,68.5996164532637,0.0956552308321966,0.177381468170255
"s__Prevotella_stercorea","fixed",NA,"(Intercept)",-6.14773248557762,0.252457781808418,-24.3515269822141,69.2416443559109,1.12889339451134e-35,2.77334440226408e-35
"s__Prevotella_stercorea","fixed",NA,"hd_exposurehigh_exposure",0.23158674253038,0.356087182134736,0.650365287349073,68.5614756478458,0.517629778664249,0.699893785236168
"s__Prevotella_timonensis","fixed",NA,"(Intercept)",-5.57770682007883,0.0567300409901666,-98.3201619939892,66.3085869341259,1.4324328920769e-73,2.29189262732303e-72
"s__Prevotella_timonensis","fixed",NA,"hd_exposurehigh_exposure",0.0425530682758686,0.0790588974655154,0.538245151906271,64.9976898016867,0.592246292908734,0.764346818562668
"s__Prevotellamassilia_timonensis","fixed",NA,"(Intercept)",-5.22637987950112,0.164088707016859,-31.8509419357185,67.6142187668995,1.93839352811592e-42,5.5230938883303e-42
"s__Prevotellamassilia_timonensis","fixed",NA,"hd_exposurehigh_exposure",0.310233936929826,0.231603696906351,1.33950338908135,67.1067009294514,0.184925819390682,0.318767158286701
"s__Proteus_mirabilis","fixed",NA,"(Intercept)",-5.76867471723874,0.097194523606377,-59.3518492934951,67.0167742044286,1.14701076750486e-59,6.14364565599172e-59
"s__Proteus_mirabilis","fixed",NA,"hd_exposurehigh_exposure",-0.00969360663415351,0.135432313886484,-0.0715752862516877,65.7846124575021,0.943157069000848,0.974992155005496
"s__Pseudoflavonifractor_capillosus","fixed",NA,"(Intercept)",-5.83431485427531,0.103418271737813,-56.4147394482335,75.8684709407115,1.04846234138785e-63,7.18945605523099e-63
"s__Pseudoflavonifractor_capillosus","fixed",NA,"hd_exposurehigh_exposure",0.14612353252865,0.144904604279685,1.00841193594244,73.9632147380251,0.316544412305308,0.495668038340056
"s__Pseudoflavonifractor_gallinarum","fixed",NA,"(Intercept)",-6.0267401099164,0.125870206444334,-47.8805928755009,62.620407182997,4.83441938037872e-51,1.73372281227375e-50
"s__Pseudoflavonifractor_gallinarum","fixed",NA,"hd_exposurehigh_exposure",0.284889017584345,0.175733328319537,1.62114392476724,60.8179296655723,0.110160444941585,0.201583922708355
"s__Pseudoflavonifractor_sp_An184","fixed",NA,"(Intercept)",-5.20601356866911,0.0914944845246253,-56.8997529820274,66.6602772404799,3.09930126120737e-58,1.55338472850875e-57
"s__Pseudoflavonifractor_sp_An184","fixed",NA,"hd_exposurehigh_exposure",0.108142479056339,0.128030454943234,0.844662147801375,64.7399865377404,0.401410167636361,0.592155838494038
"s__Pyramidobacter_piscolens","fixed",NA,"(Intercept)",-5.10640387384829,0.0624747135372388,-81.7355308208746,77.3260398971111,7.84858519110753e-77,1.63250571975037e-75
"s__Pyramidobacter_piscolens","fixed",NA,"hd_exposurehigh_exposure",-0.0142262088463432,0.0872401943432179,-0.163069430936557,75.3749967532296,0.870900186166878,0.932147026017379
"s__Raoultibacter_timonensis","fixed",NA,"(Intercept)",-6.04440006299952,0.0301191513399451,-200.6829473639,169.999999997176,6.2067510048185e-204,7.74602525401349e-201
"s__Raoultibacter_timonensis","fixed",NA,"hd_exposurehigh_exposure",0.0500688345534886,0.0421080973263814,1.18905478358244,169.999999996474,0.23607632733523,0.39178624536485
"s__Rheinheimera_SGB14999","fixed",NA,"(Intercept)",-5.2203518159911,0.171989217775752,-30.3527853868005,70.9114635567996,2.30428226572837e-42,6.53578242642956e-42
"s__Rheinheimera_SGB14999","fixed",NA,"hd_exposurehigh_exposure",0.157109138015655,0.241255514760014,0.651214701441901,69.1669555093235,0.517065701856177,0.699893785236168
"s__Romboutsia_timonensis","fixed",NA,"(Intercept)",-4.99054923854473,0.169746902810356,-29.3999428320659,62.0887124453203,3.78595722524927e-38,9.70200126716857e-38
"s__Romboutsia_timonensis","fixed",NA,"hd_exposurehigh_exposure",-0.0737347362897153,0.236574802155499,-0.311676203965501,60.7753788162955,0.756353317466825,0.86998059004479
"s__Roseburia_faecis","fixed",NA,"(Intercept)",-3.3355363654659,0.252586955685532,-13.2054973164117,70.8615308070515,8.76701740878309e-21,1.7965907596324e-20
"s__Roseburia_faecis","fixed",NA,"hd_exposurehigh_exposure",-0.113568352050751,0.354029189533693,-0.320788102812473,69.022754926893,0.749340218313459,0.867628552817614
"s__Roseburia_hominis","fixed",NA,"(Intercept)",-3.93978094175981,0.188566228404117,-20.8933538900531,68.4607737988535,2.02621429545696e-31,4.53988409466837e-31
"s__Roseburia_hominis","fixed",NA,"hd_exposurehigh_exposure",-0.171929310760949,0.264264814577221,-0.650594787035901,66.630019747639,0.517545334958632,0.699893785236168
"s__Roseburia_intestinalis","fixed",NA,"(Intercept)",-4.5829283770076,0.259546972006119,-17.6574141535334,68.4625071681959,3.43053908291696e-27,7.34358966634711e-27
"s__Roseburia_intestinalis","fixed",NA,"hd_exposurehigh_exposure",0.519496341300903,0.36272027729695,1.43222304849421,66.5191954836939,0.156762568295161,0.275548852439944
"s__Roseburia_inulinivorans","fixed",NA,"(Intercept)",-3.88184938399327,0.275423704057839,-14.0941005686936,69.2740258388777,4.96702500169697e-22,1.02122688667509e-21
"s__Roseburia_inulinivorans","fixed",NA,"hd_exposurehigh_exposure",0.520137081991875,0.38732127171894,1.34290863934092,67.9483231774081,0.183770327936665,0.317652866017947
"s__Roseburia_SGB4949","fixed",NA,"(Intercept)",-6.48180237916246,0.050203000882627,-129.111851188273,169.999999997198,1.37284048783955e-171,5.71101642941255e-169
"s__Roseburia_SGB4949","fixed",NA,"hd_exposurehigh_exposure",-0.0242718291215741,0.0701863350458508,-0.345819868008752,169.999999999167,0.72990567376941,0.85532608531852
"s__Roseburia_sp_AF02_12","fixed",NA,"(Intercept)",-4.95978094539319,0.224224972819721,-22.1196634925267,69.7973827106203,2.95784202135216e-33,6.84858412365028e-33
"s__Roseburia_sp_AF02_12","fixed",NA,"hd_exposurehigh_exposure",0.162659088610765,0.315029490602962,0.516329719796829,68.3013408196592,0.607291828422385,0.774955837444919
"s__Roseburia_sp_AM16_25","fixed",NA,"(Intercept)",-4.68025771233638,0.169698223209703,-27.5798863642361,69.7207246672463,3.09437212021434e-39,8.14720760765293e-39
"s__Roseburia_sp_AM16_25","fixed",NA,"hd_exposurehigh_exposure",-0.0934985535006454,0.238416764076799,-0.392164342397196,68.2221806573918,0.696159260941278,0.830056060037895
"s__Roseburia_sp_AM23_20","fixed",NA,"(Intercept)",-4.83734950234644,0.14215167506958,-34.029493496849,67.5373029762213,3.09051426749401e-44,9.20515944112775e-44
"s__Roseburia_sp_AM23_20","fixed",NA,"hd_exposurehigh_exposure",-0.239651801888318,0.200025973278504,-1.19810341607308,66.3408175835615,0.235139619041554,0.391272326085146
"s__Roseburia_sp_AM59_24XD","fixed",NA,"(Intercept)",-5.41664139812744,0.117862631152621,-45.9572414526655,67.4244245384902,1.26670589947542e-52,4.8641506539856e-52
"s__Roseburia_sp_AM59_24XD","fixed",NA,"hd_exposurehigh_exposure",-0.1464950498509,0.166023124994863,-0.882377378786435,66.4485580472388,0.380753729815625,0.569078628514851
"s__Rothia_mucilaginosa","fixed",NA,"(Intercept)",-6.29238729703782,0.0594314754584648,-105.87634327597,72.3849274100652,4.08441244917369e-81,1.49921962840258e-79
"s__Rothia_mucilaginosa","fixed",NA,"hd_exposurehigh_exposure",0.0300932735544208,0.0827825152772467,0.36352209707129,71.4584347562046,0.717288176103084,0.846101742700046
"s__Ruminococcaceae_bacterium_AM28_23LB","fixed",NA,"(Intercept)",-5.33659974671604,0.0726346311131309,-73.4718365734398,71.6211106997137,3.52450460249335e-69,3.79188081371698e-68
"s__Ruminococcaceae_bacterium_AM28_23LB","fixed",NA,"hd_exposurehigh_exposure",-0.0187580538911914,0.101446804815837,-0.184905319839733,69.6871433648519,0.853840380044463,0.926602429822165
"s__Ruminococcus_bicirculans","fixed",NA,"(Intercept)",-4.80828325907956,0.301341384529741,-15.956265902817,69.2540778376549,6.8209816359205e-25,1.43068656834097e-24
"s__Ruminococcus_bicirculans","fixed",NA,"hd_exposurehigh_exposure",0.0461688674818912,0.423265970791652,0.109077673774576,67.7185523443091,0.913463463233207,0.955405227142626
"s__Ruminococcus_bromii","fixed",NA,"(Intercept)",-4.27855599268291,0.309175074691424,-13.8386187727234,69.0319821697971,1.36738743134194e-21,2.80674262222819e-21
"s__Ruminococcus_bromii","fixed",NA,"hd_exposurehigh_exposure",0.220591088975976,0.43418031136692,0.508063316555039,67.4650835404444,0.613066142966777,0.777670454680401
"s__Ruminococcus_callidus","fixed",NA,"(Intercept)",-4.36429142345731,0.18695446694951,-23.3441409272984,67.9786216936606,3.53077979911177e-34,8.37721138648571e-34
"s__Ruminococcus_callidus","fixed",NA,"hd_exposurehigh_exposure",-0.257682520810948,0.26320634090315,-0.979013347196545,66.8858650801648,0.331101273669579,0.512534563497566
"s__Ruminococcus_gnavus","fixed",NA,"(Intercept)",-3.69550266066705,0.232904287698978,-15.8670443433115,70.5320442267221,5.71849861840767e-25,1.20146233598868e-24
"s__Ruminococcus_gnavus","fixed",NA,"hd_exposurehigh_exposure",0.0297605783847587,0.327508581704162,0.0908696139499678,69.1879460995038,0.927858763457036,0.964755698505305
"s__Ruminococcus_lactaris","fixed",NA,"(Intercept)",-5.13952605352533,0.158217594316537,-32.4839097429516,69.9351026259487,6.35089607423346e-44,1.88264092651861e-43
"s__Ruminococcus_lactaris","fixed",NA,"hd_exposurehigh_exposure",0.235187844846805,0.222319407284927,1.05788265504588,68.4600141865292,0.293827505439243,0.465351176127126
"s__Ruminococcus_SGB4421","fixed",NA,"(Intercept)",-4.23610361325933,0.0814355982039931,-52.017836261828,65.849822805995,3.3089357350273e-55,1.41908996471274e-54
"s__Ruminococcus_SGB4421","fixed",NA,"hd_exposurehigh_exposure",-0.0119456894003985,0.114308446319365,-0.104503995855421,64.2393500321832,0.917095000947837,0.956968696641222
"s__Ruminococcus_sp_AF13_28","fixed",NA,"(Intercept)",-5.57496564966763,0.145285375598214,-38.3725177204703,64.523358735522,3.81703339343462e-46,1.1879445573582e-45
"s__Ruminococcus_sp_AF13_28","fixed",NA,"hd_exposurehigh_exposure",0.0124692211111036,0.20349161325002,0.0612763391667808,62.682127260707,0.951334098316677,0.980400458050547
"s__Ruminococcus_sp_BSD2780120874_150323_B10","fixed",NA,"(Intercept)",-5.51810216223599,0.108310893372717,-50.9468806913745,62.76376468529,8.93524003716823e-53,3.47388771538503e-52
"s__Ruminococcus_sp_BSD2780120874_150323_B10","fixed",NA,"hd_exposurehigh_exposure",0.17909155375243,0.15113006630856,1.18501604695112,61.0514001527078,0.240603490312552,0.397186714166752
"s__Ruminococcus_sp_NSJ_13","fixed",NA,"(Intercept)",-5.54214114204092,0.103164396308562,-53.7214517832736,65.6864035032504,5.24584550245705e-56,2.3298274687069e-55
"s__Ruminococcus_sp_NSJ_13","fixed",NA,"hd_exposurehigh_exposure",0.0245331296843111,0.145374705812966,0.168757897373664,64.8035906583265,0.866512712334168,0.931445189485824
"s__Ruminococcus_torques","fixed",NA,"(Intercept)",-3.26143715411156,0.207427187987995,-15.723286738575,70.8665092473212,8.35538614291414e-25,1.74665358565441e-24
"s__Ruminococcus_torques","fixed",NA,"hd_exposurehigh_exposure",0.107000960956166,0.290752268389771,0.368014191424037,69.0348750785539,0.71398865272374,0.843006469819515
"s__Ruthenibacterium_lactatiformans","fixed",NA,"(Intercept)",-4.00361615169847,0.205962953091616,-19.4385256746517,69.5853636622053,7.84560098813142e-30,1.72991343342544e-29
"s__Ruthenibacterium_lactatiformans","fixed",NA,"hd_exposurehigh_exposure",-0.373564871040888,0.288295346050628,-1.2957714238484,67.6498775674067,0.199458020525304,0.33959564749738
"s__Sanguibacter_SGB15121","fixed",NA,"(Intercept)",-5.47643618547415,0.106801044675003,-51.2769908022814,64.1379367812929,8.86169065258154e-54,3.61417971713129e-53
"s__Sanguibacter_SGB15121","fixed",NA,"hd_exposurehigh_exposure",-0.01841005776081,0.149544732877498,-0.12310736330574,62.2799466155886,0.902418503269483,0.948793843370105
"s__Sellimonas_intestinalis","fixed",NA,"(Intercept)",-4.57331517073217,0.145300299906846,-31.474919003362,68.7147966855424,1.51097203328561e-42,4.31508717972642e-42
"s__Sellimonas_intestinalis","fixed",NA,"hd_exposurehigh_exposure",-0.398396372924537,0.20420161416038,-1.95099521892925,67.2761948266262,0.0552239599154578,0.105704757629588
"s__Senegalimassilia_anaerobia","fixed",NA,"(Intercept)",-5.08027799521658,0.0597145427525708,-85.076059549964,46.8010845717304,5.86339848129108e-53,2.30110732850669e-52
"s__Senegalimassilia_anaerobia","fixed",NA,"hd_exposurehigh_exposure",-0.11592501469151,0.0835124187955182,-1.38811707723799,45.1911385491001,0.171907057966899,0.300055955724042
"s__Senegalimassilia_faecalis","fixed",NA,"(Intercept)",-5.63151569482283,0.0683753092345728,-82.361831454436,67.8182739635594,1.04333049589243e-69,1.20562635080903e-68
"s__Senegalimassilia_faecalis","fixed",NA,"hd_exposurehigh_exposure",0.00987524992250488,0.0959956488180386,0.102871849340001,66.2204834526582,0.918375576940415,0.957504360920333
"s__Slackia_isoflavoniconvertens","fixed",NA,"(Intercept)",-5.25519019742947,0.0816562921933283,-64.3574433307277,69.5478409594985,1.02460417419754e-63,7.06467408507478e-63
"s__Slackia_isoflavoniconvertens","fixed",NA,"hd_exposurehigh_exposure",0.0730130994382137,0.114273803979987,0.638931206411931,67.6024745166248,0.52502665558551,0.706832002341658
"s__Solibaculum_mannosilyticum","fixed",NA,"(Intercept)",-5.37842764725696,0.0324515300341452,-165.737259278617,78.1002338734361,3.00425091993122e-101,6.24884191345693e-99
"s__Solibaculum_mannosilyticum","fixed",NA,"hd_exposurehigh_exposure",-0.0319089170967671,0.0454039028583719,-0.702779168484709,76.0878956325779,0.484338059300145,0.673861647721941
"s__Streptococcus_anginosus","fixed",NA,"(Intercept)",-5.29223045951986,0.059681379027235,-88.6747348298504,65.5303194156128,5.64659506839622e-70,6.64806664656461e-69
"s__Streptococcus_anginosus","fixed",NA,"hd_exposurehigh_exposure",-0.0115618780642697,0.0836762880147313,-0.138173888189617,63.7744195325814,0.890538350145933,0.943456588270054
"s__Streptococcus_australis","fixed",NA,"(Intercept)",-5.25335238888466,0.0569517545879267,-92.242151745722,83.6986828230818,5.83378885835121e-86,3.25089732172749e-84
"s__Streptococcus_australis","fixed",NA,"hd_exposurehigh_exposure",0.0216677626014374,0.0793486788884468,0.273070237651962,82.4907598744867,0.785481695972467,0.889547329014191
"s__Streptococcus_equinus","fixed",NA,"(Intercept)",-5.09171734492307,0.0922681612986838,-55.1839038868513,70.7182431789027,7.04445878888473e-60,3.85591428444217e-59
"s__Streptococcus_equinus","fixed",NA,"hd_exposurehigh_exposure",-0.216511387130658,0.128749004076519,-1.68165484994338,68.9220700471158,0.0971620126358682,0.179641765584539
"s__Streptococcus_gallolyticus","fixed",NA,"(Intercept)",-4.18331252160024,0.0457513346148713,-91.4358577037111,76.0478374474635,1.58480971814797e-79,4.70914887678255e-78
"s__Streptococcus_gallolyticus","fixed",NA,"hd_exposurehigh_exposure",0.011459744876031,0.0641618722904235,0.178606771700168,74.2410784000423,0.858732978058296,0.927578322844339
"s__Streptococcus_gordonii","fixed",NA,"(Intercept)",-5.53345698583108,0.0513014173096716,-107.861678604889,70.6287990707746,3.99098151063922e-80,1.34614727710209e-78
"s__Streptococcus_gordonii","fixed",NA,"hd_exposurehigh_exposure",0.0746286695071871,0.0714393262580533,1.04464408353479,71.0919929994289,0.299726625046157,0.472893587936289
"s__Streptococcus_infantis","fixed",NA,"(Intercept)",-5.56525955938632,0.0381179781066287,-146.000911795962,67.5027044380055,3.82122252824633e-86,2.27089795964354e-84
"s__Streptococcus_infantis","fixed",NA,"hd_exposurehigh_exposure",0.0124165414643641,0.0530779753826382,0.233930201271873,67.4378293030565,0.815747870939547,0.906384328587306
"s__Streptococcus_mitis","fixed",NA,"(Intercept)",-5.16981217953012,0.0933528103319844,-55.3792881129669,74.6693179239393,2.17533301705844e-62,1.35740780264447e-61
"s__Streptococcus_mitis","fixed",NA,"hd_exposurehigh_exposure",0.0108592977777928,0.130599183314732,0.0831498138209857,72.6723154240828,0.933961029469808,0.968092495663056
"s__Streptococcus_oralis","fixed",NA,"(Intercept)",-5.35422127144018,0.048845732769816,-109.614923716505,72.2974184933782,4.03219587474181e-82,1.62328401667025e-80
"s__Streptococcus_oralis","fixed",NA,"hd_exposurehigh_exposure",0.166031394217339,0.0680719959079367,2.43905576739496,70.9432975087221,0.0172295650062158,0.0341852100600275
"s__Streptococcus_parasanguinis","fixed",NA,"(Intercept)",-4.73586567399,0.201690923619556,-23.4808071131804,69.4024296073393,9.66025499293864e-35,2.33191455148693e-34
"s__Streptococcus_parasanguinis","fixed",NA,"hd_exposurehigh_exposure",-0.0200221861238034,0.282680131229724,-0.0708298317136838,67.5711082430187,0.943742406447627,0.974992155005496
"s__Streptococcus_pasteurianus","fixed",NA,"(Intercept)",-5.2631951559555,0.0872317100763952,-60.335801640781,80.6078104884882,7.49685478581875e-69,7.48485981816144e-68
"s__Streptococcus_pasteurianus","fixed",NA,"hd_exposurehigh_exposure",-0.249280537789651,0.121908412701983,-2.04481817345159,78.586268874603,0.0442206664698082,0.0856947076930445
"s__Streptococcus_salivarius","fixed",NA,"(Intercept)",-4.06533002201203,0.172284525155039,-23.5966057796173,71.2173902683303,2.16550883314803e-35,5.28875738506602e-35
"s__Streptococcus_salivarius","fixed",NA,"hd_exposurehigh_exposure",0.174587896137658,0.24108399018048,0.724178722971019,69.2541407786097,0.471395400817022,0.66027099912418
"s__Streptococcus_SGB14888","fixed",NA,"(Intercept)",-5.1778577907151,0.0532110073221207,-97.3080204885087,69.8447094244365,2.55993458511239e-76,4.99187244096916e-75
"s__Streptococcus_SGB14888","fixed",NA,"hd_exposurehigh_exposure",-0.107981562581154,0.0745902370855807,-1.4476634851993,68.027101374909,0.152304283223952,0.269610986473039
"s__Streptococcus_SGB15012","fixed",NA,"(Intercept)",-5.46326260049486,0.120167644368454,-45.4636739299274,71.3299174833716,2.04748748901159e-54,8.6035837922103e-54
"s__Streptococcus_SGB15012","fixed",NA,"hd_exposurehigh_exposure",-0.0228004800732654,0.168723907123179,-0.135134851142462,69.7189812971835,0.892894647900871,0.944400843337479
"s__Streptococcus_thermophilus","fixed",NA,"(Intercept)",-4.66021499078261,0.090847496207004,-51.2971208382441,69.3598323657487,6.7790173810126e-57,3.15679615354617e-56
"s__Streptococcus_thermophilus","fixed",NA,"hd_exposurehigh_exposure",-0.140034634571215,0.126738071023475,-1.10491372829303,67.624447628875,0.273112748447668,0.44115468246658
"s__Streptococcus_vestibularis","fixed",NA,"(Intercept)",-4.71180119052311,0.0780589971917166,-60.3620512693841,72.22177329787,1.49848660774194e-63,1.00005951147698e-62
"s__Streptococcus_vestibularis","fixed",NA,"hd_exposurehigh_exposure",-0.0313328125042943,0.109734230611146,-0.285533623644978,70.8139342900384,0.776068883232889,0.884047680261033
"s__Sutterella_SGB9298","fixed",NA,"(Intercept)",-4.92445865647365,0.118683428212579,-41.4923863477658,73.2949365911023,1.18717895612732e-52,4.60124017778537e-52
"s__Sutterella_SGB9298","fixed",NA,"hd_exposurehigh_exposure",0.149510983264312,0.16701582605777,0.895190514536013,72.0838533188312,0.373664799897019,0.559824334059399
"s__Sutterella_sp_AM11_39","fixed",NA,"(Intercept)",-5.3772266746126,0.0512350905409825,-104.952028342985,69.1926632095679,5.11875236666539e-78,1.22850056799969e-76
"s__Sutterella_sp_AM11_39","fixed",NA,"hd_exposurehigh_exposure",-0.0725449289024847,0.0723895707870851,-1.00214613947438,68.9417087400438,0.319777524767371,0.500103196628671
"s__Sutterella_wadsworthensis","fixed",NA,"(Intercept)",-5.05577756583029,0.26820573236366,-18.8503710240435,66.757210067303,1.95428848214024e-28,4.25646077785518e-28
"s__Sutterella_wadsworthensis","fixed",NA,"hd_exposurehigh_exposure",0.803349520546706,0.377916313715247,2.12573390296143,65.8530119035225,0.0372798164691226,0.0726956421147891
"s__TM7_phylum_sp_oral_taxon_352","fixed",NA,"(Intercept)",-5.08227227880375,0.0453635693673752,-112.034223710334,64.9051536480579,5.27506948398838e-76,9.68130399414337e-75
"s__TM7_phylum_sp_oral_taxon_352","fixed",NA,"hd_exposurehigh_exposure",0.0342634954693856,0.0632005244807863,0.542139416577185,63.8035060665381,0.58961097813775,0.764106438957333
"s__Turicibacter_bilis","fixed",NA,"(Intercept)",-5.30293991055157,0.129827990419729,-40.8458907313235,47.6691753909762,9.39269854167798e-39,2.44719995407393e-38
"s__Turicibacter_bilis","fixed",NA,"hd_exposurehigh_exposure",-0.231905894548774,0.180872492519605,-1.28215126202033,48.9551724982215,0.205828150558151,0.348539391989923
"s__Turicibacter_sanguinis","fixed",NA,"(Intercept)",-5.76127853208044,0.0775017428904742,-74.33740606611,36.0161816174983,5.09344920767286e-41,1.40013757955413e-40
"s__Turicibacter_sanguinis","fixed",NA,"hd_exposurehigh_exposure",0.102583736458677,0.107928550789829,0.950478216449329,35.6495863060184,0.348269047166775,0.527475450077834
"s__Tyzzerella_nexilis","fixed",NA,"(Intercept)",-4.69384311282824,0.17867947608756,-26.269626571594,72.2819297445089,1.03445519640606e-38,2.68399186094546e-38
"s__Tyzzerella_nexilis","fixed",NA,"hd_exposurehigh_exposure",-0.553254233980645,0.251444998255263,-2.20029922177649,71.0756546302076,0.0310371252617446,0.0608074290842343
"s__Veillonella_atypica","fixed",NA,"(Intercept)",-4.95693084826882,0.211210463502665,-23.4691537817978,67.9961363838331,2.52514171286056e-34,6.03712041695399e-34
"s__Veillonella_atypica","fixed",NA,"hd_exposurehigh_exposure",-0.220672119046956,0.295707344507881,-0.746251735526558,66.0888363871788,0.458161723875925,0.649756626587676
"s__Veillonella_dispar","fixed",NA,"(Intercept)",-5.02730129712899,0.232080665878326,-21.6618703591822,69.5986186782982,1.19306323412386e-32,2.72201630015829e-32
"s__Veillonella_dispar","fixed",NA,"hd_exposurehigh_exposure",-0.22275487416328,0.324938374682289,-0.685529600439101,67.6784529049683,0.495351327242959,0.684605156588275
"s__Veillonella_parvula","fixed",NA,"(Intercept)",-4.46484107237087,0.260145716290985,-17.1628467922829,69.6982226698846,9.88843536924436e-27,2.10041800639292e-26
"s__Veillonella_parvula","fixed",NA,"hd_exposurehigh_exposure",0.18961699831101,0.365060202449074,0.519412954463206,68.0165524322461,0.605158993510919,0.774262648415653
"s__Veillonella_ratti","fixed",NA,"(Intercept)",-4.64633690572941,0.139783450649479,-33.2395350389551,74.0861584077962,2.90034896933474e-46,9.0490887843244e-46
"s__Veillonella_ratti","fixed",NA,"hd_exposurehigh_exposure",-0.481480583690471,0.19677300507548,-2.44688331870411,72.9404833435671,0.016819309012175,0.0334243593108192
"s__Veillonella_rogosae","fixed",NA,"(Intercept)",-5.11958020976629,0.144313993076202,-35.4752862188699,59.4021579496381,1.10376428945424e-41,3.08856016421276e-41
"s__Veillonella_rogosae","fixed",NA,"hd_exposurehigh_exposure",-0.198777255761648,0.201200505150131,-0.98795604719444,57.9576702532761,0.327280851110859,0.509284915444329
"s__Vescimonas_coprocola","fixed",NA,"(Intercept)",-4.74460959048265,0.2016813362835,-23.5252784313826,70.1603543285652,5.22339080600376e-35,1.26578480114421e-34
"s__Vescimonas_coprocola","fixed",NA,"hd_exposurehigh_exposure",0.189044625016603,0.28355062437849,0.666705021126178,68.7838353911937,0.507190836512797,0.695576004360407
"s__Vescimonas_fastidiosa","fixed",NA,"(Intercept)",-5.73173159940191,0.134053935245983,-42.7569066800198,63.8086900804891,1.09846174488487e-48,3.64595813195829e-48
"s__Vescimonas_fastidiosa","fixed",NA,"hd_exposurehigh_exposure",-0.216212486832655,0.188282481306909,-1.14834096795346,62.310400551733,0.255217300784474,0.417445860260843
"s__Vescimonas_SGB15087","fixed",NA,"(Intercept)",-5.03008048144712,0.106775944053594,-47.1087427606575,68.4913914123794,6.40409445732837e-54,2.63772603390951e-53
"s__Vescimonas_SGB15087","fixed",NA,"hd_exposurehigh_exposure",-0.0839466641057398,0.150115209878256,-0.559214913490916,67.1198496245009,0.577876294850642,0.755172372747226
"s__Victivallis_lenta","fixed",NA,"(Intercept)",-4.45828216073466,0.140595231241989,-31.7100524772507,68.2281490955442,1.46096853120912e-42,4.18185487832337e-42
"s__Victivallis_lenta","fixed",NA,"hd_exposurehigh_exposure",-0.594445100247839,0.198297734137618,-2.99774025574743,67.5400539568026,0.00380359583206441,0.00759502015746621
"s__Victivallis_vadensis","fixed",NA,"(Intercept)",-4.74521888820476,0.0696254849456467,-68.1534770193575,69.4228323334112,2.47932809939927e-65,1.88670821222579e-64
"s__Victivallis_vadensis","fixed",NA,"hd_exposurehigh_exposure",0.0587518172908592,0.0979393315263204,0.599879704866784,68.1488164957603,0.550575883070524,0.729588767901596
"s__Waltera_intestinalis","fixed",NA,"(Intercept)",-4.62895039309447,0.263988033289546,-17.5346978247964,69.3062018734798,3.48434844783246e-27,7.44600490221731e-27
"s__Waltera_intestinalis","fixed",NA,"hd_exposurehigh_exposure",0.276550734881765,0.371137989691642,0.745142622320974,67.9292168429629,0.458755959643516,0.649860882673221
"s__Weissella_cibaria","fixed",NA,"(Intercept)",-6.02618244408761,0.0451837844532203,-133.370467237569,31.0606355617951,2.04044681869944e-44,6.1066609825825e-44
"s__Weissella_cibaria","fixed",NA,"hd_exposurehigh_exposure",0.0421638786556961,0.0629278790715566,0.670034955536174,30.6252883373762,0.507856663050505,0.695724605364468
"s__Weissella_confusa","fixed",NA,"(Intercept)",-5.76167303984588,0.072792808704804,-79.1516791612087,47.067312200197,9.95686229760658e-52,3.69826313911101e-51
"s__Weissella_confusa","fixed",NA,"hd_exposurehigh_exposure",-0.0669008457761325,0.101585708330886,-0.65856552929889,50.1234538779085,0.513188698872773,0.699073733274803
