"Species","effect","group","term","estimate","std.error","statistic","df","p.value","padj"
"s__Acidaminococcus_fermentans","fixed",NA,"(Intercept)",-3.73743609012674,0.0299238680605159,-124.898160978668,136.035465979333,3.16150544896427e-142,1.69095377156032e-140
"s__Acidaminococcus_fermentans","fixed",NA,"hd_exposurelow_exposure",-0.0304578344057833,0.0458804483011257,-0.663852153446286,130.954731438282,0.507952017902957,0.694144728974174
"s__Acidaminococcus_fermentans","fixed",NA,"hd_exposurehigh_exposure",0.0651890190682359,0.0455735462303633,1.43041357235448,128.287610261213,0.155029518020573,0.315794622126782
"s__Acidaminococcus_intestini","fixed",NA,"(Intercept)",-4.41273093661105,0.225486914310652,-19.5697872317844,118.920735700931,5.45804942151492e-39,1.74956652689656e-38
"s__Acidaminococcus_intestini","fixed",NA,"hd_exposurelow_exposure",-0.31809807795443,0.347374444447897,-0.915721012407813,116.242072133501,0.361709020248771,0.554284513576593
"s__Acidaminococcus_intestini","fixed",NA,"hd_exposurehigh_exposure",-0.491982474479036,0.346017086719492,-1.42184445035188,114.568857734616,0.157788009790194,0.320020752250533
"s__Acidaminococcus_massiliensis","fixed",NA,"(Intercept)",-5.35971612392555,0.0867681800843113,-61.7705260006329,121.284618759938,1.63783183886177e-93,1.03932922113534e-92
"s__Acidaminococcus_massiliensis","fixed",NA,"hd_exposurelow_exposure",0.127889210255364,0.133574684469925,0.95743598993235,118.243740599414,0.340300741484476,0.533781565979343
"s__Acidaminococcus_massiliensis","fixed",NA,"hd_exposurehigh_exposure",-0.200950965096896,0.132992421206074,-1.5109956136938,116.393491548452,0.133499776427145,0.279543156008518
"s__Acidaminococcus_SGB5735","fixed",NA,"(Intercept)",-6.02962391011651,0.0598118221470472,-100.809901682859,125.936886022108,2.78765199488166e-122,5.79831614935386e-121
"s__Acidaminococcus_SGB5735","fixed",NA,"hd_exposurelow_exposure",-0.00827179299480612,0.0912367570297271,-0.0906629440162036,118.131691077118,0.927913964573357,0.967531927960953
"s__Acidaminococcus_SGB5735","fixed",NA,"hd_exposurehigh_exposure",-0.133643708291195,0.0903981358991624,-1.47839009025885,114.817238322574,0.142041523546831,0.293814068596318
"s__Actinomyces_sp_ICM47","fixed",NA,"(Intercept)",-6.36025896718805,0.060537080176973,-105.063854229417,131.327834281756,1.36050767935119e-128,4.24478395957572e-127
"s__Actinomyces_sp_ICM47","fixed",NA,"hd_exposurelow_exposure",-0.0981992540554822,0.0907359937190761,-1.08225247810161,113.266142606213,0.281439036190807,0.472938847171625
"s__Actinomyces_sp_ICM47","fixed",NA,"hd_exposurehigh_exposure",9.54346339409638e-05,0.0894105267756907,0.00106737581560599,110.059339246109,0.999150289764941,0.9998769049187
"s__Adlercreutzia_equolifaciens","fixed",NA,"(Intercept)",-5.64557092030677,0.0875228300889356,-64.5039804422466,124.357598344826,1.87555138424675e-97,1.42147052279754e-96
"s__Adlercreutzia_equolifaciens","fixed",NA,"hd_exposurelow_exposure",0.0304987056859192,0.132186912067134,0.230724095214735,110.985205818244,0.817953928208651,0.913064850093378
"s__Adlercreutzia_equolifaciens","fixed",NA,"hd_exposurehigh_exposure",0.0216441952295869,0.13049646985629,0.165860388816822,107.382686592027,0.868578694867946,0.935613140944237
"s__Agathobaculum_butyriciproducens","fixed",NA,"(Intercept)",-4.28743004118864,0.179066156535391,-23.9432739504925,121.790683867116,6.87341084687522e-48,2.27734957616822e-47
"s__Agathobaculum_butyriciproducens","fixed",NA,"hd_exposurelow_exposure",0.473693692594833,0.27431218425037,1.72684160526564,116.256547085249,0.086852201008536,0.198952459094766
"s__Agathobaculum_butyriciproducens","fixed",NA,"hd_exposurehigh_exposure",0.168198037199934,0.272351147817148,0.617577853253107,113.469032143144,0.538091089732377,0.725400269915119
"s__Akkermansia_muciniphila","fixed",NA,"(Intercept)",-4.49978284260642,0.183118463179587,-24.5730701561939,133.635025031375,2.06065251591687e-51,7.01371183599341e-51
"s__Akkermansia_muciniphila","fixed",NA,"hd_exposurelow_exposure",-0.0884106191680963,0.276152506547787,-0.320151427460599,119.314858505373,0.749413510995139,0.872507984296878
"s__Akkermansia_muciniphila","fixed",NA,"hd_exposurehigh_exposure",-0.0424651219835039,0.272506046392723,-0.155831852341013,115.704612356936,0.876437113076727,0.937084689608242
"s__Alistipes_communis","fixed",NA,"(Intercept)",-4.08866977885389,0.165534959145755,-24.6997359346541,117.578725146049,2.32237459494276e-48,7.7219986531667e-48
"s__Alistipes_communis","fixed",NA,"hd_exposurelow_exposure",0.0423874676804839,0.255729850186364,0.165750958089538,116.260400879885,0.868640832778357,0.935613140944237
"s__Alistipes_communis","fixed",NA,"hd_exposurehigh_exposure",-0.122992517742912,0.255207150946372,-0.481932098245776,115.347799008987,0.630767342424714,0.794614041062628
"s__Alistipes_dispar","fixed",NA,"(Intercept)",-4.19356898488572,0.155340768396684,-26.9959330584542,119.392148926041,1.15662053571335e-52,4.00961785713963e-52
"s__Alistipes_dispar","fixed",NA,"hd_exposurelow_exposure",-0.073366265935224,0.239558018726817,-0.306256773724983,117.218286364165,0.75995244369658,0.874495109357469
"s__Alistipes_dispar","fixed",NA,"hd_exposurehigh_exposure",-0.309593344565266,0.238781886635977,-1.29655288735214,115.807151003154,0.197362668524269,0.372818279997409
"s__Alistipes_finegoldii","fixed",NA,"(Intercept)",-4.75992056637845,0.24403496338448,-19.5050762413873,117.923707260134,1.03616077956038e-38,3.29879758390652e-38
"s__Alistipes_finegoldii","fixed",NA,"hd_exposurelow_exposure",-0.451802424616368,0.37526805732854,-1.20394586161333,114.350645605983,0.231096769586406,0.416775676941958
"s__Alistipes_finegoldii","fixed",NA,"hd_exposurehigh_exposure",-0.512758446039911,0.373383360197706,-1.37327610359606,112.266787005683,0.172402970905608,0.341161058705389
"s__Alistipes_ihumii","fixed",NA,"(Intercept)",-4.2688397620496,0.119940314492067,-35.5913670906037,120.390800295539,9.5752272680496e-66,3.82192440208718e-65
"s__Alistipes_ihumii","fixed",NA,"hd_exposurelow_exposure",-0.130925523185066,0.183781674164094,-0.712397053626612,114.98966820196,0.477661951936905,0.663340633550361
"s__Alistipes_ihumii","fixed",NA,"hd_exposurehigh_exposure",-0.382588439444084,0.182491108853163,-2.09647714811095,112.244849082172,0.0382865660362011,0.0983161201917263
"s__Alistipes_indistinctus","fixed",NA,"(Intercept)",-4.7998636888909,0.16148280966693,-29.7236820364407,120.51388955639,2.56536589255371e-57,9.37961904464949e-57
"s__Alistipes_indistinctus","fixed",NA,"hd_exposurelow_exposure",0.0882017749198523,0.24817427530271,0.355402568667798,116.631186865794,0.722929967935651,0.854196303676627
"s__Alistipes_indistinctus","fixed",NA,"hd_exposurehigh_exposure",-0.274168717228724,0.246840571778085,-1.11071172479379,114.415574453468,0.269021189793661,0.459077180760013
"s__Alistipes_onderdonkii","fixed",NA,"(Intercept)",-3.77421000224837,0.246649978051903,-15.3018866332684,121.558723576817,4.03543603602654e-30,1.24453645130835e-29
"s__Alistipes_onderdonkii","fixed",NA,"hd_exposurelow_exposure",-0.529940301979504,0.378151816534446,-1.40139562685727,116.446204377097,0.163755438921264,0.329978667018952
"s__Alistipes_onderdonkii","fixed",NA,"hd_exposurehigh_exposure",-0.472646085670787,0.375610722533605,-1.25834023715471,113.787314695906,0.210844596376062,0.391180460273526
"s__Alistipes_provencensis","fixed",NA,"(Intercept)",-5.46417299916657,0.067518950972834,-80.9279901485001,123.282729567294,1.02518452886597e-108,1.1561117096609e-107
"s__Alistipes_provencensis","fixed",NA,"hd_exposurelow_exposure",0.0173205059274478,0.103890835711209,0.166718323217599,119.99442143583,0.867872299993355,0.935613140944237
"s__Alistipes_provencensis","fixed",NA,"hd_exposurehigh_exposure",0.301921322573307,0.103406817361976,2.91974291710796,118.028720607123,0.00419711387220066,0.0123732238878104
"s__Alistipes_putredinis","fixed",NA,"(Intercept)",-3.94793334086057,0.284117718006104,-13.8954140859872,120.968399673637,7.9954460816531e-27,2.44167619328786e-26
"s__Alistipes_putredinis","fixed",NA,"hd_exposurelow_exposure",0.11340267862802,0.436971297508567,0.259519742542808,117.458863300327,0.79568856496676,0.896766401937251
"s__Alistipes_putredinis","fixed",NA,"hd_exposurehigh_exposure",0.0788404275282693,0.434815815700354,0.181319134864682,115.398150256981,0.856435175645009,0.932120144655498
"s__Alistipes_senegalensis","fixed",NA,"(Intercept)",-5.38181322115846,0.156030427323323,-34.4920751258751,113.228419148904,6.72394960868578e-62,2.61145926710784e-61
"s__Alistipes_senegalensis","fixed",NA,"hd_exposurelow_exposure",0.0915884801070387,0.239942070540714,0.381710801697436,109.689857470639,0.703414333238378,0.845055368424926
"s__Alistipes_senegalensis","fixed",NA,"hd_exposurehigh_exposure",-0.152563100383909,0.238739506217304,-0.639035837851838,107.628207188065,0.524157299207663,0.710036217608786
"s__Alistipes_SGB2300","fixed",NA,"(Intercept)",-5.01058984441382,0.0505500648729377,-99.1213336126947,132.78225867159,2.27743173682993e-126,6.09050315906517e-125
"s__Alistipes_SGB2300","fixed",NA,"hd_exposurelow_exposure",0.103431733825958,0.0771727120679744,1.34026304187489,125.419945639118,0.182582747635394,0.355564983338827
"s__Alistipes_SGB2300","fixed",NA,"hd_exposurehigh_exposure",0.0407778322680891,0.0764920198789594,0.533099169463897,122.169300911657,0.594933376045774,0.770737217963799
"s__Alistipes_SGB2302","fixed",NA,"(Intercept)",-5.96670443996926,0.0753314852862089,-79.2059842879746,123.356484488664,1.23918426074962e-107,1.31804144097914e-106
"s__Alistipes_SGB2302","fixed",NA,"hd_exposurelow_exposure",-0.172670870013527,0.115811147894274,-1.49096933372219,119.631868617653,0.138601630717961,0.287971423644864
"s__Alistipes_SGB2302","fixed",NA,"hd_exposurehigh_exposure",-0.0195569177376681,0.115211211252656,-0.169748391020559,117.477258796936,0.865499983830745,0.935613140944237
"s__Alistipes_shahii","fixed",NA,"(Intercept)",-4.28664775390649,0.219477610921902,-19.5311391257664,117.860265421203,9.38692153455718e-39,2.9935804280564e-38
"s__Alistipes_shahii","fixed",NA,"hd_exposurelow_exposure",-0.0205832628786096,0.33872346458776,-0.060767159735037,116.058137237566,0.951649164394758,0.977377169619864
"s__Alistipes_shahii","fixed",NA,"hd_exposurehigh_exposure",-0.351685020505086,0.337797403189513,-1.04111226783997,114.855543392669,0.300010023650411,0.491354999364453
"s__Alistipes_sp_AF17_16","fixed",NA,"(Intercept)",-4.67732212934597,0.0789877909117489,-59.2157607568976,116.407083412498,9.38703092482391e-89,5.32500663371829e-88
"s__Alistipes_sp_AF17_16","fixed",NA,"hd_exposurelow_exposure",-0.0471886162205637,0.121578524570903,-0.388132825160613,113.30653083145,0.698646004802536,0.843999596434759
"s__Alistipes_sp_AF17_16","fixed",NA,"hd_exposurehigh_exposure",-0.0418235023659246,0.121037012337633,-0.345543082716366,111.433706448148,0.730337579684388,0.858805987298743
"s__Alistipes_sp_D31t1_170403_E11","fixed",NA,"(Intercept)",-4.34323922643105,0.049712267283217,-87.3675546055276,128.58586581292,2.28898536155062e-116,3.66237657848099e-115
"s__Alistipes_sp_D31t1_170403_E11","fixed",NA,"hd_exposurelow_exposure",0.0753748127098792,0.0765653391933702,0.984450842952785,125.772380389614,0.326783895915022,0.51886297977347
"s__Alistipes_sp_D31t1_170403_E11","fixed",NA,"hd_exposurehigh_exposure",0.105523456007481,0.0762541410357713,1.38383902269621,124.026351534367,0.168893113535475,0.337066000573997
"s__Allisonella_histaminiformans","fixed",NA,"(Intercept)",-4.71412791121267,0.126381037268732,-37.3009116960222,124.840354159571,1.52314157549734e-69,6.37879424906268e-69
"s__Allisonella_histaminiformans","fixed",NA,"hd_exposurelow_exposure",-0.152707779349193,0.193485981665263,-0.789244667933528,118.977614870725,0.431539001969084,0.623815453039479
"s__Allisonella_histaminiformans","fixed",NA,"hd_exposurehigh_exposure",-0.0302111432739329,0.192042364756924,-0.157314993033815,116.090331879185,0.875269889943778,0.937084689608242
"s__Anaerobutyricum_hallii","fixed",NA,"(Intercept)",-4.78945979679853,0.17278041325283,-27.7199232634668,122.890226562798,1.03396144479935e-54,3.66586330428861e-54
"s__Anaerobutyricum_hallii","fixed",NA,"hd_exposurelow_exposure",-0.0122952961751436,0.264382439100618,-0.0465057218511565,116.758430223259,0.962986624029506,0.984767715617802
"s__Anaerobutyricum_hallii","fixed",NA,"hd_exposurehigh_exposure",0.37649105929424,0.262339612545574,1.43512851772942,113.805049311969,0.15399306988376,0.315054674122839
"s__Anaerobutyricum_soehngenii","fixed",NA,"(Intercept)",-5.23774950333598,0.19502953174187,-26.8561866326396,116.622561190224,9.16046851287847e-52,3.1349903210436e-51
"s__Anaerobutyricum_soehngenii","fixed",NA,"hd_exposurelow_exposure",-0.274990726088171,0.299330822732481,-0.91868496394017,112.085867777062,0.360233119519758,0.55320459371697
"s__Anaerobutyricum_soehngenii","fixed",NA,"hd_exposurehigh_exposure",-0.310502088568131,0.29749463248286,-1.04372333032268,109.630969873433,0.298909425649865,0.490756383192468
"s__Anaerococcus_SGB53821","fixed",NA,"(Intercept)",-5.31410037156047,0.0725797299885391,-73.2174172100062,125.616963743701,6.8475219885205e-105,6.64174153497947e-104
"s__Anaerococcus_SGB53821","fixed",NA,"hd_exposurelow_exposure",-0.117697947801939,0.110486064874623,-1.06527414054885,116.697070584641,0.288951023875107,0.480387492623624
"s__Anaerococcus_SGB53821","fixed",NA,"hd_exposurehigh_exposure",0.184139324938987,0.109374392801629,1.68356888867908,113.226259010338,0.0950201929396818,0.214310603835041
"s__Anaerofilum_sp_BX8","fixed",NA,"(Intercept)",-6.35944763002638,0.0537950767851898,-118.216164193248,134.954584832554,3.78888538712354e-138,1.64948684760355e-136
"s__Anaerofilum_sp_BX8","fixed",NA,"hd_exposurelow_exposure",-0.17169969901805,0.0802575822275774,-2.13935798029874,113.899797664691,0.0345415079549575,0.0895591452793357
"s__Anaerofilum_sp_BX8","fixed",NA,"hd_exposurehigh_exposure",-0.196516330328538,0.0790232228194433,-2.48681746095764,111.170238330825,0.0143750626716009,0.0401643542108014
"s__Anaeromassilibacillus_sp_An250","fixed",NA,"(Intercept)",-5.36953223465418,0.145608858624241,-36.8764118157866,130.222042133384,8.73846494328439e-71,3.70099691715574e-70
"s__Anaeromassilibacillus_sp_An250","fixed",NA,"hd_exposurelow_exposure",-0.311480039798397,0.220676848290567,-1.41147583994978,118.802619813043,0.160717974245026,0.3249071790353
"s__Anaeromassilibacillus_sp_An250","fixed",NA,"hd_exposurehigh_exposure",-0.270718433441849,0.218093272765827,-1.24129657925088,115.144140436816,0.217019047373781,0.399468688971208
"s__Anaerosacchariphilus_sp_NSJ_68","fixed",NA,"(Intercept)",-6.42627060968915,0.118084352294643,-54.4210175591628,127.444907814666,4.29695714851905e-90,2.51371993188365e-89
"s__Anaerosacchariphilus_sp_NSJ_68","fixed",NA,"hd_exposurelow_exposure",0.141427894826085,0.181222347842917,0.780410895838708,122.831954379332,0.436650383896111,0.6287765528104
"s__Anaerosacchariphilus_sp_NSJ_68","fixed",NA,"hd_exposurehigh_exposure",0.493304400382143,0.180103332116108,2.73900762737761,120.330804596789,0.00709974087656507,0.0205738621067025
"s__Anaerostipes_caccae","fixed",NA,"(Intercept)",-6.14328930639283,0.125744289698968,-48.8554138012938,135.476453150152,6.66325089083907e-88,3.70136666695868e-87
"s__Anaerostipes_caccae","fixed",NA,"hd_exposurelow_exposure",0.0868837854425729,0.191882802792967,0.45279610354825,127.884281770248,0.651462812696302,0.812413265802748
"s__Anaerostipes_caccae","fixed",NA,"hd_exposurehigh_exposure",0.155404182205582,0.190151508940164,0.817265048653831,124.58723465131,0.415337098985427,0.605505512650706
"s__Anaerostipes_hadrus","fixed",NA,"(Intercept)",-3.75812845949205,0.179969008309539,-20.8820868370194,121.931798737709,4.38375773347828e-42,1.42225207574893e-41
"s__Anaerostipes_hadrus","fixed",NA,"hd_exposurelow_exposure",0.0941942912173662,0.275580134121684,0.341803633696521,116.180003790723,0.733116158795582,0.859895644903088
"s__Anaerostipes_hadrus","fixed",NA,"hd_exposurehigh_exposure",-0.0998767602638403,0.273550711641716,-0.365112412482605,113.330349537327,0.71570798710819,0.851072035525996
"s__Anaerotignum_faecicola","fixed",NA,"(Intercept)",-5.15221876338908,0.180479297859723,-28.5474224716544,121.147695045598,1.25564667451528e-55,4.48582170742865e-55
"s__Anaerotignum_faecicola","fixed",NA,"hd_exposurelow_exposure",0.368976165208006,0.276759300291176,1.33320240663931,116.143282079202,0.185074521599362,0.357174746839181
"s__Anaerotignum_faecicola","fixed",NA,"hd_exposurehigh_exposure",0.197332090563132,0.274930251659494,0.717753282412629,113.519962393028,0.474383886582605,0.660305289192108
"s__Anaerotignum_lactatifermentans","fixed",NA,"(Intercept)",-5.13027505038844,0.124193006054026,-41.3088885871456,123.528334266108,3.66813567109029e-74,1.63105700149193e-73
"s__Anaerotignum_lactatifermentans","fixed",NA,"hd_exposurelow_exposure",-0.0824876242886033,0.190246559253043,-0.433582739222571,117.972532871727,0.665383280277327,0.822176568105053
"s__Anaerotignum_lactatifermentans","fixed",NA,"hd_exposurehigh_exposure",0.206650271877633,0.188883792214935,1.09406037148217,115.174591736689,0.276211344978076,0.46624674283044
"s__Anaerotruncus_colihominis","fixed",NA,"(Intercept)",-4.70558754856933,0.171224604263488,-27.4819589673465,125.885221098039,4.93147594696868e-55,1.75175008970121e-54
"s__Anaerotruncus_colihominis","fixed",NA,"hd_exposurelow_exposure",-0.404902342742422,0.260696882545192,-1.55315375768727,117.061809937487,0.123085855841554,0.262757941793559
"s__Anaerotruncus_colihominis","fixed",NA,"hd_exposurehigh_exposure",-0.416152787732101,0.258092846426113,-1.61241504169794,113.601292218694,0.109646405434767,0.240630798328117
"s__Anaerotruncus_rubiinfantis","fixed",NA,"(Intercept)",-5.6484476604322,0.062234538502095,-90.7606579301951,130.004991225137,1.91263744308069e-119,3.54500722123471e-118
"s__Anaerotruncus_rubiinfantis","fixed",NA,"hd_exposurelow_exposure",0.0323776593518656,0.0945000664491153,0.342620492963354,119.672450589909,0.732485032939885,0.859895644903088
"s__Anaerotruncus_rubiinfantis","fixed",NA,"hd_exposurehigh_exposure",-0.0255615989898241,0.093457409426298,-0.273510673436571,116.059997282886,0.784946825476023,0.891702446473161
"s__Angelakisella_massiliensis","fixed",NA,"(Intercept)",-6.30256605437799,0.113504306230077,-55.5271096199866,124.150424393449,1.58313686433294e-89,9.11886833855773e-89
"s__Angelakisella_massiliensis","fixed",NA,"hd_exposurelow_exposure",-0.0672795154123119,0.173682361052451,-0.387371031834337,118.019603469079,0.699179237977023,0.843999596434759
"s__Angelakisella_massiliensis","fixed",NA,"hd_exposurehigh_exposure",-0.227013974478909,0.172341405939154,-1.31723408685117,115.063118244553,0.190377286708562,0.362426077935649
"s__Bacteroides_bouchesdurhonensis","fixed",NA,"(Intercept)",-5.28285233473831,0.0537262974288421,-98.328985758514,108.627401036793,5.51314165747216e-108,6.03543928818004e-107
"s__Bacteroides_bouchesdurhonensis","fixed",NA,"hd_exposurelow_exposure",0.137262396305709,0.0824393886573361,1.66500987624068,104.044136226736,0.0989193794991027,0.222021303090418
"s__Bacteroides_bouchesdurhonensis","fixed",NA,"hd_exposurehigh_exposure",-0.0467540392845234,0.0819228260952088,-0.570708330181224,101.595808654029,0.569457533622119,0.749855279400086
"s__Bacteroides_caccae","fixed",NA,"(Intercept)",-3.72536698436814,0.268347095821334,-13.8826431974822,120.240355055533,9.70912703338545e-27,2.95536354577196e-26
"s__Bacteroides_caccae","fixed",NA,"hd_exposurelow_exposure",-0.0282629030198413,0.412991383174752,-0.0684346070433198,117.065481844065,0.945556427168419,0.974669245419349
"s__Bacteroides_caccae","fixed",NA,"hd_exposurehigh_exposure",0.0544562448668216,0.411121053951319,0.132457932629424,115.154211386674,0.894853268967871,0.948564733583156
"s__Bacteroides_cellulosilyticus","fixed",NA,"(Intercept)",-5.29725891986968,0.191594528202905,-27.648278735078,121.975012522248,2.27669674427672e-54,8.02632072558572e-54
"s__Bacteroides_cellulosilyticus","fixed",NA,"hd_exposurelow_exposure",-0.211272769817778,0.29365196516211,-0.71946656206147,116.700011605147,0.473291833287934,0.660305289192108
"s__Bacteroides_cellulosilyticus","fixed",NA,"hd_exposurehigh_exposure",-0.0623321012708361,0.291630015103629,-0.21373692021614,113.989469646446,0.831134054949234,0.917383815368495
"s__Bacteroides_clarus","fixed",NA,"(Intercept)",-5.18371613623327,0.253446609605368,-20.4528920087139,119.717681967438,7.05369746809307e-41,2.28057368916584e-40
"s__Bacteroides_clarus","fixed",NA,"hd_exposurelow_exposure",-0.0291900676618757,0.3906741425649,-0.0747171734229288,117.321388055437,0.940566993868153,0.972248157107223
"s__Bacteroides_clarus","fixed",NA,"hd_exposurehigh_exposure",-0.20571967328978,0.389292728442056,-0.528444685091005,115.791630888042,0.59820212253642,0.772832555823449
"s__Bacteroides_cutis","fixed",NA,"(Intercept)",-5.53687205598391,0.0565339946773441,-97.9388081027078,152.036381452513,2.91458611352975e-139,1.36402630113192e-137
"s__Bacteroides_cutis","fixed",NA,"hd_exposurelow_exposure",0.0992999305311484,0.0851449787925357,1.16624529055439,137.262713747465,0.245537626658686,0.436097188904233
"s__Bacteroides_cutis","fixed",NA,"hd_exposurehigh_exposure",0.115925599922734,0.0839918203041426,1.38020106604377,133.709365626687,0.169827994847684,0.338210645058366
"s__Bacteroides_eggerthii","fixed",NA,"(Intercept)",-4.52688302940976,0.234765691176509,-19.2825578845173,119.108934170753,1.95881196608586e-38,6.225629882025e-38
"s__Bacteroides_eggerthii","fixed",NA,"hd_exposurelow_exposure",0.260885166651931,0.36135594025711,0.721961749034227,116.002169653228,0.471770806797114,0.659563069696937
"s__Bacteroides_eggerthii","fixed",NA,"hd_exposurehigh_exposure",-0.197614673052082,0.359748336475791,-0.54931365350561,114.123396886917,0.583863485135128,0.762730247154892
"s__Bacteroides_faecis","fixed",NA,"(Intercept)",-6.19041380657114,0.16229265894066,-38.1435232312916,120.376810658435,4.5499633686619e-69,1.89700031762474e-68
"s__Bacteroides_faecis","fixed",NA,"hd_exposurelow_exposure",-0.138738375655463,0.249942686136609,-0.555080757912773,117.541024683244,0.57989424736952,0.76019750075332
"s__Bacteroides_faecis","fixed",NA,"hd_exposurehigh_exposure",0.53856145883442,0.248917001139705,2.16361862134178,115.789382989993,0.032548266798848,0.0850982617981054
"s__Bacteroides_finegoldii","fixed",NA,"(Intercept)",-4.79824310706933,0.254358450079556,-18.8640994846783,120.71512394188,8.45844209624522e-38,2.67469655475862e-37
"s__Bacteroides_finegoldii","fixed",NA,"hd_exposurelow_exposure",-0.315467504506228,0.391557291090576,-0.805673937593089,117.65907669006,0.422056156324644,0.612472189643204
"s__Bacteroides_finegoldii","fixed",NA,"hd_exposurehigh_exposure",-0.302413019598293,0.389842357942851,-0.775731557735512,115.802256110504,0.439488853687967,0.630922648852665
"s__Bacteroides_fragilis","fixed",NA,"(Intercept)",-3.75491879415558,0.267947007022948,-14.0136620142728,121.768567061558,3.68259107412864e-27,1.12643962267464e-26
"s__Bacteroides_fragilis","fixed",NA,"hd_exposurelow_exposure",0.349072511515221,0.410056750304943,0.851278539508567,115.711216228554,0.396372926960734,0.586604647864768
"s__Bacteroides_fragilis","fixed",NA,"hd_exposurehigh_exposure",-0.630425213529922,0.406915169561742,-1.54927921268923,112.780153306012,0.124116283699047,0.263805164404465
"s__Bacteroides_gallinarum","fixed",NA,"(Intercept)",-6.28145881712291,0.0460195315488701,-136.495496709965,115.437588006471,1.90368596452946e-129,6.25210548350728e-128
"s__Bacteroides_gallinarum","fixed",NA,"hd_exposurelow_exposure",-0.0290278655954464,0.0699575791870706,-0.4149352498008,105.883015551363,0.679028845575647,0.832226035599493
"s__Bacteroides_gallinarum","fixed",NA,"hd_exposurehigh_exposure",0.00621392173556755,0.0692154718572572,0.0897764844886487,102.412280979712,0.928640177809437,0.967531927960953
"s__Bacteroides_intestinalis","fixed",NA,"(Intercept)",-5.11305134305612,0.176057852697323,-29.0418817719334,116.322603940568,3.90075100127799e-55,1.38825206737498e-54
"s__Bacteroides_intestinalis","fixed",NA,"hd_exposurelow_exposure",-0.203599007764337,0.271334272734708,-0.750362295600609,113.847057266167,0.454584532253983,0.644195491581724
"s__Bacteroides_intestinalis","fixed",NA,"hd_exposurehigh_exposure",-0.693753375051695,0.270343010884758,-2.56619682077681,112.278689799988,0.0115988528984571,0.032799173150924
"s__Bacteroides_nordii","fixed",NA,"(Intercept)",-4.82696229521381,0.175940251421563,-27.4352358611114,120.98139816577,8.96021492795514e-54,3.12938849722612e-53
"s__Bacteroides_nordii","fixed",NA,"hd_exposurelow_exposure",-0.0160495174267457,0.27044205637843,-0.0593454939726076,117.188105971763,0.952778008697972,0.977377169619864
"s__Bacteroides_nordii","fixed",NA,"hd_exposurehigh_exposure",-0.0421352371755051,0.269017320145866,-0.15662648469124,115.00812697868,0.875813846829144,0.937084689608242
"s__Bacteroides_ovatus","fixed",NA,"(Intercept)",-2.98825895245902,0.255344852363008,-11.7028360854159,123.111763910562,9.98865515917559e-22,3.01107285957757e-21
"s__Bacteroides_ovatus","fixed",NA,"hd_exposurelow_exposure",-0.282380734916302,0.392258245784971,-0.719884764566806,119.005205663696,0.473007423038429,0.660305289192108
"s__Bacteroides_ovatus","fixed",NA,"hd_exposurehigh_exposure",-0.756396291274445,0.390053205087138,-1.93921311608109,116.697470629159,0.0548893232434503,0.135379200410723
"s__Bacteroides_salyersiae","fixed",NA,"(Intercept)",-5.06155059768187,0.194374666569485,-26.0401763615242,119.749103921871,3.81328754236085e-51,1.29320186219194e-50
"s__Bacteroides_salyersiae","fixed",NA,"hd_exposurelow_exposure",-0.0938145324336305,0.299273203124169,-0.313474549188778,116.785906804652,0.754479337797827,0.872507984296878
"s__Bacteroides_salyersiae","fixed",NA,"hd_exposurehigh_exposure",-0.473043409474748,0.297996236023709,-1.58741404182405,114.973703129994,0.115165312209069,0.249813979670194
"s__Bacteroides_sp_AF16_49","fixed",NA,"(Intercept)",-5.01073995831224,0.0870913503965469,-57.5343008863359,119.251136990992,7.77799237137796e-89,4.42565401799986e-88
"s__Bacteroides_sp_AF16_49","fixed",NA,"hd_exposurelow_exposure",-0.13612718382784,0.134612018067199,-1.01125579857131,118.16947833588,0.313960171799143,0.505794700178998
"s__Bacteroides_sp_AF16_49","fixed",NA,"hd_exposurehigh_exposure",-0.0895344198800598,0.134384240376647,-0.666256844025134,117.406861606676,0.506553998592252,0.694144728974174
"s__Bacteroides_sp_AM10_21B","fixed",NA,"(Intercept)",-6.22549895588094,0.0969318058953868,-64.2255542272655,114.023911457651,2.2625825011228e-91,1.35754950067368e-90
"s__Bacteroides_sp_AM10_21B","fixed",NA,"hd_exposurelow_exposure",-0.189650897313987,0.149205361962883,-1.27107293477271,110.958937542508,0.206360926380547,0.384681295361675
"s__Bacteroides_sp_AM10_21B","fixed",NA,"hd_exposurehigh_exposure",-0.0922870402322184,0.148545294001397,-0.621272056126872,109.105565530278,0.535716498183968,0.723043464023352
"s__Bacteroides_stercoris","fixed",NA,"(Intercept)",-3.62035535917125,0.289822085400101,-12.4916476057141,119.568852450587,1.99808042366359e-23,6.04266002116032e-23
"s__Bacteroides_stercoris","fixed",NA,"hd_exposurelow_exposure",-0.142159418807121,0.446225686783018,-0.31858188136141,116.600393077631,0.750613542891054,0.872507984296878
"s__Bacteroides_stercoris","fixed",NA,"hd_exposurehigh_exposure",-0.22450792039049,0.444318440790805,-0.505286073634277,114.785866668853,0.614326753638098,0.784996370519126
"s__Bacteroides_thetaiotaomicron","fixed",NA,"(Intercept)",-2.7716491599682,0.22071207263076,-12.5577596500805,126.274027643099,5.67208364992963e-24,1.71814572696897e-23
"s__Bacteroides_thetaiotaomicron","fixed",NA,"hd_exposurelow_exposure",-0.407866467592826,0.338073706348878,-1.20644244119927,120.669541266522,0.230006878808909,0.415610885260885
"s__Bacteroides_thetaiotaomicron","fixed",NA,"hd_exposurehigh_exposure",-0.476316233715392,0.335638170226734,-1.41913606963602,117.851816886256,0.158498794047471,0.321114439888383
"s__Bacteroides_uniformis","fixed",NA,"(Intercept)",-2.64408866253701,0.241831787916123,-10.9335860488865,119.361289172438,1.05688074457668e-19,3.17064223373003e-19
"s__Bacteroides_uniformis","fixed",NA,"hd_exposurelow_exposure",0.187523327581609,0.372651260826052,0.503213989309812,116.808945408634,0.615761413456482,0.78522163895813
"s__Bacteroides_uniformis","fixed",NA,"hd_exposurehigh_exposure",0.0518601790256897,0.371256783935337,0.139688165360831,115.198958324217,0.889150306548263,0.943588080418565
"s__Bacteroides_xylanisolvens","fixed",NA,"(Intercept)",-3.18756343316468,0.226288313070433,-14.086292791323,121.012630447646,2.84606286145168e-27,8.7198521712562e-27
"s__Bacteroides_xylanisolvens","fixed",NA,"hd_exposurelow_exposure",-0.181745593211561,0.34829691890676,-0.521812233602372,117.885317540353,0.602780127384163,0.775765749425703
"s__Bacteroides_xylanisolvens","fixed",NA,"hd_exposurehigh_exposure",-0.298635790969557,0.346740962948097,-0.861264814028503,115.995120523721,0.390869079877946,0.581801552716926
"s__Barnesiella_intestinihominis","fixed",NA,"(Intercept)",-4.17418249025565,0.239844693517229,-17.4036891500199,117.811992053494,2.36108963630085e-34,7.36659966525864e-34
"s__Barnesiella_intestinihominis","fixed",NA,"hd_exposurelow_exposure",-0.45827357611641,0.37004013726769,-1.2384428875749,115.858084476859,0.218055323633098,0.400452392107975
"s__Barnesiella_intestinihominis","fixed",NA,"hd_exposurehigh_exposure",-0.543718440723647,0.368950484594025,-1.47368946085524,114.569175205789,0.143307535571265,0.29610563641215
"s__Bifidobacterium_adolescentis","fixed",NA,"(Intercept)",-4.10553301825384,0.212974481984525,-19.2771123563627,121.56976335424,8.93261843714874e-39,2.85356001951236e-38
"s__Bifidobacterium_adolescentis","fixed",NA,"hd_exposurelow_exposure",-0.0837563020403822,0.326239805481557,-0.256732319701917,116.010209723245,0.797840173939358,0.898109925204136
"s__Bifidobacterium_adolescentis","fixed",NA,"hd_exposurehigh_exposure",0.339546887402028,0.323898886963389,1.04831137453216,113.215891646415,0.296727927064034,0.490139374066056
"s__Bifidobacterium_bifidum","fixed",NA,"(Intercept)",-4.49314841319118,0.182314769285728,-24.6450050689498,126.363147912092,4.21554767972836e-50,1.42189283900027e-49
"s__Bifidobacterium_bifidum","fixed",NA,"hd_exposurelow_exposure",0.0619311963418243,0.278633007265706,0.222267982352738,119.577511671382,0.824484456118409,0.916053891766358
"s__Bifidobacterium_bifidum","fixed",NA,"hd_exposurehigh_exposure",-0.361505047543689,0.276315417511607,-1.30830574276046,116.459350256234,0.193345888406008,0.367082660340818
"s__Bifidobacterium_breve","fixed",NA,"(Intercept)",-4.99810804700199,0.21033092052789,-23.76306838033,126.709426541499,1.60614833358812e-48,5.35001722504798e-48
"s__Bifidobacterium_breve","fixed",NA,"hd_exposurelow_exposure",-0.232649689319129,0.322128804920076,-0.722225661802745,121.0335284177,0.471548856520747,0.659563069696937
"s__Bifidobacterium_breve","fixed",NA,"hd_exposurehigh_exposure",-0.311142822471819,0.319785607683617,-0.972973188898642,118.194494671309,0.33255366244336,0.526238762547734
"s__Bifidobacterium_catenulatum","fixed",NA,"(Intercept)",-5.62903231407788,0.175104151693273,-32.1467667079543,123.374869087991,8.27243696619963e-62,3.20621159435315e-61
"s__Bifidobacterium_catenulatum","fixed",NA,"hd_exposurelow_exposure",0.650658371368276,0.268798519931287,2.42061738857269,118.899332601798,0.0170067020781872,0.0469565579503928
"s__Bifidobacterium_catenulatum","fixed",NA,"hd_exposurehigh_exposure",0.724541910305732,0.267177044159922,2.71184192707832,116.453047842865,0.00770487799964052,0.0221559625427451
"s__Bifidobacterium_dentium","fixed",NA,"(Intercept)",-5.33109319368925,0.0912699070656664,-58.4101963624622,130.313369649664,2.50906893506113e-95,1.71422519942862e-94
"s__Bifidobacterium_dentium","fixed",NA,"hd_exposurelow_exposure",-0.113276563031476,0.138164233749199,-0.819868933931916,118.230777858449,0.413940599859245,0.604443684037836
"s__Bifidobacterium_dentium","fixed",NA,"hd_exposurehigh_exposure",-0.0429827613614731,0.136494233114902,-0.314905328822865,114.564233526198,0.753406362751932,0.872507984296878
"s__Bifidobacterium_longum","fixed",NA,"(Intercept)",-3.3464525227811,0.175331254987456,-19.0864573633521,124.853953268009,7.83782591672336e-39,2.50810429335148e-38
"s__Bifidobacterium_longum","fixed",NA,"hd_exposurelow_exposure",-0.342977203986397,0.267047443026487,-1.28433060470225,116.236980462224,0.201580183507095,0.378493584278116
"s__Bifidobacterium_longum","fixed",NA,"hd_exposurehigh_exposure",-0.159312055540468,0.26442045641505,-0.602495199124846,112.806431994709,0.54805378689931,0.735452823710042
"s__Bifidobacterium_pseudocatenulatum","fixed",NA,"(Intercept)",-4.90565853200988,0.192182795377848,-25.5260025870938,125.970669610456,1.26311079091315e-51,4.3148602200537e-51
"s__Bifidobacterium_pseudocatenulatum","fixed",NA,"hd_exposurelow_exposure",-0.0771854656342991,0.292757883447515,-0.263649486481333,117.42952021893,0.792512114969786,0.89480258095503
"s__Bifidobacterium_pseudocatenulatum","fixed",NA,"hd_exposurehigh_exposure",0.0370018246704731,0.289896267163542,0.127638154959749,114.00442286378,0.898660205317042,0.950984683071511
"s__Bilophila_SGB15450","fixed",NA,"(Intercept)",-5.81994888502347,0.105788046699022,-55.0151842918685,116.286532923662,4.22896314427622e-85,2.19296925376318e-84
"s__Bilophila_SGB15450","fixed",NA,"hd_exposurelow_exposure",-0.135836165630208,0.163442428801248,-0.831094879258,115.010430879206,0.407642117357758,0.596642723763662
"s__Bilophila_SGB15450","fixed",NA,"hd_exposurehigh_exposure",-0.232419294772819,0.163117964224992,-1.42485406728248,114.124511061144,0.156928373927462,0.318622468538187
"s__Bilophila_SGB69261","fixed",NA,"(Intercept)",-4.46442110608381,0.0190199239423611,-234.723394247685,131.06516336737,6.95506613472017e-174,1.62748547552452e-171
"s__Bilophila_SGB69261","fixed",NA,"hd_exposurelow_exposure",0.0162642077054202,0.0289402286859089,0.561993061006436,121.87919051429,0.57515282278488,0.754510220219548
"s__Bilophila_SGB69261","fixed",NA,"hd_exposurehigh_exposure",0.015295356993303,0.0286436959001927,0.533986851647873,118.359837659904,0.594352127501303,0.770737217963799
"s__Bilophila_wadsworthia","fixed",NA,"(Intercept)",-4.00020210864209,0.191478736588561,-20.8911035236122,127.040235813295,6.45900862608282e-43,2.1064920118514e-42
"s__Bilophila_wadsworthia","fixed",NA,"hd_exposurelow_exposure",-0.333013439528388,0.292728666881759,-1.13761813311882,120.416845272595,0.25753849758766,0.447991816441975
"s__Bilophila_wadsworthia","fixed",NA,"hd_exposurehigh_exposure",-0.243862458047372,0.290337031483183,-0.839928881278435,117.33358741096,0.402656471202684,0.591194442424647
"s__Blautia_caecimuris","fixed",NA,"(Intercept)",-5.30184726947001,0.183529008158435,-28.8883339079187,121.520901425108,2.86109526166935e-56,1.03397110614769e-55
"s__Blautia_caecimuris","fixed",NA,"hd_exposurelow_exposure",-0.268797437754081,0.280558567972837,-0.958079589927568,114.889203840673,0.340034447868897,0.533781565979343
"s__Blautia_caecimuris","fixed",NA,"hd_exposurehigh_exposure",-0.0966935497927679,0.278258328507064,-0.347495617872631,111.819923871,0.728872229964156,0.8581439084861
"s__Blautia_faecicola","fixed",NA,"(Intercept)",-5.59639619950737,0.0642815482972773,-87.0606938965782,133.852238010687,1.02334018663276e-119,1.91569282937652e-118
"s__Blautia_faecicola","fixed",NA,"hd_exposurelow_exposure",0.0958133517468992,0.09753720757968,0.982326171975217,123.11102038946,0.327865737003469,0.519699119111341
"s__Blautia_faecicola","fixed",NA,"hd_exposurehigh_exposure",0.0450902141843764,0.0964353638554099,0.467569285599236,119.464752284212,0.640944421113675,0.805267084781745
"s__Blautia_faecis","fixed",NA,"(Intercept)",-4.03685015545365,0.195054701566797,-20.6959900121721,124.717671337397,3.73291938774595e-42,1.21319880101743e-41
"s__Blautia_faecis","fixed",NA,"hd_exposurelow_exposure",0.447370217112876,0.29764757307834,1.50301987174318,117.120101627634,0.135525568298162,0.282835968622251
"s__Blautia_faecis","fixed",NA,"hd_exposurehigh_exposure",0.141324200878391,0.294961428332011,0.479127734353507,113.845599468213,0.632766797655733,0.796061455115276
"s__Blautia_glucerasea","fixed",NA,"(Intercept)",-5.32095448161774,0.077172640098702,-68.948716472734,130.170950861903,2.440638551423e-104,2.30751281225448e-103
"s__Blautia_glucerasea","fixed",NA,"hd_exposurelow_exposure",-0.175440181251137,0.115064871768305,-1.52470670287977,108.771317294254,0.130234638362866,0.274548697089286
"s__Blautia_glucerasea","fixed",NA,"hd_exposurehigh_exposure",-0.106295147776635,0.113285499530263,-0.938294382047006,106.144069402272,0.350223327982041,0.542281282036708
"s__Blautia_hansenii","fixed",NA,"(Intercept)",-5.65710658971237,0.153024067491336,-36.9687375486386,132.873918001999,8.56463454167838e-72,3.67729262890411e-71
"s__Blautia_hansenii","fixed",NA,"hd_exposurelow_exposure",0.268910337590294,0.232491362558695,1.15664657228891,122.861534402865,0.249660785417469,0.440080028532489
"s__Blautia_hansenii","fixed",NA,"hd_exposurehigh_exposure",0.056197547507469,0.229975154423953,0.244363560264733,119.262257061769,0.807369169708978,0.905569254460879
"s__Blautia_hydrogenotrophica","fixed",NA,"(Intercept)",-5.58523673462466,0.0622386980178354,-89.7389712912074,118.643590046018,6.7521293140536e-111,7.8509230285145e-110
"s__Blautia_hydrogenotrophica","fixed",NA,"hd_exposurelow_exposure",0.0685664265030901,0.094344239818931,0.726768551367687,107.455457933118,0.468948045418292,0.657241452612295
"s__Blautia_hydrogenotrophica","fixed",NA,"hd_exposurehigh_exposure",0.123405184897543,0.0932460317389531,1.32343631783734,103.877063862703,0.188595772938634,0.360256415246044
"s__Blautia_luti","fixed",NA,"(Intercept)",-5.18491815910749,0.0991988713049735,-52.2679148552725,121.566129401194,3.63722311723303e-85,1.90724976903648e-84
"s__Blautia_luti","fixed",NA,"hd_exposurelow_exposure",-0.114068388002094,0.152625049561343,-0.747376582873754,118.244235800219,0.456319951484111,0.645677210263231
"s__Blautia_luti","fixed",NA,"hd_exposurehigh_exposure",0.136255925334465,0.151907047036454,0.896969087298284,116.265170211599,0.371588972030145,0.56325065234043
"s__Blautia_marasmi","fixed",NA,"(Intercept)",-5.42541468521586,0.0488554224335756,-111.050409861716,161.376851127121,2.46705666686894e-154,2.30916504018933e-152
"s__Blautia_marasmi","fixed",NA,"hd_exposurelow_exposure",0.0763172159937475,0.0729896395541805,1.0455897091682,142.071200376169,0.297526216269749,0.490289680331839
"s__Blautia_marasmi","fixed",NA,"hd_exposurehigh_exposure",-0.015822982023043,0.0718821849664439,-0.220123832218366,139.18619694403,0.826097245357378,0.916053891766358
"s__Blautia_massiliensis","fixed",NA,"(Intercept)",-4.28572956226079,0.169946970164625,-25.2180404164268,120.15754460662,8.03914220036353e-50,2.70670399264038e-49
"s__Blautia_massiliensis","fixed",NA,"hd_exposurelow_exposure",-0.00749288271740952,0.26087065798149,-0.0287225967664833,115.671938900155,0.977135331299553,0.991972527219503
"s__Blautia_massiliensis","fixed",NA,"hd_exposurehigh_exposure",-0.0623232781611239,0.259290745972767,-0.240360595698504,113.227651663905,0.810485365677392,0.907251378030615
"s__Blautia_obeum","fixed",NA,"(Intercept)",-4.43669256145978,0.192761645709679,-23.0164696152364,124.192356194171,1.25797422857639e-46,4.15331173879188e-46
"s__Blautia_obeum","fixed",NA,"hd_exposurelow_exposure",0.133681920341139,0.294849510446573,0.453390341868528,117.863374885119,0.651101321370262,0.812413265802748
"s__Blautia_obeum","fixed",NA,"hd_exposurehigh_exposure",-0.0707367770811429,0.292518127506082,-0.241820148666418,114.857151448042,0.809350746012836,0.907248261398819
"s__Blautia_producta","fixed",NA,"(Intercept)",-5.85547255854289,0.18495282159584,-31.6592767172718,124.306192240695,2.40253773424512e-61,9.23521691685187e-61
"s__Blautia_producta","fixed",NA,"hd_exposurelow_exposure",-0.197831366969292,0.283194140983807,-0.69857153923465,118.51217328227,0.486188402559914,0.673682227677394
"s__Blautia_producta","fixed",NA,"hd_exposurehigh_exposure",0.0307476835738757,0.281099694258143,0.109383553955911,115.644964886134,0.913087858200507,0.958573841956296
"s__Blautia_SGB4815","fixed",NA,"(Intercept)",-5.82544705452074,0.11335986223428,-51.3889743662649,139.543134681346,1.51030541580937e-92,9.36189317349387e-92
"s__Blautia_SGB4815","fixed",NA,"hd_exposurelow_exposure",0.229088719166563,0.170543602136197,1.34328533171014,123.807728291978,0.181636687701983,0.354560875263934
"s__Blautia_SGB4815","fixed",NA,"hd_exposurehigh_exposure",0.433576024567567,0.168188510930239,2.57791701805009,120.29368315683,0.0111461362073349,0.031566667140894
"s__Blautia_sp_Marseille_P3087","fixed",NA,"(Intercept)",-5.20346725959942,0.0843567387345434,-61.6840733491827,114.589342361086,9.60910041293194e-90,5.56911330433702e-89
"s__Blautia_sp_Marseille_P3087","fixed",NA,"hd_exposurelow_exposure",0.0115411405518535,0.129854936324082,0.0888771800176311,111.544746752335,0.929338897351052,0.967587550523454
"s__Blautia_sp_Marseille_P3087","fixed",NA,"hd_exposurehigh_exposure",-0.145879250880526,0.129284266977047,-1.12836042846903,109.700071694572,0.261629408469621,0.450570609618336
"s__Blautia_sp_MSK_20_85","fixed",NA,"(Intercept)",-5.28187115143899,0.128273605431996,-41.1766016371869,120.993193436604,5.0303096160911e-73,2.205325433565e-72
"s__Blautia_sp_MSK_20_85","fixed",NA,"hd_exposurelow_exposure",0.314054063656076,0.197220772212563,1.5923985092077,117.322887151162,0.113985966666505,0.24783011567909
"s__Blautia_sp_MSK_20_85","fixed",NA,"hd_exposurehigh_exposure",-0.0133102825343008,0.196210258470781,-0.0678368329874195,115.193822505719,0.946033129768673,0.974669245419349
"s__Blautia_sp_OF03_15BH","fixed",NA,"(Intercept)",-5.29911277102879,0.0702899822668454,-75.3893030006964,133.100026577389,4.66714520800021e-111,5.52968090466861e-110
"s__Blautia_sp_OF03_15BH","fixed",NA,"hd_exposurelow_exposure",0.0362837545071113,0.106158899516942,0.341787213999149,119.663295154858,0.733110531602321,0.859895644903088
"s__Blautia_sp_OF03_15BH","fixed",NA,"hd_exposurehigh_exposure",0.0688370806946802,0.104801019704154,0.656835982025771,116.011020994291,0.512587281600207,0.699390226789787
"s__Blautia_stercoris","fixed",NA,"(Intercept)",-5.00972461203891,0.0721960423002404,-69.3905711784734,113.877770970019,5.10364849744171e-95,3.44910829863209e-94
"s__Blautia_stercoris","fixed",NA,"hd_exposurelow_exposure",-0.207573545939171,0.11079454370273,-1.8734997139941,109.308128343436,0.0636704022496356,0.152613307312827
"s__Blautia_stercoris","fixed",NA,"hd_exposurehigh_exposure",-0.0846589342067022,0.110108367311451,-0.768869217425022,106.848633823832,0.443667150021982,0.63326170126957
"s__Blautia_wexlerae","fixed",NA,"(Intercept)",-3.14007957831643,0.181170379384476,-17.3321907752515,127.569927953034,2.47642836630411e-35,7.7652829174561e-35
"s__Blautia_wexlerae","fixed",NA,"hd_exposurelow_exposure",-0.0738181322084819,0.275317774646029,-0.268119747456875,117.691317650544,0.78907651207506,0.893078132167178
"s__Blautia_wexlerae","fixed",NA,"hd_exposurehigh_exposure",-0.0258624061755967,0.272361983995139,-0.0949560059602821,114.119883497472,0.924516303052548,0.965789352295965
"s__Bradyrhizobium_denitrificans","fixed",NA,"(Intercept)",-5.06784119528047,0.126167035710595,-40.1677123246773,122.704990715734,1.87250632372623e-72,8.17093668535082e-72
"s__Bradyrhizobium_denitrificans","fixed",NA,"hd_exposurelow_exposure",-0.542256821593344,0.183961176049284,-2.94766990100167,86.2488495006639,0.00411814640408043,0.0121595742404394
"s__Bradyrhizobium_denitrificans","fixed",NA,"hd_exposurehigh_exposure",-0.234597077253481,0.180968922893943,-1.29633902607117,87.7680908005212,0.198256959095537,0.374130067970611
"s__Bradyrhizobium_viridifuturi","fixed",NA,"(Intercept)",-5.27256238435514,0.075979422411935,-69.3946099743832,251.999999999421,3.04117840790863e-166,5.17553270873177e-164
"s__Bradyrhizobium_viridifuturi","fixed",NA,"hd_exposurelow_exposure",-0.155704712939295,0.107130857300477,-1.45340676685317,251.999999998177,0.147355016008137,0.303130318645311
"s__Bradyrhizobium_viridifuturi","fixed",NA,"hd_exposurehigh_exposure",0.0829298086678796,0.105913838252586,0.782993138914541,251.99999999948,0.434366344664733,0.626934307796746
"s__Butyricicoccus_SGB14990","fixed",NA,"(Intercept)",-5.25344893308134,0.0766961230569501,-68.4969294886057,117.586288696703,1.2945446508054e-96,9.54089600908544e-96
"s__Butyricicoccus_SGB14990","fixed",NA,"hd_exposurelow_exposure",0.0604031155549053,0.118074317942353,0.511568617185624,114.577767243799,0.609937453375007,0.780986944403566
"s__Butyricicoccus_SGB14990","fixed",NA,"hd_exposurehigh_exposure",0.178982996186614,0.117562715752032,1.52244693431659,112.746378565874,0.130696994775936,0.274951937059395
"s__Butyricicoccus_sp_AM29_23AC","fixed",NA,"(Intercept)",-4.80052505953271,0.0607340021908342,-79.041803378095,123.787416447069,8.39937820157276e-108,8.98493485333954e-107
"s__Butyricicoccus_sp_AM29_23AC","fixed",NA,"hd_exposurelow_exposure",0.117803554869658,0.0932309662040819,1.26356681332452,119.308275201369,0.208848995255092,0.387862419759457
"s__Butyricicoccus_sp_AM29_23AC","fixed",NA,"hd_exposurehigh_exposure",0.208276028695178,0.0926683102855839,2.24754317903624,116.860046174343,0.026481824558609,0.0711247856150877
"s__Butyricimonas_faecalis","fixed",NA,"(Intercept)",-5.18941062447532,0.0695684068365104,-74.5943577042193,128.889342330216,6.76671720259789e-108,7.36470616468793e-107
"s__Butyricimonas_faecalis","fixed",NA,"hd_exposurelow_exposure",0.0494404053850273,0.106635738905709,0.463638231350785,123.648440993405,0.643722084010301,0.807131775798582
"s__Butyricimonas_faecalis","fixed",NA,"hd_exposurehigh_exposure",0.132357346224052,0.105906819092153,1.24975282383738,120.936044865509,0.213803014113129,0.395884512779205
"s__Butyricimonas_faecihominis","fixed",NA,"(Intercept)",-4.52479778351643,0.124243255334674,-36.4188604953079,117.903076216418,5.4636497994395e-66,2.1854599197758e-65
"s__Butyricimonas_faecihominis","fixed",NA,"hd_exposurelow_exposure",-0.19994665091151,0.191704608684338,-1.04299344853385,115.99470381521,0.299120210054811,0.490756383192468
"s__Butyricimonas_faecihominis","fixed",NA,"hd_exposurehigh_exposure",-0.289557819035599,0.191152204575714,-1.51480240407538,114.731426799921,0.132572617270047,0.27791258625927
"s__Butyricimonas_paravirosa","fixed",NA,"(Intercept)",-4.39452416568861,0.131143056415197,-33.5093926114976,117.484278024744,5.76242479075374e-62,2.24267343207713e-61
"s__Butyricimonas_paravirosa","fixed",NA,"hd_exposurelow_exposure",-0.209161476743556,0.202267483095328,-1.0340835488865,115.37706314241,0.303259727387999,0.494514119921894
"s__Butyricimonas_paravirosa","fixed",NA,"hd_exposurehigh_exposure",-0.1085334936179,0.201629203855999,-0.538282607589984,114.003306721714,0.591431365219902,0.770422271413174
"s__Butyricimonas_SGB15260","fixed",NA,"(Intercept)",-5.47045077368415,0.18363630372903,-29.7895931392533,122.253552288004,6.86495977942809e-58,2.53475438009653e-57
"s__Butyricimonas_SGB15260","fixed",NA,"hd_exposurelow_exposure",-0.0198811030209138,0.281633286097691,-0.0705921636479345,117.304286107826,0.943842554399686,0.974020541254803
"s__Butyricimonas_SGB15260","fixed",NA,"hd_exposurehigh_exposure",-0.0552115309042029,0.279789758256511,-0.197332208470565,114.696635537973,0.843916853255809,0.925490538544156
"s__Butyricimonas_SGB15266","fixed",NA,"(Intercept)",-4.90734561145381,0.111946547029152,-43.8365071695859,116.167090775704,4.17273533677811e-74,1.84665734053159e-73
"s__Butyricimonas_SGB15266","fixed",NA,"hd_exposurelow_exposure",0.020569321276674,0.172896125124886,0.118969243884537,114.722135724192,0.905507795027541,0.954307487310502
"s__Butyricimonas_SGB15266","fixed",NA,"hd_exposurehigh_exposure",0.0538438700137831,0.172510331599052,0.312119683004998,113.731862056372,0.755521069735705,0.872507984296878
"s__Butyricimonas_synergistica","fixed",NA,"(Intercept)",-5.11907932939701,0.0606842702036184,-84.3559510927722,127.469749285919,1.06439957499907e-113,1.45442044116662e-112
"s__Butyricimonas_synergistica","fixed",NA,"hd_exposurelow_exposure",0.0683384662935234,0.0930260170188026,0.734616707062828,122.274078860645,0.463979474439365,0.652079261374243
"s__Butyricimonas_synergistica","fixed",NA,"hd_exposurehigh_exposure",-0.0221667421517579,0.092394406649225,-0.239914329835072,119.577900505406,0.810807454831847,0.907251378030615
"s__Butyricimonas_virosa","fixed",NA,"(Intercept)",-5.25611259783006,0.164028786411225,-32.0438425036739,117.298631944145,7.50054442975506e-60,2.81383149749528e-59
"s__Butyricimonas_virosa","fixed",NA,"hd_exposurelow_exposure",-0.144926008143135,0.253025899977262,-0.572771436268616,115.2635628238,0.56791509413058,0.748688067755243
"s__Butyricimonas_virosa","fixed",NA,"hd_exposurehigh_exposure",-0.203271512880706,0.252252188867209,-0.805826557119442,113.929640564842,0.422021602863664,0.612472189643204
"s__Candidatus_Allochristensenella_caecavium","fixed",NA,"(Intercept)",-5.70486440514807,0.105306814999677,-54.1737436951784,117.801054726835,4.13776196887858e-85,2.15163622381686e-84
"s__Candidatus_Allochristensenella_caecavium","fixed",NA,"hd_exposurelow_exposure",0.0454617987828948,0.161818606607975,0.280942962838825,113.862420571157,0.779264018198081,0.887337130210954
"s__Candidatus_Allochristensenella_caecavium","fixed",NA,"hd_exposurehigh_exposure",-0.196865190720252,0.160936298278204,-1.22324915402204,111.628808429483,0.223811620409955,0.407167496022776
"s__Candidatus_Alloruminococcus_vanvlietii","fixed",NA,"(Intercept)",-6.44590110327664,0.0652294432601208,-98.8188888501132,138.662056248109,2.01448510992505e-130,6.85657477414489e-129
"s__Candidatus_Alloruminococcus_vanvlietii","fixed",NA,"hd_exposurelow_exposure",-0.0912816088468622,0.0956835033628027,-0.953995261866094,105.737312424966,0.342261906368158,0.53471272601279
"s__Candidatus_Alloruminococcus_vanvlietii","fixed",NA,"hd_exposurehigh_exposure",-0.146469788898847,0.0941102843905191,-1.55636325878113,105.95786240645,0.122603663642971,0.26230178095959
"s__Candidatus_Avimonas_narfia","fixed",NA,"(Intercept)",-6.06836978373769,0.109256824981666,-55.5422490517733,134.585203768124,1.15633962948416e-94,7.70344407969518e-94
"s__Candidatus_Avimonas_narfia","fixed",NA,"hd_exposurelow_exposure",-0.241393828974717,0.165229058399942,-1.46096474380684,121.92904734466,0.146597323146558,0.301903398163209
"s__Candidatus_Avimonas_narfia","fixed",NA,"hd_exposurehigh_exposure",-0.187870891123543,0.163180612434436,-1.15130644701452,118.251227921371,0.251928750552493,0.442613962709211
"s__Candidatus_Borkfalkia_ceftriaxoniphila","fixed",NA,"(Intercept)",-4.85917919252734,0.0785742824270357,-61.8418526066667,122.69352231036,2.43086265538179e-94,1.60231510242067e-93
"s__Candidatus_Borkfalkia_ceftriaxoniphila","fixed",NA,"hd_exposurelow_exposure",0.0280384558891969,0.120357531436029,0.232959712239524,117.10896024416,0.816199368056578,0.912194159404128
"s__Candidatus_Borkfalkia_ceftriaxoniphila","fixed",NA,"hd_exposurehigh_exposure",-0.0910896904237263,0.119491538495879,-0.762310801001763,114.30464509076,0.447444717381093,0.637268905176259
"s__Candidatus_Catenibacterium_tridentinum","fixed",NA,"(Intercept)",-5.08365953459094,0.171687548482351,-29.609948884054,120.430080033079,4.05906647107133e-57,1.47832148518395e-56
"s__Candidatus_Catenibacterium_tridentinum","fixed",NA,"hd_exposurelow_exposure",0.676417525811532,0.264350224502528,2.55879308248918,117.479496418947,0.0117743081137953,0.0331950373328687
"s__Candidatus_Catenibacterium_tridentinum","fixed",NA,"hd_exposurehigh_exposure",0.240989028564296,0.263227088399355,0.915517586087796,115.672655719129,0.361824613029165,0.554284513576593
"s__Candidatus_Cibionibacter_quicibialis","fixed",NA,"(Intercept)",-4.17327844017936,0.158947168820913,-26.2557582568924,119.013730305902,2.4346026049614e-51,8.27146293373455e-51
"s__Candidatus_Cibionibacter_quicibialis","fixed",NA,"hd_exposurelow_exposure",0.20805564663547,0.24501309812643,0.849161323318768,116.628481782362,0.397531176947171,0.587354667123207
"s__Candidatus_Cibionibacter_quicibialis","fixed",NA,"hd_exposurehigh_exposure",0.0428417866890544,0.244149779431805,0.175473378631582,115.104959237071,0.861016001831312,0.934931528670659
"s__Candidatus_Heritagella_intestinalis","fixed",NA,"(Intercept)",-5.24308506760621,0.061595905929068,-85.120674637759,118.875700549889,2.24738810582073e-108,2.51922786472839e-107
"s__Candidatus_Heritagella_intestinalis","fixed",NA,"hd_exposurelow_exposure",-0.164340497324599,0.0947667327221988,-1.73415810172911,115.54497121914,0.0855570882982709,0.196518858029893
"s__Candidatus_Heritagella_intestinalis","fixed",NA,"hd_exposurehigh_exposure",-0.153596403389883,0.0943189269222962,-1.62847912292749,113.565018605204,0.106194421970611,0.234983401807308
"s__Candidatus_Neochristensenella_gallicola","fixed",NA,"(Intercept)",-5.22009721748775,0.0581142415578775,-89.8247499675088,125.743439525762,6.36660415011882e-116,9.76908440083806e-115
"s__Candidatus_Neochristensenella_gallicola","fixed",NA,"hd_exposurelow_exposure",-0.0848859088085425,0.089133534641516,-0.952345367542566,120.823694501071,0.342823152042405,0.53471272601279
"s__Candidatus_Neochristensenella_gallicola","fixed",NA,"hd_exposurehigh_exposure",-0.139097500925384,0.0885537653241146,-1.57076890425014,118.219565232896,0.118909022595143,0.256153843841321
"s__Candidatus_Parachristensenella_avicola","fixed",NA,"(Intercept)",-6.03722791556795,0.0666309198764937,-90.6070023760514,120.135733427458,1.91307218016188e-112,2.43623885800207e-111
"s__Candidatus_Parachristensenella_avicola","fixed",NA,"hd_exposurelow_exposure",-0.125770310521404,0.102194431998225,-1.23069631155237,115.226733589843,0.220942811004999,0.404075212528541
"s__Candidatus_Parachristensenella_avicola","fixed",NA,"hd_exposurehigh_exposure",-0.201213016960685,0.101528797417532,-1.981831973575,112.636844062138,0.0499338219335278,0.12496806772669
"s__Candidatus_Pararuminococcus_gallinarum","fixed",NA,"(Intercept)",-5.95159202259647,0.124279809387769,-47.8886478174965,121.350510247018,1.15877243791335e-80,5.70847895729945e-80
"s__Candidatus_Pararuminococcus_gallinarum","fixed",NA,"hd_exposurelow_exposure",-0.28326324501879,0.190546997705935,-1.486579418354,116.258400925145,0.139832908455068,0.289565491845007
"s__Candidatus_Pararuminococcus_gallinarum","fixed",NA,"hd_exposurehigh_exposure",-0.427447144813728,0.189270423506255,-2.2583937674742,113.606461552107,0.0258303583404569,0.0694747569157116
"s__Candidatus_Pseudobutyricicoccus_lothianensis","fixed",NA,"(Intercept)",-5.13115355763538,0.0593344232370871,-86.4785276016324,141.22983335888,3.34277312890771e-124,7.82208912164404e-123
"s__Candidatus_Pseudobutyricicoccus_lothianensis","fixed",NA,"hd_exposurelow_exposure",-0.0822905461770582,0.0881417299884154,-0.933616190513549,117.316916900906,0.352419485548725,0.54433108659011
"s__Candidatus_Pseudobutyricicoccus_lothianensis","fixed",NA,"hd_exposurehigh_exposure",-0.105597745138833,0.0867407152840885,-1.2173953695561,115.159017903914,0.225942594612301,0.409491670656748
"s__Candidatus_Schneewindia_gallinarum","fixed",NA,"(Intercept)",-6.1032776022785,0.0981025130290502,-62.2132646130195,125.503558899983,3.50429933137405e-96,2.50383524745505e-95
"s__Candidatus_Schneewindia_gallinarum","fixed",NA,"hd_exposurelow_exposure",-0.182311612740321,0.148808306161354,-1.22514406247349,114.603561921814,0.223032978296039,0.406477163638933
"s__Candidatus_Schneewindia_gallinarum","fixed",NA,"hd_exposurehigh_exposure",0.00347394532532438,0.147110704505266,0.0236144972387107,110.983967862501,0.981202513972974,0.992715465079045
"s__Candidatus_Stoquefichus_sp_SB1","fixed",NA,"(Intercept)",-5.5038997606673,0.0364290815561256,-151.08532868685,146.701663532037,6.75393650635817e-163,8.428912759935e-161
"s__Candidatus_Stoquefichus_sp_SB1","fixed",NA,"hd_exposurelow_exposure",-0.0267964115154703,0.0547954231805176,-0.489026454402814,130.987251169119,0.625640801228203,0.792706827759054
"s__Candidatus_Stoquefichus_sp_SB1","fixed",NA,"hd_exposurehigh_exposure",-0.0553653560028109,0.0540363525263496,-1.02459461851747,127.482590800112,0.307494785827001,0.500419434049813
"s__Candidatus_Woodwardibium_gallinarum","fixed",NA,"(Intercept)",-4.31789004296458,0.033571390231342,-128.618148167526,98.3532218422038,2.09420216088002e-111,2.52925577107574e-110
"s__Candidatus_Woodwardibium_gallinarum","fixed",NA,"hd_exposurelow_exposure",-0.049410249577002,0.0508336284392052,-0.971999266904475,87.249863321791,0.33373793240633,0.527221442586202
"s__Candidatus_Woodwardibium_gallinarum","fixed",NA,"hd_exposurehigh_exposure",-0.0809879055473506,0.0502234935293973,-1.61255022014639,83.9422376896064,0.110595847253339,0.242146697144153
"s__Catenibacterium_SGB4425","fixed",NA,"(Intercept)",-5.6929193312153,0.177385624468412,-32.0934650047082,115.869835905745,1.7264964306797e-59,6.4511004355936e-59
"s__Catenibacterium_SGB4425","fixed",NA,"hd_exposurelow_exposure",0.371124807327131,0.273168769519978,1.35859164273897,113.016307764568,0.176981552593248,0.347648967948121
"s__Catenibacterium_SGB4425","fixed",NA,"hd_exposurehigh_exposure",0.533842319905474,0.272036357383328,1.96239328095852,111.260406707715,0.0522135326201105,0.129119858738239
"s__Christensenella_hongkongensis","fixed",NA,"(Intercept)",-5.62998120039909,0.0844075186491163,-66.6999965228576,118.682111574235,6.2527581818641e-96,4.41704276092437e-95
"s__Christensenella_hongkongensis","fixed",NA,"hd_exposurelow_exposure",-0.253625833983777,0.128921091297142,-1.96729512162762,111.616142038745,0.0516303811874401,0.128356007414194
"s__Christensenella_hongkongensis","fixed",NA,"hd_exposurehigh_exposure",-0.175935013434023,0.127811394369971,-1.37652057002642,108.465696226724,0.171495455694377,0.340084208749866
"s__Christensenella_minuta","fixed",NA,"(Intercept)",-5.90772987329955,0.0704711086785594,-83.8319416861531,118.145667438309,4.18557628221557e-107,4.37731776553495e-106
"s__Christensenella_minuta","fixed",NA,"hd_exposurelow_exposure",-0.00255314706327551,0.10877512737779,-0.0234717910686337,116.413504259749,0.981314125377775,0.992715465079045
"s__Christensenella_minuta","fixed",NA,"hd_exposurehigh_exposure",0.0338974695138209,0.108488486777647,0.312452228993623,115.251330951233,0.755261487360765,0.872507984296878
"s__Christensenellaceae_bacterium_NSJ_44","fixed",NA,"(Intercept)",-6.26109807711126,0.070931697626387,-88.269395582351,125.385914101761,9.74821591128722e-115,1.4146248206147e-113
"s__Christensenellaceae_bacterium_NSJ_44","fixed",NA,"hd_exposurelow_exposure",-0.0710365679503508,0.106924926035855,-0.664359290054876,110.876794036052,0.507839676027566,0.694144728974174
"s__Christensenellaceae_bacterium_NSJ_44","fixed",NA,"hd_exposurehigh_exposure",-0.0899033609303408,0.105501393009985,-0.852153306846219,107.330025452606,0.396026477404759,0.586604647864768
"s__Christensenellaceae_bacterium_NSJ_63","fixed",NA,"(Intercept)",-5.98540490149235,0.102685996911737,-58.2884237530175,121.479864415351,1.17362544299797e-90,6.95261654839302e-90
"s__Christensenellaceae_bacterium_NSJ_63","fixed",NA,"hd_exposurelow_exposure",-0.171416947112843,0.154990472822216,-1.10598376785048,107.788933141952,0.271195905898009,0.461081601245559
"s__Christensenellaceae_bacterium_NSJ_63","fixed",NA,"hd_exposurehigh_exposure",-0.178448924085073,0.15298072362022,-1.16647980125966,104.227731977713,0.246082599753393,0.436524955088262
"s__Citrobacter_freundii","fixed",NA,"(Intercept)",-4.9076847558435,0.0682617169731866,-71.8951261916141,165.767207506613,6.95348514658984e-127,1.88651075281394e-125
"s__Citrobacter_freundii","fixed",NA,"hd_exposurelow_exposure",-0.0934861051422537,0.098305626688264,-0.950974102822279,118.878661441467,0.343546959402453,0.535041520799827
"s__Citrobacter_freundii","fixed",NA,"hd_exposurehigh_exposure",-0.127435974751028,0.0968152609017874,-1.31627982576325,124.106234028496,0.190506015325149,0.362426077935649
"s__Cloacibacillus_evryensis","fixed",NA,"(Intercept)",-5.14895464758632,0.0479017321065015,-107.489947046977,118.611812597676,4.64404501012381e-120,8.87107373362427e-119
"s__Cloacibacillus_evryensis","fixed",NA,"hd_exposurelow_exposure",0.0325634458941974,0.072055141240951,0.451923975630079,102.988257977283,0.652274112447399,0.812413265802748
"s__Cloacibacillus_evryensis","fixed",NA,"hd_exposurehigh_exposure",-0.0421992691996011,0.0710576648895441,-0.593873571066512,99.613804826779,0.553942915873997,0.738644531873033
"s__Clostridia_bacterium","fixed",NA,"(Intercept)",-5.88816579256767,0.0625103547033515,-94.1950468927985,125.458778633184,2.82390398438923e-118,4.84986078786848e-117
"s__Clostridia_bacterium","fixed",NA,"hd_exposurelow_exposure",0.108490248206967,0.0945517434633764,1.14741668670541,112.942202286023,0.253634217447174,0.442913484198796
"s__Clostridia_bacterium","fixed",NA,"hd_exposurehigh_exposure",-0.0586067274976305,0.0933848694418466,-0.627582689229185,109.306534109915,0.531586221709276,0.718504987032322
"s__Clostridia_bacterium_UC5_1_1D1","fixed",NA,"(Intercept)",-5.17645145619308,0.0826750525122094,-62.6120129216565,123.401087115579,2.27797953335945e-95,1.56204310858934e-94
"s__Clostridia_bacterium_UC5_1_1D1","fixed",NA,"hd_exposurelow_exposure",-0.171974728925422,0.123826310622933,-1.38883834994573,105.021731583217,0.167820168379027,0.335282129354898
"s__Clostridia_bacterium_UC5_1_1D1","fixed",NA,"hd_exposurehigh_exposure",-0.234493275489634,0.122000321202368,-1.92207096816302,101.940986904218,0.0573887060356011,0.140067350324179
"s__Clostridiaceae_bacterium","fixed",NA,"(Intercept)",-4.07712270813942,0.205839955649435,-19.8072463398853,124.346725955306,2.83874250147032e-40,9.16228614267661e-40
"s__Clostridiaceae_bacterium","fixed",NA,"hd_exposurelow_exposure",0.419789381232155,0.313986649508264,1.33696570185258,116.547351049589,0.183837612624311,0.356625917961357
"s__Clostridiaceae_bacterium","fixed",NA,"hd_exposurehigh_exposure",0.235191124151796,0.311100161275668,0.755998078520414,113.23947055488,0.451220149420476,0.640883247128323
"s__Clostridiaceae_bacterium_AF18_31LB","fixed",NA,"(Intercept)",-4.72209291861487,0.157965932773239,-29.8931094554005,118.853413545795,3.99741168040863e-57,1.45870461320175e-56
"s__Clostridiaceae_bacterium_AF18_31LB","fixed",NA,"hd_exposurelow_exposure",0.563108708957551,0.243559180377542,2.31199952342045,116.586198330236,0.0225331362657832,0.0609566923259338
"s__Clostridiaceae_bacterium_AF18_31LB","fixed",NA,"hd_exposurehigh_exposure",0.37638062682347,0.24273913604594,1.55055601232854,115.125151250684,0.123752850532489,0.263555558813219
"s__Clostridiaceae_bacterium_Marseille_Q3526","fixed",NA,"(Intercept)",-5.12638443268592,0.0773554654332571,-66.2704878572414,120.43342172514,1.2790119202299e-96,9.46367713308445e-96
"s__Clostridiaceae_bacterium_Marseille_Q3526","fixed",NA,"hd_exposurelow_exposure",0.04792669240006,0.118979197541508,0.402815730735956,116.954847226305,0.687819152048189,0.837305481787215
"s__Clostridiaceae_bacterium_Marseille_Q3526","fixed",NA,"hd_exposurehigh_exposure",0.247365781027118,0.118396479078667,2.08930014601835,114.908159052637,0.0388878445354261,0.0997233492744077
"s__Clostridiaceae_bacterium_Marseille_Q4143","fixed",NA,"(Intercept)",-4.52372791650725,0.108756849938817,-41.5948781070078,120.162345190105,3.39409649539277e-73,1.49149029093316e-72
"s__Clostridiaceae_bacterium_Marseille_Q4143","fixed",NA,"hd_exposurelow_exposure",0.0655764186696727,0.166842714343053,0.393043345811541,115.370085244448,0.69501278885104,0.842331783010547
"s__Clostridiaceae_bacterium_Marseille_Q4143","fixed",NA,"hd_exposurehigh_exposure",0.297606066963484,0.165776764249506,1.79522183528426,112.819075674917,0.075295623584292,0.175341501866872
"s__Clostridiaceae_bacterium_Marseille_Q4145","fixed",NA,"(Intercept)",-5.39853502745435,0.123088773250274,-43.8588742490562,119.222634778024,2.10350352843063e-75,9.53452446785022e-75
"s__Clostridiaceae_bacterium_Marseille_Q4145","fixed",NA,"hd_exposurelow_exposure",0.0714343836529194,0.189120147854947,0.377719584418413,115.216279628037,0.706333850370439,0.847057634781206
"s__Clostridiaceae_bacterium_Marseille_Q4145","fixed",NA,"hd_exposurehigh_exposure",0.113405326904633,0.188075699852914,0.602977029958268,112.953545024524,0.547732755381364,0.735452823710042
"s__Clostridiaceae_bacterium_Marseille_Q4149","fixed",NA,"(Intercept)",-4.53762577886849,0.122992372045016,-36.8935544816364,118.077989591333,1.16424363385063e-66,4.69712086760426e-66
"s__Clostridiaceae_bacterium_Marseille_Q4149","fixed",NA,"hd_exposurelow_exposure",0.0272559703453186,0.189138164589943,0.144106137459937,114.517403983916,0.885669950509958,0.941846564507835
"s__Clostridiaceae_bacterium_Marseille_Q4149","fixed",NA,"hd_exposurehigh_exposure",-0.0374881857583502,0.18819123405914,-0.199202614010009,112.438621850349,0.842464037983773,0.925490538544156
"s__Clostridiaceae_bacterium_NSJ_31","fixed",NA,"(Intercept)",-5.56296440114339,0.0437965899464924,-127.018208676516,134.896579178586,2.84846108464911e-142,1.56832916190092e-140
"s__Clostridiaceae_bacterium_NSJ_31","fixed",NA,"hd_exposurelow_exposure",-0.0326079923179173,0.0668043378089195,-0.488111900924548,127.072923301684,0.626311769932207,0.792706827759054
"s__Clostridiaceae_bacterium_NSJ_31","fixed",NA,"hd_exposurehigh_exposure",-0.0558435556140525,0.0661890403600659,-0.843697919025048,123.735535562015,0.400466354950033,0.59029371375312
"s__Clostridiaceae_bacterium_OM02_2AC","fixed",NA,"(Intercept)",-5.75667948214565,0.0809667298581058,-71.0993205756764,130.794513675103,2.12850653223647e-106,2.14223883244445e-105
"s__Clostridiaceae_bacterium_OM02_2AC","fixed",NA,"hd_exposurelow_exposure",-0.127960264222882,0.122586562486709,-1.04383597702037,118.801562769521,0.298680663940013,0.490756383192468
"s__Clostridiaceae_bacterium_OM02_2AC","fixed",NA,"hd_exposurehigh_exposure",-0.187575808163274,0.121111048485011,-1.54879187745195,115.133161913048,0.124176237946699,0.263805164404465
"s__Clostridiaceae_unclassified_SGB15090","fixed",NA,"(Intercept)",-5.99488361233693,0.155155034853444,-38.6380217567517,125.204091597477,1.9695287302813e-71,8.39853709131341e-71
"s__Clostridiaceae_unclassified_SGB15090","fixed",NA,"hd_exposurelow_exposure",0.183995711626463,0.237982097194776,0.773149383064188,120.308879835772,0.440950376582554,0.631567792626275
"s__Clostridiaceae_unclassified_SGB15090","fixed",NA,"hd_exposurehigh_exposure",0.115418145289726,0.236440055489202,0.488149713257857,117.713785464973,0.626351861705329,0.792706827759054
"s__Clostridiaceae_unclassified_SGB4771","fixed",NA,"(Intercept)",-5.98819004263732,0.111643015827795,-53.6369426984474,124.676071154758,5.46915975438952e-88,3.0471032917313e-87
"s__Clostridiaceae_unclassified_SGB4771","fixed",NA,"hd_exposurelow_exposure",0.136065785820104,0.170843753519926,0.796434069239965,118.572573727228,0.427371515970851,0.61826853005984
"s__Clostridiaceae_unclassified_SGB4771","fixed",NA,"hd_exposurehigh_exposure",0.127963507136169,0.169529455005207,0.754815776009184,115.62180302974,0.451894264154537,0.641354103485439
"s__Clostridiales_bacterium","fixed",NA,"(Intercept)",-4.59190301221823,0.202373001651184,-22.6902945291732,129.171851500207,6.75473764862046e-47,2.23407577353666e-46
"s__Clostridiales_bacterium","fixed",NA,"hd_exposurelow_exposure",0.266517975384292,0.307985845416544,0.865357870663933,120.095020446716,0.388567753784375,0.579600665405856
"s__Clostridiales_bacterium","fixed",NA,"hd_exposurehigh_exposure",0.713792470958815,0.304854279352713,2.34142185070974,116.59319391453,0.020908133345523,0.0570554309370541
"s__Clostridiales_bacterium_1_7_47FAA","fixed",NA,"(Intercept)",-5.66292835881663,0.143101113747097,-39.5729160349145,130.41986481195,1.59971661123192e-74,7.14718256855883e-74
"s__Clostridiales_bacterium_1_7_47FAA","fixed",NA,"hd_exposurelow_exposure",-0.0273489378209988,0.217594976715813,-0.125687358383817,120.866718822124,0.900188234191096,0.951208094765676
"s__Clostridiales_bacterium_1_7_47FAA","fixed",NA,"hd_exposurehigh_exposure",-0.253840720456536,0.215308680806455,-1.17896184912636,117.312532061616,0.240798999223407,0.431364331623175
"s__Clostridiales_bacterium_Choco116","fixed",NA,"(Intercept)",-5.37953088832489,0.0811569281969533,-66.2855409617,122.553084545054,7.50676102354509e-98,5.7357782188067e-97
"s__Clostridiales_bacterium_Choco116","fixed",NA,"hd_exposurelow_exposure",-0.0276540686257253,0.124880025035066,-0.221445091942927,119.284390101875,0.825124527476572,0.916053891766358
"s__Clostridiales_bacterium_Choco116","fixed",NA,"hd_exposurehigh_exposure",-0.0266020316040579,0.124300990992047,-0.214013029113822,117.328206370935,0.830908379101394,0.917383815368495
"s__Clostridiales_bacterium_KLE1615","fixed",NA,"(Intercept)",-5.43482108021529,0.193511779592798,-28.0852209186006,126.071918065476,4.22029461918241e-56,1.51930606290567e-55
"s__Clostridiales_bacterium_KLE1615","fixed",NA,"hd_exposurelow_exposure",0.730540125782905,0.293583208124759,2.48835800401929,115.267336206897,0.014262555005819,0.0399095709579867
"s__Clostridiales_bacterium_KLE1615","fixed",NA,"hd_exposurehigh_exposure",0.710156008936576,0.290252283224666,2.44668534919634,111.648342734583,0.0159774073420216,0.0443764192051401
"s__Clostridiales_bacterium_NSJ_40","fixed",NA,"(Intercept)",-5.3640468347874,0.0520679004702144,-103.020225250986,115.093465929662,3.43330491001123e-115,5.14171743323282e-114
"s__Clostridiales_bacterium_NSJ_40","fixed",NA,"hd_exposurelow_exposure",-0.0519719714184295,0.0796656045324501,-0.652376539705536,108.977737313081,0.515532012663675,0.702895795853168
"s__Clostridiales_bacterium_NSJ_40","fixed",NA,"hd_exposurehigh_exposure",-0.0876049908564241,0.0790466439786201,-1.10826957916289,106.055379456461,0.270252441818611,0.460339009176015
"s__Clostridiales_Family_XIII_bacterium_BX16","fixed",NA,"(Intercept)",-5.45852192295144,0.168936577728934,-32.3110719793902,120.029196083465,4.6716790176708e-61,1.78477206552648e-60
"s__Clostridiales_Family_XIII_bacterium_BX16","fixed",NA,"hd_exposurelow_exposure",0.23674485485725,0.259224276823723,0.913281957068553,115.356760551847,0.362999108860381,0.555511538911871
"s__Clostridiales_Family_XIII_bacterium_BX16","fixed",NA,"hd_exposurehigh_exposure",0.271566258790661,0.257601345457024,1.05421133693561,112.846954853297,0.294038103285193,0.487114450752107
"s__Clostridioides_difficile","fixed",NA,"(Intercept)",-4.74382429905323,0.0510172066064218,-92.9847911048917,140.459935576822,4.77376102480681e-128,1.41848899022831e-126
"s__Clostridioides_difficile","fixed",NA,"hd_exposurelow_exposure",0.0398244478845328,0.0763634103591535,0.521512170517659,121.552571294722,0.60295895588376,0.775765749425703
"s__Clostridioides_difficile","fixed",NA,"hd_exposurehigh_exposure",-0.0058044403708038,0.0752287703571109,-0.0771571879116212,118.436652115411,0.938628692920371,0.971317254365359
"s__Clostridium_butyricum","fixed",NA,"(Intercept)",-4.96720819803457,0.181859125532872,-27.3134943516305,138.832228705821,1.06954122160774e-57,3.94130150954665e-57
"s__Clostridium_butyricum","fixed",NA,"hd_exposurelow_exposure",-0.26748984539487,0.272223504678123,-0.982611129450963,119.940636874274,0.327776818527794,0.519699119111341
"s__Clostridium_butyricum","fixed",NA,"hd_exposurehigh_exposure",-0.219884069119925,0.268181121933836,-0.81990882704329,116.82412874699,0.41393777533214,0.604443684037836
"s__Clostridium_fessum","fixed",NA,"(Intercept)",-4.82841048514745,0.172316759097841,-28.0205507022442,119.569158621219,2.22884383499948e-54,7.87244463984721e-54
"s__Clostridium_fessum","fixed",NA,"hd_exposurelow_exposure",0.133308877619969,0.264837225776756,0.503361554362231,115.714481381667,0.615666952611975,0.78522163895813
"s__Clostridium_fessum","fixed",NA,"hd_exposurehigh_exposure",0.279149897780024,0.263421470041202,1.05970822247846,113.511580347805,0.29152707378499,0.484164689848527
"s__Clostridium_hylemonae","fixed",NA,"(Intercept)",-5.3549494278067,0.0734447454322408,-72.9112667801008,132.63822169467,6.77614823974629e-109,7.68784818473034e-108
"s__Clostridium_hylemonae","fixed",NA,"hd_exposurelow_exposure",-0.242131278840559,0.108896015403522,-2.2235090783012,107.46741130869,0.0282738849858292,0.0752897762353801
"s__Clostridium_hylemonae","fixed",NA,"hd_exposurehigh_exposure",-0.281115389731892,0.107146586092151,-2.6236523251438,105.640153893565,0.00998678559370648,0.0284122532392379
"s__Clostridium_leptum","fixed",NA,"(Intercept)",-4.90184676190531,0.186410583143567,-26.2959681754232,126.937114771266,3.27170638935007e-53,1.13840787376642e-52
"s__Clostridium_leptum","fixed",NA,"hd_exposurelow_exposure",-0.0988214014113221,0.283273789658263,-0.348854730014162,117.046992325287,0.727825128882363,0.857990328254272
"s__Clostridium_leptum","fixed",NA,"hd_exposurehigh_exposure",-0.385934334313657,0.280229807755846,-1.37720657700307,113.477413409024,0.171158954905564,0.340084208749866
"s__Clostridium_methylpentosum","fixed",NA,"(Intercept)",-6.64177149498759,0.0490329254294976,-135.455338159203,90.1472888395793,5.88247773481903e-106,5.85744591467086e-105
"s__Clostridium_methylpentosum","fixed",NA,"hd_exposurelow_exposure",-0.0773216642710681,0.0720036366165119,-1.07385776475263,63.0195987081838,0.286981095252537,0.478387008292742
"s__Clostridium_methylpentosum","fixed",NA,"hd_exposurehigh_exposure",-0.17882976584107,0.0708194817129903,-2.52514931648063,63.0071771408358,0.0140938464820069,0.0394965278657439
"s__Clostridium_neonatale","fixed",NA,"(Intercept)",-5.71567298884863,0.106818977617736,-53.5080293438381,143.196873952384,1.49071369463487e-96,1.09008438920175e-95
"s__Clostridium_neonatale","fixed",NA,"hd_exposurelow_exposure",-0.0556292611283456,0.161054482959215,-0.345406474294994,128.84079443226,0.730352100309615,0.858805987298743
"s__Clostridium_neonatale","fixed",NA,"hd_exposurehigh_exposure",-0.0274832752101923,0.158918697226792,-0.17293921791324,125.221897015144,0.862978426890345,0.935613140944237
"s__Clostridium_paraputrificum","fixed",NA,"(Intercept)",-5.24220699532301,0.0761708412148578,-68.8217027896034,153.417729579102,3.08690508529104e-117,4.98162613764209e-116
"s__Clostridium_paraputrificum","fixed",NA,"hd_exposurelow_exposure",0.0429142720424825,0.114409909362706,0.375092265010317,137.05041145352,0.708171689870656,0.84723982179439
"s__Clostridium_paraputrificum","fixed",NA,"hd_exposurehigh_exposure",0.0969054536628468,0.112788037679393,0.859182016609835,133.653907354834,0.391778465172854,0.582533190471471
"s__Clostridium_perfringens","fixed",NA,"(Intercept)",-5.46168030144623,0.0816050911229152,-66.9281809050337,158.719964694517,3.0888075796739e-118,5.25658889922686e-117
"s__Clostridium_perfringens","fixed",NA,"hd_exposurelow_exposure",0.106571765558138,0.120795835819421,0.882247014851187,133.008793606417,0.379234883918412,0.57014755289358
"s__Clostridium_perfringens","fixed",NA,"hd_exposurehigh_exposure",0.278704854151593,0.118840595340921,2.34519907403749,131.419496020685,0.0205142507523327,0.0562264676550028
"s__Clostridium_saudiense","fixed",NA,"(Intercept)",-5.39938502078042,0.0406128912831343,-132.947565420507,155.155349523257,9.27870151913004e-162,1.08560807773821e-159
"s__Clostridium_saudiense","fixed",NA,"hd_exposurelow_exposure",-0.039592856321263,0.0601487686672436,-0.658248825346693,129.591995733094,0.511545946039245,0.698478490871967
"s__Clostridium_saudiense","fixed",NA,"hd_exposurehigh_exposure",0.0852419890403754,0.059177342311144,1.44044976863253,127.909075591698,0.152183490492171,0.312034495291724
"s__Clostridium_scindens","fixed",NA,"(Intercept)",-5.16108486499786,0.162579069709718,-31.7450756374292,121.41623266202,1.22610043213942e-60,4.64627532179148e-60
"s__Clostridium_scindens","fixed",NA,"hd_exposurelow_exposure",-0.111350676079588,0.248918208624777,-0.447338411660514,115.597460080926,0.655467834239445,0.815306169897835
"s__Clostridium_scindens","fixed",NA,"hd_exposurehigh_exposure",-0.426647299790298,0.247068127869686,-1.72684070369177,112.730788471709,0.0869354228309396,0.198952459094766
"s__Clostridium_SGB4750","fixed",NA,"(Intercept)",-5.19867996581482,0.153615383910231,-33.8421832077235,122.830504928801,4.09227998451006e-64,1.61619158881916e-63
"s__Clostridium_SGB4750","fixed",NA,"hd_exposurelow_exposure",0.0580888223781634,0.235120926352738,0.247059346351061,116.841805181954,0.805295874982044,0.904327461287575
"s__Clostridium_SGB4750","fixed",NA,"hd_exposurehigh_exposure",0.222199149270836,0.233336293704524,0.952269986563721,113.925706791043,0.342976078541165,0.53471272601279
"s__Clostridium_SGB4751","fixed",NA,"(Intercept)",-5.72333362456289,0.0470367120093851,-121.678012345355,123.170066366703,3.50032404773886e-130,1.17010832452985e-128
"s__Clostridium_SGB4751","fixed",NA,"hd_exposurelow_exposure",0.0414513226030465,0.0706339538078494,0.586846981776067,106.40473731964,0.558549545649763,0.741038093165383
"s__Clostridium_SGB4751","fixed",NA,"hd_exposurehigh_exposure",0.0426556522705103,0.0696291972008769,0.612611576540955,103.102182669449,0.541482058232959,0.728200009347772
"s__Clostridium_SGB4909","fixed",NA,"(Intercept)",-5.42399188737117,0.078228338215528,-69.3353842239043,137.850805978989,4.71796836667956e-109,5.38538828196593e-108
"s__Clostridium_SGB4909","fixed",NA,"hd_exposurelow_exposure",0.157580655860455,0.119164201364041,1.32238251133035,129.315119932879,0.188374896207852,0.360256415246044
"s__Clostridium_SGB4909","fixed",NA,"hd_exposurehigh_exposure",0.334650409232836,0.117997986527605,2.83606880999233,125.865446879448,0.00532392129994127,0.0155724698023282
"s__Clostridium_SGB6179","fixed",NA,"(Intercept)",-5.08981574630786,0.0550873098935186,-92.3954311101096,146.349693359568,1.15299455522372e-131,4.07246378750716e-130
"s__Clostridium_SGB6179","fixed",NA,"hd_exposurelow_exposure",0.0395463115372447,0.081212073288579,0.486951138369794,117.147277409981,0.627202837784667,0.792791162952664
"s__Clostridium_SGB6179","fixed",NA,"hd_exposurehigh_exposure",0.111876632018047,0.0798815201971778,1.40053208479124,116.315510107819,0.164016063673256,0.330148463651972
"s__Clostridium_sp_1001270H_150608_G6","fixed",NA,"(Intercept)",-4.70601046701906,0.155842447797018,-30.1972314574303,127.573046368697,5.80649773380516e-60,2.18268348547857e-59
"s__Clostridium_sp_1001270H_150608_G6","fixed",NA,"hd_exposurelow_exposure",0.318173065513918,0.238396763161372,1.33463668421766,121.27750393496,0.184495549001181,0.35716201419877
"s__Clostridium_sp_1001270H_150608_G6","fixed",NA,"hd_exposurehigh_exposure",0.20496257317574,0.2365211507023,0.86657185865681,118.271545999876,0.387931263035828,0.579576937430424
"s__Clostridium_sp_AF12_28","fixed",NA,"(Intercept)",-5.6037955723468,0.0911889995538658,-61.4525392291052,123.120709475724,3.02165994603033e-94,1.98475348033992e-93
"s__Clostridium_sp_AF12_28","fixed",NA,"hd_exposurelow_exposure",0.0215502022303046,0.138145221279878,0.155996725986233,111.523189357759,0.876317626739951,0.937084689608242
"s__Clostridium_sp_AF12_28","fixed",NA,"hd_exposurehigh_exposure",0.0106905359022215,0.136509201937926,0.0783136649431345,107.902043742339,0.937723591971556,0.970917347439576
"s__Clostridium_sp_AF20_17LB","fixed",NA,"(Intercept)",-5.09890001838732,0.121758348770558,-41.8772106378983,129.457159903067,3.94833081009022e-77,1.86648365567901e-76
"s__Clostridium_sp_AF20_17LB","fixed",NA,"hd_exposurelow_exposure",0.503389745758665,0.185457081101249,2.71431936041225,120.84406499391,0.0076131492727707,0.0219258699055796
"s__Clostridium_sp_AF20_17LB","fixed",NA,"hd_exposurehigh_exposure",0.409015803078716,0.183635482851466,2.22732446217679,117.397766803671,0.0278320991941337,0.0742189311843566
"s__Clostridium_sp_AF27_2AA","fixed",NA,"(Intercept)",-5.51936408724751,0.0987319441533298,-55.9025159949853,136.511055220131,5.86985061513255e-96,4.16225770891217e-95
"s__Clostridium_sp_AF27_2AA","fixed",NA,"hd_exposurelow_exposure",0.189628629011292,0.148891723411213,1.2736008736199,122.195374513468,0.205222192793156,0.383409126655478
"s__Clostridium_sp_AF27_2AA","fixed",NA,"hd_exposurehigh_exposure",0.181494272855393,0.146925314114913,1.23528252397298,118.576176535296,0.219167310350809,0.401842512220092
"s__Clostridium_sp_AF34_10BH","fixed",NA,"(Intercept)",-3.96952013472574,0.161651766426644,-24.5559960306841,124.093576619028,1.78717136440446e-49,5.98494596451727e-49
"s__Clostridium_sp_AF34_10BH","fixed",NA,"hd_exposurelow_exposure",0.312442489183616,0.246280553193096,1.2686445808762,115.632655048352,0.207115849633922,0.385177758547536
"s__Clostridium_sp_AF34_10BH","fixed",NA,"hd_exposurehigh_exposure",0.531215642911167,0.243886462961965,2.17812680728415,112.225944484825,0.0314888379658769,0.0826491378506519
"s__Clostridium_sp_AF34_13","fixed",NA,"(Intercept)",-5.19077457659783,0.109169993181,-47.5476312249256,130.462651744467,2.87912671402062e-84,1.46858997510807e-83
"s__Clostridium_sp_AF34_13","fixed",NA,"hd_exposurelow_exposure",0.0556783574306332,0.166413144565898,0.334579083736893,122.276634840988,0.73851584411736,0.864603915064227
"s__Clostridium_sp_AF34_13","fixed",NA,"hd_exposurehigh_exposure",0.0277237383879996,0.164833687852386,0.168192186616774,118.888330819044,0.866717878291476,0.935613140944237
"s__Clostridium_sp_AF36_4","fixed",NA,"(Intercept)",-4.75394102641469,0.107477435069135,-44.2319917976894,123.065596597109,2.07602413093158e-77,9.86374917031453e-77
"s__Clostridium_sp_AF36_4","fixed",NA,"hd_exposurelow_exposure",0.316227446378551,0.163930606588592,1.92903236899605,115.225998052776,0.0561862551221532,0.13788754234357
"s__Clostridium_sp_AF36_4","fixed",NA,"hd_exposurehigh_exposure",0.232827799742475,0.162417139293252,1.43351742775184,111.916455507721,0.15449788045682,0.31539807220847
"s__Clostridium_sp_AM22_11AC","fixed",NA,"(Intercept)",-4.9230616808827,0.155180895269502,-31.7246634795658,121.677063662389,1.10346688106141e-60,4.19004057068348e-60
"s__Clostridium_sp_AM22_11AC","fixed",NA,"hd_exposurelow_exposure",0.165497978859969,0.238306529150592,0.694475218324322,117.402813817954,0.488756265844544,0.675739829882559
"s__Clostridium_sp_AM22_11AC","fixed",NA,"hd_exposurehigh_exposure",0.084107448354167,0.236920744370448,0.355002465392634,115.03332090594,0.723237789170649,0.854196303676627
"s__Clostridium_sp_AM33_3","fixed",NA,"(Intercept)",-5.95491378491149,0.132065989517247,-45.0904415790851,125.573006035944,2.01488666367742e-79,9.7970593101406e-79
"s__Clostridium_sp_AM33_3","fixed",NA,"hd_exposurelow_exposure",0.617346615534536,0.201233102334286,3.06781840747557,117.177278931328,0.0026786868987731,0.00795952678492579
"s__Clostridium_sp_AM33_3","fixed",NA,"hd_exposurehigh_exposure",0.0881287306811007,0.19928840503169,0.442217050545851,113.773514376047,0.659171634444436,0.817172867891896
"s__Clostridium_sp_AM42_4","fixed",NA,"(Intercept)",-5.19207668878744,0.0498957868510231,-104.058418885942,117.11360057897,2.99128930799815e-117,4.86929876919352e-116
"s__Clostridium_sp_AM42_4","fixed",NA,"hd_exposurelow_exposure",-0.101041211072204,0.0763296108628928,-1.32374854175138,110.891755498474,0.188309001020489,0.360256415246044
"s__Clostridium_sp_AM42_4","fixed",NA,"hd_exposurehigh_exposure",-0.0359551470518794,0.0757303422453501,-0.474778615622685,107.935059685682,0.635904022008407,0.799471006850059
"s__Clostridium_sp_AM49_4BH","fixed",NA,"(Intercept)",-4.85043485277639,0.084888946302595,-57.1385918195584,114.831103051954,3.51301597149776e-86,1.88434552969736e-85
"s__Clostridium_sp_AM49_4BH","fixed",NA,"hd_exposurelow_exposure",-0.223040559274599,0.129704620523207,-1.71960380728836,108.003729589389,0.088368961275536,0.201405605859615
"s__Clostridium_sp_AM49_4BH","fixed",NA,"hd_exposurehigh_exposure",-0.191625683087424,0.128610734252676,-1.48996648064341,104.920108187605,0.13923314075589,0.288642790138457
"s__Clostridium_sp_AT4","fixed",NA,"(Intercept)",-4.82096039825401,0.150807798172746,-31.967580301993,118.232991978993,5.05787692645589e-60,1.90509971958258e-59
"s__Clostridium_sp_AT4","fixed",NA,"hd_exposurelow_exposure",-0.201500085749713,0.232663583698282,-0.866057689591069,116.26240578717,0.388242243342816,0.579576937430424
"s__Clostridium_sp_AT4","fixed",NA,"hd_exposurehigh_exposure",-0.0898354133807677,0.231973419832752,-0.387265978341559,114.963934799334,0.699275306661491,0.843999596434759
"s__Clostridium_sp_C5_48","fixed",NA,"(Intercept)",-4.90017300396023,0.0720779221969094,-67.9843821048762,128.418742034857,1.46699097181001e-102,1.30771766629921e-101
"s__Clostridium_sp_C5_48","fixed",NA,"hd_exposurelow_exposure",0.23782429882044,0.110639002885291,2.14955208035464,123.907740352849,0.0335342724456802,0.0871891083587684
"s__Clostridium_sp_C5_48","fixed",NA,"hd_exposurehigh_exposure",-0.0788593451243766,0.109968111633441,-0.717111023850621,121.441966854685,0.474682593108535,0.660305289192108
"s__Clostridium_sp_chh4_2","fixed",NA,"(Intercept)",-6.21972172964451,0.0709265975649274,-87.6923741330024,129.698085919234,2.51454015689128e-117,4.12913962605306e-116
"s__Clostridium_sp_chh4_2","fixed",NA,"hd_exposurelow_exposure",-0.158253018651477,0.107948154019088,-1.46600949399741,120.656058620098,0.145247029398378,0.299782181955637
"s__Clostridium_sp_chh4_2","fixed",NA,"hd_exposurehigh_exposure",-0.0107982434726454,0.106853346120498,-0.101056671266694,117.156502198684,0.919678216841874,0.962529108965699
"s__Clostridium_sp_Marseille_P3244","fixed",NA,"(Intercept)",-5.96827058786611,0.099159017118043,-60.1888840907049,124.413458495396,7.37378039126533e-94,4.77637262714488e-93
"s__Clostridium_sp_Marseille_P3244","fixed",NA,"hd_exposurelow_exposure",-0.114506556377161,0.150273295535167,-0.761988721744402,113.005286968543,0.447654172172425,0.637268905176259
"s__Clostridium_sp_Marseille_P3244","fixed",NA,"hd_exposurehigh_exposure",-0.16364007051154,0.148511708905082,-1.10186645698169,109.37806783843,0.2729384636022,0.462417987305215
"s__Clostridium_spiroforme","fixed",NA,"(Intercept)",-6.11974054348389,0.0879471227223699,-69.5843178724856,144.343290293636,6.31109720129751e-113,8.20442636168676e-112
"s__Clostridium_spiroforme","fixed",NA,"hd_exposurelow_exposure",-0.0166780464459323,0.132217824362511,-0.126140681306364,128.25073755284,0.89981810052992,0.951208094765676
"s__Clostridium_spiroforme","fixed",NA,"hd_exposurehigh_exposure",0.117930924609109,0.130370187536462,0.904585065325043,124.775382820663,0.367428514492299,0.559025627677753
"s__Clostridium_symbiosum","fixed",NA,"(Intercept)",-5.05701858026592,0.133839925710794,-37.7840808967072,134.384251442658,1.87860304806527e-73,8.27469389641928e-73
"s__Clostridium_symbiosum","fixed",NA,"hd_exposurelow_exposure",-0.178919902633973,0.202027885605268,-0.885619834598259,120.626134809856,0.377584480798033,0.569112840623122
"s__Clostridium_symbiosum","fixed",NA,"hd_exposurehigh_exposure",-0.323185157742796,0.199412356025467,-1.62068772559671,116.982963175894,0.107777116365328,0.237642829017544
"s__Collinsella_aerofaciens","fixed",NA,"(Intercept)",-3.80497612746484,0.220604660794813,-17.247940790353,126.856283880313,4.60023195835144e-35,1.44007261304915e-34
"s__Collinsella_aerofaciens","fixed",NA,"hd_exposurelow_exposure",-0.249010323266005,0.336199296440615,-0.740662832737334,118.547576514175,0.460362404859134,0.648456299395258
"s__Collinsella_aerofaciens","fixed",NA,"hd_exposurehigh_exposure",-0.00761686582250964,0.332974508778618,-0.0228752220416182,115.15150926311,0.981789397617386,0.992715465079045
"s__Collinsella_bouchesdurhonensis","fixed",NA,"(Intercept)",-4.94910808961917,0.0620209332004227,-79.7973818553481,114.095373683753,6.17196259625438e-102,5.3739134791573e-101
"s__Collinsella_bouchesdurhonensis","fixed",NA,"hd_exposurelow_exposure",-0.0802767462629074,0.0952738912664267,-0.842589141640275,110.022022927291,0.401286226207651,0.590782259041523
"s__Collinsella_bouchesdurhonensis","fixed",NA,"hd_exposurehigh_exposure",-0.0642798627489691,0.0947371379296392,-0.678507543648927,107.743165153614,0.498904694275156,0.687232956352532
"s__Collinsella_SGB14861","fixed",NA,"(Intercept)",-5.55709676258912,0.201421762368984,-27.5893562702976,122.416337529337,2.22433159372256e-54,7.87135868326774e-54
"s__Collinsella_SGB14861","fixed",NA,"hd_exposurelow_exposure",0.241692829760609,0.3088215018333,0.782629539477705,117.31919923656,0.435421561131625,0.627973160584284
"s__Collinsella_SGB14861","fixed",NA,"hd_exposurehigh_exposure",0.420613846351744,0.306752395094984,1.3711835769742,114.663352381783,0.172995368317342,0.34197183684273
"s__Collinsella_SGB14987","fixed",NA,"(Intercept)",-5.02238332806465,0.0322249842251493,-155.853709437817,118.635832484515,4.3932231487642e-139,2.00588139865526e-137
"s__Collinsella_SGB14987","fixed",NA,"hd_exposurelow_exposure",0.0119062892107851,0.0493734702529683,0.241147505933499,113.202877569937,0.809877029009471,0.907251378030615
"s__Collinsella_SGB14987","fixed",NA,"hd_exposurehigh_exposure",0.0356173583780695,0.0490246100493192,0.726519973177516,110.453455130273,0.469056934129287,0.657241452612295
"s__Collinsella_SGB15196","fixed",NA,"(Intercept)",-4.74794095013222,0.0457704523716716,-103.7337562578,109.928980976204,1.6618488683395e-111,2.03332096832127e-110
"s__Collinsella_SGB15196","fixed",NA,"hd_exposurelow_exposure",0.118461258724691,0.070025103319191,1.69169702163403,103.841504973659,0.0937027101445877,0.211849605544285
"s__Collinsella_SGB15196","fixed",NA,"hd_exposurehigh_exposure",0.0124984816873062,0.0694784686924409,0.179889999341134,100.950004874718,0.857599528415876,0.932845041949169
"s__Collinsella_SGB4121","fixed",NA,"(Intercept)",-4.59310037727614,0.123722033312998,-37.1243525044264,120.181187057618,1.07705460709409e-67,4.39269329952098e-67
"s__Collinsella_SGB4121","fixed",NA,"hd_exposurelow_exposure",0.0113299016322588,0.189643990151136,0.0597430038422495,114.965271602148,0.952464048300298,0.977377169619864
"s__Collinsella_SGB4121","fixed",NA,"hd_exposurehigh_exposure",-0.191588886837603,0.188347962578065,-1.01720711079205,112.277218186235,0.311241847935175,0.501847320701677
"s__Collinsella_stercoris","fixed",NA,"(Intercept)",-4.50846268713073,0.050693313656965,-88.9360422883164,125.206311455966,5.12609913498732e-115,7.55595085094194e-114
"s__Collinsella_stercoris","fixed",NA,"hd_exposurelow_exposure",-0.0467124607949694,0.0778293182879809,-0.60019105682162,120.799722051956,0.549503196655579,0.735815439298457
"s__Collinsella_stercoris","fixed",NA,"hd_exposurehigh_exposure",0.129669040596455,0.0773660777418829,1.67604516580343,118.375889489601,0.0963686352871637,0.21705302389094
"s__Collinsella_tanakaei","fixed",NA,"(Intercept)",-5.2891253807702,0.108783621186792,-48.6206041228232,122.23631821798,8.03801485816125e-82,4.02330583274809e-81
"s__Collinsella_tanakaei","fixed",NA,"hd_exposurelow_exposure",-0.0998183523570453,0.166092651750929,-0.6009799428498,114.950313967416,0.549036568484051,0.735815439298457
"s__Collinsella_tanakaei","fixed",NA,"hd_exposurehigh_exposure",0.172153415901168,0.164635494729368,1.04566403608261,111.742238804851,0.2979728881925,0.490593884517468
"s__Coprobacillus_cateniformis","fixed",NA,"(Intercept)",-5.41257412247284,0.111493868396018,-48.5459353087271,137.317067350097,2.4615414573868e-88,1.38795349645424e-87
"s__Coprobacillus_cateniformis","fixed",NA,"hd_exposurelow_exposure",-0.0131562523168788,0.166766101494017,-0.0788904471533192,117.923848857343,0.937253476136803,0.970917347439576
"s__Coprobacillus_cateniformis","fixed",NA,"hd_exposurehigh_exposure",-0.187228420482891,0.164267519507335,-1.13977748641009,114.890859150844,0.256749654970472,0.447102654981138
"s__Coprobacter_fastidiosus","fixed",NA,"(Intercept)",-4.78760316052118,0.138635595352986,-34.5337223700109,116.439531196355,5.10363231769371e-63,2.00714279384929e-62
"s__Coprobacter_fastidiosus","fixed",NA,"hd_exposurelow_exposure",0.188787332742153,0.213943197500327,0.882418020053498,114.605766660739,0.379397897652822,0.57014755289358
"s__Coprobacter_fastidiosus","fixed",NA,"hd_exposurehigh_exposure",-0.0129387536279832,0.213347881149795,-0.0606462719866374,113.38563261133,0.951747688444603,0.977377169619864
"s__Coprobacter_secundus","fixed",NA,"(Intercept)",-4.92602379382484,0.118058288921129,-41.7253531187102,117.742968560271,2.16106080288046e-72,9.38632441529518e-72
"s__Coprobacter_secundus","fixed",NA,"hd_exposurelow_exposure",-0.0163431005120117,0.182425658362875,-0.0895877293724908,116.531942469403,0.928768629565081,0.967531927960953
"s__Coprobacter_secundus","fixed",NA,"hd_exposurehigh_exposure",-0.188646437177203,0.182081552056063,-1.03605464170867,115.686720620834,0.302337450555377,0.493633752849696
"s__Coprococcus_catus","fixed",NA,"(Intercept)",-4.71074874911781,0.106590253855478,-44.1949294492247,120.538638716578,2.52884601563495e-76,1.1717821141754e-75
"s__Coprococcus_catus","fixed",NA,"hd_exposurelow_exposure",0.384551399594653,0.164129752351084,2.34297191146717,117.620755417665,0.0208104720643843,0.0568718302255874
"s__Coprococcus_catus","fixed",NA,"hd_exposurehigh_exposure",0.365143810982647,0.163439239270479,2.23412573756761,115.829418394856,0.0273942039863589,0.0732599283749485
"s__Coprococcus_comes","fixed",NA,"(Intercept)",-4.39031622143717,0.177327385145406,-24.7582527528794,119.466147552606,7.22866501246072e-49,2.41213206832914e-48
"s__Coprococcus_comes","fixed",NA,"hd_exposurelow_exposure",-0.212363968080065,0.273216167683628,-0.777274529104635,116.847216367655,0.43856763233286,0.630567287040794
"s__Coprococcus_comes","fixed",NA,"hd_exposurehigh_exposure",0.0268564758764837,0.272170216685314,0.0986752929970124,115.203459829244,0.921567575790654,0.963246511379176
"s__Coprococcus_eutactus","fixed",NA,"(Intercept)",-4.49863326018427,0.145931747776391,-30.8269675977392,118.571626892207,1.8810227846896e-58,6.95904081608483e-58
"s__Coprococcus_eutactus","fixed",NA,"hd_exposurelow_exposure",0.252337705455315,0.224655717737834,1.12321960017855,115.543231250616,0.263672661425324,0.45242458495711
"s__Coprococcus_eutactus","fixed",NA,"hd_exposurehigh_exposure",0.306445298149788,0.223677713526496,1.37003053776964,113.701476447044,0.173376627094197,0.342363972489807
"s__Coprococcus_SGB4669","fixed",NA,"(Intercept)",-4.63851218538992,0.0784702931167485,-59.1116969384671,121.335103436205,2.6985644643056e-91,1.61396571155913e-90
"s__Coprococcus_SGB4669","fixed",NA,"hd_exposurelow_exposure",0.125625301260569,0.120530590434598,1.04226902736974,117.172171604393,0.299432681841525,0.490838862002919
"s__Coprococcus_SGB4669","fixed",NA,"hd_exposurehigh_exposure",0.167391025577818,0.119844609909437,1.39673386816738,114.845358129275,0.165186926985349,0.331436149321086
"s__Desulfovibrio_piger","fixed",NA,"(Intercept)",-4.75951805814284,0.070910971095993,-67.1196288046856,114.051762796903,1.62641807076172e-93,1.03559681240338e-92
"s__Desulfovibrio_piger","fixed",NA,"hd_exposurelow_exposure",0.0203345585249658,0.109349549684432,0.185959234250608,111.86891815398,0.852813505711627,0.93147332378289
"s__Desulfovibrio_piger","fixed",NA,"hd_exposurehigh_exposure",0.0243735147528238,0.108991683945656,0.223627288527597,110.456288862086,0.823460406850905,0.916053891766358
"s__Desulfovibrio_porci","fixed",NA,"(Intercept)",-6.08833600407259,0.0904832296453196,-67.2868997706861,117.795070841972,7.53401727880117e-96,5.28227728311453e-95
"s__Desulfovibrio_porci","fixed",NA,"hd_exposurelow_exposure",0.189178689367181,0.139986689044411,1.35140484183581,117.162155698309,0.179169403281839,0.351209552820527
"s__Desulfovibrio_porci","fixed",NA,"hd_exposurehigh_exposure",0.0238932257645547,0.139845048679128,0.170854999803228,116.700580883136,0.864633658832881,0.935613140944237
"s__Desulfovibrio_SGB5076","fixed",NA,"(Intercept)",-5.61978875828868,0.0771007359626443,-72.8889119944522,137.013497790585,1.79308862817447e-111,2.17965059217052e-110
"s__Desulfovibrio_SGB5076","fixed",NA,"hd_exposurelow_exposure",0.279265953788531,0.115950341973183,2.40849616341036,121.026380253254,0.017526649318826,0.0483208947346719
"s__Desulfovibrio_SGB5076","fixed",NA,"hd_exposurehigh_exposure",0.266889622345375,0.114338955393736,2.33419678731819,117.540510349979,0.0212832911597753,0.0578878924466354
"s__Desulfovibrio_SGB5077","fixed",NA,"(Intercept)",-4.60065962361067,0.0846550131087647,-54.3459796964386,117.58036790979,3.72543460760309e-85,1.94804848755111e-84
"s__Desulfovibrio_SGB5077","fixed",NA,"hd_exposurelow_exposure",0.206489414288919,0.127625654923998,1.6179303010189,103.300579403922,0.108727149154672,0.239455556726524
"s__Desulfovibrio_SGB5077","fixed",NA,"hd_exposurehigh_exposure",0.0100226926929635,0.125930137854085,0.0795893093087596,99.8208301589441,0.936723239046169,0.970917347439576
"s__Dialister_hominis","fixed",NA,"(Intercept)",-5.22618648568175,0.261255349762661,-20.0041319361671,119.270573118751,6.47861235869873e-40,2.08384232568454e-39
"s__Dialister_hominis","fixed",NA,"hd_exposurelow_exposure",0.405440771607972,0.403366230564387,1.00514307070446,117.66513323451,0.316890534698822,0.507731909006841
"s__Dialister_hominis","fixed",NA,"hd_exposurehigh_exposure",0.0306870182007768,0.402376584911996,0.076264423307555,116.577213773204,0.939339458289188,0.971515727026166
"s__Dialister_invisus","fixed",NA,"(Intercept)",-5.08097805680124,0.156336395640758,-32.5002891103919,119.219124762466,4.37910649364502e-61,1.67641868222975e-60
"s__Dialister_invisus","fixed",NA,"hd_exposurelow_exposure",0.0500637223051045,0.239663016045994,0.20889214836342,114.066691100077,0.834905014443122,0.919377757080897
"s__Dialister_invisus","fixed",NA,"hd_exposurehigh_exposure",0.166140952085365,0.238039512025053,0.697955354856716,111.40081710181,0.4866593975353,0.673836088895031
"s__Dielma_fastidiosa","fixed",NA,"(Intercept)",-5.66524509689756,0.117396425906229,-48.2573898921138,131.53205155964,1.59123486461735e-85,8.39096244102444e-85
"s__Dielma_fastidiosa","fixed",NA,"hd_exposurelow_exposure",0.0326503232329029,0.176872818908094,0.184597743364222,116.647687636545,0.853865110216442,0.93147332378289
"s__Dielma_fastidiosa","fixed",NA,"hd_exposurehigh_exposure",-0.0742590203798795,0.174493524658764,-0.425568917385897,113.085867212726,0.671230794115903,0.827217937185629
"s__Dorea_formicigenerans","fixed",NA,"(Intercept)",-4.11085771711364,0.102785273894759,-39.994617529771,122.100106316265,5.15962008907231e-72,2.22041581764215e-71
"s__Dorea_formicigenerans","fixed",NA,"hd_exposurelow_exposure",0.0840502478883147,0.157228021731596,0.534575497183299,115.804454249524,0.593968302599957,0.770737217963799
"s__Dorea_formicigenerans","fixed",NA,"hd_exposurehigh_exposure",0.179486898957541,0.155988243783086,1.15064375753299,112.812379680367,0.252311954454079,0.442669145958796
"s__Dorea_longicatena","fixed",NA,"(Intercept)",-3.71227170842267,0.135092412075135,-27.4794983034133,122.468668795468,3.29142395119158e-54,1.15818527004335e-53
"s__Dorea_longicatena","fixed",NA,"hd_exposurelow_exposure",0.38434672756358,0.207498767228432,1.85228439039572,118.293365102717,0.0664779397412932,0.158324654465702
"s__Dorea_longicatena","fixed",NA,"hd_exposurehigh_exposure",0.370274673231378,0.206315786612844,1.7946986961604,115.96008873162,0.075306927083849,0.175341501866872
"s__Dorea_sp_AF24_7LB","fixed",NA,"(Intercept)",-5.46595878574604,0.105944805833151,-51.5925131275829,121.89590541419,1.15307473571279e-84,5.93009864080863e-84
"s__Dorea_sp_AF24_7LB","fixed",NA,"hd_exposurelow_exposure",0.0853994399275456,0.162294917245886,0.526199103316099,116.353693807218,0.599751446376834,0.77429979835685
"s__Dorea_sp_AF24_7LB","fixed",NA,"hd_exposurehigh_exposure",0.291677937200196,0.161133454020155,1.81016374888676,113.563572224284,0.0729147721609636,0.171262802365526
"s__Dorea_sp_AF36_15AT","fixed",NA,"(Intercept)",-5.22738377180888,0.135033055794962,-38.7118823686127,118.046220354563,6.27394571832899e-69,2.60417436468112e-68
"s__Dorea_sp_AF36_15AT","fixed",NA,"hd_exposurelow_exposure",-0.0543839215352858,0.206924217575553,-0.262820476851285,112.700750391452,0.793168805248166,0.895004221473518
"s__Dorea_sp_AF36_15AT","fixed",NA,"hd_exposurehigh_exposure",0.344500008222594,0.205479691564345,1.67656475245738,109.978997897024,0.0964680106181953,0.21705302389094
"s__Drancourtella_sp_An57","fixed",NA,"(Intercept)",-4.74516488064841,0.0399026946394169,-118.918406977984,148.598124720992,3.02397501634924e-149,2.35870051275241e-147
"s__Drancourtella_sp_An57","fixed",NA,"hd_exposurelow_exposure",0.0136244228618985,0.0606483853635004,0.224646093712793,138.998225114121,0.822584505157363,0.916048895689818
"s__Drancourtella_sp_An57","fixed",NA,"hd_exposurehigh_exposure",0.0705675857241858,0.0600009864345963,1.17610709285767,135.439742765296,0.24161517867391,0.43204279850387
"s__Duodenibacillus_massiliensis","fixed",NA,"(Intercept)",-5.42149966405393,0.145417350799014,-37.2823437799192,119.446917999681,1.22060626481433e-67,4.96733679941832e-67
"s__Duodenibacillus_massiliensis","fixed",NA,"hd_exposurelow_exposure",0.241361758332644,0.223946387842745,1.07776580215318,116.598030581443,0.283363006280565,0.473198526099213
"s__Duodenibacillus_massiliensis","fixed",NA,"hd_exposurehigh_exposure",0.181862847054366,0.223022941781178,0.815444570867526,114.840848900482,0.416505894090518,0.605826755040754
"s__Dysgonomonas_mossii","fixed",NA,"(Intercept)",-5.38797762819318,0.060926709893367,-88.4337532360296,194.291999594477,6.74529943332106e-159,7.0151114106539e-157
"s__Dysgonomonas_mossii","fixed",NA,"hd_exposurelow_exposure",0.0576039338671301,0.0893903474534819,0.644408882034011,167.843383735052,0.520190031497165,0.707186448048434
"s__Dysgonomonas_mossii","fixed",NA,"hd_exposurehigh_exposure",0.0870721379318357,0.0879204735215217,0.990351103039973,168.003375669116,0.323426735441041,0.514405139121181
"s__Dysosmobacter_sp_BX15","fixed",NA,"(Intercept)",-4.53959944183723,0.168696507580838,-26.9098602391748,122.081656273261,3.6792838559713e-53,1.27785146166573e-52
"s__Dysosmobacter_sp_BX15","fixed",NA,"hd_exposurelow_exposure",0.247052739952842,0.25878977131458,0.954646463412687,117.26960390784,0.341720241425364,0.53471272601279
"s__Dysosmobacter_sp_BX15","fixed",NA,"hd_exposurehigh_exposure",0.288928510997439,0.257133243452657,1.12365288563179,114.707987287534,0.263506418815254,0.45242458495711
"s__Dysosmobacter_sp_NSJ_60","fixed",NA,"(Intercept)",-4.50363969367409,0.112555062776485,-40.012768706971,134.304939974139,1.69236360801208e-76,7.880857398504e-76
"s__Dysosmobacter_sp_NSJ_60","fixed",NA,"hd_exposurelow_exposure",-0.0623345835820356,0.170618585473615,-0.365344627661769,123.010590301039,0.715481610792022,0.851072035525996
"s__Dysosmobacter_sp_NSJ_60","fixed",NA,"hd_exposurehigh_exposure",-0.0598642942912176,0.168633368800634,-0.354996728802779,119.342136922962,0.723218633666202,0.854196303676627
"s__Dysosmobacter_welbionis","fixed",NA,"(Intercept)",-3.8070164285946,0.227235746799475,-16.7535983321943,124.114069526006,1.17775733585332e-33,3.65632128145509e-33
"s__Dysosmobacter_welbionis","fixed",NA,"hd_exposurelow_exposure",-0.0317955815297473,0.34741685766951,-0.0915199732765809,117.535740504901,0.927235233793307,0.967531927960953
"s__Dysosmobacter_welbionis","fixed",NA,"hd_exposurehigh_exposure",-0.127893361002489,0.344589793497521,-0.371146689239967,114.470476821441,0.711214290158309,0.849644640189122
"s__Eggerthella_guodeyinii","fixed",NA,"(Intercept)",-5.44606630843137,0.060421590533791,-90.1344413531392,171.819162716966,1.3607906209762e-146,9.43481497210165e-145
"s__Eggerthella_guodeyinii","fixed",NA,"hd_exposurelow_exposure",-0.131638550741265,0.0883091557764551,-1.49065574892928,138.012225143649,0.138333891874224,0.287734495098385
"s__Eggerthella_guodeyinii","fixed",NA,"hd_exposurehigh_exposure",-0.103132703396225,0.086863900265051,-1.18729072815672,139.084382469917,0.237136773212555,0.425618446264528
"s__Eggerthella_lenta","fixed",NA,"(Intercept)",-4.91436550537606,0.167310651245127,-29.372699638686,130.194476780786,2.73071463190711e-59,1.01628186698412e-58
"s__Eggerthella_lenta","fixed",NA,"hd_exposurelow_exposure",-0.0287020845168584,0.2529490179145,-0.113469839707225,117.365489801841,0.909851942109938,0.957627878760705
"s__Eggerthella_lenta","fixed",NA,"hd_exposurehigh_exposure",-0.143170696702459,0.249790283382514,-0.573163594531082,113.707524146184,0.567665710611207,0.748688067755243
"s__Eisenbergiella_massiliensis","fixed",NA,"(Intercept)",-5.44766824601899,0.0928893241677093,-58.6468713690215,123.599745027593,4.43438315672403e-92,2.68646125222892e-91
"s__Eisenbergiella_massiliensis","fixed",NA,"hd_exposurelow_exposure",0.0362021113207606,0.141457082736817,0.255922931678969,114.902918445609,0.798467947814476,0.898276441291286
"s__Eisenbergiella_massiliensis","fixed",NA,"hd_exposurehigh_exposure",-0.298439306735877,0.140056066940284,-2.13085597258078,111.467800058633,0.0352989650661317,0.0911443622121358
"s__Eisenbergiella_sp_OF01_20","fixed",NA,"(Intercept)",-5.63530487587354,0.0961919068132851,-58.5839813614678,147.906504643034,3.03216685054016e-104,2.85237002221668e-103
"s__Eisenbergiella_sp_OF01_20","fixed",NA,"hd_exposurelow_exposure",-0.0157729987399157,0.145826044488584,-0.108163111707734,136.843946660569,0.914024737121788,0.958573841956296
"s__Eisenbergiella_sp_OF01_20","fixed",NA,"hd_exposurehigh_exposure",-0.0720377212543873,0.144133340301371,-0.499799151978039,133.190393556312,0.618041200270699,0.786521500276512
"s__Eisenbergiella_tayi","fixed",NA,"(Intercept)",-5.03523830229046,0.14871326022339,-33.858704292588,125.34468996077,6.41390402200208e-65,2.54381956126862e-64
"s__Eisenbergiella_tayi","fixed",NA,"hd_exposurelow_exposure",-0.47025243569621,0.22652889618194,-2.07590485638759,116.781296831694,0.0400976269229555,0.102313685942267
"s__Eisenbergiella_tayi","fixed",NA,"hd_exposurehigh_exposure",-0.513449932327057,0.224310246073657,-2.28901684748924,113.355709190212,0.0239306311534175,0.0644577575815793
"s__Ellagibacter_isourolithinifaciens","fixed",NA,"(Intercept)",-5.35416573866121,0.0466378163992072,-114.803096543607,119.69561988435,2.69122221739166e-124,6.3771746720977e-123
"s__Ellagibacter_isourolithinifaciens","fixed",NA,"hd_exposurelow_exposure",0.127236097616482,0.0706436337369609,1.80109786099397,108.073815754678,0.0744761260439392,0.173919206681313
"s__Ellagibacter_isourolithinifaciens","fixed",NA,"hd_exposurehigh_exposure",0.120263493295189,0.0698038680450652,1.72287720814478,104.480018960608,0.0878692714050033,0.200599117158739
"s__Emergencia_timonensis","fixed",NA,"(Intercept)",-4.36689986072328,0.0372841173195751,-117.124936156945,118.465269816392,2.54699581299962e-124,6.11278995119909e-123
"s__Emergencia_timonensis","fixed",NA,"hd_exposurelow_exposure",-0.0336053635031478,0.0573416108096964,-0.586055449587495,114.954791054759,0.558987188556892,0.741093496443698
"s__Emergencia_timonensis","fixed",NA,"hd_exposurehigh_exposure",-0.0209104493000734,0.0570580797693498,-0.366476568868095,112.896880328886,0.714695407419188,0.851072035525996
"s__Enorma_massiliensis","fixed",NA,"(Intercept)",-6.23265373845544,0.145412908649413,-42.8617637618556,125.584606614489,7.88295413855235e-77,3.71710079278841e-76
"s__Enorma_massiliensis","fixed",NA,"hd_exposurelow_exposure",0.403334848014686,0.22259008738688,1.81200723154242,119.64179654863,0.0724931557470037,0.170486416530642
"s__Enorma_massiliensis","fixed",NA,"hd_exposurehigh_exposure",0.185752854019386,0.220912522381003,0.84084347966034,116.731212355917,0.402154726184351,0.590924676809064
"s__Enterobacter_cloacae","fixed",NA,"(Intercept)",-5.76308037224654,0.0778198022627104,-74.0567336934507,187.323387093689,1.11631874564804e-140,5.49933866277138e-139
"s__Enterobacter_cloacae","fixed",NA,"hd_exposurelow_exposure",0.137493398387036,0.111859859071525,1.22915762212002,142.918721922771,0.221032594887407,0.404075212528541
"s__Enterobacter_cloacae","fixed",NA,"hd_exposurehigh_exposure",0.0527895422620282,0.110191584059891,0.479070545290794,148.611387072705,0.632592609754615,0.796061455115276
"s__Enterobacter_hormaechei","fixed",NA,"(Intercept)",-6.08649252407983,0.0946504200744538,-64.3049710639644,136.458494824822,6.27617751787982e-104,5.84527577784628e-103
"s__Enterobacter_hormaechei","fixed",NA,"hd_exposurelow_exposure",0.11104864921038,0.135938051396974,0.816906289807623,87.0665451910003,0.416211654865603,0.605826755040754
"s__Enterobacter_hormaechei","fixed",NA,"hd_exposurehigh_exposure",0.00440496304245885,0.133926524556744,0.0328908933987344,92.6747517066833,0.973832329904702,0.990768544337827
"s__Enterobacter_kobei","fixed",NA,"(Intercept)",-5.74827672250469,0.0511090273306286,-112.470869095563,130.03026048032,2.01887548640183e-131,6.99876835285968e-130
"s__Enterobacter_kobei","fixed",NA,"hd_exposurelow_exposure",0.121485523723805,0.0752016315653863,1.61546393602079,99.6049530100892,0.109373539791091,0.240596082830697
"s__Enterobacter_kobei","fixed",NA,"hd_exposurehigh_exposure",0.0418923733432068,0.0739661112200031,0.566372527259181,99.181870207077,0.572419936237168,0.752507107188187
"s__Enterobacter_roggenkampii","fixed",NA,"(Intercept)",-5.41369469660628,0.106049573188473,-51.048717442596,138.268913140891,1.3373198182685e-91,8.0756861283827e-91
"s__Enterobacter_roggenkampii","fixed",NA,"hd_exposurelow_exposure",0.456831140507178,0.158002815347836,2.89128481351098,116.321420246079,0.00457965024673759,0.0134585639904125
"s__Enterobacter_roggenkampii","fixed",NA,"hd_exposurehigh_exposure",0.095402260757359,0.155543989803516,0.613345850764608,113.751847614765,0.540872164782753,0.727902726436602
"s__Enterocloster_aldenensis","fixed",NA,"(Intercept)",-5.11573640526782,0.111948775152348,-45.697118153423,135.530692579275,3.23820735053917e-84,1.64726200005688e-83
"s__Enterocloster_aldenensis","fixed",NA,"hd_exposurelow_exposure",-0.280658576112876,0.169087148015115,-1.6598457032807,122.139049495162,0.0995109131071363,0.222562042218111
"s__Enterocloster_aldenensis","fixed",NA,"hd_exposurehigh_exposure",-0.261269266184166,0.16692752824033,-1.56516584734909,118.477562364779,0.120211163077395,0.257477456843115
"s__Enterocloster_asparagiformis","fixed",NA,"(Intercept)",-5.2507214936817,0.112901531167084,-46.5070884283323,135.279287574207,4.3782013633246e-85,2.26408645086841e-84
"s__Enterocloster_asparagiformis","fixed",NA,"hd_exposurelow_exposure",-0.334171830587372,0.170388056118237,-1.96123976175584,121.406084725695,0.0521402525599408,0.129109196815091
"s__Enterocloster_asparagiformis","fixed",NA,"hd_exposurehigh_exposure",-0.401598960939978,0.168172691696013,-2.38801530075944,117.765739964339,0.0185298696508098,0.0509367341942966
"s__Enterocloster_bolteae","fixed",NA,"(Intercept)",-4.12590068588348,0.164049221027832,-25.1503826719391,130.986541714094,5.50991627420166e-52,1.88911415115486e-51
"s__Enterocloster_bolteae","fixed",NA,"hd_exposurelow_exposure",-0.475472948032094,0.249200258949754,-1.90799540111218,120.877981047425,0.0587637934285288,0.143050482832518
"s__Enterocloster_bolteae","fixed",NA,"hd_exposurehigh_exposure",-0.699075418610502,0.246487587255034,-2.83614857200573,117.276960833279,0.00538026715398142,0.0156882556265626
"s__Enterocloster_citroniae","fixed",NA,"(Intercept)",-5.5487641885882,0.124133401482818,-44.7000092022473,135.953937064723,3.63805337907937e-83,1.82585413555941e-82
"s__Enterocloster_citroniae","fixed",NA,"hd_exposurelow_exposure",-0.196594185035861,0.185723617157934,-1.05853088607833,116.737081805989,0.291998896815698,0.484164689848527
"s__Enterocloster_citroniae","fixed",NA,"hd_exposurehigh_exposure",-0.211088099105337,0.182949872456309,-1.15380293121411,113.680303452592,0.251000956416414,0.441610705273992
"s__Enterocloster_clostridioformis","fixed",NA,"(Intercept)",-5.0955790104671,0.0900615778796841,-56.5788333985712,116.174379564076,2.0879917438883e-86,1.13296247668374e-85
"s__Enterocloster_clostridioformis","fixed",NA,"hd_exposurelow_exposure",-0.353879674877866,0.137975849974914,-2.56479430959987,110.716303637208,0.0116622433280106,0.0329286870437945
"s__Enterocloster_clostridioformis","fixed",NA,"hd_exposurehigh_exposure",-0.367745522893446,0.136994748581022,-2.6843767859901,107.967129308485,0.00841220413871283,0.0241158440239976
"s__Enterocloster_lavalensis","fixed",NA,"(Intercept)",-5.27716214648938,0.0307689788188888,-171.509174144245,116.672284128269,4.65150502929461e-142,2.35341011211879e-140
"s__Enterocloster_lavalensis","fixed",NA,"hd_exposurelow_exposure",0.0221017441469077,0.0448981330739131,0.49226421309151,81.4262371983454,0.623857223393628,0.792706827759054
"s__Enterocloster_lavalensis","fixed",NA,"hd_exposurehigh_exposure",-0.0538342289188572,0.044166186147546,-1.21890146319207,82.7293907909688,0.226345813462257,0.409786617796271
"s__Enterococcus_avium","fixed",NA,"(Intercept)",-4.93044241981059,0.0545986758096632,-90.3033333079108,130.387894737386,1.98755622225066e-119,3.64775024318944e-118
"s__Enterococcus_avium","fixed",NA,"hd_exposurelow_exposure",-0.0368733211627126,0.082955385006435,-0.444495811331022,120.393403265283,0.657482167653388,0.815711841772839
"s__Enterococcus_avium","fixed",NA,"hd_exposurehigh_exposure",0.0134331891640935,0.0820586803277387,0.163702232480975,116.802571847074,0.870248483820923,0.936267334317682
"s__Enterococcus_casseliflavus","fixed",NA,"(Intercept)",-5.02189547779507,0.0343891434995425,-146.031420580797,167.790378397687,9.52843753932335e-179,4.45930876840333e-176
"s__Enterococcus_casseliflavus","fixed",NA,"hd_exposurelow_exposure",-0.0182055372180137,0.0496881120092217,-0.366396236078256,124.004639209526,0.714693820092194,0.851072035525996
"s__Enterococcus_casseliflavus","fixed",NA,"hd_exposurehigh_exposure",0.0758692963022227,0.0489157438511784,1.55101998516159,128.223682716973,0.123361630005741,0.263021607483766
"s__Enterococcus_faecalis","fixed",NA,"(Intercept)",-5.1197614274473,0.0781421471682111,-65.5185660105595,128.898190928594,7.97300872925819e-101,6.72318573926637e-100
"s__Enterococcus_faecalis","fixed",NA,"hd_exposurelow_exposure",0.0293197886957658,0.11673441534528,0.251166621334789,108.761288593227,0.802159213026253,0.901887115186274
"s__Enterococcus_faecalis","fixed",NA,"hd_exposurehigh_exposure",-0.0275121917233626,0.114961771745115,-0.239316003100235,105.909873407763,0.811323071189601,0.907286015093748
"s__Enterococcus_faecium","fixed",NA,"(Intercept)",-5.45315422722307,0.0902061549815303,-60.4521302159438,100.118204027318,1.29097173399649e-80,6.34304222058117e-80
"s__Enterococcus_faecium","fixed",NA,"hd_exposurelow_exposure",-0.0285534514866543,0.13624362250155,-0.209576426128346,87.580168191637,0.834485021814462,0.919377757080897
"s__Enterococcus_faecium","fixed",NA,"hd_exposurehigh_exposure",-0.072102229299469,0.134502469446266,-0.536066211990807,84.2827566170698,0.593324770450511,0.770737217963799
"s__Enterococcus_gallinarum","fixed",NA,"(Intercept)",-5.79881677363851,0.070950373099376,-81.7306029598526,135.945333182618,1.88238886126396e-117,3.11843535246561e-116
"s__Enterococcus_gallinarum","fixed",NA,"hd_exposurelow_exposure",0.0442949585669647,0.104974058368571,0.421960999273193,109.256587807916,0.673882618340129,0.829575887494937
"s__Enterococcus_gallinarum","fixed",NA,"hd_exposurehigh_exposure",0.108591550916209,0.103271707831499,1.05151307358439,107.77626913888,0.295374952600117,0.488464585925281
"s__Enterococcus_raffinosus","fixed",NA,"(Intercept)",-5.28659684105624,0.0584977133305701,-90.3727092917585,122.105953147691,1.0594120291284e-113,1.45442044116662e-112
"s__Enterococcus_raffinosus","fixed",NA,"hd_exposurelow_exposure",-0.189389186889338,0.0885849419554176,-2.13793882694705,110.296542197232,0.0347295252835006,0.0899220903605992
"s__Enterococcus_raffinosus","fixed",NA,"hd_exposurehigh_exposure",-0.147602795285441,0.0875242951874277,-1.68642083857241,106.681524077867,0.0946371712166443,0.213704203278116
"s__Erysipelatoclostridium_ramosum","fixed",NA,"(Intercept)",-4.57553783807428,0.172694936118721,-26.4949160693907,129.435064166296,4.02324623236732e-54,1.4103964320209e-53
"s__Erysipelatoclostridium_ramosum","fixed",NA,"hd_exposurelow_exposure",-0.24882442363356,0.26328459964084,-0.945077775050246,121.326257287651,0.346497496920065,0.538132568299459
"s__Erysipelatoclostridium_ramosum","fixed",NA,"hd_exposurehigh_exposure",-0.347400099385533,0.260801793520224,-1.33204643532712,117.952376506517,0.185413005456903,0.357459470870568
"s__Erysipelotrichaceae_bacterium_3_1_53","fixed",NA,"(Intercept)",-5.70288111920786,0.085025848720134,-67.0723221826239,123.54109270696,4.93574349037444e-99,3.96554155106478e-98
"s__Erysipelotrichaceae_bacterium_3_1_53","fixed",NA,"hd_exposurelow_exposure",-0.363281678070036,0.129319219494566,-2.80918551387716,114.154253878933,0.00584479363220125,0.0170162576663775
"s__Erysipelotrichaceae_bacterium_3_1_53","fixed",NA,"hd_exposurehigh_exposure",-0.36367221978452,0.127972808296663,-2.84179291386233,110.644116539207,0.00534240198093137,0.0156021474388511
"s__Escherichia_coli","fixed",NA,"(Intercept)",-2.72800180199388,0.186280062575583,-14.6446257547664,136.834319312381,8.36789754563367e-30,2.5722010189534e-29
"s__Escherichia_coli","fixed",NA,"hd_exposurelow_exposure",-0.373931009942742,0.281965588075035,-1.32615831774207,124.71590487194,0.187210848121904,0.36018366668469
"s__Escherichia_coli","fixed",NA,"hd_exposurehigh_exposure",-0.319075305342847,0.278549495363507,-1.14548872158772,121.029977306741,0.25426673759088,0.443191185074607
"s__Escherichia_marmotae","fixed",NA,"(Intercept)",-5.68459963175049,0.0982784501396202,-57.8417712496952,138.419257542622,7.65527251557959e-99,6.12421801246368e-98
"s__Escherichia_marmotae","fixed",NA,"hd_exposurelow_exposure",-0.244004837352311,0.147857344816785,-1.6502720081621,122.684292566357,0.101445200656814,0.226617441085388
"s__Escherichia_marmotae","fixed",NA,"hd_exposurehigh_exposure",-0.165547807089908,0.145816220356014,-1.13531818809814,119.171396006888,0.258520247738685,0.448287574380528
"s__Eubacteriaceae_bacterium","fixed",NA,"(Intercept)",-5.43945479352338,0.15686003134112,-34.6771242299086,123.048942484616,2.31178895612656e-65,9.207806225253e-65
"s__Eubacteriaceae_bacterium","fixed",NA,"hd_exposurelow_exposure",-0.368275720266772,0.238945226163719,-1.54125581908232,114.515816392641,0.126013371824425,0.26655031870658
"s__Eubacteriaceae_bacterium","fixed",NA,"hd_exposurehigh_exposure",-0.0261799142727892,0.236607762731175,-0.110646894973323,111.104158624764,0.912095984791529,0.958573841956296
"s__Eubacteriales_unclassified_SGB15145","fixed",NA,"(Intercept)",-4.38213018688161,0.0562171862432749,-77.9500092359359,125.3648728246,4.48628906706067e-108,4.94019596090446e-107
"s__Eubacteriales_unclassified_SGB15145","fixed",NA,"hd_exposurelow_exposure",-0.00871783937726367,0.0860310280007525,-0.101333665072413,119.281560334001,0.919455732020235,0.962529108965699
"s__Eubacteriales_unclassified_SGB15145","fixed",NA,"hd_exposurehigh_exposure",-0.0416315216939998,0.0853710194458876,-0.487654030187468,116.334380417245,0.626712662971902,0.792706827759054
"s__Eubacterium_callanderi","fixed",NA,"(Intercept)",-5.69242962108318,0.079402106217384,-71.6911665478831,113.266050036126,3.24382448673142e-96,2.32660514910391e-95
"s__Eubacterium_callanderi","fixed",NA,"hd_exposurelow_exposure",0.0683033634900762,0.121159244105377,0.563748676334345,105.760376689065,0.574118634164386,0.753681685242448
"s__Eubacterium_callanderi","fixed",NA,"hd_exposurehigh_exposure",-0.0020735915302866,0.120063160397738,-0.0172708391434752,102.557307344716,0.986254103986998,0.993150985833061
"s__Eubacterium_limosum","fixed",NA,"(Intercept)",-5.39794609724171,0.0665034830535276,-81.1678704541984,125.140776866567,4.34830744771711e-110,5.02471082847311e-109
"s__Eubacterium_limosum","fixed",NA,"hd_exposurelow_exposure",-0.234804791131161,0.0989776968735252,-2.37230000846754,102.691351786781,0.0195401693636994,0.0536351862886296
"s__Eubacterium_limosum","fixed",NA,"hd_exposurehigh_exposure",-0.160195464211942,0.0974245222885562,-1.64430330730766,100.338886750204,0.103243230990225,0.229902579703422
"s__Eubacterium_ramulus","fixed",NA,"(Intercept)",-4.91119751549299,0.13180870911635,-37.2600380385926,126.301611532416,5.44558258714025e-70,2.29081586587113e-69
"s__Eubacterium_ramulus","fixed",NA,"hd_exposurelow_exposure",0.0369065861396277,0.201305303745201,0.183336382365472,119.148527550003,0.854845710608442,0.93147332378289
"s__Eubacterium_ramulus","fixed",NA,"hd_exposurehigh_exposure",0.319292120550913,0.199565734528829,1.59993458448544,115.953075278354,0.112334323893086,0.244807746598205
"s__Eubacterium_rectale","fixed",NA,"(Intercept)",-3.77611963602725,0.248241793079508,-15.2114581077725,122.098258328623,5.8039214038851e-30,1.78699685330146e-29
"s__Eubacterium_rectale","fixed",NA,"hd_exposurelow_exposure",0.59637181281518,0.380898959146218,1.56569556963858,117.396810985571,0.120111540087651,0.257477456843115
"s__Eubacterium_rectale","fixed",NA,"hd_exposurehigh_exposure",0.428668304938564,0.378505990141662,1.13252713590643,114.872912980274,0.259771284509786,0.448608712732767
"s__Eubacterium_siraeum","fixed",NA,"(Intercept)",-5.62626602480307,0.187255543447527,-30.0459250563103,130.766300395401,1.47624100114464e-60,5.58287505887427e-60
"s__Eubacterium_siraeum","fixed",NA,"hd_exposurelow_exposure",-0.00179474311453468,0.28496362402089,-0.00629814812575204,121.658604113013,0.994985153984005,0.998184463160802
"s__Eubacterium_siraeum","fixed",NA,"hd_exposurehigh_exposure",0.16596566038499,0.28205995849822,0.588405604498583,118.148616127616,0.557383232848896,0.74091476258448
"s__Eubacterium_sp_AF16_48","fixed",NA,"(Intercept)",-5.10236816257291,0.119503226054271,-42.6964888818629,132.24228538716,3.19918327349935e-79,1.54352347628628e-78
"s__Eubacterium_sp_AF16_48","fixed",NA,"hd_exposurelow_exposure",-0.157753001107175,0.182169510576542,-0.865968188682661,124.073289828498,0.388179045822082,0.579576937430424
"s__Eubacterium_sp_AF16_48","fixed",NA,"hd_exposurehigh_exposure",0.150498402745743,0.180442621479382,0.8340512984785,120.683792955829,0.405899918269079,0.594649150881577
"s__Eubacterium_sp_AF34_35BH","fixed",NA,"(Intercept)",-4.31735110320554,0.0690441336121895,-62.5303103585231,134.007945053013,5.01131389114631e-101,4.3032933964339e-100
"s__Eubacterium_sp_AF34_35BH","fixed",NA,"hd_exposurelow_exposure",-0.00466904839692177,0.1049246599292,-0.0444990567524574,124.13293414316,0.96457810785835,0.98563876523517
"s__Eubacterium_sp_AF34_35BH","fixed",NA,"hd_exposurehigh_exposure",-0.0067087740774043,0.103798538503946,-0.0646326448724444,120.541858652625,0.948573555567643,0.976631281508667
"s__Eubacterium_ventriosum","fixed",NA,"(Intercept)",-5.22246191166911,0.206484944927581,-25.2922164059018,124.862584237601,5.73876268480426e-51,1.94266975514531e-50
"s__Eubacterium_ventriosum","fixed",NA,"hd_exposurelow_exposure",0.700882320468109,0.316068832859785,2.21749899895709,118.910253268476,0.0284895092280807,0.0756487393971165
"s__Eubacterium_ventriosum","fixed",NA,"hd_exposurehigh_exposure",0.124480433724264,0.313683240675442,0.396834824379602,115.998743112316,0.692218417752506,0.840358546065299
"s__Evtepia_gabavorous","fixed",NA,"(Intercept)",-4.630835755584,0.108655364742579,-42.619485623698,123.202429319013,1.33989478545945e-75,6.14775254504926e-75
"s__Evtepia_gabavorous","fixed",NA,"hd_exposurelow_exposure",0.170580214792379,0.166716488271204,1.02317543130401,118.488397420258,0.308309337752483,0.500419434049813
"s__Evtepia_gabavorous","fixed",NA,"hd_exposurehigh_exposure",-0.0538246150000528,0.165667517215721,-0.324895404389782,115.958168388991,0.745845656588676,0.870179008559076
"s__Faecalibacillus_intestinalis","fixed",NA,"(Intercept)",-5.16086935118515,0.128818886759247,-40.0629867329195,126.703673428728,8.2708254030844e-74,3.65164744211651e-73
"s__Faecalibacillus_intestinalis","fixed",NA,"hd_exposurelow_exposure",0.195938065708526,0.195543662399771,1.00201695776746,116.206761189773,0.318417340370743,0.507731909006841
"s__Faecalibacillus_intestinalis","fixed",NA,"hd_exposurehigh_exposure",0.106424375008796,0.193363774123733,0.550384245917209,112.599019153232,0.583146088905951,0.762600455513404
"s__Faecalibacterium_prausnitzii","fixed",NA,"(Intercept)",-3.06332799139977,0.253577852909339,-12.0804240443466,119.547985076229,1.89584033892576e-22,5.7242147007565e-22
"s__Faecalibacterium_prausnitzii","fixed",NA,"hd_exposurelow_exposure",0.721421306677275,0.389298094301844,1.85313341430826,115.134443188509,0.0664236685580423,0.158324654465702
"s__Faecalibacterium_prausnitzii","fixed",NA,"hd_exposurehigh_exposure",0.803562052747212,0.386970106539385,2.07654813425602,112.7173391595,0.0401165841247989,0.102313685942267
"s__Faecalibacterium_SGB15315","fixed",NA,"(Intercept)",-5.51272419252508,0.17669525082803,-31.1990512857099,118.989264027399,4.00643795838026e-59,1.48515878377977e-58
"s__Faecalibacterium_SGB15315","fixed",NA,"hd_exposurelow_exposure",-0.0723369048368346,0.272676145036914,-0.265285050245381,117.148417083146,0.791256128630665,0.894176638150486
"s__Faecalibacterium_SGB15315","fixed",NA,"hd_exposurehigh_exposure",0.0337296463785531,0.271916781172547,0.124044004320387,115.923117064645,0.901495265010582,0.951832564072086
"s__Faecalibacterium_SGB15346","fixed",NA,"(Intercept)",-5.04353204190906,0.23643749287186,-21.3313547722419,119.296620594103,1.58738265999809e-42,5.16796580785464e-42
"s__Faecalibacterium_SGB15346","fixed",NA,"hd_exposurelow_exposure",0.216235868164771,0.363726989988043,0.594500474578144,115.912889251381,0.553336070163616,0.738644531873033
"s__Faecalibacterium_SGB15346","fixed",NA,"hd_exposurehigh_exposure",0.436377116882332,0.361985504590133,1.20550992056003,113.908997450415,0.230504768465584,0.416108897365065
"s__Faecalicatena_contorta","fixed",NA,"(Intercept)",-5.73735882399176,0.0925491501026102,-61.9925609001345,146.614420932541,4.4430363646893e-107,4.62075781927687e-106
"s__Faecalicatena_contorta","fixed",NA,"hd_exposurelow_exposure",0.0309315714099234,0.137394261352573,0.225130009837519,122.35972533389,0.822253692890913,0.916048895689818
"s__Faecalicatena_contorta","fixed",NA,"hd_exposurehigh_exposure",-0.175347782193032,0.135201950612719,-1.29693234009108,120.290267319404,0.19713662802973,0.372767442092581
"s__Faecalicatena_fissicatena","fixed",NA,"(Intercept)",-4.94105232418094,0.159698335372124,-30.9399112562285,123.63796235306,4.6739472281876e-60,1.76403814741274e-59
"s__Faecalicatena_fissicatena","fixed",NA,"hd_exposurelow_exposure",0.441593325346404,0.244566491988212,1.80561663111105,117.934281360979,0.0735291175705129,0.172489358511278
"s__Faecalicatena_fissicatena","fixed",NA,"hd_exposurehigh_exposure",0.0991475025260891,0.242778842722482,0.408386090872934,115.093812818396,0.683749041544638,0.835494912383526
"s__Faecalimonas_umbilicata","fixed",NA,"(Intercept)",-4.81765244486183,0.129465407797586,-37.2118894677569,121.501758453647,2.86619481225716e-68,1.17848654026459e-67
"s__Faecalimonas_umbilicata","fixed",NA,"hd_exposurelow_exposure",-0.24366259046079,0.198991899000996,-1.22448497493644,117.675082678477,0.223215023622235,0.406477163638933
"s__Faecalimonas_umbilicata","fixed",NA,"hd_exposurehigh_exposure",0.0517157147650553,0.19793621871435,0.261274642412405,115.48076461723,0.794346116556491,0.89579272903238
"s__Faecalitalea_cylindroides","fixed",NA,"(Intercept)",-4.49796230987712,0.0316249522907932,-142.228271793681,120.904097009817,1.93933031314427e-136,7.89223118740452e-135
"s__Faecalitalea_cylindroides","fixed",NA,"hd_exposurelow_exposure",-0.0526650263255354,0.0487790628508081,-1.0796645783584,118.815308761208,0.282478373060997,0.473198526099213
"s__Faecalitalea_cylindroides","fixed",NA,"hd_exposurehigh_exposure",-0.0596688456873468,0.0486268278851818,-1.22707666287091,117.449904946448,0.222247771031599,0.405900319386491
"s__Firmicutes_bacterium_AF16_15","fixed",NA,"(Intercept)",-5.19282214337788,0.164076594965747,-31.6487683356785,123.761676076476,3.57315108824326e-61,1.37068418794906e-60
"s__Firmicutes_bacterium_AF16_15","fixed",NA,"hd_exposurelow_exposure",0.00132644683392367,0.249866984099261,0.00530861185484487,115.067873145823,0.995773553004197,0.998285643423961
"s__Firmicutes_bacterium_AF16_15","fixed",NA,"hd_exposurehigh_exposure",-0.0986300213947427,0.247393053451685,-0.398677408353362,111.632385949245,0.69089247022719,0.83929312411765
"s__Flavonifractor_plautii","fixed",NA,"(Intercept)",-3.41885393155574,0.194840495085405,-17.5469372014126,126.123490342172,1.1963126984589e-35,3.75754592536084e-35
"s__Flavonifractor_plautii","fixed",NA,"hd_exposurelow_exposure",-0.0805489159491555,0.297079360517044,-0.271136021731588,118.081537143567,0.786759829206063,0.891702446473161
"s__Flavonifractor_plautii","fixed",NA,"hd_exposurehigh_exposure",-0.0909344561848689,0.29429191339351,-0.308994070330694,114.728086257687,0.757886461385047,0.873622817557148
"s__Formosa_SGB1638","fixed",NA,"(Intercept)",-4.93111280659506,0.0421784017172629,-116.910850241555,120.567518976826,6.03438112035701e-126,1.54744677497374e-124
"s__Formosa_SGB1638","fixed",NA,"hd_exposurelow_exposure",-0.010378791403454,0.0647695235988279,-0.16024189814547,116.277494391377,0.872968570784403,0.937039658548395
"s__Formosa_SGB1638","fixed",NA,"hd_exposurehigh_exposure",0.0176653818210702,0.0643914326476876,0.274343668011315,113.903969442415,0.784317462566354,0.891702446473161
"s__Fusicatenibacter_saccharivorans","fixed",NA,"(Intercept)",-3.95262247263052,0.196003423471986,-20.1660889519894,125.21137920175,3.82257470378467e-41,1.23803803555102e-40
"s__Fusicatenibacter_saccharivorans","fixed",NA,"hd_exposurelow_exposure",0.2073138488777,0.29787383471677,0.695978715535128,115.373815952785,0.487841805847878,0.67497402849019
"s__Fusicatenibacter_saccharivorans","fixed",NA,"hd_exposurehigh_exposure",0.0849405145739662,0.294681519081185,0.288245136100867,111.816444818671,0.773692723699751,0.882912885317364
"s__Fusobacterium_mortiferum","fixed",NA,"(Intercept)",-5.61219140133284,0.117087510605059,-47.9315972500516,122.865142886215,2.22139224016267e-81,1.1059697536129e-80
"s__Fusobacterium_mortiferum","fixed",NA,"hd_exposurelow_exposure",-0.234701117216525,0.178917669751775,-1.31178277440201,116.010763345879,0.192183410242336,0.365246034491018
"s__Fusobacterium_mortiferum","fixed",NA,"hd_exposurehigh_exposure",-0.139525510652464,0.177416193033636,-0.786430529630472,112.887940547981,0.433263074302152,0.625824440658664
"s__Fusobacterium_ulcerans","fixed",NA,"(Intercept)",-4.95008102117012,0.0447545446008716,-110.605103131218,121.145650136682,1.58357422456732e-123,3.48758935104709e-122
"s__Fusobacterium_ulcerans","fixed",NA,"hd_exposurelow_exposure",-0.110225692032011,0.0661628728268488,-1.66597499961159,94.4454204621433,0.0990319380771895,0.222021303090418
"s__Fusobacterium_ulcerans","fixed",NA,"hd_exposurehigh_exposure",-0.0838417402517881,0.0650868063921025,-1.28815262108115,93.1697062081629,0.200882837173864,0.377942383104999
"s__Fusobacterium_varium","fixed",NA,"(Intercept)",-5.22969695736471,0.107373915411111,-48.7054694554199,119.743572659124,8.79115675466687e-81,4.34222834953467e-80
"s__Fusobacterium_varium","fixed",NA,"hd_exposurelow_exposure",0.0840517940895908,0.165515405997122,0.507818553706427,117.360131658696,0.61253367478474,0.78323978087229
"s__Fusobacterium_varium","fixed",NA,"hd_exposurehigh_exposure",-0.106104263406127,0.164932974898028,-0.643317465605212,115.837082888341,0.521289643110949,0.708167062339403
"s__Gemella_sanguinis","fixed",NA,"(Intercept)",-6.40387564911244,0.0744408876026967,-86.0263204180341,147.376529405277,7.22164748849723e-128,2.04832183310103e-126
"s__Gemella_sanguinis","fixed",NA,"hd_exposurelow_exposure",-0.11449643995848,0.109330684113328,-1.04724891174921,115.405437851952,0.297173178186418,0.490139374066056
"s__Gemella_sanguinis","fixed",NA,"hd_exposurehigh_exposure",-0.0695553480043151,0.107532675545948,-0.64682988357892,115.356921228909,0.519027014819272,0.706631688539402
"s__Gemmiger_formicilis","fixed",NA,"(Intercept)",-4.58509675829601,0.245888606113833,-18.6470484776076,119.81109011292,3.17923596732089e-37,1.00194103212537e-36
"s__Gemmiger_formicilis","fixed",NA,"hd_exposurelow_exposure",0.278381708827132,0.378372916133199,0.735733708617593,116.566021145029,0.463370645357403,0.651712883628143
"s__Gemmiger_formicilis","fixed",NA,"hd_exposurehigh_exposure",0.526395408246704,0.376626082125451,1.39766052652553,114.623322507767,0.164914220265523,0.331244013237188
"s__Gemmiger_SGB15295","fixed",NA,"(Intercept)",-6.14723301049169,0.109777669703503,-55.9971169646312,116.575840201583,4.12943241759465e-86,2.20236395605048e-85
"s__Gemmiger_SGB15295","fixed",NA,"hd_exposurelow_exposure",0.142232349433073,0.169140219825658,0.840913826289685,113.968376648736,0.40215707171728,0.590924676809064
"s__Gemmiger_SGB15295","fixed",NA,"hd_exposurehigh_exposure",0.200355548769526,0.168493272370049,1.18910117864825,112.33276692132,0.236907365496701,0.425614767955685
"s__Gemmiger_SGB15299","fixed",NA,"(Intercept)",-5.57298397144086,0.0826695745322898,-67.4127573895293,118.596216959746,2.05412508036355e-96,1.48468036696547e-95
"s__Gemmiger_SGB15299","fixed",NA,"hd_exposurelow_exposure",-0.0690517416501741,0.126540596513849,-0.545688447443165,112.666969505473,0.586358911020576,0.764922565456808
"s__Gemmiger_SGB15299","fixed",NA,"hd_exposurehigh_exposure",-0.124598139679818,0.125584168181522,-0.99214846492211,109.779296406378,0.323306929311968,0.514405139121181
"s__GGB1093_SGB1404","fixed",NA,"(Intercept)",-4.40158168037722,0.0486453524834149,-90.4830874003409,119.209558387377,1.01927456926824e-111,1.25531710109878e-110
"s__GGB1093_SGB1404","fixed",NA,"hd_exposurelow_exposure",0.0311928382999811,0.0750205168730759,0.415790767647668,117.051160141365,0.6783244104713,0.832226035599493
"s__GGB1093_SGB1404","fixed",NA,"hd_exposurehigh_exposure",0.0656691689437109,0.074778988487608,0.878176748199707,115.64852085628,0.381668643257312,0.57296206910801
"s__GGB1146_SGB1472","fixed",NA,"(Intercept)",-4.43867758718303,0.0660538426142318,-67.1978708809695,116.101157623937,8.72676407279896e-95,5.85537718432962e-94
"s__GGB1146_SGB1472","fixed",NA,"hd_exposurelow_exposure",0.11954829387883,0.101840443227065,1.17387837376438,113.820420367255,0.242894158122458,0.432633552811837
"s__GGB1146_SGB1472","fixed",NA,"hd_exposurehigh_exposure",0.139701064180395,0.101494665355532,1.37643750724265,112.353980453945,0.17142319395103,0.340084208749866
"s__GGB1239_SGB1657","fixed",NA,"(Intercept)",-3.54765604539167,0.0344277807267614,-103.046318133251,126.36608974659,8.64063608496253e-124,1.97259399403047e-122
"s__GGB1239_SGB1657","fixed",NA,"hd_exposurelow_exposure",-0.0113562899910152,0.0530265102193,-0.214162499927853,123.570104603961,0.83077333261449,0.917383815368495
"s__GGB1239_SGB1657","fixed",NA,"hd_exposurehigh_exposure",0.126708197860499,0.0528121674900818,2.39922358582035,121.833765097458,0.0179452961198065,0.0494023446121731
"s__GGB1246_SGB1667","fixed",NA,"(Intercept)",-4.8801708121427,0.0814592572620211,-59.9093458027144,120.226671752964,2.19491285051009e-91,1.32118226886009e-90
"s__GGB1246_SGB1667","fixed",NA,"hd_exposurelow_exposure",0.125961646040354,0.125285266798335,1.00539871334678,116.725200263327,0.316784569009186,0.507731909006841
"s__GGB1246_SGB1667","fixed",NA,"hd_exposurehigh_exposure",0.241081329010397,0.124668120418241,1.93378490187875,114.668867340289,0.0556041731709163,0.136961858126257
"s__GGB1247_SGB1668","fixed",NA,"(Intercept)",-4.95310440842881,0.100601705886348,-49.234795422102,115.756668503752,1.77602486644357e-79,8.65812122391239e-79
"s__GGB1247_SGB1668","fixed",NA,"hd_exposurelow_exposure",-0.0304060276115335,0.155342341980953,-0.195735607071392,114.213234396459,0.845164927975018,0.926065248483783
"s__GGB1247_SGB1668","fixed",NA,"hd_exposurehigh_exposure",0.0126529208660468,0.154973514475661,0.0816456986786214,113.163526575867,0.935072690878288,0.970857502675627
"s__GGB1266_SGB1699","fixed",NA,"(Intercept)",-5.78499629068323,0.14242131098667,-40.6188950979722,122.366414189385,7.03115958287385e-73,3.07531092035978e-72
"s__GGB1266_SGB1699","fixed",NA,"hd_exposurelow_exposure",0.373836419068975,0.21961794351022,1.70221254736218,120.150975296177,0.091301497542985,0.206670378960662
"s__GGB1266_SGB1699","fixed",NA,"hd_exposurehigh_exposure",0.250845808796524,0.218895646069827,1.14596070456561,118.71582722519,0.254116119160216,0.443191185074607
"s__GGB13404_SGB14252","fixed",NA,"(Intercept)",-5.1928000656224,0.0875068067567939,-59.3416701863508,113.070312524725,4.75452264385949e-87,2.60247555242835e-86
"s__GGB13404_SGB14252","fixed",NA,"hd_exposurelow_exposure",0.116786191831073,0.133819210170936,0.872716194348289,106.71155349486,0.384777303147325,0.576242489193434
"s__GGB13404_SGB14252","fixed",NA,"hd_exposurehigh_exposure",-0.0521567826950779,0.132745558389634,-0.392907930990714,103.739784630738,0.695193699119282,0.842331783010547
"s__GGB13493_SGB15238","fixed",NA,"(Intercept)",-6.09518124134823,0.072666184441302,-83.8791975691496,113.275417577624,8.38017544633269e-104,7.72792533770187e-103
"s__GGB13493_SGB15238","fixed",NA,"hd_exposurelow_exposure",0.208468183194261,0.109639623591383,1.90139455395435,99.5939424367982,0.0601407757708023,0.146022739614711
"s__GGB13493_SGB15238","fixed",NA,"hd_exposurehigh_exposure",0.0840158873877394,0.108206839400975,0.77643786522964,96.1327160359165,0.439396695753361,0.630922648852665
"s__GGB14025_SGB14906","fixed",NA,"(Intercept)",-5.32774313565612,0.130957520914485,-40.6829871125547,116.166706001437,1.44046723269789e-70,6.08703083433509e-70
"s__GGB14025_SGB14906","fixed",NA,"hd_exposurelow_exposure",-0.394304329182599,0.200764791058553,-1.96401135429967,111.054908652186,0.0520276977295704,0.129001126026166
"s__GGB14025_SGB14906","fixed",NA,"hd_exposurehigh_exposure",-0.398235880628083,0.199408778380443,-1.99708299635789,108.410148313555,0.0483217836974216,0.121095554326068
"s__GGB1495_SGB2071","fixed",NA,"(Intercept)",-5.75085066906317,0.22856424598934,-25.1607623238299,119.460348551107,1.43598223684497e-49,4.81748879457667e-49
"s__GGB1495_SGB2071","fixed",NA,"hd_exposurelow_exposure",0.288049482379108,0.352191938168606,0.817876422376282,116.887293327234,0.415091868213795,0.605505512650706
"s__GGB1495_SGB2071","fixed",NA,"hd_exposurehigh_exposure",0.111199239656504,0.350864630878406,0.316929179718434,115.266712930867,0.751870638960323,0.872507984296878
"s__GGB1627_SGB2230","fixed",NA,"(Intercept)",-4.92046650278894,0.0765002845975801,-64.319584282234,119.244550298504,1.99522755469689e-94,1.32449148311794e-93
"s__GGB1627_SGB2230","fixed",NA,"hd_exposurelow_exposure",0.0315250668178058,0.118229439298081,0.266643122093514,118.112113298142,0.79020891199363,0.893819385650801
"s__GGB1627_SGB2230","fixed",NA,"hd_exposurehigh_exposure",0.327428660638482,0.118020466615577,2.77433796042343,117.316759054664,0.00643792610707641,0.0186849576317008
"s__GGB1663_SGB2279","fixed",NA,"(Intercept)",-4.86470933122785,0.074253080581,-65.5152526085583,119.453552961257,1.78698197287753e-95,1.2298640636863e-94
"s__GGB1663_SGB2279","fixed",NA,"hd_exposurelow_exposure",-0.09764047154495,0.114713234887345,-0.851170064560019,118.140795432452,0.396396837365882,0.586604647864768
"s__GGB1663_SGB2279","fixed",NA,"hd_exposurehigh_exposure",-0.0228489126446528,0.114480122531932,-0.199588471249928,117.231248281342,0.842148229108408,0.925490538544156
"s__GGB2653_SGB3574","fixed",NA,"(Intercept)",-4.6388959017793,0.153166714166562,-30.2865797377798,125.136194532337,1.88770517701437e-59,7.03941054057949e-59
"s__GGB2653_SGB3574","fixed",NA,"hd_exposurelow_exposure",-0.0660231435222585,0.233880662673413,-0.282294152785312,117.88727818565,0.778212980492559,0.886679671017694
"s__GGB2653_SGB3574","fixed",NA,"hd_exposurehigh_exposure",-0.222520652283815,0.231839420100421,-0.959805076235225,114.676297457645,0.339172639989469,0.533781565979343
"s__GGB2734_SGB3677","fixed",NA,"(Intercept)",-6.08680607719893,0.137616248645633,-44.2302863005131,118.371608824251,1.85020468114156e-75,8.42720964257176e-75
"s__GGB2734_SGB3677","fixed",NA,"hd_exposurelow_exposure",0.108615041807373,0.212010721666345,0.512309193392149,115.707675080171,0.609411157711174,0.780847150742859
"s__GGB2734_SGB3677","fixed",NA,"hd_exposurehigh_exposure",0.245613669255643,0.211185886841088,1.16302122707878,114.042254444127,0.247248687691221,0.437889823422863
"s__GGB28262_SGB40814","fixed",NA,"(Intercept)",-6.76264567362726,0.0359763417235496,-187.974800928704,121.031708805626,3.80813788472374e-151,3.24037914554674e-149
"s__GGB28262_SGB40814","fixed",NA,"hd_exposurelow_exposure",-0.00618588312896438,0.0546313108816932,-0.113229630208951,110.795511799322,0.910053416835093,0.957627878760705
"s__GGB28262_SGB40814","fixed",NA,"hd_exposurehigh_exposure",0.0512024594347092,0.0540296492806806,0.947673362984751,107.235878086237,0.345426453734259,0.537521464165032
"s__GGB2848_SGB3813","fixed",NA,"(Intercept)",-5.5384049314191,0.0826117489986591,-67.0413712159634,128.595893804868,6.66115155409646e-102,5.77299801355027e-101
"s__GGB2848_SGB3813","fixed",NA,"hd_exposurelow_exposure",-0.0689639625411201,0.124651739947946,-0.553253107978428,114.62162490268,0.581167619519067,0.760801247370415
"s__GGB2848_SGB3813","fixed",NA,"hd_exposurehigh_exposure",-0.197892541548602,0.123024460655255,-1.60856256141733,111.017136733165,0.110552231033515,0.242146697144153
"s__GGB2958_SGB3940","fixed",NA,"(Intercept)",-5.48927051278316,0.0572463553103993,-95.8885588963598,123.994278265584,3.57869179756269e-118,6.03541535588951e-117
"s__GGB2958_SGB3940","fixed",NA,"hd_exposurelow_exposure",0.129197705580012,0.0866602442159877,1.49085323666994,111.963854434069,0.138812008960114,0.288088781345159
"s__GGB2958_SGB3940","fixed",NA,"hd_exposurehigh_exposure",0.0574021317999852,0.0856130345429309,0.670483555529161,108.334292138108,0.503976428376762,0.692690068958369
"s__GGB2980_SGB3962","fixed",NA,"(Intercept)",-5.7251028454816,0.112563795069439,-50.8609614836621,124.787735797694,2.74691236786169e-85,1.44444380692053e-84
"s__GGB2980_SGB3962","fixed",NA,"hd_exposurelow_exposure",-0.324892305922895,0.171753227775481,-1.89162270852691,117.140630841978,0.061010555359852,0.14775130612373
"s__GGB2980_SGB3962","fixed",NA,"hd_exposurehigh_exposure",-0.466445393380826,0.170196194443163,-2.74063350774036,113.857168452839,0.00712174411255583,0.0206057263967612
"s__GGB2982_SGB3964","fixed",NA,"(Intercept)",-5.79811824378884,0.0891894992240268,-65.0089785707293,122.031189780087,1.50502968491449e-96,1.09627064986768e-95
"s__GGB2982_SGB3964","fixed",NA,"hd_exposurelow_exposure",-0.00342696739516781,0.136203411202806,-0.0251606576142582,114.85373850987,0.979970480938426,0.992715465079045
"s__GGB2982_SGB3964","fixed",NA,"hd_exposurehigh_exposure",0.0310082524313081,0.135021073228483,0.229654910080858,111.667484243941,0.818780068441001,0.913442364792345
"s__GGB2983_SGB3965","fixed",NA,"(Intercept)",-5.07733944106428,0.0446503904883327,-113.713214722971,121.969720540734,1.2427334673633e-125,3.10186273453881e-124
"s__GGB2983_SGB3965","fixed",NA,"hd_exposurelow_exposure",0.0928643950097138,0.0684103892246095,1.35746041006747,116.512543161572,0.177258488255211,0.347827976953621
"s__GGB2983_SGB3965","fixed",NA,"hd_exposurehigh_exposure",0.137216474814008,0.0679266784738926,2.02006748889903,113.747135916967,0.0457263202776842,0.115053321989012
"s__GGB2987_SGB3969","fixed",NA,"(Intercept)",-5.1899322490723,0.0692175142658911,-74.9800437666075,125.438274895882,4.75641801341198e-106,4.76150509150119e-105
"s__GGB2987_SGB3969","fixed",NA,"hd_exposurelow_exposure",-0.142407992198997,0.105890394395175,-1.3448622324282,119.178697203181,0.18122349392657,0.354493605674544
"s__GGB2987_SGB3969","fixed",NA,"hd_exposurehigh_exposure",-0.217183451339407,0.105060413024372,-2.06722441962058,116.186458055319,0.040934223943548,0.10383315341778
"s__GGB2998_SGB3988","fixed",NA,"(Intercept)",-5.88272034548099,0.110352378836518,-53.3085050590161,124.062627189933,2.25223192703271e-87,1.23641588486957e-86
"s__GGB2998_SGB3988","fixed",NA,"hd_exposurelow_exposure",0.261237484913288,0.168765236594063,1.54793422025445,117.638952181732,0.124324207870767,0.263805164404465
"s__GGB2998_SGB3988","fixed",NA,"hd_exposurehigh_exposure",0.170536318876628,0.167415877690715,1.01863886047701,114.610166070372,0.310519920583245,0.501114906320547
"s__GGB2998_SGB3989","fixed",NA,"(Intercept)",-5.17273312395758,0.0461205752324566,-112.15673477371,146.176940625888,1.10913633137346e-143,6.48844753853475e-142
"s__GGB2998_SGB3989","fixed",NA,"hd_exposurelow_exposure",0.0846025721259275,0.0690772712525119,1.22475266599144,127.77881507804,0.222921484311134,0.406477163638933
"s__GGB2998_SGB3989","fixed",NA,"hd_exposurehigh_exposure",0.0578524472228116,0.0680586904055437,0.850037620149376,124.595983692433,0.396934644851812,0.586936536463343
"s__GGB3000_SGB3991","fixed",NA,"(Intercept)",-5.62709757496177,0.0709848716101259,-79.2717863303012,127.069578793827,4.5770643015875e-110,5.25660390955326e-109
"s__GGB3000_SGB3991","fixed",NA,"hd_exposurelow_exposure",-0.238791387214251,0.108538233263918,-2.20006701816873,120.534274186649,0.0297089587830956,0.0786636079801342
"s__GGB3000_SGB3991","fixed",NA,"hd_exposurehigh_exposure",-0.2873144583875,0.107660174506896,-2.66871626117508,117.471425181565,0.00869087639599959,0.0248386574249026
"s__GGB3002_SGB3993","fixed",NA,"(Intercept)",-5.95272626726879,0.077229456038669,-77.0784435447563,121.930786277232,2.69119072737496e-105,2.63764871290362e-104
"s__GGB3002_SGB3993","fixed",NA,"hd_exposurelow_exposure",-0.23356501086105,0.11819136326871,-1.97615971591796,115.881829733549,0.0505127543075175,0.126248165639082
"s__GGB3002_SGB3993","fixed",NA,"hd_exposurehigh_exposure",-0.271295356994414,0.117286910249938,-2.31309151563704,112.952472001546,0.0225280111705719,0.0609566923259338
"s__GGB3005_SGB3996","fixed",NA,"(Intercept)",-4.8914576514864,0.080608233130167,-60.6818616603049,123.227502027124,1.19225552852717e-93,7.64350119658515e-93
"s__GGB3005_SGB3996","fixed",NA,"hd_exposurelow_exposure",0.0595001313448123,0.122934917317388,0.483997001366156,115.328644780094,0.629305787812778,0.793841263332562
"s__GGB3005_SGB3996","fixed",NA,"hd_exposurehigh_exposure",-0.0706423186093937,0.121794106850854,-0.580014258784297,112.008810640213,0.563069943475218,0.745026133380987
"s__GGB3033_SGB4029","fixed",NA,"(Intercept)",-4.74684456706617,0.0385545072394766,-123.12035367439,141.927853418267,3.8288117385466e-146,2.55983413377115e-144
"s__GGB3033_SGB4029","fixed",NA,"hd_exposurelow_exposure",-0.0484582923673236,0.0581184601893493,-0.833784863009912,127.431553200336,0.405962401082615,0.594649150881577
"s__GGB3033_SGB4029","fixed",NA,"hd_exposurehigh_exposure",-0.0765564967008803,0.0573447184608405,-1.33502262729146,123.819824456092,0.184318330091653,0.35716201419877
"s__GGB3061_SGB4063","fixed",NA,"(Intercept)",-5.59116689436846,0.0314310297296943,-177.886850747566,113.209979234815,2.03419306220286e-140,9.76412669857371e-139
"s__GGB3061_SGB4063","fixed",NA,"hd_exposurelow_exposure",-0.0249690323174048,0.0477613008824135,-0.522787944551126,103.481374605306,0.602239362307695,0.775765749425703
"s__GGB3061_SGB4063","fixed",NA,"hd_exposurehigh_exposure",-0.0934142810961429,0.047247309857673,-1.97713438876292,100.017051241692,0.0507791389202913,0.126575962794654
"s__GGB3109_SGB4119","fixed",NA,"(Intercept)",-4.9827967608355,0.0936727647029352,-53.1936553451526,118.420525299099,1.62073212729819e-84,8.31235765014303e-84
"s__GGB3109_SGB4119","fixed",NA,"hd_exposurelow_exposure",-0.161363285111239,0.1433862510377,-1.12537488039082,112.50460702812,0.262825278716922,0.45179882622413
"s__GGB3109_SGB4119","fixed",NA,"hd_exposurehigh_exposure",-0.153646462953082,0.142304163298234,-1.07970462277394,109.621041505961,0.282643589532425,0.473198526099213
"s__GGB3189_SGB4212","fixed",NA,"(Intercept)",-4.89068258148809,0.045003251792812,-108.673982138092,142.512815874759,5.72172349552456e-139,2.55025390086238e-137
"s__GGB3189_SGB4212","fixed",NA,"hd_exposurelow_exposure",-0.00551348040871117,0.0688813144761698,-0.0800431938710841,136.580314103368,0.936320066835669,0.970917347439576
"s__GGB3189_SGB4212","fixed",NA,"hd_exposurehigh_exposure",0.177545504083317,0.0683585626565827,2.59726795274007,133.659060496628,0.0104494812024943,0.0296385285016203
"s__GGB32387_SGB47381","fixed",NA,"(Intercept)",-4.82581876193223,0.0415591453292635,-116.119297538445,128.338030016658,7.41771258613661e-132,2.67037653100918e-130
"s__GGB32387_SGB47381","fixed",NA,"hd_exposurelow_exposure",-0.0633240990182104,0.0630455991742453,-1.00441743512018,117.474024846033,0.317241887234482,0.507731909006841
"s__GGB32387_SGB47381","fixed",NA,"hd_exposurehigh_exposure",-0.0672322405090489,0.062328474255319,-1.07867617990523,113.841279523214,0.2830123330371,0.473198526099213
"s__GGB3256_SGB4303","fixed",NA,"(Intercept)",-5.34789352958109,0.199111270269628,-26.8588188018649,117.91285281279,4.41956855193841e-52,1.51806097784013e-51
"s__GGB3256_SGB4303","fixed",NA,"hd_exposurelow_exposure",-0.0920701009961611,0.306729771880743,-0.300166822514895,115.21864209472,0.764590803658315,0.877568353432475
"s__GGB3256_SGB4303","fixed",NA,"hd_exposurehigh_exposure",-0.194776076322131,0.305523870109894,-0.637515085980261,113.538560092179,0.525072919712101,0.710727769848918
"s__GGB3277_SGB4327","fixed",NA,"(Intercept)",-4.78234938300788,0.133893896305248,-35.7174562468866,121.339080304261,3.12432114847674e-66,1.2524045374622e-65
"s__GGB3277_SGB4327","fixed",NA,"hd_exposurelow_exposure",0.141080709759134,0.206559718539682,0.68300204297592,119.34078051033,0.49592932748207,0.683637482361146
"s__GGB3277_SGB4327","fixed",NA,"hd_exposurehigh_exposure",0.385860363559941,0.205940725001943,1.87364768943248,118.025398135992,0.0634522105570538,0.152442956315829
"s__GGB3278_SGB4328","fixed",NA,"(Intercept)",-5.536760972547,0.112484036548811,-49.222637650849,118.726631018187,7.720055660336e-81,3.83340694858064e-80
"s__GGB3278_SGB4328","fixed",NA,"hd_exposurelow_exposure",0.0765070198547609,0.17038925633076,0.449013168449102,107.144135612477,0.654329038304008,0.81443082427201
"s__GGB3278_SGB4328","fixed",NA,"hd_exposurehigh_exposure",0.0612089987213908,0.168365913875093,0.363547450387141,103.559369458462,0.716937068316823,0.851072035525996
"s__GGB3304_SGB4367","fixed",NA,"(Intercept)",-4.97102178087785,0.148258471302557,-33.529428282943,121.078210134996,4.0101408446762e-63,1.58041761289134e-62
"s__GGB3304_SGB4367","fixed",NA,"hd_exposurelow_exposure",0.0620568440529926,0.227670226226774,0.27257338423857,116.793330966709,0.785662500184463,0.891702446473161
"s__GGB3304_SGB4367","fixed",NA,"hd_exposurehigh_exposure",-0.202544838723801,0.226343030047606,-0.894857856595807,114.420851532489,0.372741638498203,0.564084355108032
"s__GGB3321_SGB4394","fixed",NA,"(Intercept)",-5.03080905786417,0.0791732087079416,-63.5418109227086,124.493934040708,9.67529499265962e-97,7.24486089050352e-96
"s__GGB3321_SGB4394","fixed",NA,"hd_exposurelow_exposure",-0.107071932926193,0.12013576627399,-0.891257751517534,113.793540125266,0.374671535950793,0.565800310159008
"s__GGB3321_SGB4394","fixed",NA,"hd_exposurehigh_exposure",-0.0198851946640662,0.118779626869063,-0.167412503206352,110.187968750383,0.867352350546476,0.935613140944237
"s__GGB3341_SGB4420","fixed",NA,"(Intercept)",-5.29642981748914,0.0942944811797009,-56.169032919281,120.407324569041,3.16304892608502e-88,1.77814642331266e-87
"s__GGB3341_SGB4420","fixed",NA,"hd_exposurelow_exposure",-0.198420291049665,0.145583541650859,-1.36293078736551,118.791013186461,0.175482305172236,0.345792500297291
"s__GGB3341_SGB4420","fixed",NA,"hd_exposurehigh_exposure",0.0861911559833047,0.145224445139545,0.593503083454609,117.696280463864,0.553983398904775,0.738644531873033
"s__GGB33469_SGB15236","fixed",NA,"(Intercept)",-5.04784189434616,0.0789530622202303,-63.9347195966358,117.475677119148,4.01258475144246e-93,2.51222697481615e-92
"s__GGB33469_SGB15236","fixed",NA,"hd_exposurelow_exposure",0.134794727046231,0.121319937227678,1.11106822280385,113.528565650166,0.268886527931272,0.459077180760013
"s__GGB33469_SGB15236","fixed",NA,"hd_exposurehigh_exposure",0.142026818043647,0.120657021918248,1.17711191429768,111.292168645777,0.241662154341967,0.43204279850387
"s__GGB33469_SGB15237","fixed",NA,"(Intercept)",-5.83863195433565,0.0419410185813621,-139.210542610194,151.172746323904,1.70517828283418e-161,1.87770220321505e-159
"s__GGB33469_SGB15237","fixed",NA,"hd_exposurelow_exposure",0.0347189986919005,0.0631483681190852,0.549800410145634,136.193172887769,0.583356758704698,0.762600455513404
"s__GGB33469_SGB15237","fixed",NA,"hd_exposurehigh_exposure",0.169536494241689,0.0622885496200827,2.72179229209453,132.649397425531,0.00736515051486601,0.0212443170475026
"s__GGB3351_SGB4434","fixed",NA,"(Intercept)",-5.79068827844373,0.0465949827575488,-124.277077396398,112.944833655528,1.19420790327071e-122,2.51186201676716e-121
"s__GGB3351_SGB4434","fixed",NA,"hd_exposurelow_exposure",0.120940110137972,0.0700199811062674,1.72722283307138,96.9425982013865,0.0873124906229711,0.19957140713822
"s__GGB3351_SGB4434","fixed",NA,"hd_exposurehigh_exposure",0.0731681352056912,0.06903475905323,1.05987384049931,93.6990984812803,0.291926484580457,0.484164689848527
"s__GGB33512_SGB15201","fixed",NA,"(Intercept)",-5.97562537037035,0.106225412417509,-56.2541978833061,124.516911923108,2.18770916566719e-90,1.28382180505611e-89
"s__GGB33512_SGB15201","fixed",NA,"hd_exposurelow_exposure",-0.36117447425897,0.161924997830803,-2.23050473427436,116.348238392692,0.0276316939280101,0.0737896305752281
"s__GGB33512_SGB15201","fixed",NA,"hd_exposurehigh_exposure",-0.448242457860783,0.160388320040643,-2.79473254503319,112.981353441677,0.00610440068393699,0.0177444690688355
"s__GGB33586_SGB53517","fixed",NA,"(Intercept)",-5.10827255893358,0.0655582453197081,-77.9196046816393,145.613814909403,1.32272076654798e-120,2.55271471647198e-119
"s__GGB33586_SGB53517","fixed",NA,"hd_exposurelow_exposure",-0.149823253612079,0.0985074479115945,-1.5209332572146,129.227890752232,0.130719670931016,0.274951937059395
"s__GGB33586_SGB53517","fixed",NA,"hd_exposurehigh_exposure",-0.175166489857415,0.0971193175165402,-1.8036215074059,125.786728262229,0.0736840502424238,0.17263647315872
"s__GGB3363_SGB4447","fixed",NA,"(Intercept)",-5.53912013708973,0.0695527792996445,-79.6390912464665,115.049721977401,1.79214616681842e-102,1.58999887406829e-101
"s__GGB3363_SGB4447","fixed",NA,"hd_exposurelow_exposure",-0.205607227518562,0.105825660789679,-1.94288630927797,105.981598102261,0.0546828443691353,0.1350478689433
"s__GGB3363_SGB4447","fixed",NA,"hd_exposurehigh_exposure",0.0066194887551119,0.10473970752364,0.0631994198916192,102.557214780212,0.949730720368689,0.976865883807794
"s__GGB3363_SGB4448","fixed",NA,"(Intercept)",-5.49398123984841,0.0960735438655544,-57.1851627284271,120.922033427584,2.13909520082665e-89,1.22833933004524e-88
"s__GGB3363_SGB4448","fixed",NA,"hd_exposurelow_exposure",0.055461923273276,0.147877938566001,0.375052045025109,117.808766663647,0.708296111703109,0.84723982179439
"s__GGB3363_SGB4448","fixed",NA,"hd_exposurehigh_exposure",0.0291204661560695,0.147219849652793,0.197802580458735,115.925147679347,0.843545960474168,0.925490538544156
"s__GGB33928_SGB15225","fixed",NA,"(Intercept)",-5.09921761980358,0.0679218594092179,-75.0747647982021,137.991482168371,8.91497930470793e-114,1.23621046358617e-112
"s__GGB33928_SGB15225","fixed",NA,"hd_exposurelow_exposure",0.167778561993385,0.102911299600576,1.63032206030412,126.446272509252,0.105521961941423,0.233771731070228
"s__GGB33928_SGB15225","fixed",NA,"hd_exposurehigh_exposure",0.118000513954565,0.101697281913033,1.16031138428531,122.765657260964,0.24817351470688,0.438290515268194
"s__GGB34228_SGB72916","fixed",NA,"(Intercept)",-5.81305102846523,0.0645099290734724,-90.1109505459937,121.629938521086,3.24498359839369e-113,4.37022251524675e-112
"s__GGB34228_SGB72916","fixed",NA,"hd_exposurelow_exposure",0.0144539893267737,0.0985402332170848,0.146681095171873,114.593270040927,0.883641481028177,0.941846564507835
"s__GGB34228_SGB72916","fixed",NA,"hd_exposurehigh_exposure",0.12552482831649,0.097696706098824,1.28484196989729,111.436699508452,0.201511775225355,0.378493584278116
"s__GGB3444_SGB4594","fixed",NA,"(Intercept)",-6.20656655833655,0.146972552127375,-42.229426301025,124.141448371208,1.65609601259483e-75,7.57997979358806e-75
"s__GGB3444_SGB4594","fixed",NA,"hd_exposurelow_exposure",-0.413264677158133,0.224796326542863,-1.83839604282561,117.780161862095,0.0685236481691051,0.162580823032401
"s__GGB3444_SGB4594","fixed",NA,"hd_exposurehigh_exposure",-0.587352383218099,0.223012048931007,-2.63372488631683,114.766199698931,0.00960981274332847,0.0273813842549633
"s__GGB3446_SGB4597","fixed",NA,"(Intercept)",-5.60600754432911,0.0674310459017042,-83.1368914624446,116.966797074689,6.91087964921215e-106,6.84506174779108e-105
"s__GGB3446_SGB4597","fixed",NA,"hd_exposurelow_exposure",0.0206624814527869,0.104169126409161,0.198355138082159,115.635593930155,0.843115519802302,0.925490538544156
"s__GGB3446_SGB4597","fixed",NA,"hd_exposurehigh_exposure",0.0611264913551128,0.103954106160411,0.588014207546441,114.71512629774,0.557678581166706,0.74091476258448
"s__GGB3463_SGB4621","fixed",NA,"(Intercept)",-5.84625116605859,0.106593723286101,-54.84611087622,122.520304184911,4.43206336551214e-88,2.47666346872798e-87
"s__GGB3463_SGB4621","fixed",NA,"hd_exposurelow_exposure",-0.247099844104557,0.162767772031742,-1.51811283659009,115.293644825204,0.131723340459795,0.276441808677955
"s__GGB3463_SGB4621","fixed",NA,"hd_exposurehigh_exposure",-0.182481622503176,0.161348365705933,-1.13097905705323,112.095941065087,0.260477813642533,0.449414255427486
"s__GGB34797_SGB14321","fixed",NA,"(Intercept)",-5.81929894579797,0.0678889659739465,-85.7178904158183,107.709083515788,6.08412964583759e-101,5.17704122591272e-100
"s__GGB34797_SGB14321","fixed",NA,"hd_exposurelow_exposure",0.104641214146693,0.102440179213976,1.02148605117255,94.2894508199966,0.309637942117954,0.500419434049813
"s__GGB34797_SGB14321","fixed",NA,"hd_exposurehigh_exposure",0.0734335771992954,0.10110381252933,0.72631857654223,90.900368156013,0.469509629195437,0.657383714176408
"s__GGB34900_SGB14891","fixed",NA,"(Intercept)",-5.71987316887271,0.0523825115291441,-109.194328448538,123.338965078731,1.41145983533057e-124,3.43149715810238e-123
"s__GGB34900_SGB14891","fixed",NA,"hd_exposurelow_exposure",-0.0281138266904438,0.0787225220214815,-0.357125584502643,107.038769153354,0.721700912031006,0.854196303676627
"s__GGB34900_SGB14891","fixed",NA,"hd_exposurehigh_exposure",-0.12175476088435,0.0776160590250728,-1.56868001820369,103.678967101854,0.119769582858676,0.25732407146519
"s__GGB35068_SGB47850","fixed",NA,"(Intercept)",-6.20044712552389,0.0826005677202284,-75.0654298954102,129.087605190607,2.31230062648979e-108,2.57656355523148e-107
"s__GGB35068_SGB47850","fixed",NA,"hd_exposurelow_exposure",0.138609701832237,0.125238746607944,1.10676372597492,117.916719000871,0.27064883180024,0.460595102845499
"s__GGB35068_SGB47850","fixed",NA,"hd_exposurehigh_exposure",0.0577973440644463,0.123790860391553,0.466895083220457,114.269677629438,0.641463940884374,0.8053792738669
"s__GGB3510_SGB4687","fixed",NA,"(Intercept)",-5.38064533534836,0.0816683287566468,-65.8841122043953,133.557942773112,1.00765570258935e-103,9.24672291787873e-103
"s__GGB3510_SGB4687","fixed",NA,"hd_exposurelow_exposure",0.0635291220244484,0.122950838585095,0.516703446316713,118.213034139973,0.606328508765859,0.77903017735737
"s__GGB3510_SGB4687","fixed",NA,"hd_exposurehigh_exposure",0.00861183285942494,0.121273595003606,0.0710116069303371,114.678982481048,0.943512207846924,0.974020541254803
"s__GGB3534_SGB4722","fixed",NA,"(Intercept)",-6.1989216498446,0.0663698152281434,-93.3997123321207,130.667989745321,1.66356930828698e-121,3.31298057990769e-120
"s__GGB3534_SGB4722","fixed",NA,"hd_exposurelow_exposure",-0.135330095176987,0.0989873353074209,-1.36714555207187,109.454240114603,0.174380883182069,0.343984207920795
"s__GGB3534_SGB4722","fixed",NA,"hd_exposurehigh_exposure",-0.0497787711112091,0.0974606256612587,-0.510757762670474,106.786196126543,0.610574985014518,0.78126888034667
"s__GGB3538_SGB4728","fixed",NA,"(Intercept)",-5.35355875428329,0.0426118054842856,-125.635576653929,119.49014986489,9.02341646304671e-129,2.86302298624126e-127
"s__GGB3538_SGB4728","fixed",NA,"hd_exposurelow_exposure",-0.0948137116500238,0.0622373553857305,-1.52342128071467,84.5822063989778,0.131383609141131,0.27603828991268
"s__GGB3538_SGB4728","fixed",NA,"hd_exposurehigh_exposure",0.0097382417791832,0.0612203059827696,0.159068819125537,85.699840245996,0.873988927162725,0.937084689608242
"s__GGB3570_SGB4777","fixed",NA,"(Intercept)",-5.38979568162161,0.0398358373142749,-135.300173035153,157.911841764332,3.38822195195246e-165,5.26332881369183e-163
"s__GGB3570_SGB4777","fixed",NA,"hd_exposurelow_exposure",0.147855114034155,0.0593579377629134,2.49090719129622,136.665761951452,0.0139392584545629,0.0391218768020115
"s__GGB3570_SGB4777","fixed",NA,"hd_exposurehigh_exposure",0.0363189620713019,0.0584350721161584,0.621526777602093,134.076179203989,0.535308423239649,0.72301397424576
"s__GGB3588_SGB4808","fixed",NA,"(Intercept)",-5.49127435319902,0.0483663163483821,-113.535095657181,118.734095273558,5.97992680386881e-123,1.30167709033051e-121
"s__GGB3588_SGB4808","fixed",NA,"hd_exposurelow_exposure",0.115272522853216,0.0742062465088422,1.55340727063295,114.004542021687,0.123097604141534,0.262757941793559
"s__GGB3588_SGB4808","fixed",NA,"hd_exposurehigh_exposure",0.110375396862748,0.0737365325800347,1.49688889619192,111.477955414022,0.137248165430423,0.285793732687155
"s__GGB3614_SGB4886","fixed",NA,"(Intercept)",-4.94692142622815,0.0625620330512836,-79.0722613213839,124.483009625933,2.85679384265804e-108,3.16444856417506e-107
"s__GGB3614_SGB4886","fixed",NA,"hd_exposurelow_exposure",0.210300645146398,0.0960822081581603,2.1887574107396,120.241438721457,0.0305467495730263,0.0804268849517655
"s__GGB3614_SGB4886","fixed",NA,"hd_exposurehigh_exposure",0.0703466311698556,0.095527808763971,0.736399505861871,117.88012228669,0.462950566008841,0.651611623735752
"s__GGB3619_SGB4894","fixed",NA,"(Intercept)",-5.43092347482527,0.0866319986876643,-62.6895784132312,119.155556636986,4.37495414278286e-93,2.72997138509651e-92
"s__GGB3619_SGB4894","fixed",NA,"hd_exposurelow_exposure",0.0932821747420801,0.13161235285181,0.70876458570049,109.192525027943,0.479981044435368,0.666067097985923
"s__GGB3619_SGB4894","fixed",NA,"hd_exposurehigh_exposure",0.0121568936590243,0.130184669176067,0.09338191459843,105.663256238427,0.925776994669697,0.966566945912813
"s__GGB3626_SGB4905","fixed",NA,"(Intercept)",-5.6164990997952,0.0475739299100481,-118.058338052265,140.18177550091,3.30112485496952e-142,1.71658492458415e-140
"s__GGB3626_SGB4905","fixed",NA,"hd_exposurelow_exposure",0.0758753748460481,0.0724569161506943,1.04717919112434,131.578821823187,0.296936742351383,0.490139374066056
"s__GGB3626_SGB4905","fixed",NA,"hd_exposurehigh_exposure",0.161012220479911,0.0717428795947471,2.24429548116019,128.119698455415,0.0265291846505757,0.0711499049654409
"s__GGB36267_SGB14177","fixed",NA,"(Intercept)",-5.24981166746789,0.046989301888057,-111.723551032415,114.148286812042,1.92594222108254e-118,3.3382998498764e-117
"s__GGB36267_SGB14177","fixed",NA,"hd_exposurelow_exposure",-0.0297667127829335,0.0718042405545554,-0.414553688654604,107.385986945698,0.679295610254287,0.832226035599493
"s__GGB36267_SGB14177","fixed",NA,"hd_exposurehigh_exposure",-0.0682013181760237,0.0712023193071208,-0.95785248064529,104.319452094544,0.340351790626281,0.533781565979343
"s__GGB3653_SGB4964","fixed",NA,"(Intercept)",-4.57675442801575,0.0855599654435939,-53.4917750876491,128.538036822422,1.05742546993572e-89,6.1095693818508e-89
"s__GGB3653_SGB4964","fixed",NA,"hd_exposurelow_exposure",0.0771621425988797,0.130252705500704,0.592403376976018,119.637424074281,0.554698508294871,0.738804567666321
"s__GGB3653_SGB4964","fixed",NA,"hd_exposurehigh_exposure",-0.0177312910972112,0.128945080576131,-0.137510411548756,116.157932646646,0.890865440696191,0.944872580727065
"s__GGB36599_SGB9269","fixed",NA,"(Intercept)",-4.80410060816718,0.0531947262629415,-90.3115956348852,152.096150298001,4.88358541707993e-134,1.90459831266117e-132
"s__GGB36599_SGB9269","fixed",NA,"hd_exposurelow_exposure",0.185568624677629,0.0812251599918302,2.28461999577832,145.061805147273,0.0237857358832668,0.0641597947744603
"s__GGB36599_SGB9269","fixed",NA,"hd_exposurehigh_exposure",-2.64963210140372e-13,0.0805155693228093,-3.29083197658407e-12,141.891843117071,0.999999999997379,0.999999999997379
"s__GGB3730_SGB5060","fixed",NA,"(Intercept)",-5.3679555344992,0.0692962744114747,-77.4638403014971,119.323097123532,6.98469781645162e-104,6.47294767940467e-103
"s__GGB3730_SGB5060","fixed",NA,"hd_exposurelow_exposure",0.0759692020895299,0.106635453592817,0.712419739682589,116.091197308405,0.477634291817765,0.663340633550361
"s__GGB3730_SGB5060","fixed",NA,"hd_exposurehigh_exposure",0.12625867363878,0.106144663097211,1.18949620220799,114.154993528466,0.236712663981528,0.425614767955685
"s__GGB3746_SGB5089","fixed",NA,"(Intercept)",-4.2340081818752,0.19035681179564,-22.2424831658804,122.605189102829,7.39490686681054e-45,2.42438978190356e-44
"s__GGB3746_SGB5089","fixed",NA,"hd_exposurelow_exposure",-0.176069423582472,0.289902798088389,-0.607339510841111,113.947727767747,0.544834017379937,0.732181823786964
"s__GGB3746_SGB5089","fixed",NA,"hd_exposurehigh_exposure",-0.10432705300877,0.287038481039936,-0.3634601626611,110.522251651292,0.716955448731034,0.851072035525996
"s__GGB3815_SGB5180","fixed",NA,"(Intercept)",-5.3863848755824,0.0646276429994992,-83.3449066930097,141.282953613911,5.13759078682269e-122,1.04538803836218e-120
"s__GGB3815_SGB5180","fixed",NA,"hd_exposurelow_exposure",0.137418180960284,0.0978918850154365,1.40377500074306,129.61004652698,0.162777347450836,0.328715420094893
"s__GGB3815_SGB5180","fixed",NA,"hd_exposurehigh_exposure",0.109087364855112,0.096727730939001,1.1277775648837,125.926546680195,0.261558078019556,0.450570609618336
"s__GGB3817_SGB5182","fixed",NA,"(Intercept)",-5.1565291194974,0.0754288185862543,-68.3628514425267,118.40527822713,5.2847939570276e-97,3.97314630022316e-96
"s__GGB3817_SGB5182","fixed",NA,"hd_exposurelow_exposure",-0.166545226168265,0.115680246189999,-1.43970324799208,113.471381423766,0.152704522154123,0.312760246687657
"s__GGB3817_SGB5182","fixed",NA,"hd_exposurehigh_exposure",-0.164595696062945,0.114922510572706,-1.43223199043162,110.877416179814,0.154890619586571,0.315794622126782
"s__GGB3818_SGB5183","fixed",NA,"(Intercept)",-4.58045895952274,0.045560198120929,-100.536414423945,157.099783691747,1.67921411701241e-144,1.0140286538862e-142
"s__GGB3818_SGB5183","fixed",NA,"hd_exposurelow_exposure",0.046165395096077,0.0682685792609062,0.676231959063391,139.416559879232,0.500013672788451,0.688254114308808
"s__GGB3818_SGB5183","fixed",NA,"hd_exposurehigh_exposure",-0.00319378160744693,0.067267632930795,-0.0474787274101452,136.221095422808,0.962201221963125,0.984767715617802
"s__GGB3819_SGB5184","fixed",NA,"(Intercept)",-4.77880837421763,0.0439682271763012,-108.687765714452,121.446549440578,7.49687028963054e-123,1.59478877070322e-121
"s__GGB3819_SGB5184","fixed",NA,"hd_exposurelow_exposure",-0.00119200932149312,0.0675272180563973,-0.0176522794186128,117.222423578006,0.98594626045281,0.993150985833061
"s__GGB3819_SGB5184","fixed",NA,"hd_exposurehigh_exposure",0.0276209991977845,0.0671382716004277,0.411404680808146,114.872165759379,0.681542375290197,0.834432522265041
"s__GGB3828_SGB5197","fixed",NA,"(Intercept)",-5.77787524551751,0.0884086409541398,-65.354191436046,129.371927831891,5.94647067000809e-101,5.08301054532198e-100
"s__GGB3828_SGB5197","fixed",NA,"hd_exposurelow_exposure",0.291879072929282,0.134611866111823,2.16830121563589,120.561715901049,0.032100037050294,0.0840437333680426
"s__GGB3828_SGB5197","fixed",NA,"hd_exposurehigh_exposure",0.00789885558227544,0.133269673487462,0.0592697151240381,117.090530217214,0.952838319741588,0.977377169619864
"s__GGB42389_SGB59559","fixed",NA,"(Intercept)",-6.23021186844431,0.0714757664160411,-87.1653733963472,125.496306647977,3.87283504354955e-114,5.49238424357936e-113
"s__GGB42389_SGB59559","fixed",NA,"hd_exposurelow_exposure",-0.0159537545961703,0.10766912591334,-0.148173902786311,110.566132551895,0.882475418870189,0.941846564507835
"s__GGB42389_SGB59559","fixed",NA,"hd_exposurehigh_exposure",-0.0779760193300261,0.106216100654084,-0.734126171548811,107.050485115073,0.464476763133904,0.652288447551889
"s__GGB4266_SGB5809","fixed",NA,"(Intercept)",-4.66866518858206,0.0812916634754915,-57.4310450663814,121.364739555144,7.65071950310126e-90,4.46172800928522e-89
"s__GGB4266_SGB5809","fixed",NA,"hd_exposurelow_exposure",0.00403440678314966,0.125533240988591,0.0321381552119437,119.843629308123,0.974415338476859,0.990823201319218
"s__GGB4266_SGB5809","fixed",NA,"hd_exposurehigh_exposure",0.15990272013717,0.125240799436859,1.2767622121239,118.805701873456,0.20417609693676,0.382217653465614
"s__GGB4285_SGB5849","fixed",NA,"(Intercept)",-3.63146310409521,0.052916774255691,-68.6259348793292,117.281304201924,1.58632112910153e-96,1.15100509832483e-95
"s__GGB4285_SGB5849","fixed",NA,"hd_exposurelow_exposure",-0.00293886703862832,0.0817931555184577,-0.0359304763338678,116.218073798073,0.97139943692876,0.990121950740878
"s__GGB4285_SGB5849","fixed",NA,"hd_exposurehigh_exposure",0.0486688307176565,0.0816567308776196,0.59601737902779,115.467697222737,0.552330189722138,0.738017212819303
"s__GGB42994_SGB4746","fixed",NA,"(Intercept)",-5.16476332571767,0.0615948470898811,-83.8505746784481,117.759549174606,7.46290079420919e-107,7.6761265311866e-106
"s__GGB42994_SGB4746","fixed",NA,"hd_exposurelow_exposure",-0.0295318707862861,0.0948642239123921,-0.31130672416146,114.950312262063,0.756131316669927,0.872674367944577
"s__GGB42994_SGB4746","fixed",NA,"hd_exposurehigh_exposure",0.0296970328505688,0.0944771988687138,0.314330158029304,113.213909627541,0.753848802164218,0.872507984296878
"s__GGB4684_SGB6478","fixed",NA,"(Intercept)",-4.90308990013309,0.0758961696268027,-64.6026001607539,141.304086131558,8.4849250017554e-107,8.67966098540224e-106
"s__GGB4684_SGB6478","fixed",NA,"hd_exposurelow_exposure",0.246576175058828,0.115785204935137,2.12960002270549,133.61812358948,0.0350380953132318,0.0905957381579696
"s__GGB4684_SGB6478","fixed",NA,"hd_exposurehigh_exposure",0.19524883633992,0.114726890714248,1.70185764753469,130.302983457069,0.0911668123708188,0.206615342322243
"s__GGB4716_SGB14929","fixed",NA,"(Intercept)",-5.02046098635774,0.0628123142009871,-79.9279735227275,118.110977959674,1.12057788056014e-104,1.07575476533774e-103
"s__GGB4716_SGB14929","fixed",NA,"hd_exposurelow_exposure",-0.000843487000103734,0.0965881733330329,-0.00873281863603962,114.525144231221,0.993047501352174,0.997302362811879
"s__GGB4716_SGB14929","fixed",NA,"hd_exposurehigh_exposure",-0.00688603920435272,0.0961017053867793,-0.0716536629255284,112.435601039874,0.943004834501295,0.974020541254803
"s__GGB47687_SGB2286","fixed",NA,"(Intercept)",-4.40297472853493,0.0941957183536904,-46.7428329598001,116.682067178959,2.11714519262427e-77,1.00336602546649e-76
"s__GGB47687_SGB2286","fixed",NA,"hd_exposurelow_exposure",-0.170230522961111,0.145532570377521,-1.16970738934606,115.406225773596,0.244528829896663,0.435054545529835
"s__GGB47687_SGB2286","fixed",NA,"hd_exposurehigh_exposure",-0.233076219522457,0.14524385457032,-1.60472345086114,114.520377665992,0.111308945706899,0.243139260633974
"s__GGB4774_SGB6609","fixed",NA,"(Intercept)",-5.27608097799407,0.0529007158993971,-99.7355307634731,158.120651142563,1.14009614592876e-144,7.11419995059545e-143
"s__GGB4774_SGB6609","fixed",NA,"hd_exposurelow_exposure",0.0912599917408812,0.0795044715097038,1.14785986257066,142.332270156906,0.25295205465126,0.442845561659023
"s__GGB4774_SGB6609","fixed",NA,"hd_exposurehigh_exposure",0.121169839868166,0.0783877287589685,1.54577561802749,138.923768616917,0.124433739406593,0.263805164404465
"s__GGB51441_SGB71759","fixed",NA,"(Intercept)",-5.92060861587509,0.113595578176727,-52.1200623378497,124.023378501147,3.42347443103031e-86,1.84159314220941e-85
"s__GGB51441_SGB71759","fixed",NA,"hd_exposurelow_exposure",0.223377272094552,0.173639850788574,1.28644012926813,117.34038694247,0.200821892113689,0.377942383104999
"s__GGB51441_SGB71759","fixed",NA,"hd_exposurehigh_exposure",0.345512348841402,0.17221030374587,2.00633958204541,114.251559188949,0.0471820896658101,0.118397951547448
"s__GGB51510_SGB71883","fixed",NA,"(Intercept)",-5.91133528457008,0.094208857704497,-62.7471283338563,140.01060733418,2.15589425827795e-104,2.04864672664788e-103
"s__GGB51510_SGB71883","fixed",NA,"hd_exposurelow_exposure",0.0346700299189586,0.141796081790341,0.244506261958786,124.557107672524,0.807241077639032,0.905569254460879
"s__GGB51510_SGB71883","fixed",NA,"hd_exposurehigh_exposure",0.0639832422543024,0.139853356880063,0.457502370208917,121.017347923864,0.648130299651111,0.810487589142872
"s__GGB51647_SGB4348","fixed",NA,"(Intercept)",-5.25215637212786,0.201245626471218,-26.098238576524,128.719115033397,2.99047691681606e-53,1.04249027714705e-52
"s__GGB51647_SGB4348","fixed",NA,"hd_exposurelow_exposure",-0.0961410218723085,0.307466588822876,-0.312687704509231,121.758896978937,0.755052854600155,0.872507984296878
"s__GGB51647_SGB4348","fixed",NA,"hd_exposurehigh_exposure",0.166924673310621,0.304862584689147,0.547540700938506,118.597318233007,0.585036281830642,0.763729372096906
"s__GGB51884_SGB49168","fixed",NA,"(Intercept)",-5.35029909486144,0.0861257732005977,-62.1219281526788,118.705522628806,2.22244703902118e-92,1.36407241214677e-91
"s__GGB51884_SGB49168","fixed",NA,"hd_exposurelow_exposure",0.202400999745021,0.132807224804279,1.52402100144253,116.492003684219,0.130213687141952,0.274548697089286
"s__GGB51884_SGB49168","fixed",NA,"hd_exposurehigh_exposure",0.124678077679537,0.132369580455659,0.941893728531547,115.059827598662,0.348220454295963,0.539626399372552
"s__GGB52106_SGB72838","fixed",NA,"(Intercept)",-5.4570839568804,0.0478453931055804,-114.056622856839,120.872559593503,6.57389948947208e-125,1.61925524266997e-123
"s__GGB52106_SGB72838","fixed",NA,"hd_exposurelow_exposure",-0.0839818389760172,0.0731330947601467,-1.14834247410767,114.190650618244,0.253227117650809,0.442845561659023
"s__GGB52106_SGB72838","fixed",NA,"hd_exposurehigh_exposure",-0.0276062306910302,0.0725298623021066,-0.380618821197299,111.112401328755,0.704212807020772,0.845055368424926
"s__GGB52130_SGB14966","fixed",NA,"(Intercept)",-5.9352817211211,0.133265409180119,-44.5373015971391,116.736861978473,4.19614579244423e-75,1.89281564420617e-74
"s__GGB52130_SGB14966","fixed",NA,"hd_exposurelow_exposure",-0.0859144754874824,0.203709951210154,-0.421749035710337,110.116920737658,0.674030408589636,0.829575887494937
"s__GGB52130_SGB14966","fixed",NA,"hd_exposurehigh_exposure",-0.172927392095952,0.202034376378456,-0.855930536157964,107.068934790933,0.393947671154044,0.584829532434869
"s__GGB55957_SGB77276","fixed",NA,"(Intercept)",-5.28753868321396,0.0778964967235485,-67.8790305805307,123.716441886483,9.26212093917698e-100,7.60468877111373e-99
"s__GGB55957_SGB77276","fixed",NA,"hd_exposurelow_exposure",-0.00399420862802997,0.118297180195822,-0.0337641913477412,113.490800534297,0.97312450230608,0.990586769068506
"s__GGB55957_SGB77276","fixed",NA,"hd_exposurehigh_exposure",-0.0169844785234405,0.116997551401784,-0.145169521241635,109.914709207415,0.884842902242712,0.941846564507835
"s__GGB58158_SGB79798","fixed",NA,"(Intercept)",-6.37240065485353,0.0804564705770424,-79.2030847133859,130.535785633986,3.15709696694681e-112,3.99330102846246e-111
"s__GGB58158_SGB79798","fixed",NA,"hd_exposurelow_exposure",0.0201815639942833,0.120537919005064,0.167429172171418,112.199347748045,0.867333771850185,0.935613140944237
"s__GGB58158_SGB79798","fixed",NA,"hd_exposurehigh_exposure",-0.0272003996453684,0.118766818462525,-0.229023560599554,109.038420161849,0.819279616572302,0.913455296142555
"s__GGB58233_SGB79883","fixed",NA,"(Intercept)",-5.71457706245675,0.0930409197430503,-61.420040539567,122.271259975822,9.29510300752767e-94,5.97953018216213e-93
"s__GGB58233_SGB79883","fixed",NA,"hd_exposurelow_exposure",-0.0748112749201174,0.140231747518458,-0.533483153736427,107.725703248024,0.594798178484679,0.770737217963799
"s__GGB58233_SGB79883","fixed",NA,"hd_exposurehigh_exposure",-0.15472155464826,0.138359192381561,-1.11826003017982,104.211095108441,0.266027158155237,0.455629313876125
"s__GGB58485_SGB80143","fixed",NA,"(Intercept)",-6.68676022874743,0.118642008217772,-56.3608145984314,132.006767821202,3.22157701037354e-94,2.10132131129591e-93
"s__GGB58485_SGB80143","fixed",NA,"hd_exposurelow_exposure",0.286790730629793,0.181146939223322,1.58319390799218,124.704962063102,0.11591011765312,0.250848254620393
"s__GGB58485_SGB80143","fixed",NA,"hd_exposurehigh_exposure",0.293895196864899,0.179558779337288,1.63676316997477,121.46729857545,0.104268328071437,0.231268139987831
"s__GGB6020_SGB14985","fixed",NA,"(Intercept)",-5.69419947450905,0.0644721132913527,-88.3203478808998,153.504668626234,1.6721795199895e-133,6.38840828861294e-132
"s__GGB6020_SGB14985","fixed",NA,"hd_exposurelow_exposure",0.0904890902543379,0.0950738030828477,0.951777327930023,124.759741633135,0.343050205096881,0.53471272601279
"s__GGB6020_SGB14985","fixed",NA,"hd_exposurehigh_exposure",-0.100366727607925,0.093516999882469,-1.07324580273175,123.869129936393,0.285247214774697,0.475920486682917
"s__GGB6518_SGB9205","fixed",NA,"(Intercept)",-4.91801847112021,0.0693383478395809,-70.9278288905641,112.41963334093,3.54887855902756e-95,2.41581842272712e-94
"s__GGB6518_SGB9205","fixed",NA,"hd_exposurelow_exposure",-0.0532182535634813,0.105592835012132,-0.503994930691718,103.875612538436,0.615332227045095,0.78522163895813
"s__GGB6518_SGB9205","fixed",NA,"hd_exposurehigh_exposure",-0.171883665764733,0.104547232745123,-1.64407666517363,100.528756764501,0.103284225176591,0.229902579703422
"s__GGB6547_SGB9247","fixed",NA,"(Intercept)",-4.31209440979317,0.0855133024580063,-50.4260072508689,117.618400463103,1.65969772904523e-81,8.28521106339379e-81
"s__GGB6547_SGB9247","fixed",NA,"hd_exposurelow_exposure",0.0597934889971519,0.1323052727005,0.451935797997306,117.012550480956,0.652151863595083,0.812413265802748
"s__GGB6547_SGB9247","fixed",NA,"hd_exposurehigh_exposure",-0.0384024950511233,0.132176947066416,-0.290538523573455,116.569812897931,0.771920534197102,0.882194896225259
"s__GGB6565_SGB9274","fixed",NA,"(Intercept)",-5.90422713223102,0.11030403265127,-53.5268474807031,117.663609373535,1.88627547218816e-84,9.64783520201157e-84
"s__GGB6565_SGB9274","fixed",NA,"hd_exposurelow_exposure",-0.0668039367767894,0.170370952929197,-0.392108722926212,116.248648568225,0.695695825315192,0.842394945012963
"s__GGB6565_SGB9274","fixed",NA,"hd_exposurehigh_exposure",0.187716168778519,0.169998836098086,1.10422031754506,115.276294848503,0.271797151218669,0.461291266619536
"s__GGB6569_SGB9281","fixed",NA,"(Intercept)",-4.19792083378565,0.0739240740469709,-56.7869247996034,115.395321815628,3.53010707535742e-86,1.88810298430546e-85
"s__GGB6569_SGB9281","fixed",NA,"hd_exposurelow_exposure",-0.116667713543937,0.114367707242914,-1.02011062699839,114.763055330984,0.309821647469943,0.500419434049813
"s__GGB6569_SGB9281","fixed",NA,"hd_exposurehigh_exposure",-0.0654749484635102,0.114251771257776,-0.573076003485188,114.302072664726,0.567718934449065,0.748688067755243
"s__GGB6612_SGB9346","fixed",NA,"(Intercept)",-5.12402237594013,0.0879161007520362,-58.2830941330329,122.491365792879,3.51594123280751e-91,2.09612802159735e-90
"s__GGB6612_SGB9346","fixed",NA,"hd_exposurelow_exposure",0.180962148626368,0.134870636632896,1.34174608457531,117.687204849434,0.182261492388552,0.355409910157676
"s__GGB6612_SGB9346","fixed",NA,"hd_exposurehigh_exposure",0.0511451608421945,0.134008676449771,0.381655592735927,115.127472228407,0.7034203419072,0.845055368424926
"s__GGB77437_SGB9391","fixed",NA,"(Intercept)",-5.85612134974661,0.0621936245228687,-94.1595122437881,126.525876024698,5.11503363224419e-119,9.20706053803955e-118
"s__GGB77437_SGB9391","fixed",NA,"hd_exposurelow_exposure",0.217848926611816,0.0944843893609996,2.30566052323705,116.481657244763,0.0228990438751326,0.0618571574808775
"s__GGB77437_SGB9391","fixed",NA,"hd_exposurehigh_exposure",0.0703101910600334,0.0934591204209485,0.752309573890165,112.902653632586,0.453430519243847,0.643046918200366
"s__GGB781_SGB1024","fixed",NA,"(Intercept)",-5.25421372568891,0.162535840955198,-32.3264930049317,119.488226522468,6.45426304755165e-61,2.46076994399525e-60
"s__GGB781_SGB1024","fixed",NA,"hd_exposurelow_exposure",0.0356977216791987,0.250681586835535,0.142402647636896,117.368048394568,0.887006139544504,0.941846564507835
"s__GGB781_SGB1024","fixed",NA,"hd_exposurehigh_exposure",0.122161388393837,0.249887681503611,0.488865187986756,115.986107634964,0.625860260461227,0.792706827759054
"s__GGB79630_SGB13983","fixed",NA,"(Intercept)",-4.945533544081,0.0588580377494145,-84.0247778075169,126.272211580568,1.08983212002865e-112,1.39737378677647e-111
"s__GGB79630_SGB13983","fixed",NA,"hd_exposurelow_exposure",-0.0533383499514506,0.0892164283381219,-0.597853455299771,114.964244096346,0.551113610611032,0.737444373884097
"s__GGB79630_SGB13983","fixed",NA,"hd_exposurehigh_exposure",0.0370288729593515,0.0881768033153192,0.419938935945962,111.327764413651,0.675339412228183,0.830640853936373
"s__GGB79734_SGB15291","fixed",NA,"(Intercept)",-5.26970218289082,0.139932228882331,-37.6589598049074,118.484583604681,8.89732253708138e-68,3.63663488851885e-67
"s__GGB79734_SGB15291","fixed",NA,"hd_exposurelow_exposure",0.0379946868053946,0.214217993571245,0.177364590957007,112.620780412653,0.859540622224646,0.934094260487831
"s__GGB79734_SGB15291","fixed",NA,"hd_exposurehigh_exposure",0.00454777776142982,0.212612340339283,0.0213899990667172,109.750856946614,0.982973391536981,0.993007373503795
"s__GGB79916_SGB4587","fixed",NA,"(Intercept)",-5.32620512002576,0.117320060756171,-45.3989290978577,127.235023667265,1.8287909684846e-80,8.93863366319364e-80
"s__GGB79916_SGB4587","fixed",NA,"hd_exposurelow_exposure",0.141647726458201,0.176681653584201,0.801711573243205,112.125469321218,0.424415616541511,0.614942750902251
"s__GGB79916_SGB4587","fixed",NA,"hd_exposurehigh_exposure",0.344363431976988,0.17428569439544,1.97585598273864,108.610090915085,0.0507073058651378,0.126565435439384
"s__GGB79973_SGB14341","fixed",NA,"(Intercept)",-5.63019902633304,0.0658503758554807,-85.4998768524788,123.505560873516,9.29943358337547e-112,1.15288342172708e-110
"s__GGB79973_SGB14341","fixed",NA,"hd_exposurelow_exposure",0.194485061632367,0.10116867059296,1.92238427659936,119.447988224569,0.0569387250647754,0.139150513474229
"s__GGB79973_SGB14341","fixed",NA,"hd_exposurehigh_exposure",-0.0503963068911827,0.100605702508204,-0.500928929819592,117.158801823276,0.617360966939821,0.786521500276512
"s__GGB80011_SGB15265","fixed",NA,"(Intercept)",-4.61903745218638,0.160667137594295,-28.7491114944117,123.502839539751,1.4787877396354e-56,5.36490435774703e-56
"s__GGB80011_SGB15265","fixed",NA,"hd_exposurelow_exposure",0.173451779848203,0.24599828762822,0.705093444025687,117.689795418105,0.482145217883828,0.668574702132242
"s__GGB80011_SGB15265","fixed",NA,"hd_exposurehigh_exposure",0.208013900719516,0.244173656623734,0.851909676071486,114.819247977997,0.39603760579537,0.586604647864768
"s__GGB80011_SGB15267","fixed",NA,"(Intercept)",-4.08249449044649,0.0385559480558507,-105.884946326122,124.289942690637,1.12405728962399e-123,2.53522318816398e-122
"s__GGB80011_SGB15267","fixed",NA,"hd_exposurelow_exposure",0.124104141644932,0.0594633215191739,2.08707045745696,122.145644874932,0.0389611427045631,0.0997746363104543
"s__GGB80011_SGB15267","fixed",NA,"hd_exposurehigh_exposure",0.05853541928877,0.0592736006053524,0.987546204228468,120.748326255443,0.325349692335913,0.517024298856392
"s__GGB80140_SGB15224","fixed",NA,"(Intercept)",-4.88760419540832,0.0704318228900976,-69.3948274352487,117.632026938969,2.72567592467936e-97,2.05744569798377e-96
"s__GGB80140_SGB15224","fixed",NA,"hd_exposurelow_exposure",0.178710277755735,0.108379093726474,1.6489368162347,114.38913315531,0.101904344892,0.227371792178573
"s__GGB80140_SGB15224","fixed",NA,"hd_exposurehigh_exposure",0.122214595046366,0.107877971141644,1.13289667717145,112.449974865872,0.259667403100277,0.448608712732767
"s__GGB8965_SGB13825","fixed",NA,"(Intercept)",-6.36732816904103,0.0820171101788155,-77.6341443286509,133.67990855101,4.46746673478635e-113,5.93127498405677e-112
"s__GGB8965_SGB13825","fixed",NA,"hd_exposurelow_exposure",0.118167734138175,0.12509933126991,0.944591253515342,125.833703677441,0.346677788114971,0.538132568299459
"s__GGB8965_SGB13825","fixed",NA,"hd_exposurehigh_exposure",-0.11505979419178,0.12394535419148,-0.928310665150282,122.493998600906,0.355072066079798,0.54662410172811
"s__GGB9059_SGB13976","fixed",NA,"(Intercept)",-5.51897355325162,0.102711620814528,-53.7327082318907,114.87009727082,3.02996167089967e-83,1.52475490535596e-82
"s__GGB9059_SGB13976","fixed",NA,"hd_exposurelow_exposure",0.16991487959781,0.157604203404936,1.07811134428467,110.226360465185,0.283337773869465,0.473198526099213
"s__GGB9059_SGB13976","fixed",NA,"hd_exposurehigh_exposure",0.144559160706947,0.156616733218737,0.923012233341953,107.7386364377,0.358063324007524,0.550776123699331
"s__GGB9060_SGB13977","fixed",NA,"(Intercept)",-5.61978897543468,0.0806682971777975,-69.6653973375482,122.900820626908,1.2299898328724e-100,1.03252958167584e-99
"s__GGB9060_SGB13977","fixed",NA,"hd_exposurelow_exposure",0.216861155968249,0.12427724337756,1.74497880766003,120.227359414511,0.0835437070845605,0.192577867545093
"s__GGB9060_SGB13977","fixed",NA,"hd_exposurehigh_exposure",0.225601304885574,0.12379384997419,1.82239509420387,118.553820718042,0.0709154313973009,0.167196080070211
"s__GGB9061_SGB13979","fixed",NA,"(Intercept)",-6.18708659992666,0.116572550939449,-53.0749867791811,117.680400725926,4.8247314941717e-84,2.44766866045784e-83
"s__GGB9061_SGB13979","fixed",NA,"hd_exposurelow_exposure",0.347235549998735,0.180233546950454,1.92658667531073,116.743316346035,0.056461939401981,0.138346532147262
"s__GGB9061_SGB13979","fixed",NA,"hd_exposurehigh_exposure",0.393493149828006,0.179967205510946,2.18647141133762,116.075543449575,0.030787664268635,0.0809473420096697
"s__GGB9062_SGB13981","fixed",NA,"(Intercept)",-4.34341091426511,0.0557652734156083,-77.8873777215161,119.965323642035,1.42038132980687e-104,1.35660910683595e-103
"s__GGB9062_SGB13981","fixed",NA,"hd_exposurelow_exposure",-0.0928436009487636,0.0859418892953353,-1.08030672481159,117.470122842673,0.282218598291375,0.473198526099213
"s__GGB9062_SGB13981","fixed",NA,"hd_exposurehigh_exposure",0.0388607002195583,0.0856268760998109,0.453837649925011,115.888934042477,0.650794448201598,0.812413265802748
"s__GGB9063_SGB13982","fixed",NA,"(Intercept)",-4.8343865992868,0.0762852623371056,-63.3724844246269,116.406649306868,4.41991002396049e-92,2.68638687170586e-91
"s__GGB9063_SGB13982","fixed",NA,"hd_exposurelow_exposure",-0.133749957998546,0.117588523413019,-1.13744057767238,114.015138354576,0.25773888157479,0.447991816441975
"s__GGB9063_SGB13982","fixed",NA,"hd_exposurehigh_exposure",0.105746543414528,0.117172051618542,0.902489475551644,112.490195293879,0.368725321759215,0.560270943452314
"s__GGB9082_SGB14007","fixed",NA,"(Intercept)",-6.52287900585794,0.100550539269457,-64.8716461716613,120.605772712791,1.24340347148349e-95,8.5891191830889e-95
"s__GGB9082_SGB14007","fixed",NA,"hd_exposurelow_exposure",0.321729435107556,0.155268788527641,2.07208053954953,119.071112940025,0.0404168581102586,0.102799399976093
"s__GGB9082_SGB14007","fixed",NA,"hd_exposurehigh_exposure",0.222042344503038,0.154903884608457,1.43342011767028,118.025204744398,0.154381607185979,0.31539807220847
"s__GGB9186_SGB14125","fixed",NA,"(Intercept)",-4.84808924767492,0.0475744266817932,-101.905363570682,125.098325629529,3.08291072979133e-122,6.3419877869993e-121
"s__GGB9186_SGB14125","fixed",NA,"hd_exposurelow_exposure",-0.156883368737174,0.0726873721042512,-2.15833045267017,118.163324635611,0.0329248943932022,0.0859629041897831
"s__GGB9186_SGB14125","fixed",NA,"hd_exposurehigh_exposure",-0.0961590476002594,0.07207286174845,-1.33419216703057,115.016332212184,0.184776509913283,0.357174746839181
"s__GGB9189_SGB14128","fixed",NA,"(Intercept)",-5.67804401800857,0.066649072021716,-85.1931444170523,140.617324833519,6.64846566927695e-123,1.4305664060789e-121
"s__GGB9189_SGB14128","fixed",NA,"hd_exposurelow_exposure",0.101941208899601,0.101290070073321,1.00642845666717,130.823464748719,0.31606738272321,0.507731909006841
"s__GGB9189_SGB14128","fixed",NA,"hd_exposurehigh_exposure",0.246105688695934,0.100204904168775,2.45602439059687,127.233782030995,0.0153974836190832,0.0428929900817317
"s__GGB9261_SGB14209","fixed",NA,"(Intercept)",-6.45593212936817,0.117254181818932,-55.059291099209,121.015608561436,1.58438069337645e-87,8.7491464837779e-87
"s__GGB9261_SGB14209","fixed",NA,"hd_exposurelow_exposure",0.339256306922284,0.180393235924231,1.88064871270883,117.663958974414,0.0624918802657281,0.150789569478494
"s__GGB9261_SGB14209","fixed",NA,"hd_exposurehigh_exposure",0.352860158227502,0.179537755954695,1.96538135586669,115.672243460942,0.0517669085284229,0.128524738415395
"s__GGB9290_SGB14247","fixed",NA,"(Intercept)",-5.93930228993464,0.0508044015362007,-116.905270219601,171.11393725496,3.65508945395266e-165,5.26332881369183e-163
"s__GGB9290_SGB14247","fixed",NA,"hd_exposurelow_exposure",0.085221794368226,0.0753170679187196,1.13150706371357,147.582842118591,0.259676978634565,0.448608712732767
"s__GGB9290_SGB14247","fixed",NA,"hd_exposurehigh_exposure",0.160909907501808,0.0741062647064214,2.17134014430854,145.783212052072,0.0315232288597038,0.0826491378506519
"s__GGB9342_SGB14306","fixed",NA,"(Intercept)",-5.18015892817068,0.120778925902286,-42.8895926128835,109.281933750277,3.35871449813459e-70,1.41610665326755e-69
"s__GGB9342_SGB14306","fixed",NA,"hd_exposurelow_exposure",0.0390853364071073,0.18492296195362,0.211360103657166,103.592336618877,0.83302153411003,0.918925345818489
"s__GGB9342_SGB14306","fixed",NA,"hd_exposurehigh_exposure",-0.171164304379053,0.183550181870218,-0.932520483690273,100.805830589549,0.353295744981748,0.544915139208535
"s__GGB9345_SGB14311","fixed",NA,"(Intercept)",-4.71923993783776,0.050123164912729,-94.1528721511218,130.48710873428,7.93816714463363e-122,1.59787622524238e-120
"s__GGB9345_SGB14311","fixed",NA,"hd_exposurelow_exposure",0.0883829749382382,0.0763774591810668,1.15718663445861,122.103098352742,0.249454873450761,0.440080028532489
"s__GGB9345_SGB14311","fixed",NA,"hd_exposurehigh_exposure",-0.034328027019369,0.0756407163951458,-0.453830009224662,118.685536233554,0.650779958065136,0.812413265802748
"s__GGB9359_SGB14334","fixed",NA,"(Intercept)",-6.03449182742253,0.0820204221010025,-73.5730403824485,114.191481660606,4.76118286750578e-98,3.69831299915801e-97
"s__GGB9359_SGB14334","fixed",NA,"hd_exposurelow_exposure",-0.0934901409313204,0.125518187495275,-0.744833420533894,108.185552378449,0.457987411099494,0.647058440436417
"s__GGB9359_SGB14334","fixed",NA,"hd_exposurehigh_exposure",-0.11327628900807,0.124555048521403,-0.909447592472381,105.294602110026,0.365190955462311,0.557161751120983
"s__GGB9444_SGB14834","fixed",NA,"(Intercept)",-5.16447851857685,0.0337463264751512,-153.038243210847,163.331884093864,2.72130967235277e-178,1.01885834132888e-175
"s__GGB9444_SGB14834","fixed",NA,"hd_exposurelow_exposure",0.0136454988487298,0.0503835300763433,0.270832528567442,143.7421437628,0.786908355541486,0.891702446473161
"s__GGB9444_SGB14834","fixed",NA,"hd_exposurehigh_exposure",0.129475360410281,0.0496140016457068,2.60965364847738,140.941211892362,0.0100421129025713,0.0285263055441783
"s__GGB9453_SGB14844","fixed",NA,"(Intercept)",-5.45762464297833,0.087263035989458,-62.5422274287781,132.298893102855,3.97994499170016e-100,3.29666240020474e-99
"s__GGB9453_SGB14844","fixed",NA,"hd_exposurelow_exposure",-0.208017296252231,0.131702033256242,-1.5794539469828,118.452450766188,0.116898732732959,0.252695643967783
"s__GGB9453_SGB14844","fixed",NA,"hd_exposurehigh_exposure",-0.112230338748181,0.129991587357043,-0.863366168765384,114.821375651439,0.389736024402999,0.58088044401466
"s__GGB9453_SGB14845","fixed",NA,"(Intercept)",-5.59750007371062,0.112024495226087,-49.966751132543,123.422518803977,9.54036158426024e-84,4.82690726641491e-83
"s__GGB9453_SGB14845","fixed",NA,"hd_exposurelow_exposure",-0.122836740450485,0.171291465234537,-0.717121196215431,116.906297166738,0.474729675594289,0.660305289192108
"s__GGB9453_SGB14845","fixed",NA,"hd_exposurehigh_exposure",-0.225083610005973,0.169906846189109,-1.32474714853721,113.857465251514,0.187907753054279,0.360256415246044
"s__GGB9469_SGB14863","fixed",NA,"(Intercept)",-5.2899828157264,0.0619571527720232,-85.3813091636306,123.068138928783,2.17830409972723e-111,2.61396491967267e-110
"s__GGB9469_SGB14863","fixed",NA,"hd_exposurelow_exposure",-0.0972333709834069,0.0952625939877476,-1.02068783678001,119.410312724116,0.309465822716099,0.500419434049813
"s__GGB9469_SGB14863","fixed",NA,"hd_exposurehigh_exposure",0.0982395877038513,0.0947765184559338,1.03653931695674,117.283981440856,0.30208300074584,0.493633752849696
"s__GGB9480_SGB14874","fixed",NA,"(Intercept)",-5.73515540864235,0.148030793166284,-38.7429891171359,125.475801537174,1.15063078199156e-71,4.92901790363433e-71
"s__GGB9480_SGB14874","fixed",NA,"hd_exposurelow_exposure",-0.27925342688762,0.224624312882634,-1.24320214185154,114.780746084976,0.216326767702262,0.398760116160477
"s__GGB9480_SGB14874","fixed",NA,"hd_exposurehigh_exposure",-0.072254059850461,0.222090621179348,-0.32533593479444,111.169752631641,0.745538341282231,0.870179008559076
"s__GGB9501_SGB14898","fixed",NA,"(Intercept)",-5.7972496586598,0.132615586295907,-43.7146931260728,125.221823774484,1.08451878488112e-77,5.16595207454824e-77
"s__GGB9501_SGB14898","fixed",NA,"hd_exposurelow_exposure",-0.319835536169029,0.202672190539111,-1.57809285683577,118.426107560304,0.117211759992467,0.253080063097922
"s__GGB9501_SGB14898","fixed",NA,"hd_exposurehigh_exposure",-0.230722694406217,0.20098395520379,-1.14796573772405,115.308789929018,0.253358758833768,0.442845561659023
"s__GGB9512_SGB14909","fixed",NA,"(Intercept)",-5.79908199362437,0.124501931366475,-46.5782492687168,119.153885166029,2.56259089523991e-78,1.22689773807906e-77
"s__GGB9512_SGB14909","fixed",NA,"hd_exposurelow_exposure",0.139704512162003,0.192245188813017,0.726699653835723,117.598587032253,0.468854025201669,0.657241452612295
"s__GGB9512_SGB14909","fixed",NA,"hd_exposurehigh_exposure",0.178702251411458,0.191787189236834,0.931773660808919,116.540673101816,0.353379796473911,0.544915139208535
"s__GGB9522_SGB14921","fixed",NA,"(Intercept)",-5.32386889221612,0.0475427146516818,-111.980751019816,114.411956275695,9.08680482855129e-119,1.62004748943314e-117
"s__GGB9522_SGB14921","fixed",NA,"hd_exposurelow_exposure",0.0741299101071555,0.0723038293150231,1.0252556580949,105.10765214569,0.307596367110239,0.500419434049813
"s__GGB9522_SGB14921","fixed",NA,"hd_exposurehigh_exposure",-0.00777958902433459,0.0715487658763509,-0.108731281791486,101.666221614051,0.913629943330312,0.958573841956296
"s__GGB9523_SGB14922","fixed",NA,"(Intercept)",-5.31424452011089,0.076472002235803,-69.4926818278447,119.273533053334,2.39800864297865e-98,1.88616478136808e-97
"s__GGB9523_SGB14922","fixed",NA,"hd_exposurelow_exposure",-0.12945319626913,0.117889097664087,-1.09809302839856,116.92671481714,0.274419950462378,0.464256968184096
"s__GGB9523_SGB14922","fixed",NA,"hd_exposurehigh_exposure",0.104674616207444,0.117479815507386,0.891000856235286,115.42320059859,0.374782256729257,0.565800310159008
"s__GGB9531_SGB14932","fixed",NA,"(Intercept)",-5.70403901601928,0.0743426949729914,-76.7262878765903,125.64113556724,2.09893686790711e-107,2.2198925518204e-106
"s__GGB9531_SGB14932","fixed",NA,"hd_exposurelow_exposure",-0.217117998889786,0.113512845292931,-1.91271744029931,118.361667918286,0.0582004819543812,0.141863674763804
"s__GGB9531_SGB14932","fixed",NA,"hd_exposurehigh_exposure",-0.202656361833632,0.112519351773161,-1.80108006880618,115.143183420369,0.0743076166842497,0.173879823041144
"s__GGB9534_SGB14937","fixed",NA,"(Intercept)",-5.33755882799354,0.121128214236744,-44.0653638099654,121.321033508678,1.67662210901472e-76,7.82702391041284e-76
"s__GGB9534_SGB14937","fixed",NA,"hd_exposurelow_exposure",-0.132593027799725,0.184897797011185,-0.717115238488773,113.918304657048,0.474770790199026,0.660305289192108
"s__GGB9534_SGB14937","fixed",NA,"hd_exposurehigh_exposure",-0.28724428651142,0.183256153254921,-1.56744688464482,110.691957427784,0.119864631579939,0.25732407146519
"s__GGB9537_SGB14940","fixed",NA,"(Intercept)",-5.96547484270692,0.0626963281501213,-95.1487115548947,135.934265464686,2.89240055604471e-126,7.62616033931789e-125
"s__GGB9537_SGB14940","fixed",NA,"hd_exposurelow_exposure",-0.0150163417477797,0.0935771771169471,-0.160470129687853,115.154021126845,0.872791913920754,0.937039658548395
"s__GGB9537_SGB14940","fixed",NA,"hd_exposurehigh_exposure",-0.079351813478662,0.0921436671975519,-0.861174901022067,112.368217713175,0.390975616088618,0.581801552716926
"s__GGB9561_SGB14972","fixed",NA,"(Intercept)",-6.29303920682973,0.0975388267378121,-64.5182991973611,115.644487806445,1.59151474860988e-92,9.80038029407138e-92
"s__GGB9561_SGB14972","fixed",NA,"hd_exposurelow_exposure",0.184660712464847,0.148506643967634,1.24345084860373,106.928642897408,0.216421088685387,0.398760116160477
"s__GGB9561_SGB14972","fixed",NA,"hd_exposurehigh_exposure",0.153550756775443,0.147023064496729,1.04439910364444,103.537629762221,0.298733075897389,0.490756383192468
"s__GGB9581_SGB4365","fixed",NA,"(Intercept)",-5.68427647664808,0.0947542448025584,-59.9896763305174,124.57999556461,8.96783017978819e-94,5.78888899881499e-93
"s__GGB9581_SGB4365","fixed",NA,"hd_exposurelow_exposure",0.136625387065749,0.144905056338683,0.942861419179314,118.134316126923,0.347676016112216,0.539229082155814
"s__GGB9581_SGB4365","fixed",NA,"hd_exposurehigh_exposure",0.166994681334918,0.143743799571591,1.16175224136709,115.098862024079,0.247739586954335,0.438290515268194
"s__GGB9602_SGB15028","fixed",NA,"(Intercept)",-5.19630701898382,0.0565132689669682,-91.9484417371263,122.358908623207,8.74550203995359e-115,1.27902967334321e-113
"s__GGB9602_SGB15028","fixed",NA,"hd_exposurelow_exposure",0.0425852894886436,0.0854318567618546,0.498470841004336,109.55414213199,0.61915152043014,0.7873992161992
"s__GGB9602_SGB15028","fixed",NA,"hd_exposurehigh_exposure",0.0257957071518982,0.0843626420321631,0.30577168436787,105.949002176523,0.76037847165688,0.874495109357469
"s__GGB9602_SGB15031","fixed",NA,"(Intercept)",-5.08935721145117,0.0902825454706081,-56.3714412893689,117.221426161852,9.04702542651947e-87,4.92326499954781e-86
"s__GGB9602_SGB15031","fixed",NA,"hd_exposurelow_exposure",0.0109210774592652,0.139058823214463,0.0785356671861247,114.455617294454,0.9375390979876,0.970917347439576
"s__GGB9602_SGB15031","fixed",NA,"hd_exposurehigh_exposure",0.0305451030143424,0.138498889397344,0.220544028527987,112.740902292235,0.825846377237827,0.916053891766358
"s__GGB9603_SGB15035","fixed",NA,"(Intercept)",-5.05544626703589,0.0504937260916241,-100.120285396694,97.4914424635438,4.20074850487337e-100,3.46422960401892e-99
"s__GGB9603_SGB15035","fixed",NA,"hd_exposurelow_exposure",0.0678942955972714,0.0767456583968075,0.884666273188108,88.3707380412711,0.378737363102361,0.57014755289358
"s__GGB9603_SGB15035","fixed",NA,"hd_exposurehigh_exposure",0.0588848054834621,0.0759263851043165,0.775551284346795,85.1318563693889,0.440163076354044,0.631406344011318
"s__GGB9608_SGB15041","fixed",NA,"(Intercept)",-5.35833900105933,0.0669897641652394,-79.98742894276,118.354962851093,7.09817953772549e-105,6.84937736836191e-104
"s__GGB9608_SGB15041","fixed",NA,"hd_exposurelow_exposure",0.182235164873024,0.10338823688547,1.76262958304336,116.560325771784,0.0805840471562718,0.186387004906132
"s__GGB9608_SGB15041","fixed",NA,"hd_exposurehigh_exposure",0.109866317498975,0.103106800733112,1.06555839884276,115.361847150863,0.288848391791033,0.480387492623624
"s__GGB9614_SGB15049","fixed",NA,"(Intercept)",-4.95567273000845,0.157210947407786,-31.5224404643655,122.742561081847,1.0888328843785e-60,4.14287634056208e-60
"s__GGB9614_SGB15049","fixed",NA,"hd_exposurelow_exposure",0.245850419115719,0.240989498397185,1.02017067445206,117.542277538864,0.309742670931285,0.500419434049813
"s__GGB9614_SGB15049","fixed",NA,"hd_exposurehigh_exposure",0.137680507497648,0.239349445823183,0.575228018699312,114.8531870321,0.566262306598827,0.748089652754413
"s__GGB9616_SGB15051","fixed",NA,"(Intercept)",-5.46270027059865,0.0939192232559696,-58.1638144058164,121.489697965185,1.49082950732799e-90,8.80388907797474e-90
"s__GGB9616_SGB15051","fixed",NA,"hd_exposurelow_exposure",0.129282323492766,0.144465392538295,0.894901686980126,118.041732659839,0.372660791866095,0.564084355108032
"s__GGB9616_SGB15051","fixed",NA,"hd_exposurehigh_exposure",0.0919140667980999,0.143763709022942,0.639341231683386,116.007121050002,0.523861446879451,0.710036217608786
"s__GGB9616_SGB15052","fixed",NA,"(Intercept)",-5.58743691955352,0.130941058706338,-42.6713895149153,121.287822174061,6.75462420015868e-75,3.02503744083662e-74
"s__GGB9616_SGB15052","fixed",NA,"hd_exposurelow_exposure",0.445615863737869,0.200807531019345,2.21911928041653,116.317431165325,0.0284187526295637,0.0755680467649761
"s__GGB9616_SGB15052","fixed",NA,"hd_exposurehigh_exposure",0.243214335687251,0.199487750431175,1.21919433730425,113.704872183694,0.225293611332053,0.409465670304469
"s__GGB9618_SGB15065","fixed",NA,"(Intercept)",-5.88182723615867,0.0907001201719235,-64.8491669582089,119.113451263428,9.15874725733086e-95,6.12327673775834e-94
"s__GGB9618_SGB15065","fixed",NA,"hd_exposurelow_exposure",0.152271803955513,0.138751784862875,1.09744032558572,112.876124654129,0.274784573049133,0.464256968184096
"s__GGB9618_SGB15065","fixed",NA,"hd_exposurehigh_exposure",0.131955774014895,0.137662679011534,0.958544283478892,109.908196887544,0.339892224774178,0.533781565979343
"s__GGB9619_SGB15066","fixed",NA,"(Intercept)",-5.04266446924191,0.0541392247586465,-93.1425319021871,126.774531565127,1.32109526985749e-118,2.31129938801235e-117
"s__GGB9619_SGB15066","fixed",NA,"hd_exposurelow_exposure",-0.0801218423003203,0.082968547017149,-0.965689350733835,121.42813284302,0.336118996126074,0.530088256738004
"s__GGB9619_SGB15066","fixed",NA,"hd_exposurehigh_exposure",0.0281059933318692,0.082392386939518,0.341123669016908,118.686248695592,0.733613630628361,0.859940335965116
"s__GGB9619_SGB15067","fixed",NA,"(Intercept)",-5.45662131066311,0.14664446883697,-37.2098678793637,128.863382731354,8.58557975393111e-71,3.64449099758708e-70
"s__GGB9619_SGB15067","fixed",NA,"hd_exposurelow_exposure",-0.129606978307029,0.22281464623932,-0.581680695118316,118.891582805119,0.561883053583164,0.744405574173874
"s__GGB9619_SGB15067","fixed",NA,"hd_exposurehigh_exposure",-0.24000731982773,0.220409143337128,-1.08891725721481,115.307867619231,0.278460991043566,0.469620698408608
"s__GGB9621_SGB15073","fixed",NA,"(Intercept)",-5.13206094892553,0.0926578607729688,-55.3872160021065,127.073576427078,7.61027632564086e-91,4.52267850209514e-90
"s__GGB9621_SGB15073","fixed",NA,"hd_exposurelow_exposure",0.0262188959661902,0.14201180766899,0.18462476040938,121.775497077796,0.853830480698574,0.93147332378289
"s__GGB9621_SGB15073","fixed",NA,"hd_exposurehigh_exposure",0.133245729953383,0.141032662427632,0.94478631871362,119.04796629912,0.34668155842369,0.538132568299459
"s__GGB9627_SGB15081","fixed",NA,"(Intercept)",-5.73932631898078,0.12989598886391,-44.1840149890525,121.400718218289,1.14299196213304e-76,5.36260890504524e-76
"s__GGB9627_SGB15081","fixed",NA,"hd_exposurelow_exposure",0.61617408927417,0.199603929560509,3.08698376144633,117.448648389638,0.00252289106768941,0.00750850886918057
"s__GGB9627_SGB15081","fixed",NA,"hd_exposurehigh_exposure",0.245022044986746,0.198515963413279,1.23426872465993,115.203992612183,0.219614622393767,0.402268662545138
"s__GGB9634_SGB15093","fixed",NA,"(Intercept)",-5.12974045461361,0.0688380373179535,-74.5189818663777,107.283233433554,3.1777661599363e-94,2.07999239559467e-93
"s__GGB9634_SGB15093","fixed",NA,"hd_exposurelow_exposure",-0.0300986044044685,0.105553991932982,-0.285148897292095,102.370436231994,0.776106173278096,0.884817756623993
"s__GGB9634_SGB15093","fixed",NA,"hd_exposurehigh_exposure",0.0320651160236798,0.104852656510186,0.305811193449016,99.818914175402,0.760385272032759,0.874495109357469
"s__GGB9634_SGB15095","fixed",NA,"(Intercept)",-5.02199058892885,0.0738571519104156,-67.9959957705956,120.45425672964,6.09429323352639e-98,4.69486293545737e-97
"s__GGB9634_SGB15095","fixed",NA,"hd_exposurelow_exposure",0.0865879321934413,0.112402444128996,0.770338517675564,111.440550914543,0.442729123307001,0.632914672528956
"s__GGB9634_SGB15095","fixed",NA,"hd_exposurehigh_exposure",0.137801956420595,0.111260071199514,1.23855714754564,107.985209331475,0.218195213648576,0.400452392107975
"s__GGB9635_SGB15103","fixed",NA,"(Intercept)",-4.31545023952624,0.0643455880722074,-67.0667619772706,116.441337312086,6.86050421804227e-95,4.61973521445148e-94
"s__GGB9635_SGB15103","fixed",NA,"hd_exposurelow_exposure",0.212401612439203,0.0990285571847572,2.14485213636836,113.277784047682,0.0341009283301391,0.0885394422108467
"s__GGB9635_SGB15103","fixed",NA,"hd_exposurehigh_exposure",0.181687940053054,0.098579745453457,1.84305547977738,111.376047855729,0.0679800346766144,0.161495716896729
"s__GGB9635_SGB15106","fixed",NA,"(Intercept)",-5.07051703062164,0.121464217338473,-41.7449446571751,117.743505542256,2.05095689342763e-72,8.92881698720122e-72
"s__GGB9635_SGB15106","fixed",NA,"hd_exposurelow_exposure",0.00420017800666993,0.186896294477742,0.0224733080899586,114.472442419787,0.982109530623072,0.992715465079045
"s__GGB9635_SGB15106","fixed",NA,"hd_exposurehigh_exposure",0.0669435353567294,0.186025765533154,0.359861630806183,112.520496985348,0.719625154232225,0.853159144219585
"s__GGB9640_SGB15115","fixed",NA,"(Intercept)",-4.99272544035655,0.0341139132905962,-146.354521037398,137.995006205826,2.95230459628006e-153,2.63176866868394e-151
"s__GGB9640_SGB15115","fixed",NA,"hd_exposurelow_exposure",-0.00832304334655528,0.0519475849826691,-0.160220024652388,129.273583771647,0.872957841495312,0.937039658548395
"s__GGB9640_SGB15115","fixed",NA,"hd_exposurehigh_exposure",0.045360002521118,0.051431848711794,0.881943847192806,125.798949129399,0.379489236594766,0.57014755289358
"s__GGB9642_SGB15119","fixed",NA,"(Intercept)",-4.75629675866014,0.0803554122907536,-59.1907455026205,116.328531143602,1.08511216697419e-88,6.13694856971507e-88
"s__GGB9642_SGB15119","fixed",NA,"hd_exposurelow_exposure",0.112904331474696,0.123792852711772,0.912042407953646,113.662807342611,0.363676744328437,0.555757441128845
"s__GGB9642_SGB15119","fixed",NA,"hd_exposurehigh_exposure",0.0933131601480798,0.123309843517473,0.756737317040367,111.998300252101,0.450796211535469,0.640767280177979
"s__GGB9646_SGB15123","fixed",NA,"(Intercept)",-5.45867371741444,0.0464038950893628,-117.633955229455,129.440703390379,1.85402120855189e-133,6.94145540481827e-132
"s__GGB9646_SGB15123","fixed",NA,"hd_exposurelow_exposure",-0.11324565622081,0.070877458397887,-1.59776688922844,122.335286618126,0.112674667845269,0.24526392814691
"s__GGB9646_SGB15123","fixed",NA,"hd_exposurehigh_exposure",-0.0268030289496645,0.0702681993846822,-0.381438960786965,119.141825617817,0.703556951987831,0.845055368424926
"s__GGB9691_SGB15198","fixed",NA,"(Intercept)",-4.73491136359834,0.046222620304793,-102.437104006139,132.489430296498,5.01984908416535e-128,1.46830585711836e-126
"s__GGB9691_SGB15198","fixed",NA,"hd_exposurelow_exposure",0.0154205146506603,0.0705541028931992,0.218562975338273,125.034184120873,0.827346838641488,0.916445728956726
"s__GGB9691_SGB15198","fixed",NA,"hd_exposurehigh_exposure",0.0714418409979934,0.0699262988392448,1.02167342164402,121.766235458788,0.308961026772764,0.500419434049813
"s__GGB9695_SGB15209","fixed",NA,"(Intercept)",-5.55014782999767,0.0665822880884425,-83.3577215403787,128.298543373898,1.34126716402343e-113,1.81945806597961e-112
"s__GGB9695_SGB15209","fixed",NA,"hd_exposurelow_exposure",-0.128359296508848,0.10121077916405,-1.26823741076821,118.572144370155,0.207197651099022,0.385177758547536
"s__GGB9695_SGB15209","fixed",NA,"hd_exposurehigh_exposure",-0.232368052070553,0.100134943597671,-2.32054908828007,115.009940024393,0.0220740104471717,0.0598877500827614
"s__GGB9699_SGB15216","fixed",NA,"(Intercept)",-5.06909568033164,0.205871681162126,-24.6225981724008,124.57297029607,1.07695004871249e-49,3.61948023552922e-49
"s__GGB9699_SGB15216","fixed",NA,"hd_exposurelow_exposure",0.0406492233088987,0.314798431613514,0.129127782182869,118.067857558355,0.897476253635054,0.950268974437116
"s__GGB9699_SGB15216","fixed",NA,"hd_exposurehigh_exposure",-0.380464962648388,0.312258431616249,-1.21842974961189,115.01835462468,0.225554019032904,0.409491670656748
"s__GGB9707_SGB15229","fixed",NA,"(Intercept)",-5.46385728805351,0.127028229037877,-43.0129375921968,121.668744841594,1.91402769753234e-75,8.69674720820521e-75
"s__GGB9707_SGB15229","fixed",NA,"hd_exposurelow_exposure",0.203060732958825,0.195757963151722,1.03730509701637,119.145336722153,0.301694331762062,0.493633752849696
"s__GGB9707_SGB15229","fixed",NA,"hd_exposurehigh_exposure",0.101033105938867,0.195034094985637,0.518027916843504,117.548553529239,0.605412431973437,0.778387412537276
"s__GGB9708_SGB15233","fixed",NA,"(Intercept)",-5.68404252591857,0.0804501980475384,-70.6529339127276,125.974174492709,3.33015944616373e-103,3.0262419821449e-102
"s__GGB9708_SGB15233","fixed",NA,"hd_exposurelow_exposure",0.161149090230145,0.122315581264449,1.31748619893109,116.369475590832,0.190263771027533,0.362426077935649
"s__GGB9708_SGB15233","fixed",NA,"hd_exposurehigh_exposure",0.198342457055001,0.121024806714773,1.63885787086978,112.827619251798,0.104028482038414,0.231009867587082
"s__GGB9708_SGB15234","fixed",NA,"(Intercept)",-5.21678363362594,0.128775210219681,-40.5107755190343,119.063640624757,1.73373122066412e-71,7.40991973763293e-71
"s__GGB9708_SGB15234","fixed",NA,"hd_exposurelow_exposure",-0.0697255469468635,0.198160112254763,-0.351864692412071,115.823750270092,0.725579096752845,0.856421228954178
"s__GGB9708_SGB15234","fixed",NA,"hd_exposurehigh_exposure",0.0070352372037044,0.197245916707733,0.0356673401464062,113.884233137865,0.971610055294334,0.990121950740878
"s__GGB9712_SGB15244","fixed",NA,"(Intercept)",-4.95917709019622,0.0858096536218715,-57.79276434385,119.263771947458,4.57181391099318e-89,2.61725860592637e-88
"s__GGB9712_SGB15244","fixed",NA,"hd_exposurelow_exposure",0.153223737055249,0.132017825156021,1.160629156511,115.922882697901,0.24817732167964,0.438290515268194
"s__GGB9712_SGB15244","fixed",NA,"hd_exposurehigh_exposure",-0.0433410417536232,0.131392588024655,-0.329859107010591,113.937952536322,0.742112105884291,0.867753552213369
"s__GGB9713_SGB15249","fixed",NA,"(Intercept)",-4.74886404020521,0.125628903185133,-37.8007283340448,116.965786928754,2.07932169871328e-67,8.44357965290944e-67
"s__GGB9713_SGB15249","fixed",NA,"hd_exposurelow_exposure",0.187692010384259,0.193945121154762,0.96775834971629,115.314518847465,0.335190417118501,0.529069528537803
"s__GGB9713_SGB15249","fixed",NA,"hd_exposurehigh_exposure",0.028190389625248,0.193455540781863,0.145720249269236,114.200222181337,0.884399132762967,0.941846564507835
"s__GGB9719_SGB15272","fixed",NA,"(Intercept)",-5.58596457348913,0.109559489455825,-50.985675464848,129.951464408025,8.65374818221821e-88,4.7928451470747e-87
"s__GGB9719_SGB15272","fixed",NA,"hd_exposurelow_exposure",-0.236725894513677,0.165827812740793,-1.42754035406416,117.789253529485,0.156069999601231,0.317568520927723
"s__GGB9719_SGB15272","fixed",NA,"hd_exposurehigh_exposure",-0.330178257332291,0.163816038387066,-2.01554292597494,114.124394459609,0.0461974101258518,0.116082619806167
"s__GGB9724_SGB15278","fixed",NA,"(Intercept)",-5.91605956006605,0.062407288449113,-94.7975742431111,126.20678661364,3.72854995826955e-119,6.77654905036952e-118
"s__GGB9724_SGB15278","fixed",NA,"hd_exposurelow_exposure",-0.111402654691665,0.0947600614306988,-1.17562877239308,115.875644696985,0.242153101226865,0.432135944229448
"s__GGB9724_SGB15278","fixed",NA,"hd_exposurehigh_exposure",-0.0170424522896791,0.0937136865037403,-0.181856598811732,112.279667913857,0.856023177023313,0.932120144655498
"s__GGB9747_SGB15356","fixed",NA,"(Intercept)",-4.85236950833784,0.0983004224963282,-49.3626516052776,117.838315983253,1.43953317160519e-80,7.05446622315425e-80
"s__GGB9747_SGB15356","fixed",NA,"hd_exposurelow_exposure",-0.00717596696641251,0.150689091767127,-0.0476210114631399,112.677804897164,0.96210258939318,0.984767715617802
"s__GGB9747_SGB15356","fixed",NA,"hd_exposurehigh_exposure",-0.0408569848259052,0.149665627501905,-0.272988430996858,110.013084799259,0.785373891296472,0.891702446473161
"s__GGB9758_SGB15368","fixed",NA,"(Intercept)",-5.09300525853913,0.0736740908444197,-69.1288511356619,121.574786719324,1.89140548746936e-99,1.54616204041164e-98
"s__GGB9758_SGB15368","fixed",NA,"hd_exposurelow_exposure",0.12247102426597,0.112718023939427,1.08652565034128,115.378185721264,0.279511249304158,0.470544117533618
"s__GGB9758_SGB15368","fixed",NA,"hd_exposurehigh_exposure",0.187042552746202,0.111839405502916,1.67242084223458,112.412252810692,0.0972224727731106,0.218487958020724
"s__GGB9759_SGB15370","fixed",NA,"(Intercept)",-6.19685087653687,0.0925759656478776,-66.9380095921143,138.306965211273,2.93616487081891e-107,3.08792170683876e-106
"s__GGB9759_SGB15370","fixed",NA,"hd_exposurelow_exposure",0.240788695201697,0.140244534485866,1.7169203497621,126.677504126198,0.0884377179575874,0.201405605859615
"s__GGB9759_SGB15370","fixed",NA,"hd_exposurehigh_exposure",0.240113814151191,0.13858304111633,1.73263490407628,122.994979791168,0.085667169777559,0.196530565960282
"s__GGB9760_SGB15373","fixed",NA,"(Intercept)",-5.62625860704917,0.0707746988381795,-79.4953380149755,136.362666174953,4.13947996945338e-116,6.45758875234727e-115
"s__GGB9760_SGB15373","fixed",NA,"hd_exposurelow_exposure",0.291758363905035,0.106841025267699,2.73077091102421,122.660184915756,0.00725018586902477,0.0209449813994049
"s__GGB9760_SGB15373","fixed",NA,"hd_exposurehigh_exposure",0.0922194778316049,0.10546019883653,0.874448169536937,119.009236750317,0.383635492306172,0.575453238459258
"s__GGB9760_SGB15374","fixed",NA,"(Intercept)",-6.11434851346985,0.0906347294002309,-67.461430667153,97.1377723969167,2.09406766118484e-83,1.05662928887817e-82
"s__GGB9760_SGB15374","fixed",NA,"hd_exposurelow_exposure",0.0565062203663948,0.137723557563842,0.410287254888846,87.9108097122185,0.682593451272987,0.834627655638819
"s__GGB9760_SGB15374","fixed",NA,"hd_exposurehigh_exposure",0.0226058760423213,0.136240949733791,0.165925707993759,84.670211542792,0.868610979532915,0.935613140944237
"s__GGB9767_SGB15385","fixed",NA,"(Intercept)",-4.71548923460147,0.0347804599624574,-135.578691014766,111.743044615573,8.14188924654653e-126,2.05967792831555e-124
"s__GGB9767_SGB15385","fixed",NA,"hd_exposurelow_exposure",0.109767190622523,0.0532924067938263,2.05971539336143,106.407983850998,0.0418663062712834,0.105767510580084
"s__GGB9767_SGB15385","fixed",NA,"hd_exposurehigh_exposure",0.00204528453767704,0.0529177224706534,0.0386502752232258,103.710482151634,0.969243520865008,0.988786850713512
"s__GGB9770_SGB15390","fixed",NA,"(Intercept)",-5.11917765819756,0.0865357760078845,-59.1567776283781,125.667135907219,1.30356118569033e-93,8.32855474270408e-93
"s__GGB9770_SGB15390","fixed",NA,"hd_exposurelow_exposure",-0.249591415212372,0.131666657760272,-1.89563112984008,116.478479548123,0.0604869798893675,0.146673091130694
"s__GGB9770_SGB15390","fixed",NA,"hd_exposurehigh_exposure",-0.348745580251153,0.130315969089252,-2.67615383355128,112.977851554608,0.00855495256540867,0.0244875706459404
"s__GGB9774_SGB15394","fixed",NA,"(Intercept)",-5.40518815013057,0.0498828422487146,-108.357661802438,137.810585303839,2.93435567618275e-135,1.16874762251364e-133
"s__GGB9774_SGB15394","fixed",NA,"hd_exposurelow_exposure",0.0263741868823353,0.0757748996391419,0.348059674218447,127.731080813796,0.728368323735864,0.858090309649803
"s__GGB9774_SGB15394","fixed",NA,"hd_exposurehigh_exposure",0.216324420576778,0.0749500423057721,2.88624814505433,124.119143935536,0.00459949591175704,0.0134956996031492
"s__GGB9775_SGB15395","fixed",NA,"(Intercept)",-4.93637111404558,0.05595134614674,-88.226136706332,121.324367465205,6.65868751378885e-112,8.31004201720848e-111
"s__GGB9775_SGB15395","fixed",NA,"hd_exposurelow_exposure",-0.142195744839197,0.0855880427031264,-1.66139732079657,115.03752266154,0.0993566388740188,0.222482808579143
"s__GGB9775_SGB15395","fixed",NA,"hd_exposurehigh_exposure",-0.198790164794625,0.0849135014980006,-2.34109018339452,112.050016954153,0.0209956636146522,0.0572108912469124
"s__GGB9818_SGB15459","fixed",NA,"(Intercept)",-5.89105484837448,0.0830373217860033,-70.9446634557459,125.228684921148,5.58816219595013e-103,5.00528212000892e-102
"s__GGB9818_SGB15459","fixed",NA,"hd_exposurelow_exposure",0.121099750002637,0.126128062701128,0.960133275729403,115.09550882869,0.33900082951867,0.533781565979343
"s__GGB9818_SGB15459","fixed",NA,"hd_exposurehigh_exposure",-0.0130407246277801,0.124751210212945,-0.104533852661791,111.516895504467,0.916933484023618,0.961085936221844
"s__GGB9819_SGB15460","fixed",NA,"(Intercept)",-5.74705588209794,0.086242462838494,-66.638355317617,116.176004654005,2.03208514021727e-94,1.34419200794584e-93
"s__GGB9819_SGB15460","fixed",NA,"hd_exposurelow_exposure",-0.13509908477918,0.132059197714911,-1.02301912412668,110.461949640528,0.308534012067184,0.500419434049813
"s__GGB9819_SGB15460","fixed",NA,"hd_exposurehigh_exposure",-0.174461144715803,0.131086273063379,-1.33088797658816,107.640500992437,0.186038132981218,0.358295663519383
"s__Gordonibacter_pamelaeae","fixed",NA,"(Intercept)",-6.0093225783487,0.0568917114330297,-105.627382741379,116.680252099589,1.14886797091619e-117,1.92025075138849e-116
"s__Gordonibacter_pamelaeae","fixed",NA,"hd_exposurelow_exposure",0.0781830359945145,0.0853281480766627,0.916263129539285,99.3764939788764,0.361747062892262,0.554284513576593
"s__Gordonibacter_pamelaeae","fixed",NA,"hd_exposurehigh_exposure",-0.0120204415102927,0.0840926657725556,-0.142942804819676,96.2374258004917,0.886634211140431,0.941846564507835
"s__Gordonibacter_urolithinfaciens","fixed",NA,"(Intercept)",-5.47157466752506,0.0466602383493735,-117.264181690545,103.600751691915,5.69403747226514e-112,7.15385110609419e-111
"s__Gordonibacter_urolithinfaciens","fixed",NA,"hd_exposurelow_exposure",-0.0987745126257216,0.0708677098131619,-1.39378728176957,93.8762991258318,0.166672565797626,0.333345131595251
"s__Gordonibacter_urolithinfaciens","fixed",NA,"hd_exposurehigh_exposure",-0.154512152775457,0.0700918596211028,-2.20442364649343,90.5180791535067,0.030030065501106,0.0791778628423528
"s__Granulicatella_SGB8255","fixed",NA,"(Intercept)",-6.10814771345678,0.0809025214263637,-75.5000907977426,154.035992118012,1.36787589531689e-123,3.04840913813478e-122
"s__Granulicatella_SGB8255","fixed",NA,"hd_exposurelow_exposure",0.0174929623353468,0.120947713597702,0.144632435082916,134.734749516001,0.885217210571573,0.941846564507835
"s__Granulicatella_SGB8255","fixed",NA,"hd_exposurehigh_exposure",0.0143393455146507,0.119125376553804,0.120371879858649,131.74765021767,0.904371942321833,0.953793958324773
"s__Haemophilus_parainfluenzae","fixed",NA,"(Intercept)",-4.84037949020928,0.17137851384677,-28.243794286471,126.449857440093,1.84488984808925e-56,6.68014273814908e-56
"s__Haemophilus_parainfluenzae","fixed",NA,"hd_exposurelow_exposure",0.276986135761795,0.259745247020169,1.06637614716502,115.077900562881,0.288485781756041,0.480387492623624
"s__Haemophilus_parainfluenzae","fixed",NA,"hd_exposurehigh_exposure",-0.0442841552768285,0.256708777479531,-0.172507366953432,111.438951502816,0.863351581356861,0.935613140944237
"s__Haemophilus_SGB5071","fixed",NA,"(Intercept)",-4.99043397831468,0.0813313793061243,-61.3592689671611,135.754308887457,7.09486311278798e-101,6.00976640142041e-100
"s__Haemophilus_SGB5071","fixed",NA,"hd_exposurelow_exposure",-0.00257507044996972,0.123962533374791,-0.0207729737354124,127.519464277258,0.983459225681643,0.993007373503795
"s__Haemophilus_SGB5071","fixed",NA,"hd_exposurehigh_exposure",-0.047660750247083,0.122779612956317,-0.388181303878517,124.114876612124,0.698546877324602,0.843999596434759
"s__Harryflintia_acetispora","fixed",NA,"(Intercept)",-5.79065138833188,0.0535387465365022,-108.15814270855,119.136488454738,8.68373623477259e-121,1.69332856578066e-119
"s__Harryflintia_acetispora","fixed",NA,"hd_exposurelow_exposure",-0.0175374924153746,0.0819454310014421,-0.214014280003799,113.170062520612,0.830921039224973,0.917383815368495
"s__Harryflintia_acetispora","fixed",NA,"hd_exposurehigh_exposure",-0.0305179624113242,0.0813234398445656,-0.375266497207367,110.270828615941,0.70818312435947,0.84723982179439
"s__Holdemanella_biformis","fixed",NA,"(Intercept)",-4.54565343740992,0.0714436396419481,-63.6257259595287,122.527840384273,1.0190003734826e-95,7.06506925614602e-95
"s__Holdemanella_biformis","fixed",NA,"hd_exposurelow_exposure",0.109969869693692,0.109745099640957,1.00204811015225,118.395554945291,0.318363951136725,0.507731909006841
"s__Holdemanella_biformis","fixed",NA,"hd_exposurehigh_exposure",0.144332519575368,0.109124782093416,1.32263741385355,116.078702045508,0.188555893368657,0.360256415246044
"s__Holdemanella_porci","fixed",NA,"(Intercept)",-5.27085540020751,0.145036562333923,-36.3415632264659,125.294109170816,2.11516439384251e-68,8.72155891029337e-68
"s__Holdemanella_porci","fixed",NA,"hd_exposurelow_exposure",0.365024119750903,0.222854919300923,1.6379450850623,121.299674836352,0.104024690576951,0.231009867587082
"s__Holdemanella_porci","fixed",NA,"hd_exposurehigh_exposure",0.277608650479992,0.221631701469265,1.25256742893565,119.033194805562,0.212818442528502,0.394451608330054
"s__Holdemania_filiformis","fixed",NA,"(Intercept)",-5.18427456042838,0.0802041835561211,-64.6384556336865,115.198987896994,2.33008435538682e-92,1.42546337035429e-91
"s__Holdemania_filiformis","fixed",NA,"hd_exposurelow_exposure",-0.287867603117415,0.123254649207476,-2.33555168075522,111.314704941967,0.0213059604143866,0.0578878924466354
"s__Holdemania_filiformis","fixed",NA,"hd_exposurehigh_exposure",-0.0824185463161791,0.122588271408174,-0.6723199974144,109.107447823402,0.502801289547627,0.691582670119881
"s__Holdemania_massiliensis","fixed",NA,"(Intercept)",-5.42177150739113,0.160930386048817,-33.6901665403728,131.549572864053,1.48844816640679e-66,5.99220423121185e-66
"s__Holdemania_massiliensis","fixed",NA,"hd_exposurelow_exposure",0.19509544452161,0.244630827241897,0.797509646356609,121.826351978468,0.426706783532983,0.617784299128959
"s__Holdemania_massiliensis","fixed",NA,"hd_exposurehigh_exposure",-0.106880280329191,0.242031583864374,-0.441596417387752,118.253744995465,0.659587715483256,0.817172867891896
"s__Hungatella_effluvii","fixed",NA,"(Intercept)",-5.50320603197657,0.0776236934248726,-70.8959570096056,124.126048382379,2.77288329713656e-102,2.4370129259341e-101
"s__Hungatella_effluvii","fixed",NA,"hd_exposurelow_exposure",-0.0566887291184796,0.117260670704472,-0.483441965476643,110.878971038238,0.629735275080234,0.793848104343567
"s__Hungatella_effluvii","fixed",NA,"hd_exposurehigh_exposure",-0.0993536781859395,0.115768222044529,-0.858212006985162,107.273336242266,0.392688889799215,0.583423493415977
"s__Hungatella_hathewayi","fixed",NA,"(Intercept)",-4.7327914026435,0.168191622993611,-28.1392813649421,131.71807494302,1.47910792536479e-57,5.4291961495743e-57
"s__Hungatella_hathewayi","fixed",NA,"hd_exposurelow_exposure",-0.371210947129734,0.254949178381187,-1.45601938977312,120.4028322916,0.147989905857193,0.304102199522134
"s__Hungatella_hathewayi","fixed",NA,"hd_exposurehigh_exposure",-0.450690196672769,0.2519803326914,-1.78859275189833,116.741278720871,0.0762740469635951,0.177152625205769
"s__Hydrogeniiclostidium_mannosilyticum","fixed",NA,"(Intercept)",-6.15911126004695,0.08000645064114,-76.9826834047788,139.253036504908,5.14780351272679e-116,7.96420510398723e-115
"s__Hydrogeniiclostidium_mannosilyticum","fixed",NA,"hd_exposurelow_exposure",0.0489390838490771,0.120577812336113,0.405871386293344,124.586476898471,0.685533328098715,0.836583044459449
"s__Hydrogeniiclostidium_mannosilyticum","fixed",NA,"hd_exposurehigh_exposure",-0.100173313816129,0.118965538629758,-0.842036399531511,120.98582892911,0.401428970887188,0.590782259041523
"s__Hydrogenoanaerobacterium_saccharovorans","fixed",NA,"(Intercept)",-5.00117598570538,0.188363318220641,-26.5506895554218,120.985072259379,2.69206454247674e-52,9.26386916087584e-52
"s__Hydrogenoanaerobacterium_saccharovorans","fixed",NA,"hd_exposurelow_exposure",0.236151687185889,0.289072423769296,0.816929142208176,116.376799448266,0.415638132348375,0.605505512650706
"s__Hydrogenoanaerobacterium_saccharovorans","fixed",NA,"hd_exposurehigh_exposure",-0.264168959398701,0.287284104629524,-0.919539073487438,113.887419763694,0.359757209885092,0.552927337360338
"s__Intestinibacillus_sp_Marseille_P6563","fixed",NA,"(Intercept)",-6.35551001342865,0.0678819918634961,-93.6258621610418,119.92052210372,5.63429046406207e-114,7.93036973588285e-113
"s__Intestinibacillus_sp_Marseille_P6563","fixed",NA,"hd_exposurelow_exposure",-0.000831020752623871,0.10293210710487,-0.00807348431891328,108.892897178671,0.993573133891108,0.997302362811879
"s__Intestinibacillus_sp_Marseille_P6563","fixed",NA,"hd_exposurehigh_exposure",-0.0452337999684539,0.101745425403084,-0.44457821852188,105.307631847383,0.657536949377785,0.815711841772839
"s__Intestinibacter_bartlettii","fixed",NA,"(Intercept)",-5.27399592579523,0.136539601290862,-38.6261266030823,145.591439237191,2.12135380285325e-78,1.01824982536956e-77
"s__Intestinibacter_bartlettii","fixed",NA,"hd_exposurelow_exposure",-0.270187744416839,0.201044302897206,-1.34392141693757,115.470960594813,0.181608493298213,0.354560875263934
"s__Intestinibacter_bartlettii","fixed",NA,"hd_exposurehigh_exposure",-0.366266041098006,0.197743889226284,-1.85222432172797,114.887758442087,0.0665606319789035,0.158324654465702
"s__Intestinimonas_butyriciproducens","fixed",NA,"(Intercept)",-5.39593040805281,0.128500610124476,-41.9914769496104,127.242986776337,2.00682168651433e-76,9.32201041477624e-76
"s__Intestinimonas_butyriciproducens","fixed",NA,"hd_exposurelow_exposure",-0.216485206595319,0.195225834975593,-1.10889630269674,117.218055906357,0.269744867705753,0.45989288920325
"s__Intestinimonas_butyriciproducens","fixed",NA,"hd_exposurehigh_exposure",-0.362168051644788,0.193110416678897,-1.87544544656542,113.637145471927,0.0632980612976594,0.152305874998995
"s__Intestinimonas_massiliensis","fixed",NA,"(Intercept)",-5.8450826277759,0.102454949159085,-57.0502711264838,130.122079441128,6.00667791565216e-94,3.9043406451739e-93
"s__Intestinimonas_massiliensis","fixed",NA,"hd_exposurelow_exposure",-0.0802564666378951,0.156390683157655,-0.513179334071903,122.675988258745,0.608748812649236,0.780648678162686
"s__Intestinimonas_massiliensis","fixed",NA,"hd_exposurehigh_exposure",-0.0592016736619802,0.155000757421302,-0.3819444152848,119.414110737993,0.703181439177224,0.845055368424926
"s__Intestinimonas_timonensis","fixed",NA,"(Intercept)",-5.3069446443812,0.053232213858625,-99.6942313629013,132.117885876722,3.25863602664492e-126,8.47245366927679e-125
"s__Intestinimonas_timonensis","fixed",NA,"hd_exposurelow_exposure",-0.0308120314508506,0.080850836418813,-0.381097250388878,121.92680088112,0.703794324684368,0.845055368424926
"s__Intestinimonas_timonensis","fixed",NA,"hd_exposurehigh_exposure",0.179304281569191,0.0799662815360554,2.24224858434046,118.316739547847,0.0268085493516522,0.0717962866756695
"s__Klebsiella_pneumoniae","fixed",NA,"(Intercept)",-3.74703259971194,0.169392346113522,-22.1204362870137,133.350698029992,1.84940128473484e-46,6.09520986799935e-46
"s__Klebsiella_pneumoniae","fixed",NA,"hd_exposurelow_exposure",-0.334338360799929,0.25589785317754,-1.30653054196577,120.063397362621,0.193869416201067,0.3673315254336
"s__Klebsiella_pneumoniae","fixed",NA,"hd_exposurehigh_exposure",-0.126402673731491,0.252643421916433,-0.500320462621429,116.40484436873,0.617794031809668,0.786521500276512
"s__Klebsiella_quasipneumoniae","fixed",NA,"(Intercept)",-4.91760266039735,0.144776348116751,-33.9668925509274,136.669098378097,1.68631293564651e-68,6.96860444929417e-68
"s__Klebsiella_quasipneumoniae","fixed",NA,"hd_exposurelow_exposure",0.145257182303018,0.218799299931253,0.663883213285679,123.633029496552,0.508001217251398,0.694144728974174
"s__Klebsiella_quasipneumoniae","fixed",NA,"hd_exposurehigh_exposure",0.0621863550164378,0.21604269088277,0.287842901615132,119.95820884208,0.773963699148394,0.882912885317364
"s__Klebsiella_quasivariicola","fixed",NA,"(Intercept)",-5.25444699207122,0.0389592848597199,-134.870211580906,140.514407175542,1.59635548306625e-150,1.29929454969566e-148
"s__Klebsiella_quasivariicola","fixed",NA,"hd_exposurelow_exposure",-0.0303148702322636,0.0570027116196473,-0.531814529009439,105.642141799877,0.595971053883666,0.771393032783995
"s__Klebsiella_quasivariicola","fixed",NA,"hd_exposurehigh_exposure",-0.102544676555172,0.0560679536091345,-1.82893560321534,106.441861261066,0.0702090031165931,0.166142478127844
"s__Klebsiella_variicola","fixed",NA,"(Intercept)",-5.47115310039016,0.0836897277097225,-65.3742490281105,155.530132070734,5.03427857919504e-115,7.47949960337548e-114
"s__Klebsiella_variicola","fixed",NA,"hd_exposurelow_exposure",-0.0380354847504736,0.119441705267892,-0.318443919275643,99.9372313885647,0.750812764282784,0.872507984296878
"s__Klebsiella_variicola","fixed",NA,"hd_exposurehigh_exposure",-0.0319341568721111,0.117792503282763,-0.271105172079182,107.946129323685,0.786827887382281,0.891702446473161
"s__Kluyvera_genomosp_3","fixed",NA,"(Intercept)",-5.64390227341958,0.0699974726077566,-80.6300865324981,168.606861540273,1.38244692431634e-136,5.75097920515597e-135
"s__Kluyvera_genomosp_3","fixed",NA,"hd_exposurelow_exposure",-0.0604012021117579,0.102872522805263,-0.587146115062202,138.602601291661,0.558060798741516,0.74091476258448
"s__Kluyvera_genomosp_3","fixed",NA,"hd_exposurehigh_exposure",0.135495286734798,0.101181008696192,1.33913753658692,138.412236267097,0.182720894215786,0.355564983338827
"s__Lachnoclostridium_phocaeense","fixed",NA,"(Intercept)",-4.64517448570839,0.0420213000981932,-110.543330997703,139.460107891743,1.06919062187482e-137,4.54892010034014e-136
"s__Lachnoclostridium_phocaeense","fixed",NA,"hd_exposurelow_exposure",-0.0185076961351694,0.0635779979103732,-0.291102216859046,127.10885892718,0.771447620894521,0.882193003246514
"s__Lachnoclostridium_phocaeense","fixed",NA,"hd_exposurehigh_exposure",0.0624279470888007,0.062798828541689,0.994094134213951,123.42084941677,0.322122024384661,0.513202067785605
"s__Lachnoclostridium_sp_An131","fixed",NA,"(Intercept)",-6.27211152499442,0.0580911821706048,-107.970113374078,129.05341425734,2.16660575058744e-128,6.64899338540931e-127
"s__Lachnoclostridium_sp_An131","fixed",NA,"hd_exposurelow_exposure",0.0353864510485552,0.0880676405762306,0.401809913573477,117.817689148943,0.688551876398644,0.837305481787215
"s__Lachnoclostridium_sp_An131","fixed",NA,"hd_exposurehigh_exposure",-0.105969443861415,0.0870460432378239,-1.21739529931176,114.168901959075,0.225964153733131,0.409491670656748
"s__Lachnoclostridium_sp_An138","fixed",NA,"(Intercept)",-6.17687122669394,0.0692562864899921,-89.1885999054617,124.421114133879,1.26613391511606e-114,1.80931502984524e-113
"s__Lachnoclostridium_sp_An138","fixed",NA,"hd_exposurelow_exposure",-0.043454582571488,0.105964952944699,-0.41008447948036,118.240530981386,0.682486045255387,0.834627655638819
"s__Lachnoclostridium_sp_An138","fixed",NA,"hd_exposurehigh_exposure",-0.130323826316679,0.105141933538849,-1.23950380148303,115.270676440218,0.217676604327806,0.40028546493286
"s__Lachnospira_eligens","fixed",NA,"(Intercept)",-4.75050705313504,0.237977819690736,-19.961974016354,121.873404249108,3.17029338105942e-40,1.02147834928455e-39
"s__Lachnospira_eligens","fixed",NA,"hd_exposurelow_exposure",0.549291627558534,0.364519059666704,1.50689411977738,116.281739603867,0.13454972374146,0.281112815674122
"s__Lachnospira_eligens","fixed",NA,"hd_exposurehigh_exposure",0.504223035886424,0.361892335939588,1.39329570099157,113.47740554142,0.166253556304936,0.332862735190203
"s__Lachnospira_pectinoschiza","fixed",NA,"(Intercept)",-4.22711154266279,0.162297762227404,-26.045408665216,125.530389414143,1.86623065887212e-52,6.43385597312818e-52
"s__Lachnospira_pectinoschiza","fixed",NA,"hd_exposurelow_exposure",-0.224955056063276,0.247433753057742,-0.909152665241996,117.432522723356,0.365131685655641,0.557161751120983
"s__Lachnospira_pectinoschiza","fixed",NA,"hd_exposurehigh_exposure",0.0748880216237778,0.245100559616338,0.305539986285637,114.072507721421,0.760511772454038,0.874495109357469
"s__Lachnospira_sp_NSJ_43","fixed",NA,"(Intercept)",-6.07749235254981,0.141770355931848,-42.868569473518,119.023020028395,3.28450703341854e-74,1.46395170632369e-73
"s__Lachnospira_sp_NSJ_43","fixed",NA,"hd_exposurelow_exposure",0.661340308238806,0.218216197387036,3.03066553334641,115.917665591238,0.00301001550782611,0.00892987168090409
"s__Lachnospira_sp_NSJ_43","fixed",NA,"hd_exposurehigh_exposure",0.447914242754158,0.217245699812669,2.06178646178219,114.039636166981,0.0415008430193775,0.105127981234472
"s__Lachnospiraceae_bacterium","fixed",NA,"(Intercept)",-5.88547104580415,0.210839312310747,-27.9144860666677,124.965471293852,1.52262167672133e-55,5.4292338644235e-55
"s__Lachnospiraceae_bacterium","fixed",NA,"hd_exposurelow_exposure",0.32506224276914,0.322152881777371,1.00903099477403,118.061631074192,0.3150233124335,0.507071058362436
"s__Lachnospiraceae_bacterium","fixed",NA,"hd_exposurehigh_exposure",0.0617052627285236,0.319438090797789,0.193168142767246,114.921651632473,0.847168268778325,0.926685418745371
"s__Lachnospiraceae_bacterium_AM48_27BH","fixed",NA,"(Intercept)",-6.05488627376007,0.127944711545689,-47.3242402957613,136.128376435948,2.09705045707169e-86,1.13458914902838e-85
"s__Lachnospiraceae_bacterium_AM48_27BH","fixed",NA,"hd_exposurelow_exposure",0.256033359076127,0.19337932491405,1.32399551601457,123.142144057234,0.187956943962145,0.360256415246044
"s__Lachnospiraceae_bacterium_AM48_27BH","fixed",NA,"hd_exposurehigh_exposure",0.40621618120018,0.190948199151355,2.12736324828177,119.467120681778,0.0354459293883387,0.0912720492640579
"s__Lachnospiraceae_bacterium_BX3","fixed",NA,"(Intercept)",-6.06790112806561,0.140682197250202,-43.1319758055379,129.19825356476,1.40687007668994e-78,6.77033620453357e-78
"s__Lachnospiraceae_bacterium_BX3","fixed",NA,"hd_exposurelow_exposure",0.1136848404199,0.214736376154929,0.529415846795694,121.738022401098,0.597481108901052,0.772434140789205
"s__Lachnospiraceae_bacterium_BX3","fixed",NA,"hd_exposurehigh_exposure",0.191782406701121,0.212825333509861,0.901125836564167,118.475544601747,0.369349604216411,0.560764362605938
"s__Lachnospiraceae_bacterium_Marseille_Q4251","fixed",NA,"(Intercept)",-5.25144782489709,0.158512246111115,-33.1296032561161,120.480493403537,2.27245206746642e-62,8.88106528245749e-62
"s__Lachnospiraceae_bacterium_Marseille_Q4251","fixed",NA,"hd_exposurelow_exposure",-0.0532882115956142,0.242560343170538,-0.219690535143037,114.385142175609,0.826503751705865,0.916053891766358
"s__Lachnospiraceae_bacterium_Marseille_Q4251","fixed",NA,"hd_exposurehigh_exposure",-0.425522133489006,0.240691385782125,-1.76791592314895,111.448222632364,0.079811513256863,0.184909842595108
"s__Lachnospiraceae_bacterium_NSJ_29","fixed",NA,"(Intercept)",-5.84951277497742,0.0669114215926966,-87.4217381089971,121.085212946815,2.91007402843918e-111,3.46984623008799e-110
"s__Lachnospiraceae_bacterium_NSJ_29","fixed",NA,"hd_exposurelow_exposure",-0.0319929423324394,0.100594051271592,-0.318040102053969,105.06038096807,0.75108582377792,0.872507984296878
"s__Lachnospiraceae_bacterium_NSJ_29","fixed",NA,"hd_exposurehigh_exposure",-0.184117847501782,0.099188525164049,-1.85624140692956,101.696501868368,0.066314264962542,0.158324654465702
"s__Lachnospiraceae_bacterium_NSJ_46","fixed",NA,"(Intercept)",-6.00533974392826,0.0626622770658772,-95.8366025801268,120.135787912133,2.47554308556707e-115,3.73727149692061e-114
"s__Lachnospiraceae_bacterium_NSJ_46","fixed",NA,"hd_exposurelow_exposure",0.137618989427318,0.0939304887721665,1.46511522750744,102.367784983051,0.145954136466174,0.300909849630702
"s__Lachnospiraceae_bacterium_NSJ_46","fixed",NA,"hd_exposurehigh_exposure",0.0429836990733834,0.0925601202149798,0.46438681122658,99.2407100196573,0.643387797529465,0.807131775798582
"s__Lachnospiraceae_bacterium_OM04_12BH","fixed",NA,"(Intercept)",-5.69676850030576,0.106631889632891,-53.424622970843,126.865942438775,7.77156266101046e-89,4.42565401799986e-88
"s__Lachnospiraceae_bacterium_OM04_12BH","fixed",NA,"hd_exposurelow_exposure",0.380052584253925,0.161966492060107,2.34648895225121,116.721850743552,0.0206370986866645,0.0564804806161343
"s__Lachnospiraceae_bacterium_OM04_12BH","fixed",NA,"hd_exposurehigh_exposure",0.240108736701013,0.160198371826069,1.49882132985536,113.13442810153,0.136705209536208,0.284980125001983
"s__Lachnotalea_sp_AF33_28","fixed",NA,"(Intercept)",-6.00134048633658,0.0718351659641343,-83.5432118209752,131.967612934682,3.93181464557645e-116,6.18517396346144e-115
"s__Lachnotalea_sp_AF33_28","fixed",NA,"hd_exposurelow_exposure",-0.0232041426545764,0.108369026010068,-0.214121539234104,117.856088745748,0.830822295034027,0.917383815368495
"s__Lachnotalea_sp_AF33_28","fixed",NA,"hd_exposurehigh_exposure",-0.038066695699104,0.106948263995321,-0.355935611079854,114.240594871954,0.722545225134761,0.854196303676627
"s__Lacrimispora_amygdalina","fixed",NA,"(Intercept)",-4.51917788439465,0.155810326760928,-29.0043540652398,122.550573268414,1.00763225780041e-56,3.66269434291721e-56
"s__Lacrimispora_amygdalina","fixed",NA,"hd_exposurelow_exposure",0.385187319439587,0.238901070251226,1.61232981934542,117.477483411814,0.109573506561797,0.240630798328117
"s__Lacrimispora_amygdalina","fixed",NA,"hd_exposurehigh_exposure",0.0752198679379149,0.237306542985158,0.316973425981851,114.829045956281,0.751839334418875,0.872507984296878
"s__Lacrimispora_celerecrescens","fixed",NA,"(Intercept)",-5.33902879239973,0.163128840713553,-32.7289078316619,119.09233073963,2.25696202557263e-61,8.69348335776126e-61
"s__Lacrimispora_celerecrescens","fixed",NA,"hd_exposurelow_exposure",0.112041344458816,0.251282506742084,0.445878011611108,116.362164691272,0.656513895267069,0.815711841772839
"s__Lacrimispora_celerecrescens","fixed",NA,"hd_exposurehigh_exposure",0.194649744452109,0.250284123022934,0.77771511073546,114.663285044107,0.438338700728735,0.630567287040794
"s__Lacrimispora_saccharolytica","fixed",NA,"(Intercept)",-5.60731480095922,0.106404894131328,-52.6979031062097,123.122629979919,2.49783724788868e-86,1.34753640577741e-85
"s__Lacrimispora_saccharolytica","fixed",NA,"hd_exposurelow_exposure",-0.0754487500346958,0.163619884403048,-0.461122132618316,119.515053731702,0.645549058089876,0.808339690129932
"s__Lacrimispora_saccharolytica","fixed",NA,"hd_exposurehigh_exposure",0.208392005262272,0.162794760294651,1.28009037198182,117.409912126348,0.203036761980452,0.380846511450307
"s__Lacticaseibacillus_paracasei","fixed",NA,"(Intercept)",-5.07615463650628,0.0624336870849446,-81.3047390521703,89.6891900302715,8.27656760019203e-86,4.4016291328294e-85
"s__Lacticaseibacillus_paracasei","fixed",NA,"hd_exposurelow_exposure",-0.187336834640002,0.0948279513145181,-1.97554446809314,80.5796337877247,0.05162974027211,0.128356007414194
"s__Lacticaseibacillus_paracasei","fixed",NA,"hd_exposurehigh_exposure",-0.15315298395305,0.0937910774419822,-1.63291635121462,77.4652913767857,0.106545019902422,0.235480846820937
"s__Lactobacillus_gasseri","fixed",NA,"(Intercept)",-4.83289408949166,0.0804296309770631,-60.088477726199,112.703879305829,1.92037948437931e-87,1.05733835139943e-86
"s__Lactobacillus_gasseri","fixed",NA,"hd_exposurelow_exposure",0.0176093344719251,0.122540264708518,0.143702435389803,104.401762017814,0.886012457885464,0.941846564507835
"s__Lactobacillus_gasseri","fixed",NA,"hd_exposurehigh_exposure",-0.00996844338037365,0.1213506050345,-0.0821458069989812,101.082913985664,0.934693208868285,0.970857502675627
"s__Lactococcus_petauri","fixed",NA,"(Intercept)",-5.46050273318459,0.0422759065355273,-129.163468761947,173.869083796921,1.20995372731666e-174,3.2357619679097e-172
"s__Lactococcus_petauri","fixed",NA,"hd_exposurelow_exposure",0.0587362647301948,0.0613987119310711,0.956636758050148,135.299796734058,0.340456832147081,0.533781565979343
"s__Lactococcus_petauri","fixed",NA,"hd_exposurehigh_exposure",0.0945576557471008,0.060415331691273,1.56512681632367,138.013364597452,0.119843227174104,0.25732407146519
"s__Lactonifactor_sp_BIOML_A6","fixed",NA,"(Intercept)",-5.65053306843538,0.0647795298459616,-87.2271392193138,123.462719017882,8.75818562668774e-113,1.13071196504548e-111
"s__Lactonifactor_sp_BIOML_A6","fixed",NA,"hd_exposurelow_exposure",-0.0371187593298875,0.0970661177361665,-0.382406963372938,105.35442960926,0.702929872930352,0.845055368424926
"s__Lactonifactor_sp_BIOML_A6","fixed",NA,"hd_exposurehigh_exposure",-0.0384111212564197,0.0956427173508422,-0.401610517981393,102.231830284818,0.688808996769397,0.837305481787215
"s__Lawsonibacter_asaccharolyticus","fixed",NA,"(Intercept)",-4.75456057239177,0.16105226806259,-29.5218479664253,122.88123725951,1.233635037804e-57,4.53706245730665e-57
"s__Lawsonibacter_asaccharolyticus","fixed",NA,"hd_exposurelow_exposure",0.208870332695675,0.247494884878452,0.843937977943482,118.955147977409,0.400398034571331,0.59029371375312
"s__Lawsonibacter_asaccharolyticus","fixed",NA,"hd_exposurehigh_exposure",0.43860755799729,0.246154509607612,1.78183840180894,116.718846523914,0.0773760292407435,0.179489376380015
"s__Leuconostoc_lactis","fixed",NA,"(Intercept)",-5.8747197907049,0.0417705438902277,-140.642645356583,169.333871844514,2.67456985869323e-177,8.34465795912286e-175
"s__Leuconostoc_lactis","fixed",NA,"hd_exposurelow_exposure",0.0512151263930772,0.0606768819589256,0.844063253410856,130.260726982251,0.400181514021786,0.59029371375312
"s__Leuconostoc_lactis","fixed",NA,"hd_exposurehigh_exposure",-0.0256482046570558,0.059704150065422,-0.429588305485486,132.93340773179,0.668190645419177,0.824556946753262
"s__Ligilactobacillus_ruminis","fixed",NA,"(Intercept)",-5.54903372802097,0.172669477605317,-32.136737800903,125.198443261726,2.51037707496583e-62,9.79047059236673e-62
"s__Ligilactobacillus_ruminis","fixed",NA,"hd_exposurelow_exposure",0.645918683881197,0.264392408666489,2.44303036966532,119.413875789402,0.0160279977737928,0.0444509804926521
"s__Ligilactobacillus_ruminis","fixed",NA,"hd_exposurehigh_exposure",0.412989116309982,0.262440155294673,1.57365063226041,116.547301006274,0.118279031512128,0.255090261510027
"s__Ligilactobacillus_salivarius","fixed",NA,"(Intercept)",-5.61788409480567,0.0970763458779014,-57.870782465088,132.677737793444,5.17105153172167e-96,3.68068763018364e-95
"s__Ligilactobacillus_salivarius","fixed",NA,"hd_exposurelow_exposure",0.21123969988227,0.148135016751121,1.42599436996838,125.069741480465,0.156361200855636,0.31781560043621
"s__Ligilactobacillus_salivarius","fixed",NA,"hd_exposurehigh_exposure",0.0646561591412677,0.146797913750431,0.440443310735251,121.773277368839,0.660396909311838,0.817377777292361
"s__Limosilactobacillus_fermentum","fixed",NA,"(Intercept)",-5.86112109216893,0.0883040744258175,-66.374299603726,122.74737127467,4.95005646231016e-98,3.82913458572092e-97
"s__Limosilactobacillus_fermentum","fixed",NA,"hd_exposurelow_exposure",0.121962670632621,0.134241246226407,0.908533510087674,113.104904062947,0.36552824028921,0.557222203437623
"s__Limosilactobacillus_fermentum","fixed",NA,"hd_exposurehigh_exposure",-0.0131486849771384,0.132818725185337,-0.0989972231610457,109.576407612593,0.921321354150488,0.963246511379176
"s__Limosilactobacillus_mucosae","fixed",NA,"(Intercept)",-4.95400939483398,0.0795801924604833,-62.2517895680381,126.32225517496,1.16907258731339e-96,8.71913897789108e-96
"s__Limosilactobacillus_mucosae","fixed",NA,"hd_exposurelow_exposure",-0.206128893785197,0.120186145433203,-1.71508032845399,112.901669252138,0.0890739027071551,0.202607953666822
"s__Limosilactobacillus_mucosae","fixed",NA,"hd_exposurehigh_exposure",-0.124847075950946,0.118647763520005,-1.05224972007075,109.285971766617,0.295006056507035,0.488285886632333
"s__Longicatena_caecimuris","fixed",NA,"(Intercept)",-5.21764440817318,0.0770699273955923,-67.7001339496731,123.098538483265,2.90924343172178e-99,2.36787117573182e-98
"s__Longicatena_caecimuris","fixed",NA,"hd_exposurelow_exposure",0.0423917259487615,0.118253494468465,0.358481803343801,118.386777972034,0.720621238929953,0.853799341314476
"s__Longicatena_caecimuris","fixed",NA,"hd_exposurehigh_exposure",-0.164307538544267,0.117509697900913,-1.39824662542163,115.857514095789,0.164709930735461,0.331189033659272
"s__Massiliimalia_massiliensis","fixed",NA,"(Intercept)",-5.74123202664926,0.0658928042355781,-87.1298784936116,102.0726898652,1.23754596558188e-97,9.41742295759873e-97
"s__Massiliimalia_massiliensis","fixed",NA,"hd_exposurelow_exposure",-0.0775444996027991,0.100150684077725,-0.774278281939827,92.7801983707023,0.44073486501837,0.631567792626275
"s__Massiliimalia_massiliensis","fixed",NA,"hd_exposurehigh_exposure",-0.161012153384912,0.0990815169624941,-1.62504731781469,89.4680228320748,0.107670281489851,0.237642829017544
"s__Massiliimalia_timonensis","fixed",NA,"(Intercept)",-6.06642538405818,0.093491012155277,-64.8877923578643,125.874986823769,1.29166713832559e-98,1.02457664531589e-97
"s__Massiliimalia_timonensis","fixed",NA,"hd_exposurelow_exposure",0.0898267611470617,0.142965398299443,0.628311201280455,119.39615952976,0.531000151468336,0.718231418749079
"s__Massiliimalia_timonensis","fixed",NA,"hd_exposurehigh_exposure",0.0445616009577696,0.141815875779325,0.314221526418598,116.349480617048,0.753915518838776,0.872507984296878
"s__Massilimicrobiota_sp_An134","fixed",NA,"(Intercept)",-5.67728679693508,0.0739657214985085,-76.7556468309386,116.57036398281,1.20061386010934e-101,1.03573693369801e-100
"s__Massilimicrobiota_sp_An134","fixed",NA,"hd_exposurelow_exposure",-0.247640956167622,0.112460063595883,-2.2020346445606,107.090009969562,0.0298072460232528,0.0788123793157191
"s__Massilimicrobiota_sp_An134","fixed",NA,"hd_exposurehigh_exposure",-0.190204732149255,0.111274611770837,-1.70932730406618,103.616348491451,0.0903837485416599,0.205088942145439
"s__Massilioclostridium_coli","fixed",NA,"(Intercept)",-6.23891560907772,0.0774482148681928,-80.5559640037615,120.63341875355,9.7711682725844e-107,9.94110163384674e-106
"s__Massilioclostridium_coli","fixed",NA,"hd_exposurelow_exposure",-0.0812748530994237,0.11799446448669,-0.688802254012448,112.202156778234,0.492369550977597,0.680233062310009
"s__Massilioclostridium_coli","fixed",NA,"hd_exposurehigh_exposure",0.0259901935568107,0.116847505282086,0.222428313673165,108.815962847714,0.824397421857103,0.916053891766358
"s__Mediterraneibacter_butyricigenes","fixed",NA,"(Intercept)",-6.41776999246644,0.116538295751956,-55.0700518748465,131.812323190574,7.5252114187977e-93,4.68013148703963e-92
"s__Mediterraneibacter_butyricigenes","fixed",NA,"hd_exposurelow_exposure",-0.00323744703991668,0.175144448242768,-0.0184844399716812,115.417927195813,0.985284306771268,0.993150985833061
"s__Mediterraneibacter_butyricigenes","fixed",NA,"hd_exposurehigh_exposure",0.0886950546534953,0.172684111357704,0.513626030537166,111.996083643969,0.60852530887358,0.780648678162686
"s__Mediterraneibacter_glycyrrhizinilyticus","fixed",NA,"(Intercept)",-5.49509937830895,0.143077994473217,-38.4063209617997,125.531769024315,3.02006371650515e-71,1.28489983574947e-70
"s__Mediterraneibacter_glycyrrhizinilyticus","fixed",NA,"hd_exposurelow_exposure",0.0483204472559039,0.21779392866138,0.221863150882554,116.588038626808,0.824808569801039,0.916053891766358
"s__Mediterraneibacter_glycyrrhizinilyticus","fixed",NA,"hd_exposurehigh_exposure",0.177402716760167,0.215598640600425,0.822837826185332,113.114835851099,0.412331521633848,0.603034850389502
"s__Mediterraneibacter_massiliensis","fixed",NA,"(Intercept)",-6.0290215557258,0.0807909075728525,-74.6250009667137,125.256072129175,1.10363023737333e-105,1.08736621282256e-104
"s__Mediterraneibacter_massiliensis","fixed",NA,"hd_exposurelow_exposure",0.107965042915781,0.123595834952672,0.873533019596687,118.997985624822,0.384132011449569,0.575736689698633
"s__Mediterraneibacter_massiliensis","fixed",NA,"hd_exposurehigh_exposure",0.000592593391941394,0.12262718611211,0.00483247973577103,116.006560384752,0.996152554442286,0.998285643423961
"s__Megamonas_funiformis","fixed",NA,"(Intercept)",-3.79310416508625,0.199752360115517,-18.9890330351676,119.71848698649,6.40874247207703e-38,2.02997731095232e-37
"s__Megamonas_funiformis","fixed",NA,"hd_exposurelow_exposure",0.0593235768906964,0.307760090302223,0.192759161307888,117.087355513293,0.847481536801322,0.926685418745371
"s__Megamonas_funiformis","fixed",NA,"hd_exposurehigh_exposure",0.413305312324513,0.306577287503389,1.34812763101358,115.437273891035,0.180256747257727,0.352971371199231
"s__Megasphaera_elsdenii","fixed",NA,"(Intercept)",-5.59932105560996,0.0843205314976351,-66.4051916675479,122.977078656286,3.4565269245516e-98,2.69609100115024e-97
"s__Megasphaera_elsdenii","fixed",NA,"hd_exposurelow_exposure",-0.0426900778945553,0.129442304315257,-0.329800045822605,118.51732023784,0.742133246310686,0.867753552213369
"s__Megasphaera_elsdenii","fixed",NA,"hd_exposurehigh_exposure",-0.0673479210575669,0.128663550869327,-0.5234421139672,116.077378355185,0.601664496835091,0.775699681870034
"s__Megasphaera_hominis","fixed",NA,"(Intercept)",-5.61916803058045,0.0806874268882665,-69.6411850927123,120.522414036818,3.34435718642885e-99,2.69855028146328e-98
"s__Megasphaera_hominis","fixed",NA,"hd_exposurelow_exposure",0.00112816876130698,0.124414997881942,0.00906778748955574,118.280678078188,0.992780327922627,0.997302362811879
"s__Megasphaera_hominis","fixed",NA,"hd_exposurehigh_exposure",-0.16847790295668,0.124000936384773,-1.35868250570217,116.832309242096,0.176864648597295,0.347648967948121
"s__Megasphaera_micronuciformis","fixed",NA,"(Intercept)",-6.06339959754702,0.105136983349985,-57.6714245011471,128.046110336266,1.74178956220267e-93,1.10156420960926e-92
"s__Megasphaera_micronuciformis","fixed",NA,"hd_exposurelow_exposure",-0.00649583709232421,0.160343838987493,-0.040511921963094,120.127655227245,0.967752256534427,0.988342730077712
"s__Megasphaera_micronuciformis","fixed",NA,"hd_exposurehigh_exposure",-0.102512438534912,0.15885602938199,-0.645316636288366,116.787913425545,0.519987784204451,0.707186448048434
"s__Megasphaera_sp_AM44_1BH","fixed",NA,"(Intercept)",-5.07434386285586,0.116240607277122,-43.653796910734,120.327812849131,1.24957454411746e-75,5.74742886139528e-75
"s__Megasphaera_sp_AM44_1BH","fixed",NA,"hd_exposurelow_exposure",0.0940485971805281,0.179356870877251,0.52436573363779,118.415315914872,0.601004378195757,0.775382629898316
"s__Megasphaera_sp_AM44_1BH","fixed",NA,"hd_exposurehigh_exposure",0.211914304302877,0.17884016246607,1.18493688095973,117.14864826006,0.23844066292087,0.427548774892594
"s__Megasphaera_sp_MJR8396C","fixed",NA,"(Intercept)",-5.22561684682674,0.121132132704901,-43.1398071687324,120.613025448092,3.65678143171771e-75,1.65350116912453e-74
"s__Megasphaera_sp_MJR8396C","fixed",NA,"hd_exposurelow_exposure",0.00867398684850692,0.185717082994527,0.0467053795410008,115.513797180499,0.96282869378026,0.984767715617802
"s__Megasphaera_sp_MJR8396C","fixed",NA,"hd_exposurehigh_exposure",0.0821397982081255,0.184470795849589,0.44527263965999,112.861277350212,0.65697562001833,0.815711841772839
"s__Megasphaera_sp_NM10","fixed",NA,"(Intercept)",-4.2853051607801,0.161416092542155,-26.5481904145397,122.435124288638,1.25157107036471e-52,4.33075978506975e-52
"s__Megasphaera_sp_NM10","fixed",NA,"hd_exposurelow_exposure",-0.290615965262802,0.247503999886074,-1.17418694403554,117.378525727326,0.242696945203923,0.432633552811837
"s__Megasphaera_sp_NM10","fixed",NA,"hd_exposurehigh_exposure",-0.029134049359632,0.245856195693706,-0.118500366758818,114.73562067497,0.905878421448057,0.954307487310502
"s__Merdimonas_faecis","fixed",NA,"(Intercept)",-5.51553336156831,0.123465769472412,-44.672571070808,119.787677237455,1.53995638539348e-76,7.20699588364146e-76
"s__Merdimonas_faecis","fixed",NA,"hd_exposurelow_exposure",-0.1729794444439,0.189490474792683,-0.912866172472003,115.220656284094,0.363219083134685,0.555511538911871
"s__Merdimonas_faecis","fixed",NA,"hd_exposurehigh_exposure",-0.392170696612747,0.188325594314681,-2.08240785348301,112.748145643609,0.0395673692309121,0.101188681967579
"s__Mesosutterella_multiformis","fixed",NA,"(Intercept)",-5.00918271598906,0.180741966334528,-27.7145525058512,120.55714074852,3.95825091067935e-54,1.3902149539947e-53
"s__Mesosutterella_multiformis","fixed",NA,"hd_exposurelow_exposure",0.441016340912327,0.277962188951979,1.58660551125721,117.016761970266,0.115300644749646,0.249818063624233
"s__Mesosutterella_multiformis","fixed",NA,"hd_exposurehigh_exposure",0.0799099265096327,0.276580388272179,0.288921159626815,114.943291999114,0.773162138014569,0.882912885317364
"s__Methanobrevibacter_smithii","fixed",NA,"(Intercept)",-5.27489157688228,0.101947535648415,-51.7412367384114,113.549687171737,8.6147055437233e-81,4.26633036451059e-80
"s__Methanobrevibacter_smithii","fixed",NA,"hd_exposurelow_exposure",0.0255973613727028,0.155861501458897,0.164231456344935,107.0480561822,0.869858635291961,0.936267334317682
"s__Methanobrevibacter_smithii","fixed",NA,"hd_exposurehigh_exposure",-0.207026645633061,0.154591100964107,-1.33918863596895,104.041294145767,0.183427656263049,0.35619976402949
"s__Methylobacterium_SGB15164","fixed",NA,"(Intercept)",-5.65209422262402,0.0925644637976234,-61.0611674365809,148.288939577055,5.42789051896025e-107,5.61381826049369e-106
"s__Methylobacterium_SGB15164","fixed",NA,"hd_exposurelow_exposure",-0.0564889979847104,0.139627456147576,-0.404569413088824,134.329177502027,0.686437514131408,0.837140733846252
"s__Methylobacterium_SGB15164","fixed",NA,"hd_exposurehigh_exposure",-0.0507566185241134,0.137793251723366,-0.368353441763699,130.703747327773,0.713205623045735,0.850395494485106
"s__Mitsuokella_multacida","fixed",NA,"(Intercept)",-4.89940057799124,0.0914675047813149,-53.5643843100888,122.790496101426,5.28785001084182e-87,2.88596362107752e-86
"s__Mitsuokella_multacida","fixed",NA,"hd_exposurelow_exposure",0.0548264237688952,0.140886000113002,0.389154520143379,120.017410266213,0.697851446580037,0.843999596434759
"s__Mitsuokella_multacida","fixed",NA,"hd_exposurehigh_exposure",0.25593069699883,0.140319988530916,1.8239076248388,118.294541455512,0.0706903434546151,0.166875564876468
"s__Mogibacterium_sp_BX12","fixed",NA,"(Intercept)",-5.64356429987674,0.105209787717322,-53.641057760138,119.949778675038,1.10000843965467e-85,5.81699378258061e-85
"s__Mogibacterium_sp_BX12","fixed",NA,"hd_exposurelow_exposure",-0.178223146441545,0.161273106687924,-1.10510146484882,114.751481204952,0.271427310134939,0.461081601245559
"s__Mogibacterium_sp_BX12","fixed",NA,"hd_exposurehigh_exposure",-0.408526355860007,0.160173682667476,-2.55052109095923,112.069465230139,0.0121055422183376,0.0340263889380301
"s__Mogibacterium_sp_NSJ_24","fixed",NA,"(Intercept)",-5.52755341350952,0.0627585843792949,-88.076451503472,120.128948539043,5.52863839912397e-111,6.47938156876594e-110
"s__Mogibacterium_sp_NSJ_24","fixed",NA,"hd_exposurelow_exposure",-0.0327420870550906,0.0956441005509726,-0.3423325314,111.870628960728,0.732742980601172,0.859895644903088
"s__Mogibacterium_sp_NSJ_24","fixed",NA,"hd_exposurehigh_exposure",-0.0023697371458724,0.0947269676009323,-0.0250164995870625,108.510849770397,0.980087750547879,0.992715465079045
"s__Morganella_morganii","fixed",NA,"(Intercept)",-5.46988987117745,0.0585869293255241,-93.3636552410065,140.204030269022,4.0810507554826e-128,1.23221403455862e-126
"s__Morganella_morganii","fixed",NA,"hd_exposurelow_exposure",-0.0780295105856447,0.0839021646263841,-0.93000592932387,88.1278279993737,0.354908541924173,0.54662410172811
"s__Morganella_morganii","fixed",NA,"hd_exposurehigh_exposure",-0.0749962141414253,0.0826963449948611,-0.906886684606022,94.6641809444623,0.366769428768309,0.558659374006733
"s__Murimonas_intestini","fixed",NA,"(Intercept)",-5.49669748319208,0.0674491570553874,-81.4939388890856,117.5151664862,2.94872234185631e-105,2.8750042833099e-104
"s__Murimonas_intestini","fixed",NA,"hd_exposurelow_exposure",-0.180492427528614,0.102340188426225,-1.76365150684404,106.880496345497,0.0806482232766919,0.186387004906132
"s__Murimonas_intestini","fixed",NA,"hd_exposurehigh_exposure",-0.215726630772892,0.101182889907443,-2.132046544334,103.328653255927,0.0353729789654266,0.0912096647703562
"s__Negativibacillus_massiliensis","fixed",NA,"(Intercept)",-5.07018203473437,0.113025409019425,-44.858780682342,126.115820495886,2.21328667093808e-79,1.07061308733749e-78
"s__Negativibacillus_massiliensis","fixed",NA,"hd_exposurelow_exposure",0.0984264844657095,0.17279209516753,0.569623768785722,119.498297139357,0.570002170185001,0.749855279400086
"s__Negativibacillus_massiliensis","fixed",NA,"hd_exposurehigh_exposure",0.1727262212853,0.17138094881819,1.00784960333331,116.418625083981,0.315616844988479,0.507589977507245
"s__Neobittarella_massiliensis","fixed",NA,"(Intercept)",-6.07337161761324,0.0596246864644107,-101.860017683084,127.615190605141,4.29314146243759e-124,9.92192693541133e-123
"s__Neobittarella_massiliensis","fixed",NA,"hd_exposurelow_exposure",-0.0190628137696839,0.0907070494019201,-0.210158018537426,118.334676591094,0.833905766128506,0.919359007180544
"s__Neobittarella_massiliensis","fixed",NA,"hd_exposurehigh_exposure",0.0141394819754707,0.0897711252367695,0.157505901125535,114.816593042589,0.87512281433639,0.937084689608242
"s__Nitrosopumilus_SGB14899","fixed",NA,"(Intercept)",-5.6130032789675,0.087200550741994,-64.3688971136784,125.416743694806,6.19928254225183e-98,4.75617086848173e-97
"s__Nitrosopumilus_SGB14899","fixed",NA,"hd_exposurelow_exposure",-0.0276721161598294,0.13384410324648,-0.206748862957899,120.877433041094,0.836553856013426,0.920651862702606
"s__Nitrosopumilus_SGB14899","fixed",NA,"hd_exposurehigh_exposure",0.0613514215413606,0.133028031237913,0.461191682463054,118.405164280057,0.645507154046294,0.808339690129932
"s__Odoribacter_splanchnicus","fixed",NA,"(Intercept)",-3.69666772914874,0.214849834502105,-17.2058206966528,120.792864695624,2.78220138972484e-34,8.66602496100648e-34
"s__Odoribacter_splanchnicus","fixed",NA,"hd_exposurelow_exposure",0.321121246433177,0.330840894880923,0.970621381461186,117.890695592873,0.333724061198034,0.527221442586202
"s__Odoribacter_splanchnicus","fixed",NA,"hd_exposurehigh_exposure",-0.0563689152765662,0.329455835997197,-0.171097030671649,116.106667989564,0.864445292890296,0.935613140944237
"s__Olsenella_SGB72492","fixed",NA,"(Intercept)",-4.71942710347652,0.0535877160147571,-88.0691967199513,126.733936969811,1.53394724705106e-115,2.33459288331673e-114
"s__Olsenella_SGB72492","fixed",NA,"hd_exposurelow_exposure",-0.0932735058454629,0.0811865573884151,-1.1488786918162,115.133532806197,0.252987212171395,0.442845561659023
"s__Olsenella_SGB72492","fixed",NA,"hd_exposurehigh_exposure",-0.105709914265218,0.0802266656729958,-1.31764062956439,111.488852604939,0.190325245464757,0.362426077935649
"s__Olsenella_sp_AF16_14LB","fixed",NA,"(Intercept)",-5.08032153767401,0.0957210419798836,-53.0742398180504,121.203640860756,9.1657772653075e-86,4.86071814182879e-85
"s__Olsenella_sp_AF16_14LB","fixed",NA,"hd_exposurelow_exposure",-0.026047597965283,0.147089650961944,-0.177086544124184,117.253799812575,0.859745945951139,0.934094260487831
"s__Olsenella_sp_AF16_14LB","fixed",NA,"hd_exposurehigh_exposure",0.0462024178157643,0.14628818669067,0.315831502604242,115.010315104797,0.752702828392958,0.872507984296878
"s__Oscillibacter_SGB15077","fixed",NA,"(Intercept)",-5.90118234025552,0.0854751312704747,-69.0397575592136,129.551524311564,4.71163509284131e-104,4.41009044689947e-103
"s__Oscillibacter_SGB15077","fixed",NA,"hd_exposurelow_exposure",-0.265307023458195,0.130410890817213,-2.03439315379001,121.852296513892,0.0440824565116669,0.11106643148027
"s__Oscillibacter_SGB15077","fixed",NA,"hd_exposurehigh_exposure",-0.263534645997018,0.129224349175092,-2.03935750250863,118.545741106211,0.0436375450724343,0.110093644711047
"s__Oscillibacter_sp_ER4","fixed",NA,"(Intercept)",-3.70035292323267,0.140738822914621,-26.292339573406,119.604006422732,1.54086553088288e-51,5.25409885940393e-51
"s__Oscillibacter_sp_ER4","fixed",NA,"hd_exposurelow_exposure",0.0851438828135642,0.216563042845827,0.393159800927709,116.346773035463,0.694920935903299,0.842331783010547
"s__Oscillibacter_sp_ER4","fixed",NA,"hd_exposurehigh_exposure",0.216841387781922,0.215559828285089,1.0059452612624,114.398822532075,0.316564915538929,0.507731909006841
"s__Oscillibacter_valericigenes","fixed",NA,"(Intercept)",-5.6612866980854,0.0888810606705501,-63.6950848175602,126.992854648204,3.01818103163746e-98,2.36403133524072e-97
"s__Oscillibacter_valericigenes","fixed",NA,"hd_exposurelow_exposure",-0.147010894372857,0.13509783802661,-1.08818095478257,117.235004682065,0.278747248188735,0.469680331781558
"s__Oscillibacter_valericigenes","fixed",NA,"hd_exposurehigh_exposure",-0.0991699145221148,0.133658352538278,-0.741965710625631,113.675655079949,0.45963838359544,0.647923986514054
"s__Oscillospiraceae_bacterium_Marseille_Q3528","fixed",NA,"(Intercept)",-6.01620052943058,0.099969978531518,-60.1800722357245,123.683127495037,1.83509246617377e-93,1.15666434231559e-92
"s__Oscillospiraceae_bacterium_Marseille_Q3528","fixed",NA,"hd_exposurelow_exposure",0.267308622568096,0.153011687672151,1.74698172822485,117.688844953426,0.0832492048150369,0.192160926527434
"s__Oscillospiraceae_bacterium_Marseille_Q3528","fixed",NA,"hd_exposurehigh_exposure",0.208593283986906,0.151850009104702,1.37367975949925,114.769052304661,0.1722183675103,0.341156385163262
"s__Oscillospiraceae_bacterium_NSJ_64","fixed",NA,"(Intercept)",-6.02508481902264,0.0688790243182052,-87.4734344549966,110.254335793319,1.07525592187284e-103,9.81892236949244e-103
"s__Oscillospiraceae_bacterium_NSJ_64","fixed",NA,"hd_exposurelow_exposure",-0.258388669495041,0.104249036954515,-2.47857128510242,98.4201923305272,0.014892310292937,0.0415475482390134
"s__Oscillospiraceae_bacterium_NSJ_64","fixed",NA,"hd_exposurehigh_exposure",-0.253885132265652,0.102982614103221,-2.46532033078108,94.9316415811689,0.0154854173225885,0.0430738502643175
"s__Oscillospiraceae_unclassified_SGB15256","fixed",NA,"(Intercept)",-5.93784275108253,0.0873406535951769,-67.9848673746406,108.108280443878,1.5336357106632e-90,9.02819512692301e-90
"s__Oscillospiraceae_unclassified_SGB15256","fixed",NA,"hd_exposurelow_exposure",-0.0356522891488056,0.134505629768146,-0.265061687085226,105.3107270417,0.791480069132134,0.894176638150486
"s__Oscillospiraceae_unclassified_SGB15256","fixed",NA,"hd_exposurehigh_exposure",-0.0763867111468905,0.133950254086754,-0.570261786121123,103.591453268497,0.569734954412116,0.749855279400086
"s__Oxalobacter_formigenes","fixed",NA,"(Intercept)",-5.41882051961874,0.0451770029754479,-119.946436521335,101.282147100508,5.53793296475721e-111,6.47938156876594e-110
"s__Oxalobacter_formigenes","fixed",NA,"hd_exposurelow_exposure",-0.141846786551029,0.0681266870925678,-2.0821031023906,87.8342702123826,0.0402422312625836,0.102494499215723
"s__Oxalobacter_formigenes","fixed",NA,"hd_exposurehigh_exposure",-0.0518259221205215,0.0672263932143443,-0.770916297045417,84.570659846858,0.442905032592379,0.632914672528956
"s__Parabacteroides_distasonis","fixed",NA,"(Intercept)",-2.83157344329745,0.207834500641425,-13.6241742086062,119.887354135903,4.12779721816011e-26,1.25442149227203e-25
"s__Parabacteroides_distasonis","fixed",NA,"hd_exposurelow_exposure",0.100752650954378,0.319773918449319,0.315074635989573,116.577573109633,0.753268259224551,0.872507984296878
"s__Parabacteroides_distasonis","fixed",NA,"hd_exposurehigh_exposure",-0.111672351188722,0.318272409088187,-0.350870348795391,114.605747913714,0.726329760139218,0.856767051657604
"s__Parabacteroides_faecis","fixed",NA,"(Intercept)",-6.05143762544382,0.0771970807058349,-78.3894620122134,122.598562842716,1.33199762321542e-106,1.34783759495095e-105
"s__Parabacteroides_faecis","fixed",NA,"hd_exposurelow_exposure",0.102773021823881,0.117889008429736,0.871777811967392,115.415141273921,0.385139491144957,0.576323842864396
"s__Parabacteroides_faecis","fixed",NA,"hd_exposurehigh_exposure",-0.00179542660435796,0.116865423676104,-0.0153631976668654,112.225606456884,0.987769703159825,0.99360821295819
"s__Parabacteroides_goldsteinii","fixed",NA,"(Intercept)",-4.95464958099944,0.122201092280744,-40.5450515091686,121.234045373521,2.33092542997725e-72,1.01006768632348e-71
"s__Parabacteroides_goldsteinii","fixed",NA,"hd_exposurelow_exposure",0.0775244553662192,0.186970794725361,0.414634036722654,115.063728612915,0.679181840118171,0.832226035599493
"s__Parabacteroides_goldsteinii","fixed",NA,"hd_exposurehigh_exposure",0.038242395212514,0.185517678897516,0.206138818897362,112.105442211392,0.837056375761738,0.920663651836647
"s__Parabacteroides_gordonii","fixed",NA,"(Intercept)",-5.58821141175236,0.149580733881956,-37.3591656273221,120.249643631324,5.07076337440785e-68,2.07712670391499e-67
"s__Parabacteroides_gordonii","fixed",NA,"hd_exposurelow_exposure",-0.268511727242227,0.229651919153518,-1.16921177158869,115.860290467515,0.244718181860532,0.435054545529835
"s__Parabacteroides_gordonii","fixed",NA,"hd_exposurehigh_exposure",-0.254631977908642,0.228285587335575,-1.11540978508791,113.45067462246,0.267031963056588,0.456932207350944
"s__Parabacteroides_johnsonii","fixed",NA,"(Intercept)",-4.93093115281626,0.133672423035224,-36.8881706551912,117.058193392592,2.700518598725e-66,1.08484352292129e-65
"s__Parabacteroides_johnsonii","fixed",NA,"hd_exposurelow_exposure",0.207259620085971,0.206735601865954,1.0025347265555,116.268011497512,0.318167317698455,0.507731909006841
"s__Parabacteroides_johnsonii","fixed",NA,"hd_exposurehigh_exposure",0.111024452561675,0.206476095819813,0.53771092542627,115.69865465549,0.591809415754351,0.770422271413174
"s__Parabacteroides_merdae","fixed",NA,"(Intercept)",-3.52666645465603,0.270919532446391,-13.0173945850652,121.189329026754,9.00412473221021e-25,2.73188354922164e-24
"s__Parabacteroides_merdae","fixed",NA,"hd_exposurelow_exposure",-0.485605998256061,0.416714481104052,-1.16532066984926,117.729468393883,0.246244846460045,0.436524955088262
"s__Parabacteroides_merdae","fixed",NA,"hd_exposurehigh_exposure",-0.319421709814796,0.414684075551891,-0.770277251157249,115.690014412709,0.4427055476857,0.632914672528956
"s__Parabacteroides_sp_TM07_1AC","fixed",NA,"(Intercept)",-4.97104891552638,0.0581415227940278,-85.4991179563153,110.929432926704,4.31913042525646e-103,3.90599621066671e-102
"s__Parabacteroides_sp_TM07_1AC","fixed",NA,"hd_exposurelow_exposure",0.0579102162338081,0.0891397627508386,0.649656387303581,105.900973337539,0.517320865640486,0.704821441396644
"s__Parabacteroides_sp_TM07_1AC","fixed",NA,"hd_exposurehigh_exposure",-0.051357615037366,0.0885407596690345,-0.58004488813221,103.299363384412,0.563147424537445,0.745026133380987
"s__Paraprevotella_clara","fixed",NA,"(Intercept)",-5.07480716928651,0.219998610703444,-23.0674509855306,114.911615354605,6.14953345177791e-45,2.01963624942601e-44
"s__Paraprevotella_clara","fixed",NA,"hd_exposurelow_exposure",-0.145638525713024,0.339699648495542,-0.428727337099188,113.359772399928,0.668935257070506,0.824932016624497
"s__Paraprevotella_clara","fixed",NA,"hd_exposurehigh_exposure",-0.252676185279456,0.338888085050441,-0.745603626760283,112.305324170916,0.457464598689206,0.646807952225222
"s__Parasutterella_excrementihominis","fixed",NA,"(Intercept)",-5.65742906120712,0.166357612130546,-34.0076356516079,118.409401483645,6.02523220853437e-63,2.3646194327833e-62
"s__Parasutterella_excrementihominis","fixed",NA,"hd_exposurelow_exposure",0.76908878456544,0.256618148944539,2.99701633625164,116.371467828705,0.00333320646466396,0.00987304193330843
"s__Parasutterella_excrementihominis","fixed",NA,"hd_exposurehigh_exposure",0.151007919312483,0.255833368412129,0.590258887062849,115.035376144757,0.556174847672733,0.739985298396131
"s__Paratractidigestivibacter_faecalis","fixed",NA,"(Intercept)",-5.76434761966527,0.0903716340550576,-63.784921894335,127.163494382657,2.04372588916372e-98,1.61428475295969e-97
"s__Paratractidigestivibacter_faecalis","fixed",NA,"hd_exposurelow_exposure",0.189356883987636,0.137454717076391,1.37759465819133,117.773368139461,0.170940680240702,0.340064775144096
"s__Paratractidigestivibacter_faecalis","fixed",NA,"hd_exposurehigh_exposure",0.395596008091274,0.136025520039063,2.90824845203804,114.246162033048,0.00436818053233464,0.0128572860951737
"s__Phascolarctobacterium_faecium","fixed",NA,"(Intercept)",-4.02454676418296,0.182502369005476,-22.0520247825507,120.872272278523,3.48918331134798e-44,1.14191453825934e-43
"s__Phascolarctobacterium_faecium","fixed",NA,"hd_exposurelow_exposure",0.0191498105267479,0.280260932035739,0.0683285051100375,116.596756865034,0.945641172819395,0.974669245419349
"s__Phascolarctobacterium_faecium","fixed",NA,"hd_exposurehigh_exposure",0.030554510909319,0.278629845871731,0.109659863657912,114.228125215452,0.912871552559594,0.958573841956296
"s__Phascolarctobacterium_SGB4573","fixed",NA,"(Intercept)",-5.45610694823183,0.053153092017734,-102.648909802114,114.695476358211,1.04946336841916e-114,1.51122725052359e-113
"s__Phascolarctobacterium_SGB4573","fixed",NA,"hd_exposurelow_exposure",-0.0186207655651595,0.080346041636984,-0.231757099488374,102.017722533472,0.817190912247568,0.912757391245494
"s__Phascolarctobacterium_SGB4573","fixed",NA,"hd_exposurehigh_exposure",-0.070344311065368,0.0793386178452566,-0.8866339366104,98.4899539842467,0.377435885354819,0.569112840623122
"s__Phascolarctobacterium_succinatutens","fixed",NA,"(Intercept)",-4.18162056707217,0.0910398633806418,-45.9317535395305,114.23750802959,1.73397586994087e-75,7.9170800695837e-75
"s__Phascolarctobacterium_succinatutens","fixed",NA,"hd_exposurelow_exposure",-0.0570965080081193,0.140351562705361,-0.406810632582565,111.922406871128,0.684923982381577,0.836384667330927
"s__Phascolarctobacterium_succinatutens","fixed",NA,"hd_exposurehigh_exposure",-0.0232540366459894,0.139867336882777,-0.16625780660626,110.439186239654,0.868258067757383,0.935613140944237
"s__Phocaeicola_coprocola","fixed",NA,"(Intercept)",-4.80018301748513,0.184910397335655,-25.9595084248924,117.51415381795,1.70248191592118e-50,5.75279087834739e-50
"s__Phocaeicola_coprocola","fixed",NA,"hd_exposurelow_exposure",0.551928162168978,0.28597899564637,1.9299604886069,116.722851414789,0.0560382258399739,0.137849617309371
"s__Phocaeicola_coprocola","fixed",NA,"hd_exposurehigh_exposure",0.378433129356637,0.285619710099504,1.32495453211124,116.152695196908,0.187786866312457,0.360256415246044
"s__Phocaeicola_dorei","fixed",NA,"(Intercept)",-3.25443441534059,0.29111545419537,-11.1791880796425,121.205888351533,2.25861877383295e-20,6.78673249536962e-20
"s__Phocaeicola_dorei","fixed",NA,"hd_exposurelow_exposure",-0.206099807835053,0.448159200866485,-0.459880791104085,118.169071254195,0.64644680219378,0.808922736434997
"s__Phocaeicola_dorei","fixed",NA,"hd_exposurehigh_exposure",-0.583123429228422,0.446207801787711,-1.30684274656822,116.320797562468,0.193843848344532,0.3673315254336
"s__Phocaeicola_massiliensis","fixed",NA,"(Intercept)",-4.33077701585507,0.247785727004524,-17.4779115335242,117.361991213569,1.8655454838463e-34,5.83021894116907e-34
"s__Phocaeicola_massiliensis","fixed",NA,"hd_exposurelow_exposure",-0.843375033374889,0.382333251871387,-2.20586367847124,115.461577554575,0.0293737445760685,0.0778861895841364
"s__Phocaeicola_massiliensis","fixed",NA,"hd_exposurehigh_exposure",-0.474897571749555,0.38123511373645,-1.24568161388684,114.203060763263,0.215430892266346,0.39771857033787
"s__Phocaeicola_plebeius","fixed",NA,"(Intercept)",-5.05868886263233,0.262906493053168,-19.241399494874,117.013892614887,4.78333123305718e-38,1.51769424886153e-37
"s__Phocaeicola_plebeius","fixed",NA,"hd_exposurelow_exposure",-0.0260376236109634,0.406040359675193,-0.0641257032473123,115.560010908026,0.948980930055698,0.976631281508667
"s__Phocaeicola_plebeius","fixed",NA,"hd_exposurehigh_exposure",-0.0187331354290125,0.405130027677194,-0.0462398098122191,114.56404659016,0.963199619282156,0.984767715617802
"s__Phocaeicola_sartorii","fixed",NA,"(Intercept)",-6.46187595615628,0.0519247972320941,-124.446821183969,119.002176327159,7.19821021261114e-128,2.04832183310103e-126
"s__Phocaeicola_sartorii","fixed",NA,"hd_exposurelow_exposure",-0.106150005299164,0.0760271123372786,-1.3962125094039,85.8771420956494,0.166249246380556,0.332862735190203
"s__Phocaeicola_sartorii","fixed",NA,"hd_exposurehigh_exposure",-0.0750829051931437,0.0747791007179691,-1.00406269227976,86.4633160394261,0.318150117403009,0.507731909006841
"s__Phocaeicola_SGB6473","fixed",NA,"(Intercept)",-4.0487903555176,0.0489080621674823,-82.7837001934935,120.161968998018,7.97526459929436e-108,8.58028467234428e-107
"s__Phocaeicola_SGB6473","fixed",NA,"hd_exposurelow_exposure",-0.181808410538353,0.0745408926340384,-2.43904257265806,111.939423154458,0.0162972179018762,0.045130757266734
"s__Phocaeicola_SGB6473","fixed",NA,"hd_exposurehigh_exposure",-0.140898037228423,0.0738282480955522,-1.90845700477771,108.584554609627,0.0589726672930197,0.143372510613679
"s__Phocaeicola_vulgatus","fixed",NA,"(Intercept)",-2.70957925257234,0.231985347681678,-11.6799585820839,123.745682945207,1.05719435471408e-21,3.18178108042567e-21
"s__Phocaeicola_vulgatus","fixed",NA,"hd_exposurelow_exposure",0.00659167011930211,0.355827519467209,0.0185249025403432,118.854709721098,0.985251173817991,0.993150985833061
"s__Phocaeicola_vulgatus","fixed",NA,"hd_exposurehigh_exposure",-0.155398474172176,0.353522131237654,-0.439572124178302,116.263514228934,0.661063010053758,0.817377777292361
"s__Phocea_massiliensis","fixed",NA,"(Intercept)",-5.92309178244198,0.158957106012224,-37.2622019300382,124.629401479148,2.02797357121424e-69,8.47403242257378e-69
"s__Phocea_massiliensis","fixed",NA,"hd_exposurelow_exposure",0.0471216499239339,0.241158169047143,0.195397278516915,113.834388167213,0.845430293621146,0.926065248483783
"s__Phocea_massiliensis","fixed",NA,"hd_exposurehigh_exposure",0.309894907229086,0.238421697977543,1.29977644592681,110.22400850527,0.196389291715247,0.371729781689528
"s__Prevotella_bivia","fixed",NA,"(Intercept)",-5.83547825556496,0.105910331325757,-55.0982910025682,138.172560395592,6.32856935716013e-96,4.45379016413676e-95
"s__Prevotella_bivia","fixed",NA,"hd_exposurelow_exposure",0.0287866878246967,0.15679787555765,0.183591057737978,111.908390415192,0.854666512966028,0.93147332378289
"s__Prevotella_bivia","fixed",NA,"hd_exposurehigh_exposure",0.092665905236518,0.154261512466156,0.600706577778746,110.311017593204,0.549267689088738,0.735815439298457
"s__Prevotella_buccalis","fixed",NA,"(Intercept)",-5.57651055748416,0.0415117146844607,-134.335827846968,138.31892835955,1.97705991513751e-148,1.48042246445497e-146
"s__Prevotella_buccalis","fixed",NA,"hd_exposurelow_exposure",0.0480450204890635,0.0614673748549966,0.781634494760891,112.17012436098,0.436076127938162,0.628433034257305
"s__Prevotella_buccalis","fixed",NA,"hd_exposurehigh_exposure",-0.0231708653488468,0.060473774489335,-0.383155600001999,110.543731050533,0.702340221426271,0.845055368424926
"s__Prevotella_copri_clade_A","fixed",NA,"(Intercept)",-3.9588701126849,0.285547170890645,-13.8641545645046,120.873611567493,9.61491105333348e-27,2.93145170876878e-26
"s__Prevotella_copri_clade_A","fixed",NA,"hd_exposurelow_exposure",0.800387933709678,0.439424949806887,1.82144398960829,117.654281000114,0.0710800603512655,0.167373425129018
"s__Prevotella_copri_clade_A","fixed",NA,"hd_exposurehigh_exposure",0.695673174234499,0.437411838056023,1.59043060500205,115.722099482174,0.114466025031677,0.248585149488746
"s__Prevotella_copri_clade_B","fixed",NA,"(Intercept)",-5.10197608932442,0.160021613230919,-31.8830437108644,115.849737599175,3.47428407646086e-59,1.29044837125689e-58
"s__Prevotella_copri_clade_B","fixed",NA,"hd_exposurelow_exposure",0.223422765888409,0.246997578467103,0.904554478934564,114.117611659702,0.3676071301663,0.559025627677753
"s__Prevotella_copri_clade_B","fixed",NA,"hd_exposurehigh_exposure",0.270396140532562,0.246344984555583,1.09763200992449,112.956388150048,0.274699534889474,0.464256968184096
"s__Prevotella_copri_clade_C","fixed",NA,"(Intercept)",-4.81060614855318,0.193894483675017,-24.8104332695516,119.256126411202,6.49345644629292e-49,2.1706697263322e-48
"s__Prevotella_copri_clade_C","fixed",NA,"hd_exposurelow_exposure",0.000712017950895219,0.299148903953531,0.00238014561138363,117.302829013771,0.99810496340043,0.999707058044732
"s__Prevotella_copri_clade_C","fixed",NA,"hd_exposurehigh_exposure",0.239173731540329,0.298269495583694,0.801871244232609,116.013586622629,0.424266880714779,0.614942750902251
"s__Prevotella_copri_clade_D","fixed",NA,"(Intercept)",-5.99230475081927,0.184443001444024,-32.4886534262882,120.674591857119,1.65257050319449e-61,6.37858140614451e-61
"s__Prevotella_copri_clade_D","fixed",NA,"hd_exposurelow_exposure",0.545704651684362,0.283742022957747,1.92324226773284,117.288959762769,0.0568736935125534,0.139150513474229
"s__Prevotella_copri_clade_D","fixed",NA,"hd_exposurehigh_exposure",0.390555696826076,0.282384403580326,1.38306397900966,115.282600706251,0.169318108859568,0.337554312870193
"s__Prevotella_copri_clade_E","fixed",NA,"(Intercept)",-4.2642323300704,0.0613002349876535,-69.5630666167798,122.659747949976,2.03910865544268e-100,1.69653840132831e-99
"s__Prevotella_copri_clade_E","fixed",NA,"hd_exposurelow_exposure",0.0460868803643396,0.0940358915881893,0.490098829138214,117.834350817343,0.624975253121956,0.792706827759054
"s__Prevotella_copri_clade_E","fixed",NA,"hd_exposurehigh_exposure",0.119154938548031,0.0934328375268424,1.27530043721298,115.267129639411,0.204767271701776,0.382941391234491
"s__Prevotella_copri_clade_G","fixed",NA,"(Intercept)",-5.91693927142871,0.213855484752618,-27.6679332226306,119.771472586882,7.38443989278442e-54,2.58386382790513e-53
"s__Prevotella_copri_clade_G","fixed",NA,"hd_exposurelow_exposure",0.110116818583575,0.328684216084396,0.335023141346405,115.924022131917,0.738213097335944,0.864603915064227
"s__Prevotella_copri_clade_G","fixed",NA,"hd_exposurehigh_exposure",0.21733065517385,0.326930222477347,0.664761592021091,113.723736110156,0.507548766124599,0.694144728974174
"s__Prevotella_disiens","fixed",NA,"(Intercept)",-5.46924630963938,0.0544335426489767,-100.475663414169,161.369051964536,2.0480543640069e-147,1.47459914208497e-145
"s__Prevotella_disiens","fixed",NA,"hd_exposurelow_exposure",0.029263498077072,0.0793783636792705,0.368658368863733,124.587716882743,0.713008088604899,0.850395494485106
"s__Prevotella_disiens","fixed",NA,"hd_exposurehigh_exposure",-0.0465448985480163,0.0780867179819084,-0.596066779997081,126.235157347228,0.552197922399181,0.738017212819303
"s__Prevotella_SGB1635","fixed",NA,"(Intercept)",-5.78347866229544,0.10577740539663,-54.6759361378673,116.978920336803,3.77656900322741e-85,1.96928612090298e-84
"s__Prevotella_SGB1635","fixed",NA,"hd_exposurelow_exposure",0.0254346087518556,0.16332054517837,0.155734287588112,115.39252588283,0.876514578794889,0.937084689608242
"s__Prevotella_SGB1635","fixed",NA,"hd_exposurehigh_exposure",0.121845929267868,0.162923336282963,0.747872785125437,114.316702632503,0.456072632272232,0.645677210263231
"s__Prevotella_SGB1680","fixed",NA,"(Intercept)",-5.24428348173694,0.114899650289475,-45.6422928052838,124.045328016945,2.09561082428162e-79,1.01631695934073e-78
"s__Prevotella_SGB1680","fixed",NA,"hd_exposurelow_exposure",0.147364790772029,0.17626171454757,0.836056719125233,119.224858941644,0.404795467624494,0.59386921269048
"s__Prevotella_SGB1680","fixed",NA,"hd_exposurehigh_exposure",0.446650024829628,0.175133069224533,2.55034658392809,116.65681521932,0.0120570141331661,0.0339409480560705
"s__Prevotella_sp_885","fixed",NA,"(Intercept)",-6.29701945178589,0.162484820782125,-38.7545090149037,117.683776908972,7.56980510246326e-69,3.13510512208213e-68
"s__Prevotella_sp_885","fixed",NA,"hd_exposurelow_exposure",0.00412390156918048,0.25048270754565,0.0164638174410859,115.334055350791,0.986892814626426,0.99325986504337
"s__Prevotella_sp_885","fixed",NA,"hd_exposurehigh_exposure",0.844561357458519,0.249610759225972,3.38351343538818,113.830063980849,0.000982130369786045,0.00293229354424159
"s__Prevotella_sp_Marseille_P4119","fixed",NA,"(Intercept)",-4.73684649296713,0.137507071705988,-34.4480209941147,121.140801633374,1.97508801734937e-64,7.81683883399158e-64
"s__Prevotella_sp_Marseille_P4119","fixed",NA,"hd_exposurelow_exposure",-0.0569033210754907,0.211945060690846,-0.268481468216392,118.707799548832,0.788794756125254,0.893078132167178
"s__Prevotella_sp_Marseille_P4119","fixed",NA,"hd_exposurehigh_exposure",0.252793030090805,0.211186186230096,1.19701498759667,117.158015896549,0.233717199534823,0.420800701245626
"s__Prevotella_sp_P4_51","fixed",NA,"(Intercept)",-4.69680402944064,0.0808409412136603,-58.0993239183982,120.174450265557,8.27108520601126e-90,4.80853152349474e-89
"s__Prevotella_sp_P4_51","fixed",NA,"hd_exposurelow_exposure",0.072302679622773,0.124901113453727,0.578879384046159,118.900495731638,0.563765573221108,0.745317198495703
"s__Prevotella_sp_P4_51","fixed",NA,"hd_exposurehigh_exposure",0.367956525773282,0.12465451775905,2.95181059128976,118.015099009844,0.0038121202554653,0.0112737584806178
"s__Prevotella_stercorea","fixed",NA,"(Intercept)",-6.265694748839,0.199943266677186,-31.3373631078817,119.688157740671,1.56924258254286e-59,5.87524422904045e-59
"s__Prevotella_stercorea","fixed",NA,"hd_exposurelow_exposure",0.118383111904778,0.308469673562678,0.383775528198637,117.715865481682,0.701837115036778,0.845055368424926
"s__Prevotella_stercorea","fixed",NA,"hd_exposurehigh_exposure",0.349133589918897,0.307555151528355,1.1351901868134,116.415760590628,0.258627446757997,0.448287574380528
"s__Prevotella_timonensis","fixed",NA,"(Intercept)",-5.55663573375945,0.0583711694402903,-95.1948673812936,136.77756823169,6.93296489376583e-127,1.88651075281394e-125
"s__Prevotella_timonensis","fixed",NA,"hd_exposurelow_exposure",-0.0273327102469767,0.0883879633738507,-0.309235660644977,124.878771959372,0.757657623686952,0.873622817557148
"s__Prevotella_timonensis","fixed",NA,"hd_exposurehigh_exposure",0.0283439291203766,0.0873279349748722,0.324568869383345,121.194189928359,0.746066938428054,0.870179008559076
"s__Prevotellamassilia_timonensis","fixed",NA,"(Intercept)",-5.30637207608154,0.117510263967008,-45.1566688469983,118.852338482227,1.13695837364927e-76,5.34770370721466e-76
"s__Prevotellamassilia_timonensis","fixed",NA,"hd_exposurelow_exposure",0.0798124006046426,0.181447683417357,0.439864533409677,117.29332819624,0.660844653796844,0.817377777292361
"s__Prevotellamassilia_timonensis","fixed",NA,"hd_exposurehigh_exposure",0.390084045048736,0.181014327551504,2.15498988574672,116.233277248894,0.0332254188861063,0.0865090014837073
"s__Proteus_mirabilis","fixed",NA,"(Intercept)",-5.78589530551092,0.0901970580149111,-64.1472730136543,128.107034789065,3.06363901581182e-99,2.48274122839815e-98
"s__Proteus_mirabilis","fixed",NA,"hd_exposurelow_exposure",0.0146647959028337,0.134740999835137,0.108836923585077,107.976219652765,0.91353383972655,0.958573841956296
"s__Proteus_mirabilis","fixed",NA,"hd_exposurehigh_exposure",0.00528622085110478,0.132694623825347,0.0398374907642265,105.131841913612,0.968298240815624,0.988361126939393
"s__Pseudoflavonifractor_capillosus","fixed",NA,"(Intercept)",-5.64041858740057,0.0958917013780066,-58.8207165619676,131.584638825444,2.33013422208296e-96,1.67769663989973e-95
"s__Pseudoflavonifractor_capillosus","fixed",NA,"hd_exposurelow_exposure",-0.194568576077968,0.145936488021446,-1.33324145808809,122.513323312953,0.184926372255337,0.357174746839181
"s__Pseudoflavonifractor_capillosus","fixed",NA,"hd_exposurehigh_exposure",-0.0473848706926128,0.144453255628645,-0.328029094854242,119.005285988856,0.743466090231422,0.868769363865932
"s__Pseudoflavonifractor_gallinarum","fixed",NA,"(Intercept)",-5.9269881252886,0.110695368822863,-53.5432348102392,133.762269515956,3.15723682769853e-92,1.92519457376275e-91
"s__Pseudoflavonifractor_gallinarum","fixed",NA,"hd_exposurelow_exposure",-0.105423348349802,0.165004390417266,-0.638912383380865,112.145240864847,0.524182720478281,0.710036217608786
"s__Pseudoflavonifractor_gallinarum","fixed",NA,"hd_exposurehigh_exposure",0.178987388732019,0.162446986961925,1.10182030506956,109.531514117795,0.272955061950995,0.462417987305215
"s__Pseudoflavonifractor_sp_An184","fixed",NA,"(Intercept)",-4.97683083597447,0.0865070091382668,-57.5309548388137,127.820883808236,3.0608684936217e-93,1.92280061075833e-92
"s__Pseudoflavonifractor_sp_An184","fixed",NA,"hd_exposurelow_exposure",-0.229304942522178,0.131425209334387,-1.74475615206177,117.787335463571,0.0836355802960258,0.192577867545093
"s__Pseudoflavonifractor_sp_An184","fixed",NA,"hd_exposurehigh_exposure",-0.121590159627885,0.130000583203025,-0.935304724271843,114.203307087878,0.351604794547242,0.543521201810436
"s__Pyramidobacter_piscolens","fixed",NA,"(Intercept)",-5.08281858238105,0.0639428135745436,-79.4900677377228,140.451633089688,1.17865224881464e-118,2.08154434885001e-117
"s__Pyramidobacter_piscolens","fixed",NA,"hd_exposurelow_exposure",-0.0239394959541124,0.0967110892237326,-0.247536204444254,127.907297401256,0.804890190722075,0.904327461287575
"s__Pyramidobacter_piscolens","fixed",NA,"hd_exposurehigh_exposure",-0.0396715550432526,0.0955152961301014,-0.415342428391951,124.220658775321,0.678607786444636,0.832226035599493
"s__Raoultibacter_timonensis","fixed",NA,"(Intercept)",-5.8974895884318,0.0523974513826587,-112.552985551958,107.016912312234,5.6947815380235e-113,7.50748664730986e-112
"s__Raoultibacter_timonensis","fixed",NA,"hd_exposurelow_exposure",-0.141679156515333,0.0788986395683546,-1.7957110197393,92.4499796500766,0.0758074630879558,0.176287665715097
"s__Raoultibacter_timonensis","fixed",NA,"hd_exposurehigh_exposure",-0.0972056951448426,0.0778259966285123,-1.24901317497848,89.1642992014064,0.214929423425058,0.397184482380759
"s__Rheinheimera_SGB14999","fixed",NA,"(Intercept)",-5.0662207366827,0.155181965830639,-32.64696841263,123.379031261719,1.49770067504668e-62,5.8654720997644e-62
"s__Rheinheimera_SGB14999","fixed",NA,"hd_exposurelow_exposure",-0.158109805351006,0.237366546376797,-0.666099784339542,117.051691837321,0.506657974246093,0.694144728974174
"s__Rheinheimera_SGB14999","fixed",NA,"hd_exposurehigh_exposure",0.00703350199050545,0.235489273810628,0.0298676108541637,114.048110548284,0.976224841169339,0.991585948274011
"s__Romboutsia_timonensis","fixed",NA,"(Intercept)",-5.05685915342471,0.153001677557541,-33.0510046304748,129.569295163045,5.40887476490973e-65,2.14976933331444e-64
"s__Romboutsia_timonensis","fixed",NA,"hd_exposurelow_exposure",0.0675173558427151,0.227838032294615,0.296339268570442,107.354426303485,0.76754351799435,0.879921805271391
"s__Romboutsia_timonensis","fixed",NA,"hd_exposurehigh_exposure",-0.00673859427773752,0.224277634094208,-0.0300457703014067,104.897415648087,0.976087641542482,0.991585948274011
"s__Roseburia_faecis","fixed",NA,"(Intercept)",-3.40104582329667,0.223284248742477,-15.231911083971,128.292118419481,1.49033021048986e-30,4.60379233339443e-30
"s__Roseburia_faecis","fixed",NA,"hd_exposurelow_exposure",0.0656759584074232,0.339925755251711,0.193206773516737,119.404516669937,0.847125296057348,0.926685418745371
"s__Roseburia_faecis","fixed",NA,"hd_exposurehigh_exposure",-0.0479636335592751,0.336516333832852,-0.142529882615144,115.927391697933,0.886908901870556,0.941846564507835
"s__Roseburia_hominis","fixed",NA,"(Intercept)",-4.37964890717714,0.158171014369765,-27.6893268000329,127.277358366841,1.01532351653437e-55,3.64814898839221e-55
"s__Roseburia_hominis","fixed",NA,"hd_exposurelow_exposure",0.439170799223434,0.24042499036944,1.82664372180529,117.535545109325,0.0702910484387031,0.166142478127844
"s__Roseburia_hominis","fixed",NA,"hd_exposurehigh_exposure",0.267879484505105,0.237866099101701,1.12617765001717,113.976295429624,0.262455979326257,0.451578670311355
"s__Roseburia_intestinalis","fixed",NA,"(Intercept)",-4.62639051085163,0.237481138550153,-19.4810861152857,126.55879823965,6.6405165333322e-40,2.13225505152622e-39
"s__Roseburia_intestinalis","fixed",NA,"hd_exposurelow_exposure",0.0438382752133059,0.360317989210093,0.121665519141607,115.793768896406,0.903374809503423,0.953279393117479
"s__Roseburia_intestinalis","fixed",NA,"hd_exposurehigh_exposure",0.571360638090442,0.356239602305394,1.60386614624791,112.173863126266,0.111555556772244,0.243393942048533
"s__Roseburia_inulinivorans","fixed",NA,"(Intercept)",-4.14013848181697,0.246709787133033,-16.78141159266,120.672151952865,2.42455419596866e-33,7.51451234247241e-33
"s__Roseburia_inulinivorans","fixed",NA,"hd_exposurelow_exposure",0.259290385245236,0.378807101689353,0.684491880138697,116.324624003173,0.49502612131668,0.682895283054403
"s__Roseburia_inulinivorans","fixed",NA,"hd_exposurehigh_exposure",0.779386085123243,0.376571711264438,2.06968835366377,113.929598276487,0.0407426481849232,0.103487432024663
"s__Roseburia_SGB4949","fixed",NA,"(Intercept)",-6.56190284783616,0.0445931172924187,-147.150574937531,251.999999994553,2.34741889447977e-246,4.39436817046613e-243
"s__Roseburia_SGB4949","fixed",NA,"hd_exposurelow_exposure",0.0801004686736667,0.0628762200814931,1.27393899585327,251.999999994547,0.203858696376651,0.382005485102193
"s__Roseburia_SGB4949","fixed",NA,"hd_exposurehigh_exposure",0.0558286395521201,0.0621619388797294,0.898116123117348,251.999999995488,0.369980928284741,0.561267664302297
"s__Roseburia_sp_AF02_12","fixed",NA,"(Intercept)",-5.85888304469396,0.155907245856183,-37.5792864053189,130.983632208518,5.08790038408501e-72,2.1945966633657e-71
"s__Roseburia_sp_AF02_12","fixed",NA,"hd_exposurelow_exposure",0.895301002098759,0.23779873503554,3.76495275286032,123.121901324989,0.000256678905839702,0.000767576536312976
"s__Roseburia_sp_AF02_12","fixed",NA,"hd_exposurehigh_exposure",1.06604233580253,0.23560340777373,4.52473224337373,119.784290990507,1.43444916483237e-05,4.2964621385059e-05
"s__Roseburia_sp_AM16_25","fixed",NA,"(Intercept)",-4.99501392508859,0.13610653846631,-36.6992944010916,127.658435000555,1.10370024349774e-69,4.6325714256228e-69
"s__Roseburia_sp_AM16_25","fixed",NA,"hd_exposurelow_exposure",0.313223278578249,0.207768573468309,1.50755849813844,120.242644423406,0.134290443501897,0.280884592441956
"s__Roseburia_sp_AM16_25","fixed",NA,"hd_exposurehigh_exposure",0.222398393086724,0.205927007207044,1.07998652582329,116.992347783035,0.282369580913388,0.473198526099213
"s__Roseburia_sp_AM23_20","fixed",NA,"(Intercept)",-5.00517320249275,0.118009456305731,-42.4133231283236,115.397989908656,3.17255824382537e-72,1.37160023843905e-71
"s__Roseburia_sp_AM23_20","fixed",NA,"hd_exposurelow_exposure",0.169906401415824,0.18154658954458,0.93588319032621,112.045289948426,0.351346089524535,0.543521201810436
"s__Roseburia_sp_AM23_20","fixed",NA,"hd_exposurehigh_exposure",-0.0727063722715305,0.180680422134907,-0.402403156979807,110.060303384149,0.688167822529594,0.837305481787215
"s__Roseburia_sp_AM59_24XD","fixed",NA,"(Intercept)",-5.57702067345382,0.0904591868848999,-61.6523414095023,119.687331093602,1.53676910576239e-92,9.49449427718548e-92
"s__Roseburia_sp_AM59_24XD","fixed",NA,"hd_exposurelow_exposure",0.160227549773371,0.139193507493845,1.15111367374988,116.425090578355,0.252044062098301,0.442613962709211
"s__Roseburia_sp_AM59_24XD","fixed",NA,"hd_exposurehigh_exposure",0.0139713454658471,0.138547895323258,0.100841268163976,114.474792689286,0.919852871762626,0.962529108965699
"s__Rothia_mucilaginosa","fixed",NA,"(Intercept)",-6.19790169097945,0.0641929359569893,-96.5511484804524,144.000564976518,8.76183236308567e-133,3.21610787915615e-131
"s__Rothia_mucilaginosa","fixed",NA,"hd_exposurelow_exposure",-0.0953899690146434,0.0951214344742304,-1.00282307076105,118.402864917577,0.317991277413393,0.507731909006841
"s__Rothia_mucilaginosa","fixed",NA,"hd_exposurehigh_exposure",-0.064118039840417,0.093588841366585,-0.685103468577716,116.638249488222,0.494637900558183,0.682862942363509
"s__Ruminococcaceae_bacterium_AM28_23LB","fixed",NA,"(Intercept)",-5.28914393802854,0.0745196065997298,-70.976541334126,124.335861678232,1.80910012051333e-102,1.59746954037781e-101
"s__Ruminococcaceae_bacterium_AM28_23LB","fixed",NA,"hd_exposurelow_exposure",-0.0486982232829068,0.113077779065526,-0.430661299552828,113.653308007252,0.667530282344523,0.824285414610123
"s__Ruminococcaceae_bacterium_AM28_23LB","fixed",NA,"hd_exposurehigh_exposure",-0.063133172472841,0.11180248467473,-0.56468487848473,110.04947065824,0.573437344195193,0.753315584795369
"s__Ruminococcus_bicirculans","fixed",NA,"(Intercept)",-4.96136710397757,0.26621727444956,-18.6365333137598,121.678662883704,1.87575338978059e-37,5.92143397246083e-37
"s__Ruminococcus_bicirculans","fixed",NA,"hd_exposurelow_exposure",0.151646356201932,0.408158324962631,0.371538069732659,116.574279668286,0.71091123807449,0.849644640189122
"s__Ruminococcus_bicirculans","fixed",NA,"hd_exposurehigh_exposure",0.198751051761832,0.405419274612545,0.490235823029816,113.917708931139,0.624909911317022,0.792706827759054
"s__Ruminococcus_bromii","fixed",NA,"(Intercept)",-4.07120568921311,0.282919647750724,-14.3899715752516,120.770095762371,5.86861184047327e-28,1.80099038776491e-27
"s__Ruminococcus_bromii","fixed",NA,"hd_exposurelow_exposure",-0.210029228472704,0.433446924166397,-0.484555817016422,115.290426480721,0.628910769466733,0.793841263332562
"s__Ruminococcus_bromii","fixed",NA,"hd_exposurehigh_exposure",0.01014671093579,0.430369654438424,0.0235767341659583,112.521414849166,0.981231990479022,0.992715465079045
"s__Ruminococcus_callidus","fixed",NA,"(Intercept)",-4.5486218925036,0.159212193768119,-28.5695572986597,121.060422424594,1.21824156871532e-55,4.36051284251449e-55
"s__Ruminococcus_callidus","fixed",NA,"hd_exposurelow_exposure",0.181307083991529,0.244365936724819,0.741949088410384,116.515240506701,0.459611186101685,0.647923986514054
"s__Ruminococcus_callidus","fixed",NA,"hd_exposurehigh_exposure",-0.071949469015884,0.242871077876025,-0.2962455210604,114.047982102772,0.767581361115481,0.879921805271391
"s__Ruminococcus_gnavus","fixed",NA,"(Intercept)",-3.33356707350315,0.197723623794952,-16.8597308178015,127.47663325556,2.97254046448606e-34,9.24351453408291e-34
"s__Ruminococcus_gnavus","fixed",NA,"hd_exposurelow_exposure",-0.349258166700377,0.302392878348862,-1.1549814552757,121.057681070142,0.250372735292021,0.440919812292251
"s__Ruminococcus_gnavus","fixed",NA,"hd_exposurehigh_exposure",-0.335652353539236,0.299979079315971,-1.1189192069814,118.021662028352,0.265446768611722,0.45505160333438
"s__Ruminococcus_lactaris","fixed",NA,"(Intercept)",-5.06183715683341,0.136160924816756,-37.1754022943482,123.891328123417,4.75292720117243e-69,1.97721771568773e-68
"s__Ruminococcus_lactaris","fixed",NA,"hd_exposurelow_exposure",-0.0767829863512978,0.208164012741818,-0.368858119806378,117.28832449464,0.712898477240032,0.850395494485106
"s__Ruminococcus_lactaris","fixed",NA,"hd_exposurehigh_exposure",0.156946117544377,0.206465233707477,0.760157604871824,114.218036013445,0.448726644001338,0.638310241314973
"s__Ruminococcus_SGB4421","fixed",NA,"(Intercept)",-4.30134319690506,0.0655707274749754,-65.5985279185234,119.960611718423,7.88487190420834e-96,5.50764186741717e-95
"s__Ruminococcus_SGB4421","fixed",NA,"hd_exposurelow_exposure",0.0667601646871006,0.100374102170057,0.665113443047225,114.054407021659,0.507320646510156,0.694144728974174
"s__Ruminococcus_SGB4421","fixed",NA,"hd_exposurehigh_exposure",0.0529284224998789,0.0996186550210044,0.531310350342705,111.168446983389,0.596263738482073,0.771393032783995
"s__Ruminococcus_sp_AF13_28","fixed",NA,"(Intercept)",-5.5571469479864,0.133555064511175,-41.6094063398204,124.582688402827,6.22344401172409e-75,2.7938338585006e-74
"s__Ruminococcus_sp_AF13_28","fixed",NA,"hd_exposurelow_exposure",-0.017362784077972,0.203025093222101,-0.0855203847091838,114.903980415082,0.931996527241771,0.969230561196643
"s__Ruminococcus_sp_AF13_28","fixed",NA,"hd_exposurehigh_exposure",-0.00403977799056919,0.200870831619127,-0.0201113220770104,111.362547369792,0.98399055777531,0.993008261000206
"s__Ruminococcus_sp_BSD2780120874_150323_B10","fixed",NA,"(Intercept)",-5.3183400295445,0.1169026869202,-45.4937364542774,112.140260775283,4.07122821738127e-74,1.80600455519852e-73
"s__Ruminococcus_sp_BSD2780120874_150323_B10","fixed",NA,"hd_exposurelow_exposure",-0.193099994274664,0.177862478178236,-1.08567021134811,103.108214596581,0.280156695166068,0.471206948203844
"s__Ruminococcus_sp_BSD2780120874_150323_B10","fixed",NA,"hd_exposurehigh_exposure",-0.0253453422259924,0.176034585117584,-0.143979333430773,99.7110507872795,0.885807383332769,0.941846564507835
"s__Ruminococcus_sp_NSJ_13","fixed",NA,"(Intercept)",-5.63813550973347,0.0799404748212056,-70.5291721414427,115.25072732307,1.19940025856792e-96,8.90983049221881e-96
"s__Ruminococcus_sp_NSJ_13","fixed",NA,"hd_exposurelow_exposure",0.0945056766950904,0.122978318477545,0.768474295835705,111.888014634494,0.443824440206023,0.63326170126957
"s__Ruminococcus_sp_NSJ_13","fixed",NA,"hd_exposurehigh_exposure",0.120208515463559,0.122389963985241,0.982176246722767,109.89884793311,0.32817033444789,0.519741849480923
"s__Ruminococcus_torques","fixed",NA,"(Intercept)",-3.48678797568483,0.194147924138541,-17.9594399021064,124.66107267966,2.20558117630851e-36,6.93924027235214e-36
"s__Ruminococcus_torques","fixed",NA,"hd_exposurelow_exposure",0.226476626968756,0.296480208012201,0.763884471368949,117.454844913886,0.44646787629156,0.636548259267174
"s__Ruminococcus_torques","fixed",NA,"hd_exposurehigh_exposure",0.333383516767199,0.293902998659611,1.13433179752382,114.253745057871,0.259029719196489,0.448569504473476
"s__Ruthenibacterium_lactatiformans","fixed",NA,"(Intercept)",-4.00521812168438,0.190017494135946,-21.0781546188526,126.582013096251,3.16643415008676e-43,1.03447901029012e-42
"s__Ruthenibacterium_lactatiformans","fixed",NA,"hd_exposurelow_exposure",-0.00372410442103237,0.289482630039547,-0.0128646904324574,118.082028043321,0.98975745558909,0.995073016575068
"s__Ruthenibacterium_lactatiformans","fixed",NA,"hd_exposurehigh_exposure",-0.369110086229884,0.286662761618551,-1.28761086422882,114.660180735413,0.200474300516858,0.377933424539333
"s__Sanguibacter_SGB15121","fixed",NA,"(Intercept)",-5.21019076515143,0.118655104637999,-43.9103802659567,118.236897383382,4.7335776853157e-75,2.13010995839207e-74
"s__Sanguibacter_SGB15121","fixed",NA,"hd_exposurelow_exposure",-0.263364492297481,0.181609905138529,-1.45016590420325,112.273337604784,0.149800163848901,0.307484546847745
"s__Sanguibacter_SGB15121","fixed",NA,"hd_exposurehigh_exposure",-0.277037994940543,0.180230706467494,-1.53712982859837,109.377878792343,0.127149380332439,0.268649706526327
"s__Sellimonas_intestinalis","fixed",NA,"(Intercept)",-4.61334135176927,0.126657481705629,-36.4237571254683,121.59124940958,2.91223640436937e-67,1.18002306254967e-66
"s__Sellimonas_intestinalis","fixed",NA,"hd_exposurelow_exposure",0.0414486575221518,0.193776120274842,0.213899718207606,115.383485103879,0.831002787910787,0.917383815368495
"s__Sellimonas_intestinalis","fixed",NA,"hd_exposurehigh_exposure",-0.358598075592784,0.192263640793955,-1.86513723609908,112.414709843572,0.0647698221223019,0.155050008967966
"s__Senegalimassilia_anaerobia","fixed",NA,"(Intercept)",-5.00463253652622,0.0695672701852305,-71.9394698570296,112.248887942947,9.55568816548375e-96,6.64990641107271e-95
"s__Senegalimassilia_anaerobia","fixed",NA,"hd_exposurelow_exposure",-0.0570653726586772,0.106326853817866,-0.536697650778121,105.616813456341,0.592605224177374,0.770737217963799
"s__Senegalimassilia_anaerobia","fixed",NA,"hd_exposurehigh_exposure",-0.193172748287982,0.105445638358665,-1.83196527893283,102.587975242826,0.0698578808962853,0.165536649414995
"s__Senegalimassilia_faecalis","fixed",NA,"(Intercept)",-5.64329640577798,0.057570115632458,-98.0247537073957,135.431226322147,1.2253886715247e-127,3.42377252700632e-126
"s__Senegalimassilia_faecalis","fixed",NA,"hd_exposurelow_exposure",0.00757857412548698,0.0874413206432297,0.0866703987284044,125.264053270651,0.931071895785625,0.968853023296659
"s__Senegalimassilia_faecalis","fixed",NA,"hd_exposurehigh_exposure",0.0238212578994246,0.0864853800736579,0.275436818097307,121.648473093513,0.783447967711484,0.891559024654042
"s__Slackia_isoflavoniconvertens","fixed",NA,"(Intercept)",-5.14961762724148,0.0770072658898862,-66.8718408286952,126.464347433002,1.49292114406739e-100,1.24765552754203e-99
"s__Slackia_isoflavoniconvertens","fixed",NA,"hd_exposurelow_exposure",-0.104324761027462,0.116905434754229,-0.892385895033743,116.01911082812,0.374033295537131,0.56558184914823
"s__Slackia_isoflavoniconvertens","fixed",NA,"hd_exposurehigh_exposure",-0.0339156290951492,0.115605978009727,-0.29337262379542,112.415349910904,0.769778252620453,0.881360788321399
"s__Solibaculum_mannosilyticum","fixed",NA,"(Intercept)",-5.34834613134526,0.0337691694309398,-158.379558084275,137.212618476967,3.04312636817751e-157,2.99828029538332e-155
"s__Solibaculum_mannosilyticum","fixed",NA,"hd_exposurelow_exposure",-0.0315764892941032,0.0513485680603282,-0.614943911522611,127.687157604412,0.539686118204003,0.726829074300643
"s__Solibaculum_mannosilyticum","fixed",NA,"hd_exposurehigh_exposure",-0.0617474345757051,0.0508091394754796,-1.21528203809679,124.122506450559,0.226565112149606,0.409787333279287
"s__Streptococcus_anginosus","fixed",NA,"(Intercept)",-5.3093941441817,0.048475944097043,-109.526369069841,129.165217177935,2.85656507905981e-129,9.21981004827579e-128
"s__Streptococcus_anginosus","fixed",NA,"hd_exposurelow_exposure",0.0116718498084419,0.0728044806338091,0.160317740155978,112.373422691031,0.87291861804745,0.937039658548395
"s__Streptococcus_anginosus","fixed",NA,"hd_exposurehigh_exposure",0.00609573330358706,0.0717708429026739,0.0849332828911218,109.0153977127,0.932470214057241,0.969230561196643
"s__Streptococcus_australis","fixed",NA,"(Intercept)",-5.20808269474444,0.0520188776970251,-100.119089940348,158.894861015361,1.82848528165566e-145,1.18031877491703e-143
"s__Streptococcus_australis","fixed",NA,"hd_exposurelow_exposure",-0.0456399379971952,0.0771033800482803,-0.591931741106766,134.127569034423,0.554892746869043,0.738804567666321
"s__Streptococcus_australis","fixed",NA,"hd_exposurehigh_exposure",-0.0236982163229626,0.0758627454826017,-0.312382793058781,132.314363089692,0.755241394880682,0.872507984296878
"s__Streptococcus_equinus","fixed",NA,"(Intercept)",-5.24787223342901,0.0771090168252522,-68.0578283772178,147.272071520401,3.49065940734717e-113,4.66751029325278e-112
"s__Streptococcus_equinus","fixed",NA,"hd_exposurelow_exposure",0.15578840937144,0.114495470530533,1.36065128733538,123.173471988327,0.176108499033052,0.346661524910488
"s__Streptococcus_equinus","fixed",NA,"hd_exposurehigh_exposure",-0.0578076285939401,0.112670684652137,-0.513067163587557,121.072085665078,0.60883924685765,0.780648678162686
"s__Streptococcus_gallolyticus","fixed",NA,"(Intercept)",-4.16989389165485,0.0401580859111923,-103.836968247849,151.046123847606,2.34006301690279e-142,1.32745392958849e-140
"s__Streptococcus_gallolyticus","fixed",NA,"hd_exposurelow_exposure",-0.0111487432004774,0.0602703052252494,-0.184979039990107,134.093888236107,0.853524959241677,0.93147332378289
"s__Streptococcus_gallolyticus","fixed",NA,"hd_exposurehigh_exposure",4.90261706937672e-05,0.0594057587752101,0.000825276399200303,130.745553047912,0.999342782640432,0.9998769049187
"s__Streptococcus_gordonii","fixed",NA,"(Intercept)",-5.50992520825413,0.044995813657569,-122.454174296886,173.223290836188,3.59876094961804e-170,6.73688049768497e-168
"s__Streptococcus_gordonii","fixed",NA,"hd_exposurelow_exposure",-0.0237030071707237,0.065129235813977,-0.363938051391,131.733051145587,0.716487726264715,0.851072035525996
"s__Streptococcus_gordonii","fixed",NA,"hd_exposurehigh_exposure",0.052033627566496,0.0641050406010747,0.811693231586903,135.410936439826,0.41839221248435,0.608097998269179
"s__Streptococcus_infantis","fixed",NA,"(Intercept)",-5.57174994684196,0.0349456762965885,-159.440323877375,161.8259731321,7.55472427565007e-180,4.71414794800564e-177
"s__Streptococcus_infantis","fixed",NA,"hd_exposurelow_exposure",0.00668288993074557,0.0507332551499771,0.131726022921054,121.445957738809,0.895418980566591,0.948627239174113
"s__Streptococcus_infantis","fixed",NA,"hd_exposurehigh_exposure",0.0187798533713089,0.0499222007980326,0.376182401238389,124.284019411595,0.707422686352733,0.84723982179439
"s__Streptococcus_mitis","fixed",NA,"(Intercept)",-5.12836541078279,0.0787723043056134,-65.1036611914543,142.423316925584,7.40813484769058e-108,8.01620140744321e-107
"s__Streptococcus_mitis","fixed",NA,"hd_exposurelow_exposure",-0.0357627287729045,0.118574380974594,-0.301605865271748,127.06845738121,0.763445571465722,0.876791478394989
"s__Streptococcus_mitis","fixed",NA,"hd_exposurehigh_exposure",-0.0302371720650479,0.116952791952289,-0.258541686438603,123.521152373635,0.796419198276689,0.897049782896487
"s__Streptococcus_oralis","fixed",NA,"(Intercept)",-5.34501517123668,0.0373515114994572,-143.100371488698,161.866372140639,2.45455531833706e-172,5.10547506214109e-170
"s__Streptococcus_oralis","fixed",NA,"hd_exposurelow_exposure",-0.00929155929154576,0.0551759217078744,-0.168398805202374,134.931882919045,0.86652170829395,0.935613140944237
"s__Streptococcus_oralis","fixed",NA,"hd_exposurehigh_exposure",0.156389243898638,0.0542763476672088,2.88135164984804,133.71473636851,0.00461427797618717,0.0135178847753089
"s__Streptococcus_parasanguinis","fixed",NA,"(Intercept)",-4.75310683817758,0.173484464113559,-27.39788177843,129.270080738309,1.10162285966828e-55,3.95064749674142e-55
"s__Streptococcus_parasanguinis","fixed",NA,"hd_exposurelow_exposure",0.0145155435342213,0.263515255615965,0.0550842625801352,119.125919426816,0.956163611413329,0.980250975118156
"s__Streptococcus_parasanguinis","fixed",NA,"hd_exposurehigh_exposure",-0.0059330674999207,0.260640172425844,-0.022763442199643,115.528368427016,0.981878239861901,0.992715465079045
"s__Streptococcus_pasteurianus","fixed",NA,"(Intercept)",-5.45394680274407,0.0733726510067752,-74.3321486672255,149.547542051129,5.48104707280987e-120,1.03641617376768e-118
"s__Streptococcus_pasteurianus","fixed",NA,"hd_exposurelow_exposure",0.189514473218511,0.110714456575978,1.71174098739721,135.820572236946,0.0892268917665451,0.202709637605549
"s__Streptococcus_pasteurianus","fixed",NA,"hd_exposurehigh_exposure",-0.0584546481281304,0.109270077892374,-0.534955673644762,132.189998323911,0.593579238584051,0.770737217963799
"s__Streptococcus_salivarius","fixed",NA,"(Intercept)",-4.00161979894655,0.148753736755881,-26.9009699266485,135.799323169019,2.89395352031591e-56,1.04383063391742e-55
"s__Streptococcus_salivarius","fixed",NA,"hd_exposurelow_exposure",-0.0677737669626082,0.224596833752549,-0.301757446132471,122.19711629554,0.763349917611193,0.876791478394989
"s__Streptococcus_salivarius","fixed",NA,"hd_exposurehigh_exposure",0.107546205220876,0.221705193616186,0.485086539772536,118.543138034831,0.628510197199434,0.793841263332562
"s__Streptococcus_SGB14888","fixed",NA,"(Intercept)",-5.19956086798919,0.0487081124612792,-106.749381268318,114.140845049142,3.36562469777517e-116,5.3393639273179e-115
"s__Streptococcus_SGB14888","fixed",NA,"hd_exposurelow_exposure",0.0218966007526528,0.0741020028227146,0.295492698153373,105.029975970301,0.768200907602506,0.880093083862847
"s__Streptococcus_SGB14888","fixed",NA,"hd_exposurehigh_exposure",-0.0863331085470878,0.0733383396287532,-1.17718929804132,101.608563296381,0.241870113692337,0.43204279850387
"s__Streptococcus_SGB15012","fixed",NA,"(Intercept)",-5.69060931464021,0.0853560075798816,-66.6691130007994,131.050719136214,5.50849296021558e-103,4.95764366419402e-102
"s__Streptococcus_SGB15012","fixed",NA,"hd_exposurelow_exposure",0.225898107255894,0.130236240715301,1.73452570509703,123.381610201866,0.0853222546364879,0.196220221964994
"s__Streptococcus_SGB15012","fixed",NA,"hd_exposurehigh_exposure",0.207088301115528,0.129054453081989,1.60465831414561,120.077096230142,0.11119598653011,0.243139260633974
"s__Streptococcus_thermophilus","fixed",NA,"(Intercept)",-4.87726924978317,0.0710441377992312,-68.651255414855,147.450439422398,8.06092460827791e-114,1.12612319900718e-112
"s__Streptococcus_thermophilus","fixed",NA,"hd_exposurelow_exposure",0.218226787698133,0.106042710006804,2.05791409597256,126.87095414799,0.0416462928664261,0.105353865197229
"s__Streptococcus_thermophilus","fixed",NA,"hd_exposurehigh_exposure",0.0775324033367664,0.104419123365449,0.742511532733484,124.051884307781,0.459181142414757,0.647923986514054
"s__Streptococcus_vestibularis","fixed",NA,"(Intercept)",-4.83016053420804,0.056769904891166,-85.0831183083356,138.286580231151,2.6045438506039e-121,5.13232219824263e-120
"s__Streptococcus_vestibularis","fixed",NA,"hd_exposurelow_exposure",0.121102628259356,0.0864265765456369,1.401219776366,129.435019284911,0.163541496813282,0.329902674606104
"s__Streptococcus_vestibularis","fixed",NA,"hd_exposurehigh_exposure",0.0874474452036605,0.0855599834001151,1.0220601001606,125.94373480005,0.308711661660985,0.500419434049813
"s__Sutterella_SGB9298","fixed",NA,"(Intercept)",-5.03955967038753,0.0795957656411343,-63.314419175373,134.449932908413,5.7714011771364e-102,5.0486275717754e-101
"s__Sutterella_SGB9298","fixed",NA,"hd_exposurelow_exposure",0.11647586060288,0.122040249747532,0.954405295333603,129.366168427831,0.341658512109368,0.53471272601279
"s__Sutterella_SGB9298","fixed",NA,"hd_exposurehigh_exposure",0.266170172917829,0.121224384375854,2.19568178702869,126.698772764475,0.0299356975901837,0.0790403750194977
"s__Sutterella_sp_AM11_39","fixed",NA,"(Intercept)",-5.19439274300338,0.0766605591456826,-67.7583466764463,115.923026282615,4.34716007064574e-95,2.94850856965537e-94
"s__Sutterella_sp_AM11_39","fixed",NA,"hd_exposurelow_exposure",-0.182899714415709,0.118606187224707,-1.54207565975622,115.309632337929,0.125795138185103,0.266389704391982
"s__Sutterella_sp_AM11_39","fixed",NA,"hd_exposurehigh_exposure",-0.255378860511416,0.11848952422234,-2.15528640348163,114.861732875746,0.0332264808049068,0.0865090014837073
"s__Sutterella_wadsworthensis","fixed",NA,"(Intercept)",-3.89956845598717,0.241293645871703,-16.1610905330702,117.681380526242,1.16698951536758e-31,3.61091631862496e-31
"s__Sutterella_wadsworthensis","fixed",NA,"hd_exposurelow_exposure",-1.1544969876208,0.371655359618386,-3.10636442538117,114.913700105067,0.00238635947300039,0.00711347919340245
"s__Sutterella_wadsworthensis","fixed",NA,"hd_exposurehigh_exposure",-0.353125968816399,0.370158723822432,-0.953985266563098,113.197636639591,0.342123850891218,0.53471272601279
"s__TM7_phylum_sp_oral_taxon_352","fixed",NA,"(Intercept)",-5.10981643181175,0.0354154114708503,-144.282283322263,150.446393498495,3.3314275295417e-163,4.45459452521576e-161
"s__TM7_phylum_sp_oral_taxon_352","fixed",NA,"hd_exposurelow_exposure",0.0281378823567539,0.0523194320559269,0.537809399893253,122.871265342236,0.591681419779657,0.770422271413174
"s__TM7_phylum_sp_oral_taxon_352","fixed",NA,"hd_exposurehigh_exposure",0.0615864485229524,0.0514666008031792,1.19662941717239,121.637309660231,0.233778167358681,0.420800701245626
"s__Turicibacter_bilis","fixed",NA,"(Intercept)",-5.40336937003776,0.13157379280444,-41.0672160075894,134.39469285235,6.19752281977554e-78,2.95963334658669e-77
"s__Turicibacter_bilis","fixed",NA,"hd_exposurelow_exposure",0.107856729934774,0.194704739872345,0.553950201754144,107.855474998089,0.580759609890248,0.760799153054265
"s__Turicibacter_bilis","fixed",NA,"hd_exposurehigh_exposure",-0.128047812784434,0.191549481351127,-0.668484257337724,106.348364225737,0.505272900490707,0.693962486954221
"s__Turicibacter_sanguinis","fixed",NA,"(Intercept)",-5.77651937845196,0.0683029772263399,-84.5719998311338,126.117402787497,6.1812081719772e-113,8.09176342513379e-112
"s__Turicibacter_sanguinis","fixed",NA,"hd_exposurelow_exposure",0.0150715813943181,0.101877826539642,0.147937798697086,105.049006276148,0.882675444200914,0.941846564507835
"s__Turicibacter_sanguinis","fixed",NA,"hd_exposurehigh_exposure",0.127807039983513,0.100307544279821,1.27415181880018,102.402635320263,0.205493679286606,0.383533566923755
"s__Tyzzerella_nexilis","fixed",NA,"(Intercept)",-4.78166761129438,0.161446302887141,-29.617696570215,121.691062299828,1.8085496481802e-57,6.6254499831572e-57
"s__Tyzzerella_nexilis","fixed",NA,"hd_exposurelow_exposure",0.0893048491367707,0.247861276670752,0.360301739490349,117.279722970115,0.719269571681859,0.853159144219585
"s__Tyzzerella_nexilis","fixed",NA,"hd_exposurehigh_exposure",-0.465187330610837,0.246382162118178,-1.88807228011786,114.859519293184,0.0615393074551894,0.148839255240458
"s__Veillonella_atypica","fixed",NA,"(Intercept)",-5.61876312433268,0.163417694769409,-34.3828318730174,133.750445736238,2.87067234167015e-68,1.17848654026459e-67
"s__Veillonella_atypica","fixed",NA,"hd_exposurelow_exposure",0.665867891705407,0.246483014946075,2.70147576639747,119.528168932009,0.00790696518577588,0.022702206791062
"s__Veillonella_atypica","fixed",NA,"hd_exposurehigh_exposure",0.437756219131661,0.243239177515014,1.79969453771336,115.911605309929,0.0745102584179557,0.173919206681313
"s__Veillonella_dispar","fixed",NA,"(Intercept)",-5.53931976197258,0.184811048902028,-29.972882005064,135.270434526623,1.35596602103203e-61,5.24456279209084e-61
"s__Veillonella_dispar","fixed",NA,"hd_exposurelow_exposure",0.522069874535426,0.278775759501463,1.87272335108708,121.105869833436,0.0635178984649288,0.152442956315829
"s__Veillonella_dispar","fixed",NA,"hd_exposurehigh_exposure",0.281083330655905,0.27511373901601,1.02169863148691,117.480975435669,0.309022865356703,0.500419434049813
"s__Veillonella_parvula","fixed",NA,"(Intercept)",-4.86912686465802,0.209218544645507,-23.2729219721326,128.742842505865,5.8032551372313e-48,1.92618681150656e-47
"s__Veillonella_parvula","fixed",NA,"hd_exposurelow_exposure",0.404812648723164,0.318737973169893,1.27004838707245,120.242789704685,0.206519605682951,0.384681295361675
"s__Veillonella_parvula","fixed",NA,"hd_exposurehigh_exposure",0.593604924074116,0.315634577475532,1.88067140432398,116.813772980727,0.0625067873479227,0.150789569478494
"s__Veillonella_ratti","fixed",NA,"(Intercept)",-4.90104860150382,0.119076249083478,-41.1589098516864,129.423558493948,3.26793033848877e-76,1.5105100231237e-75
"s__Veillonella_ratti","fixed",NA,"hd_exposurelow_exposure",0.258476007583598,0.182828295637607,1.41376369933424,125.0451451788,0.159916057109765,0.323635523145383
"s__Veillonella_ratti","fixed",NA,"hd_exposurehigh_exposure",-0.226758153889127,0.181746201606374,-1.24766378545968,122.626960038946,0.214531540415785,0.39684095223157
"s__Veillonella_rogosae","fixed",NA,"(Intercept)",-5.19880291051889,0.130350488990364,-39.8832635825649,132.773296252142,8.89784049484042e-76,4.10264960747322e-75
"s__Veillonella_rogosae","fixed",NA,"hd_exposurelow_exposure",0.0779264438456942,0.193031245458012,0.40369860154399,106.75388781371,0.687241876791484,0.837305481787215
"s__Veillonella_rogosae","fixed",NA,"hd_exposurehigh_exposure",-0.117271519035176,0.189912219533749,-0.617503809513089,105.131221034819,0.538237700273558,0.725400269915119
"s__Vescimonas_coprocola","fixed",NA,"(Intercept)",-4.63270417765137,0.176179439591982,-26.2953735599362,123.760492008893,1.69598447356958e-52,5.85771759136948e-52
"s__Vescimonas_coprocola","fixed",NA,"hd_exposurelow_exposure",-0.11247690005179,0.269975793693811,-0.416618462392055,118.383010857107,0.677711925002358,0.832226035599493
"s__Vescimonas_coprocola","fixed",NA,"hd_exposurehigh_exposure",0.0783159233845635,0.268090577932443,0.29212486312853,115.637358276041,0.770714610925674,0.881893491230355
"s__Vescimonas_fastidiosa","fixed",NA,"(Intercept)",-5.92430633313247,0.109431880410259,-54.136932591511,124.005335120633,3.8348012161966e-88,2.14932571159283e-87
"s__Vescimonas_fastidiosa","fixed",NA,"hd_exposurelow_exposure",0.185442687016061,0.166898780632113,1.11110869901934,116.118277332112,0.268816943947989,0.459077180760013
"s__Vescimonas_fastidiosa","fixed",NA,"hd_exposurehigh_exposure",-0.0207423793711144,0.165352261196106,-0.125443578582298,112.797258685294,0.900395696541013,0.951208094765676
"s__Vescimonas_SGB15087","fixed",NA,"(Intercept)",-5.11963775539308,0.0925026630194786,-55.345841819873,114.970508614548,1.0201189109042e-84,5.26077851573738e-84
"s__Vescimonas_SGB15087","fixed",NA,"hd_exposurelow_exposure",0.0913578777972048,0.142185655973588,0.64252527564507,111.197140552476,0.521854762801146,0.708420678726429
"s__Vescimonas_SGB15087","fixed",NA,"hd_exposurehigh_exposure",0.00483011588873056,0.141435161007248,0.0341507433818599,109.034941469766,0.97281938474301,0.990586769068506
"s__Victivallis_lenta","fixed",NA,"(Intercept)",-4.68407946368095,0.127638528959217,-36.6980057031024,119.433356830436,7.00666392915613e-67,2.83293193852706e-66
"s__Victivallis_lenta","fixed",NA,"hd_exposurelow_exposure",0.223389288593584,0.19669474394669,1.13571559723085,116.905421605964,0.258398571685423,0.448287574380528
"s__Victivallis_lenta","fixed",NA,"hd_exposurehigh_exposure",-0.3683996793806,0.195965019862114,-1.8799257114347,115.307827799258,0.0626418866262566,0.150920993261715
"s__Victivallis_vadensis","fixed",NA,"(Intercept)",-4.61155474409636,0.0666127891123387,-69.2292697175497,120.33209621449,8.72169676149934e-99,6.94766652660714e-98
"s__Victivallis_vadensis","fixed",NA,"hd_exposurelow_exposure",-0.136416403851379,0.101824077593893,-1.33972638962123,113.677268188357,0.183006409375084,0.355750777102966
"s__Victivallis_vadensis","fixed",NA,"hd_exposurehigh_exposure",-0.0725595015820457,0.100986326318232,-0.718508180537172,110.607020327281,0.473959083473958,0.660305289192108
"s__Waltera_intestinalis","fixed",NA,"(Intercept)",-4.98109747492368,0.221857752817577,-22.4517620487186,122.845257605577,2.656818280646e-45,8.74088545056118e-45
"s__Waltera_intestinalis","fixed",NA,"hd_exposurelow_exposure",0.352445173492265,0.340293349983492,1.03570984713443,117.95699368476,0.302456150918056,0.493633752849696
"s__Waltera_intestinalis","fixed",NA,"hd_exposurehigh_exposure",0.62820911262527,0.338088553504823,1.85812002835615,115.368361470885,0.0657012594363272,0.157078873135127
"s__Weissella_cibaria","fixed",NA,"(Intercept)",-5.82712010315449,0.0548508337574117,-106.235761682786,251.999999995491,2.8406061150007e-211,2.65880732364066e-208
"s__Weissella_cibaria","fixed",NA,"hd_exposurelow_exposure",-0.203665603281494,0.0773395829757509,-2.6333941229726,251.999999997172,0.00897632178778775,0.0256153572968577
"s__Weissella_cibaria","fixed",NA,"hd_exposurehigh_exposure",-0.159902630569,0.0764609962827178,-2.0912967178423,251.99999999584,0.0375030203079222,0.0964363379346571
"s__Weissella_confusa","fixed",NA,"(Intercept)",-5.50720771135357,0.0906396388461215,-60.7593739501007,128.603102986842,1.40433902920331e-96,1.03095006379161e-95
"s__Weissella_confusa","fixed",NA,"hd_exposurelow_exposure",-0.256258153256427,0.132541420437944,-1.9334193975717,93.7663501244921,0.0562009587650341,0.13788754234357
"s__Weissella_confusa","fixed",NA,"hd_exposurehigh_exposure",-0.318263630114143,0.130370110307701,-2.44123157802792,94.6648331914285,0.0164957195420159,0.0456129792949096
