Species,effect,group,term,estimate,std.error,statistic,df,p.value,padj
s__Roseburia_SGB4949,fixed,NA,(Intercept),-6.561902848,0.044593117,-147.1505749,252,2.35E-246,4.39E-243
s__Weissella_cibaria,fixed,NA,(Intercept),-5.827120103,0.054850834,-106.2357617,252,2.84E-211,2.66E-208
s__Streptococcus_infantis,fixed,NA,(Intercept),-5.571749947,0.034945676,-159.4403239,161.8259732,7.55E-180,4.71E-177
s__Enterococcus_casseliflavus,fixed,NA,(Intercept),-5.021895478,0.034389143,-146.0314206,167.7903784,9.53E-179,4.46E-176
s__GGB9444_SGB14834,fixed,NA,(Intercept),-5.164478519,0.033746326,-153.0382432,163.3318841,2.72E-178,1.02E-175
s__Leuconostoc_lactis,fixed,NA,(Intercept),-5.874719791,0.041770544,-140.6426454,169.3338718,2.67E-177,8.34E-175
s__Lactococcus_petauri,fixed,NA,(Intercept),-5.460502734,0.042275906,-129.1634715,173.8691037,1.21E-174,3.24E-172
s__Bilophila_SGB69261,fixed,NA,(Intercept),-4.464421106,0.019019924,-234.7233942,131.0651634,6.96E-174,1.63E-171
s__Streptococcus_oralis,fixed,NA,(Intercept),-5.345015171,0.037351511,-143.1003715,161.8663721,2.45E-172,5.11E-170
s__Streptococcus_gordonii,fixed,NA,(Intercept),-5.509925208,0.044995814,-122.4541743,173.2232907,3.60E-170,6.74E-168
s__Bradyrhizobium_viridifuturi,fixed,NA,(Intercept),-5.272562384,0.075979422,-69.39460997,252,3.04E-166,5.18E-164
s__GGB3570_SGB4777,fixed,NA,(Intercept),-5.389795682,0.039835837,-135.300173,157.9118418,3.39E-165,5.26E-163
s__GGB9290_SGB14247,fixed,NA,(Intercept),-5.93930229,0.050804402,-116.9052702,171.1139373,3.66E-165,5.26E-163
s__TM7_phylum_sp_oral_taxon_352,fixed,NA,(Intercept),-5.109816432,0.035415411,-144.2822833,150.4463935,3.33E-163,4.45E-161
s__Candidatus_Stoquefichus_sp_SB1,fixed,NA,(Intercept),-5.503899761,0.036429082,-151.0853287,146.7016635,6.75E-163,8.43E-161
s__Clostridium_saudiense,fixed,NA,(Intercept),-5.399385021,0.040612891,-132.9475654,155.1553495,9.28E-162,1.09E-159
s__GGB33469_SGB15237,fixed,NA,(Intercept),-5.838631954,0.041941019,-139.2105426,151.1727464,1.71E-161,1.88E-159
s__Dysgonomonas_mossii,fixed,NA,(Intercept),-5.387977628,0.06092671,-88.43375324,194.2919996,6.75E-159,7.02E-157
s__Solibaculum_mannosilyticum,fixed,NA,(Intercept),-5.348346131,0.033769169,-158.3795581,137.2126185,3.04E-157,3.00E-155
s__Blautia_marasmi,fixed,NA,(Intercept),-5.425414685,0.048855422,-111.0504099,161.3768511,2.47E-154,2.31E-152
s__GGB9640_SGB15115,fixed,NA,(Intercept),-4.99272544,0.034113913,-146.354521,137.9950061,2.95E-153,2.63E-151
s__GGB28262_SGB40814,fixed,NA,(Intercept),-6.762645674,0.035976342,-187.9748009,121.0317088,3.81E-151,3.24E-149
s__Klebsiella_quasivariicola,fixed,NA,(Intercept),-5.254446992,0.038959285,-134.8702116,140.5144072,1.60E-150,1.30E-148
s__Drancourtella_sp_An57,fixed,NA,(Intercept),-4.745164881,0.039902695,-118.918407,148.5981247,3.02E-149,2.36E-147
s__Prevotella_buccalis,fixed,NA,(Intercept),-5.576510557,0.041511715,-134.3358278,138.3189284,1.98E-148,1.48E-146
s__Prevotella_disiens,fixed,NA,(Intercept),-5.46924631,0.054433543,-100.4756634,161.369052,2.05E-147,1.47E-145
s__Eggerthella_guodeyinii,fixed,NA,(Intercept),-5.446066308,0.060421591,-90.13444135,171.8191627,1.36E-146,9.43E-145
s__GGB3033_SGB4029,fixed,NA,(Intercept),-4.746844567,0.038554507,-123.1203537,141.9278535,3.83E-146,2.56E-144
s__Streptococcus_australis,fixed,NA,(Intercept),-5.208082695,0.052018878,-100.1190899,158.894861,1.83E-145,1.18E-143
s__GGB4774_SGB6609,fixed,NA,(Intercept),-5.276080978,0.052900716,-99.73553076,158.1206511,1.14E-144,7.11E-143
s__GGB3818_SGB5183,fixed,NA,(Intercept),-4.58045896,0.045560198,-100.5364144,157.0997837,1.68E-144,1.01E-142
s__GGB2998_SGB3989,fixed,NA,(Intercept),-5.172733124,0.046120575,-112.1567348,146.1769406,1.11E-143,6.49E-142
s__Streptococcus_gallolyticus,fixed,NA,(Intercept),-4.169893892,0.040158086,-103.8369682,151.0461238,2.34E-142,1.33E-140
s__Clostridiaceae_bacterium_NSJ_31,fixed,NA,(Intercept),-5.562964401,0.04379659,-127.0182087,134.8965792,2.85E-142,1.57E-140
s__Acidaminococcus_fermentans,fixed,NA,(Intercept),-3.73743609,0.029923868,-124.898161,136.035466,3.16E-142,1.69E-140
s__GGB3626_SGB4905,fixed,NA,(Intercept),-5.6164991,0.04757393,-118.0583381,140.1817755,3.30E-142,1.72E-140
s__Enterocloster_lavalensis,fixed,NA,(Intercept),-5.277162146,0.030768979,-171.5091741,116.6722841,4.65E-142,2.35E-140
s__Enterobacter_cloacae,fixed,NA,(Intercept),-5.763080372,0.077819802,-74.05673369,187.3233871,1.12E-140,5.50E-139
s__GGB3061_SGB4063,fixed,NA,(Intercept),-5.591166894,0.03143103,-177.8868507,113.2099792,2.03E-140,9.76E-139
s__Bacteroides_cutis,fixed,NA,(Intercept),-5.536872056,0.056533995,-97.9388081,152.0363815,2.91E-139,1.36E-137
s__Collinsella_SGB14987,fixed,NA,(Intercept),-5.022383328,0.032224984,-155.8537094,118.6358325,4.39E-139,2.01E-137
s__GGB3189_SGB4212,fixed,NA,(Intercept),-4.890682581,0.045003252,-108.6739821,142.5128159,5.72E-139,2.55E-137
s__Anaerofilum_sp_BX8,fixed,NA,(Intercept),-6.35944763,0.053795077,-118.2161642,134.954585,3.79E-138,1.65E-136
s__Lachnoclostridium_phocaeense,fixed,NA,(Intercept),-4.645174486,0.0420213,-110.543331,139.4601079,1.07E-137,4.55E-136
s__Kluyvera_genomosp_3,fixed,NA,(Intercept),-5.643902273,0.069997473,-80.63008653,168.6068615,1.38E-136,5.75E-135
s__Faecalitalea_cylindroides,fixed,NA,(Intercept),-4.49796231,0.031624952,-142.2282718,120.904097,1.94E-136,7.89E-135
s__GGB9774_SGB15394,fixed,NA,(Intercept),-5.40518815,0.049882842,-108.3576618,137.8105853,2.93E-135,1.17E-133
s__GGB36599_SGB9269,fixed,NA,(Intercept),-4.804100608,0.053194726,-90.31159563,152.0961503,4.88E-134,1.90E-132
s__GGB6020_SGB14985,fixed,NA,(Intercept),-5.694199475,0.064472113,-88.32034788,153.5046686,1.67E-133,6.39E-132
s__GGB9646_SGB15123,fixed,NA,(Intercept),-5.458673717,0.046403895,-117.6339552,129.4407034,1.85E-133,6.94E-132
s__Rothia_mucilaginosa,fixed,NA,(Intercept),-6.197901691,0.064192936,-96.55114848,144.000565,8.76E-133,3.22E-131
s__GGB32387_SGB47381,fixed,NA,(Intercept),-4.825818762,0.041559145,-116.1192975,128.33803,7.42E-132,2.67E-130
s__Clostridium_SGB6179,fixed,NA,(Intercept),-5.089815746,0.05508731,-92.39543111,146.3496934,1.15E-131,4.07E-130
s__Enterobacter_kobei,fixed,NA,(Intercept),-5.748276723,0.051109027,-112.4708691,130.0302605,2.02E-131,7.00E-130
s__Candidatus_Alloruminococcus_vanvlietii,fixed,NA,(Intercept),-6.445901103,0.065229443,-98.81888885,138.6620562,2.01E-130,6.86E-129
s__Clostridium_SGB4751,fixed,NA,(Intercept),-5.723333625,0.047036712,-121.6780123,123.1700664,3.50E-130,1.17E-128
s__Bacteroides_gallinarum,fixed,NA,(Intercept),-6.281458817,0.046019532,-136.4954967,115.437588,1.90E-129,6.25E-128
s__Streptococcus_anginosus,fixed,NA,(Intercept),-5.309394144,0.048475944,-109.5263691,129.1652172,2.86E-129,9.22E-128
s__GGB3538_SGB4728,fixed,NA,(Intercept),-5.353558754,0.042611805,-125.6355767,119.4901499,9.02E-129,2.86E-127
s__Actinomyces_sp_ICM47,fixed,NA,(Intercept),-6.360258967,0.06053708,-105.0638542,131.3278343,1.36E-128,4.24E-127
s__Lachnoclostridium_sp_An131,fixed,NA,(Intercept),-6.272111525,0.058091182,-107.9701134,129.0534143,2.17E-128,6.65E-127
s__Morganella_morganii,fixed,NA,(Intercept),-5.469889871,0.058586929,-93.36365524,140.2040308,4.08E-128,1.23E-126
s__Clostridioides_difficile,fixed,NA,(Intercept),-4.743824299,0.051017207,-92.9847911,140.4599356,4.77E-128,1.42E-126
s__GGB9691_SGB15198,fixed,NA,(Intercept),-4.734911364,0.04622262,-102.437104,132.4894303,5.02E-128,1.47E-126
s__Gemella_sanguinis,fixed,NA,(Intercept),-6.403875649,0.074440888,-86.02632042,147.3765294,7.22E-128,2.05E-126
s__Phocaeicola_sartorii,fixed,NA,(Intercept),-6.461875956,0.051924797,-124.4468212,119.0021763,7.20E-128,2.05E-126
s__Senegalimassilia_faecalis,fixed,NA,(Intercept),-5.643296406,0.057570116,-98.02475371,135.4312263,1.23E-127,3.42E-126
s__Citrobacter_freundii,fixed,NA,(Intercept),-4.907684756,0.068261717,-71.89512619,165.7672075,6.95E-127,1.89E-125
s__Prevotella_timonensis,fixed,NA,(Intercept),-5.556635734,0.058371169,-95.19486738,136.7775682,6.93E-127,1.89E-125
s__Alistipes_SGB2300,fixed,NA,(Intercept),-5.010589844,0.050550065,-99.12133361,132.7822587,2.28E-126,6.09E-125
s__GGB9537_SGB14940,fixed,NA,(Intercept),-5.965474843,0.062696328,-95.14871155,135.9342655,2.89E-126,7.63E-125
s__Intestinimonas_timonensis,fixed,NA,(Intercept),-5.306944644,0.053232214,-99.69423136,132.1178859,3.26E-126,8.47E-125
s__Formosa_SGB1638,fixed,NA,(Intercept),-4.931112807,0.042178402,-116.9108502,120.5675189,6.03E-126,1.55E-124
s__GGB9767_SGB15385,fixed,NA,(Intercept),-4.715489235,0.03478046,-135.578691,111.7430446,8.14E-126,2.06E-124
s__GGB2983_SGB3965,fixed,NA,(Intercept),-5.077339441,0.04465039,-113.7132147,121.9697205,1.24E-125,3.10E-124
s__GGB52106_SGB72838,fixed,NA,(Intercept),-5.457083957,0.047845393,-114.0566229,120.8725596,6.57E-125,1.62E-123
s__GGB34900_SGB14891,fixed,NA,(Intercept),-5.719873169,0.052382512,-109.1943284,123.3389651,1.41E-124,3.43E-123
s__Emergencia_timonensis,fixed,NA,(Intercept),-4.366899861,0.037284117,-117.1249362,118.4652698,2.55E-124,6.11E-123
s__Ellagibacter_isourolithinifaciens,fixed,NA,(Intercept),-5.354165739,0.046637816,-114.8030965,119.69562,2.69E-124,6.38E-123
s__Candidatus_Pseudobutyricicoccus_lothianensis,fixed,NA,(Intercept),-5.131153558,0.059334423,-86.4785276,141.2298334,3.34E-124,7.82E-123
s__Neobittarella_massiliensis,fixed,NA,(Intercept),-6.073371618,0.059624686,-101.8600177,127.6151905,4.29E-124,9.92E-123
s__GGB1239_SGB1657,fixed,NA,(Intercept),-3.547656045,0.034427781,-103.0463181,126.3660904,8.64E-124,1.97E-122
s__GGB80011_SGB15267,fixed,NA,(Intercept),-4.08249449,0.038555948,-105.8849463,124.2899432,1.12E-123,2.54E-122
s__Granulicatella_SGB8255,fixed,NA,(Intercept),-6.108147714,0.080902522,-75.50009029,154.0359879,1.37E-123,3.05E-122
s__Fusobacterium_ulcerans,fixed,NA,(Intercept),-4.950081021,0.044754545,-110.6051031,121.1456501,1.58E-123,3.49E-122
s__GGB3588_SGB4808,fixed,NA,(Intercept),-5.491274353,0.048366316,-113.5350957,118.7340953,5.98E-123,1.30E-121
s__GGB9189_SGB14128,fixed,NA,(Intercept),-5.678044018,0.066649072,-85.19314442,140.6173247,6.65E-123,1.43E-121
s__GGB3819_SGB5184,fixed,NA,(Intercept),-4.778808374,0.043968227,-108.6877657,121.4465494,7.50E-123,1.59E-121
s__GGB3351_SGB4434,fixed,NA,(Intercept),-5.790688278,0.046594983,-124.2770774,112.9448337,1.19E-122,2.51E-121
s__Acidaminococcus_SGB5735,fixed,NA,(Intercept),-6.02962391,0.059811822,-100.8099017,125.936886,2.79E-122,5.80E-121
s__GGB9186_SGB14125,fixed,NA,(Intercept),-4.848089248,0.047574427,-101.9053636,125.0983256,3.08E-122,6.34E-121
s__GGB3815_SGB5180,fixed,NA,(Intercept),-5.386384876,0.064627643,-83.34490669,141.2829536,5.14E-122,1.05E-120
s__GGB9345_SGB14311,fixed,NA,(Intercept),-4.719239938,0.050123165,-94.15287215,130.4871087,7.94E-122,1.60E-120
s__GGB3534_SGB4722,fixed,NA,(Intercept),-6.19892165,0.066369815,-93.39971233,130.6679897,1.66E-121,3.31E-120
s__Streptococcus_vestibularis,fixed,NA,(Intercept),-4.830160534,0.056769905,-85.08311831,138.2865802,2.60E-121,5.13E-120
s__Harryflintia_acetispora,fixed,NA,(Intercept),-5.790651388,0.053538747,-108.1581427,119.1364885,8.68E-121,1.69E-119
s__GGB33586_SGB53517,fixed,NA,(Intercept),-5.108272559,0.065558245,-77.91960468,145.6138149,1.32E-120,2.55E-119
s__Cloacibacillus_evryensis,fixed,NA,(Intercept),-5.148954648,0.047901732,-107.489947,118.6118126,4.64E-120,8.87E-119
s__Streptococcus_pasteurianus,fixed,NA,(Intercept),-5.453946803,0.073372651,-74.33214867,149.5475421,5.48E-120,1.04E-118
s__Blautia_faecicola,fixed,NA,(Intercept),-5.5963962,0.064281548,-87.0606939,133.852238,1.02E-119,1.92E-118
s__Anaerotruncus_rubiinfantis,fixed,NA,(Intercept),-5.64844766,0.062234539,-90.76065793,130.0049912,1.91E-119,3.55E-118
s__Enterococcus_avium,fixed,NA,(Intercept),-4.93044242,0.054598676,-90.30333331,130.3878947,1.99E-119,3.65E-118
s__GGB9724_SGB15278,fixed,NA,(Intercept),-5.91605956,0.062407288,-94.79757424,126.2067866,3.73E-119,6.78E-118
s__GGB77437_SGB9391,fixed,NA,(Intercept),-5.85612135,0.062193625,-94.15951224,126.5258759,5.12E-119,9.21E-118
s__GGB9522_SGB14921,fixed,NA,(Intercept),-5.323868892,0.047542715,-111.980751,114.4119562,9.09E-119,1.62E-117
s__Pyramidobacter_piscolens,fixed,NA,(Intercept),-5.082818582,0.063942814,-79.49006774,140.4516331,1.18E-118,2.08E-117
s__GGB9619_SGB15066,fixed,NA,(Intercept),-5.042664469,0.054139225,-93.1425319,126.7745316,1.32E-118,2.31E-117
s__GGB36267_SGB14177,fixed,NA,(Intercept),-5.249811667,0.046989302,-111.723551,114.1482868,1.93E-118,3.34E-117
s__Clostridia_bacterium,fixed,NA,(Intercept),-5.888165793,0.062510355,-94.19504689,125.4587786,2.82E-118,4.85E-117
s__Clostridium_perfringens,fixed,NA,(Intercept),-5.461680301,0.081605091,-66.92818096,158.7199651,3.09E-118,5.26E-117
s__GGB2958_SGB3940,fixed,NA,(Intercept),-5.489270513,0.057246355,-95.8885589,123.9942783,3.58E-118,6.04E-117
s__Gordonibacter_pamelaeae,fixed,NA,(Intercept),-6.009322578,0.056891711,-105.6273827,116.6802521,1.15E-117,1.92E-116
s__Enterococcus_gallinarum,fixed,NA,(Intercept),-5.798816774,0.070950373,-81.73060296,135.9453332,1.88E-117,3.12E-116
s__Clostridium_sp_chh4_2,fixed,NA,(Intercept),-6.21972173,0.070926598,-87.69237413,129.6980859,2.51E-117,4.13E-116
s__Clostridium_sp_AM42_4,fixed,NA,(Intercept),-5.192076689,0.049895787,-104.0584189,117.1136006,2.99E-117,4.87E-116
s__Clostridium_paraputrificum,fixed,NA,(Intercept),-5.242206995,0.076170841,-68.82170279,153.4177296,3.09E-117,4.98E-116
s__Alistipes_sp_D31t1_170403_E11,fixed,NA,(Intercept),-4.343239226,0.049712267,-87.3675546,128.5858656,2.29E-116,3.66E-115
s__Streptococcus_SGB14888,fixed,NA,(Intercept),-5.199560868,0.048708112,-106.7493813,114.140845,3.37E-116,5.34E-115
s__Lachnotalea_sp_AF33_28,fixed,NA,(Intercept),-6.001340486,0.071835166,-83.54321182,131.9676129,3.93E-116,6.19E-115
s__GGB9760_SGB15373,fixed,NA,(Intercept),-5.626258607,0.070774699,-79.49533801,136.3626662,4.14E-116,6.46E-115
s__Hydrogeniiclostidium_mannosilyticum,fixed,NA,(Intercept),-6.15911126,0.080006451,-76.9826834,139.2530365,5.15E-116,7.96E-115
s__Candidatus_Neochristensenella_gallicola,fixed,NA,(Intercept),-5.220097217,0.058114242,-89.82474997,125.7434398,6.37E-116,9.77E-115
s__Olsenella_SGB72492,fixed,NA,(Intercept),-4.719427103,0.053587716,-88.06919672,126.7339371,1.53E-115,2.33E-114
s__Lachnospiraceae_bacterium_NSJ_46,fixed,NA,(Intercept),-6.005339744,0.062662277,-95.83660258,120.135788,2.48E-115,3.74E-114
s__Clostridiales_bacterium_NSJ_40,fixed,NA,(Intercept),-5.364046835,0.0520679,-103.0202253,115.0934659,3.43E-115,5.14E-114
s__Klebsiella_variicola,fixed,NA,(Intercept),-5.4711531,0.083689728,-65.37424903,155.5301321,5.03E-115,7.48E-114
s__Collinsella_stercoris,fixed,NA,(Intercept),-4.508462687,0.050693314,-88.93604229,125.2063116,5.13E-115,7.56E-114
s__GGB9602_SGB15028,fixed,NA,(Intercept),-5.196307019,0.056513269,-91.94844174,122.3589086,8.75E-115,1.28E-113
s__Christensenellaceae_bacterium_NSJ_44,fixed,NA,(Intercept),-6.261098077,0.070931698,-88.26939558,125.3859141,9.75E-115,1.41E-113
s__Phascolarctobacterium_SGB4573,fixed,NA,(Intercept),-5.456106948,0.053153092,-102.6489098,114.6954764,1.05E-114,1.51E-113
s__Lachnoclostridium_sp_An138,fixed,NA,(Intercept),-6.176871227,0.069256286,-89.18859991,124.4211141,1.27E-114,1.81E-113
s__GGB42389_SGB59559,fixed,NA,(Intercept),-6.230211868,0.071475766,-87.1653734,125.4963066,3.87E-114,5.49E-113
s__Intestinibacillus_sp_Marseille_P6563,fixed,NA,(Intercept),-6.355510013,0.067881992,-93.62586216,119.9205223,5.63E-114,7.93E-113
s__Streptococcus_thermophilus,fixed,NA,(Intercept),-4.87726925,0.071044138,-68.65125542,147.4504394,8.06E-114,1.13E-112
s__GGB33928_SGB15225,fixed,NA,(Intercept),-5.09921762,0.067921859,-75.0747648,137.9914822,8.91E-114,1.24E-112
s__Butyricimonas_synergistica,fixed,NA,(Intercept),-5.119079329,0.06068427,-84.35595109,127.4697493,1.06E-113,1.45E-112
s__Enterococcus_raffinosus,fixed,NA,(Intercept),-5.286596841,0.058497713,-90.37270929,122.1059531,1.06E-113,1.45E-112
s__GGB9695_SGB15209,fixed,NA,(Intercept),-5.55014783,0.066582288,-83.35772154,128.2985434,1.34E-113,1.82E-112
s__GGB34228_SGB72916,fixed,NA,(Intercept),-5.813051028,0.064509929,-90.11095055,121.6299385,3.24E-113,4.37E-112
s__Streptococcus_equinus,fixed,NA,(Intercept),-5.247872233,0.077109017,-68.05782838,147.2720715,3.49E-113,4.67E-112
s__GGB8965_SGB13825,fixed,NA,(Intercept),-6.367328169,0.08201711,-77.63414433,133.6799086,4.47E-113,5.93E-112
s__Raoultibacter_timonensis,fixed,NA,(Intercept),-5.897489588,0.052397451,-112.5529856,107.0169123,5.69E-113,7.51E-112
s__Turicibacter_sanguinis,fixed,NA,(Intercept),-5.776519378,0.068302977,-84.57199983,126.1174028,6.18E-113,8.09E-112
s__Clostridium_spiroforme,fixed,NA,(Intercept),-6.119740543,0.087947123,-69.58431794,144.3432909,6.31E-113,8.20E-112
s__Lactonifactor_sp_BIOML_A6,fixed,NA,(Intercept),-5.650533068,0.06477953,-87.22713922,123.462719,8.76E-113,1.13E-111
s__GGB79630_SGB13983,fixed,NA,(Intercept),-4.945533544,0.058858038,-84.02477781,126.2722116,1.09E-112,1.40E-111
s__Candidatus_Parachristensenella_avicola,fixed,NA,(Intercept),-6.037227916,0.06663092,-90.60700238,120.1357334,1.91E-112,2.44E-111
s__GGB58158_SGB79798,fixed,NA,(Intercept),-6.372400655,0.080456471,-79.20308471,130.5357856,3.16E-112,3.99E-111
s__Gordonibacter_urolithinfaciens,fixed,NA,(Intercept),-5.471574668,0.046660238,-117.2641817,103.6007517,5.69E-112,7.15E-111
s__GGB9775_SGB15395,fixed,NA,(Intercept),-4.936371114,0.055951346,-88.22613671,121.3243675,6.66E-112,8.31E-111
s__GGB79973_SGB14341,fixed,NA,(Intercept),-5.630199026,0.065850376,-85.49987685,123.5055609,9.30E-112,1.15E-110
s__GGB1093_SGB1404,fixed,NA,(Intercept),-4.40158168,0.048645352,-90.4830874,119.2095584,1.02E-111,1.26E-110
s__Collinsella_SGB15196,fixed,NA,(Intercept),-4.74794095,0.045770452,-103.7337563,109.928981,1.66E-111,2.03E-110
s__Desulfovibrio_SGB5076,fixed,NA,(Intercept),-5.619788758,0.077100736,-72.88891199,137.0134978,1.79E-111,2.18E-110
s__Candidatus_Woodwardibium_gallinarum,fixed,NA,(Intercept),-4.317890043,0.03357139,-128.6181482,98.35322186,2.09E-111,2.53E-110
s__GGB9469_SGB14863,fixed,NA,(Intercept),-5.289982816,0.061957153,-85.38130916,123.0681389,2.18E-111,2.61E-110
s__Lachnospiraceae_bacterium_NSJ_29,fixed,NA,(Intercept),-5.849512775,0.066911422,-87.42173811,121.0852129,2.91E-111,3.47E-110
s__Blautia_sp_OF03_15BH,fixed,NA,(Intercept),-5.299112771,0.070289982,-75.389303,133.1000266,4.67E-111,5.53E-110
s__Mogibacterium_sp_NSJ_24,fixed,NA,(Intercept),-5.527553414,0.062758584,-88.0764515,120.1289483,5.53E-111,6.48E-110
s__Oxalobacter_formigenes,fixed,NA,(Intercept),-5.41882052,0.045177003,-119.9464365,101.2821471,5.54E-111,6.48E-110
s__Blautia_hydrogenotrophica,fixed,NA,(Intercept),-5.585236735,0.062238698,-89.73897129,118.64359,6.75E-111,7.85E-110
s__Eubacterium_limosum,fixed,NA,(Intercept),-5.397946097,0.066503483,-81.16787045,125.1407769,4.35E-110,5.02E-109
s__GGB3000_SGB3991,fixed,NA,(Intercept),-5.627097575,0.070984872,-79.27178633,127.0695788,4.58E-110,5.26E-109
s__Clostridium_SGB4909,fixed,NA,(Intercept),-5.423991887,0.078228338,-69.33538422,137.850806,4.72E-109,5.39E-108
s__Clostridium_hylemonae,fixed,NA,(Intercept),-5.354949428,0.073444745,-72.91126676,132.6382216,6.78E-109,7.69E-108
s__Alistipes_provencensis,fixed,NA,(Intercept),-5.464172999,0.067518951,-80.92799015,123.2827296,1.03E-108,1.16E-107
s__Candidatus_Heritagella_intestinalis,fixed,NA,(Intercept),-5.243085068,0.061595906,-85.12067464,118.8757011,2.25E-108,2.52E-107
s__GGB35068_SGB47850,fixed,NA,(Intercept),-6.200447126,0.082600568,-75.0654299,129.0876052,2.31E-108,2.58E-107
s__GGB3614_SGB4886,fixed,NA,(Intercept),-4.946921426,0.062562033,-79.07226132,124.4830096,2.86E-108,3.16E-107
s__Eubacteriales_unclassified_SGB15145,fixed,NA,(Intercept),-4.382130187,0.056217186,-77.95000891,125.3648714,4.49E-108,4.94E-107
s__Bacteroides_bouchesdurhonensis,fixed,NA,(Intercept),-5.282852335,0.053726297,-98.32898576,108.6274008,5.51E-108,6.04E-107
s__Butyricimonas_faecalis,fixed,NA,(Intercept),-5.189410624,0.069568407,-74.5943577,128.8893426,6.77E-108,7.36E-107
s__Streptococcus_mitis,fixed,NA,(Intercept),-5.128365411,0.078772304,-65.10366119,142.4233169,7.41E-108,8.02E-107
s__Phocaeicola_SGB6473,fixed,NA,(Intercept),-4.048790356,0.048908062,-82.78370019,120.161969,7.98E-108,8.58E-107
s__Butyricicoccus_sp_AM29_23AC,fixed,NA,(Intercept),-4.80052506,0.060734002,-79.04180338,123.7874164,8.40E-108,8.98E-107
s__Alistipes_SGB2302,fixed,NA,(Intercept),-5.96670444,0.075331485,-79.20598429,123.3564848,1.24E-107,1.32E-106
s__GGB9531_SGB14932,fixed,NA,(Intercept),-5.704039016,0.074342695,-76.72628788,125.6411356,2.10E-107,2.22E-106
s__GGB9759_SGB15370,fixed,NA,(Intercept),-6.196850877,0.092575966,-66.93800959,138.3069652,2.94E-107,3.09E-106
s__Christensenella_minuta,fixed,NA,(Intercept),-5.907729873,0.070471109,-83.83194169,118.1456674,4.19E-107,4.38E-106
s__Faecalicatena_contorta,fixed,NA,(Intercept),-5.737358824,0.09254915,-61.9925609,146.6144209,4.44E-107,4.62E-106
s__Methylobacterium_SGB15164,fixed,NA,(Intercept),-5.652094223,0.092564464,-61.06116744,148.2889396,5.43E-107,5.61E-106
s__GGB42994_SGB4746,fixed,NA,(Intercept),-5.164763326,0.061594847,-83.85057468,117.7595492,7.46E-107,7.68E-106
s__GGB4684_SGB6478,fixed,NA,(Intercept),-4.9030899,0.07589617,-64.60260016,141.3040861,8.48E-107,8.68E-106
s__Massilioclostridium_coli,fixed,NA,(Intercept),-6.238915609,0.077448215,-80.555964,120.6334188,9.77E-107,9.94E-106
s__Parabacteroides_faecis,fixed,NA,(Intercept),-6.051437625,0.077197081,-78.38946201,122.5985628,1.33E-106,1.35E-105
s__Clostridiaceae_bacterium_OM02_2AC,fixed,NA,(Intercept),-5.756679482,0.08096673,-71.09932058,130.7945137,2.13E-106,2.14E-105
s__GGB2987_SGB3969,fixed,NA,(Intercept),-5.189932249,0.069217514,-74.98004377,125.4382749,4.76E-106,4.76E-105
s__Clostridium_methylpentosum,fixed,NA,(Intercept),-6.641771495,0.049032925,-135.4553382,90.14728884,5.88E-106,5.86E-105
s__GGB3446_SGB4597,fixed,NA,(Intercept),-5.606007544,0.067431046,-83.13689146,116.9667971,6.91E-106,6.85E-105
s__Mediterraneibacter_massiliensis,fixed,NA,(Intercept),-6.029021556,0.080790908,-74.62500097,125.2560721,1.10E-105,1.09E-104
s__GGB3002_SGB3993,fixed,NA,(Intercept),-5.952726267,0.077229456,-77.07844354,121.9307863,2.69E-105,2.64E-104
s__Murimonas_intestini,fixed,NA,(Intercept),-5.496697483,0.067449157,-81.49393889,117.5151665,2.95E-105,2.88E-104
s__Anaerococcus_SGB53821,fixed,NA,(Intercept),-5.314100372,0.07257973,-73.21741721,125.6169637,6.85E-105,6.64E-104
s__GGB9608_SGB15041,fixed,NA,(Intercept),-5.358339001,0.066989764,-79.98742894,118.3549629,7.10E-105,6.85E-104
s__GGB4716_SGB14929,fixed,NA,(Intercept),-5.020460986,0.062812314,-79.92797352,118.110978,1.12E-104,1.08E-103
s__GGB9062_SGB13981,fixed,NA,(Intercept),-4.343410914,0.055765273,-77.88737772,119.9653234,1.42E-104,1.36E-103
s__GGB51510_SGB71883,fixed,NA,(Intercept),-5.911335285,0.094208858,-62.74712833,140.0106073,2.16E-104,2.05E-103
s__Blautia_glucerasea,fixed,NA,(Intercept),-5.320954482,0.07717264,-68.94871647,130.1709509,2.44E-104,2.31E-103
s__Eisenbergiella_sp_OF01_20,fixed,NA,(Intercept),-5.635304876,0.096191907,-58.58398136,147.9065046,3.03E-104,2.85E-103
s__Oscillibacter_SGB15077,fixed,NA,(Intercept),-5.90118234,0.085475131,-69.03975756,129.5515243,4.71E-104,4.41E-103
s__Enterobacter_hormaechei,fixed,NA,(Intercept),-6.086492524,0.09465042,-64.30497106,136.4584948,6.28E-104,5.85E-103
s__GGB3730_SGB5060,fixed,NA,(Intercept),-5.367955534,0.069296274,-77.4638403,119.3230972,6.98E-104,6.47E-103
s__GGB13493_SGB15238,fixed,NA,(Intercept),-6.095181241,0.072666184,-83.87919757,113.2754176,8.38E-104,7.73E-103
s__GGB3510_SGB4687,fixed,NA,(Intercept),-5.380645335,0.081668329,-65.8841122,133.5579428,1.01E-103,9.25E-103
s__Oscillospiraceae_bacterium_NSJ_64,fixed,NA,(Intercept),-6.025084819,0.068879024,-87.47343446,110.254336,1.08E-103,9.82E-103
s__GGB9708_SGB15233,fixed,NA,(Intercept),-5.684042526,0.080450198,-70.65293391,125.9741745,3.33E-103,3.03E-102
s__Parabacteroides_sp_TM07_1AC,fixed,NA,(Intercept),-4.971048916,0.058141523,-85.49911796,110.9294329,4.32E-103,3.91E-102
s__Streptococcus_SGB15012,fixed,NA,(Intercept),-5.690609315,0.085356008,-66.669113,131.0507188,5.51E-103,4.96E-102
s__GGB9818_SGB15459,fixed,NA,(Intercept),-5.891054848,0.083037322,-70.94466346,125.2286849,5.59E-103,5.01E-102
s__Clostridium_sp_C5_48,fixed,NA,(Intercept),-4.900173004,0.072077922,-67.98438211,128.4187422,1.47E-102,1.31E-101
s__GGB3363_SGB4447,fixed,NA,(Intercept),-5.539120137,0.069552779,-79.63909125,115.049722,1.79E-102,1.59E-101
s__Ruminococcaceae_bacterium_AM28_23LB,fixed,NA,(Intercept),-5.289143938,0.074519607,-70.97654133,124.3358617,1.81E-102,1.60E-101
s__Hungatella_effluvii,fixed,NA,(Intercept),-5.503206032,0.077623693,-70.89595701,124.1260484,2.77E-102,2.44E-101
s__Sutterella_SGB9298,fixed,NA,(Intercept),-5.03955967,0.079595766,-63.31441918,134.4499328,5.77E-102,5.05E-101
s__Collinsella_bouchesdurhonensis,fixed,NA,(Intercept),-4.94910809,0.062020933,-79.79738186,114.0953737,6.17E-102,5.37E-101
s__GGB2848_SGB3813,fixed,NA,(Intercept),-5.538404931,0.082611749,-67.04137122,128.5958938,6.66E-102,5.77E-101
s__Massilimicrobiota_sp_An134,fixed,NA,(Intercept),-5.677286797,0.073965721,-76.75564683,116.570364,1.20E-101,1.04E-100
s__Eubacterium_sp_AF34_35BH,fixed,NA,(Intercept),-4.317351103,0.069044134,-62.53031036,134.0079451,5.01E-101,4.30E-100
s__GGB3828_SGB5197,fixed,NA,(Intercept),-5.777875246,0.088408641,-65.35419144,129.3719276,5.95E-101,5.08E-100
s__GGB34797_SGB14321,fixed,NA,(Intercept),-5.819298946,0.067888966,-85.71789042,107.7090835,6.08E-101,5.18E-100
s__Haemophilus_SGB5071,fixed,NA,(Intercept),-4.990433978,0.081331379,-61.35926897,135.7543088,7.09E-101,6.01E-100
s__Enterococcus_faecalis,fixed,NA,(Intercept),-5.119761427,0.078142147,-65.51856601,128.8981909,7.97E-101,6.72E-100
s__GGB9060_SGB13977,fixed,NA,(Intercept),-5.619788975,0.080668297,-69.66539734,122.9008202,1.23E-100,1.03E-99
s__Slackia_isoflavoniconvertens,fixed,NA,(Intercept),-5.149617627,0.077007266,-66.87184083,126.4643474,1.49E-100,1.25E-99
s__Prevotella_copri_clade_E,fixed,NA,(Intercept),-4.26423233,0.061300235,-69.56306662,122.6597479,2.04E-100,1.70E-99
s__GGB9453_SGB14844,fixed,NA,(Intercept),-5.457624643,0.087263036,-62.54222743,132.2988931,3.98E-100,3.30E-99
s__GGB9603_SGB15035,fixed,NA,(Intercept),-5.055446267,0.050493726,-100.1202854,97.49144288,4.20E-100,3.46E-99
s__GGB55957_SGB77276,fixed,NA,(Intercept),-5.287538683,0.077896497,-67.87903058,123.7164419,9.26E-100,7.60E-99
s__GGB9758_SGB15368,fixed,NA,(Intercept),-5.093005259,0.073674091,-69.12885114,121.5747867,1.89E-99,1.55E-98
s__Longicatena_caecimuris,fixed,NA,(Intercept),-5.217644408,0.077069927,-67.70013395,123.0985385,2.91E-99,2.37E-98
s__Proteus_mirabilis,fixed,NA,(Intercept),-5.785895306,0.090197058,-64.14727301,128.1070348,3.06E-99,2.48E-98
s__Megasphaera_hominis,fixed,NA,(Intercept),-5.619168031,0.080687427,-69.64118509,120.522414,3.34E-99,2.70E-98
s__Erysipelotrichaceae_bacterium_3_1_53,fixed,NA,(Intercept),-5.702881119,0.085025849,-67.07232218,123.5410927,4.94E-99,3.97E-98
s__Escherichia_marmotae,fixed,NA,(Intercept),-5.684599632,0.09827845,-57.84177125,138.4192574,7.66E-99,6.12E-98
s__Victivallis_vadensis,fixed,NA,(Intercept),-4.611554744,0.066612789,-69.22926972,120.3320962,8.72E-99,6.95E-98
s__Massiliimalia_timonensis,fixed,NA,(Intercept),-6.066425384,0.093491012,-64.88779236,125.8749868,1.29E-98,1.02E-97
s__Paratractidigestivibacter_faecalis,fixed,NA,(Intercept),-5.76434762,0.090371634,-63.78492189,127.1634944,2.04E-98,1.61E-97
s__GGB9523_SGB14922,fixed,NA,(Intercept),-5.31424452,0.076472002,-69.49268183,119.2735331,2.40E-98,1.89E-97
s__Oscillibacter_valericigenes,fixed,NA,(Intercept),-5.661286698,0.088881061,-63.69508482,126.9928546,3.02E-98,2.36E-97
s__Megasphaera_elsdenii,fixed,NA,(Intercept),-5.599321056,0.084320531,-66.40519167,122.9770787,3.46E-98,2.70E-97
s__GGB9359_SGB14334,fixed,NA,(Intercept),-6.034491827,0.082020422,-73.57304038,114.1914817,4.76E-98,3.70E-97
s__Limosilactobacillus_fermentum,fixed,NA,(Intercept),-5.861121092,0.088304074,-66.3742996,122.7473714,4.95E-98,3.83E-97
s__GGB9634_SGB15095,fixed,NA,(Intercept),-5.021990589,0.073857152,-67.99599577,120.4542567,6.09E-98,4.69E-97
s__Nitrosopumilus_SGB14899,fixed,NA,(Intercept),-5.613003279,0.087200551,-64.36889711,125.4167437,6.20E-98,4.76E-97
s__Clostridiales_bacterium_Choco116,fixed,NA,(Intercept),-5.379530888,0.081156928,-66.28554096,122.5530838,7.51E-98,5.74E-97
s__Massiliimalia_massiliensis,fixed,NA,(Intercept),-5.741232027,0.065892804,-87.12987849,102.0726899,1.24E-97,9.42E-97
s__Adlercreutzia_equolifaciens,fixed,NA,(Intercept),-5.64557092,0.08752283,-64.50398044,124.3575983,1.88E-97,1.42E-96
s__GGB80140_SGB15224,fixed,NA,(Intercept),-4.887604195,0.070431823,-69.39482743,117.632028,2.73E-97,2.06E-96
s__GGB3817_SGB5182,fixed,NA,(Intercept),-5.156529119,0.075428819,-68.36285144,118.4052782,5.28E-97,3.97E-96
s__GGB3321_SGB4394,fixed,NA,(Intercept),-5.030809058,0.079173209,-63.54181092,124.493934,9.68E-97,7.24E-96
s__Limosilactobacillus_mucosae,fixed,NA,(Intercept),-4.954009395,0.079580192,-62.25178957,126.3222552,1.17E-96,8.72E-96
s__Ruminococcus_sp_NSJ_13,fixed,NA,(Intercept),-5.63813551,0.079940475,-70.52917214,115.250727,1.20E-96,8.91E-96
s__Clostridiaceae_bacterium_Marseille_Q3526,fixed,NA,(Intercept),-5.126384433,0.077355465,-66.27048786,120.433422,1.28E-96,9.46E-96
s__Butyricicoccus_SGB14990,fixed,NA,(Intercept),-5.253448933,0.076696123,-68.49692948,117.5862884,1.29E-96,9.54E-96
s__Weissella_confusa,fixed,NA,(Intercept),-5.507207711,0.090639639,-60.75937395,128.603103,1.40E-96,1.03E-95
s__Clostridium_neonatale,fixed,NA,(Intercept),-5.715672989,0.106818978,-53.50802934,143.196874,1.49E-96,1.09E-95
s__GGB2982_SGB3964,fixed,NA,(Intercept),-5.798118244,0.089189499,-65.00897857,122.0311898,1.51E-96,1.10E-95
s__GGB4285_SGB5849,fixed,NA,(Intercept),-3.631463104,0.052916774,-68.62593488,117.2813042,1.59E-96,1.15E-95
s__Gemmiger_SGB15299,fixed,NA,(Intercept),-5.572983971,0.082669575,-67.41275739,118.596217,2.05E-96,1.48E-95
s__Pseudoflavonifractor_capillosus,fixed,NA,(Intercept),-5.640418587,0.095891701,-58.82071656,131.5846388,2.33E-96,1.68E-95
s__Eubacterium_callanderi,fixed,NA,(Intercept),-5.692429621,0.079402106,-71.69116655,113.26605,3.24E-96,2.33E-95
s__Candidatus_Schneewindia_gallinarum,fixed,NA,(Intercept),-6.103277602,0.098102513,-62.21326461,125.5035589,3.50E-96,2.50E-95
s__Ligilactobacillus_salivarius,fixed,NA,(Intercept),-5.617884095,0.097076345,-57.87078306,132.6777423,5.17E-96,3.68E-95
s__Clostridium_sp_AF27_2AA,fixed,NA,(Intercept),-5.519364087,0.098731944,-55.90251599,136.5110552,5.87E-96,4.16E-95
s__Christensenella_hongkongensis,fixed,NA,(Intercept),-5.6299812,0.084407519,-66.69999652,118.6821116,6.25E-96,4.42E-95
s__Prevotella_bivia,fixed,NA,(Intercept),-5.835478256,0.105910331,-55.098291,138.1725604,6.33E-96,4.45E-95
s__Desulfovibrio_porci,fixed,NA,(Intercept),-6.088336004,0.09048323,-67.28689977,117.7950675,7.53E-96,5.28E-95
s__Ruminococcus_SGB4421,fixed,NA,(Intercept),-4.301343197,0.065570727,-65.59852843,119.9606145,7.88E-96,5.51E-95
s__Senegalimassilia_anaerobia,fixed,NA,(Intercept),-5.004632537,0.06956727,-71.93946986,112.2488879,9.56E-96,6.65E-95
s__Holdemanella_biformis,fixed,NA,(Intercept),-4.545653437,0.07144364,-63.62572596,122.5278404,1.02E-95,7.07E-95
s__GGB9082_SGB14007,fixed,NA,(Intercept),-6.522879006,0.100550539,-64.87164617,120.6057727,1.24E-95,8.59E-95
s__GGB1663_SGB2279,fixed,NA,(Intercept),-4.864709331,0.074253081,-65.51525261,119.453553,1.79E-95,1.23E-94
s__Clostridia_bacterium_UC5_1_1D1,fixed,NA,(Intercept),-5.176451456,0.082675053,-62.61201292,123.401087,2.28E-95,1.56E-94
s__Bifidobacterium_dentium,fixed,NA,(Intercept),-5.331093194,0.091269907,-58.41019636,130.3133696,2.51E-95,1.71E-94
s__GGB6518_SGB9205,fixed,NA,(Intercept),-4.918018471,0.069338348,-70.92782889,112.4196332,3.55E-95,2.42E-94
s__Sutterella_sp_AM11_39,fixed,NA,(Intercept),-5.194392743,0.076660559,-67.75834668,115.9230263,4.35E-95,2.95E-94
s__Blautia_stercoris,fixed,NA,(Intercept),-5.009724612,0.072196042,-69.39057118,113.877771,5.10E-95,3.45E-94
s__GGB9635_SGB15103,fixed,NA,(Intercept),-4.31545024,0.064345588,-67.06676198,116.4413373,6.86E-95,4.62E-94
s__GGB1146_SGB1472,fixed,NA,(Intercept),-4.438677587,0.066053843,-67.19787088,116.1011576,8.73E-95,5.86E-94
s__GGB9618_SGB15065,fixed,NA,(Intercept),-5.881827236,0.09070012,-64.84916696,119.1134513,9.16E-95,6.12E-94
s__Candidatus_Avimonas_narfia,fixed,NA,(Intercept),-6.068369784,0.109256825,-55.54224905,134.5852038,1.16E-94,7.70E-94
s__GGB1627_SGB2230,fixed,NA,(Intercept),-4.920466503,0.076500285,-64.31958428,119.2445504,2.00E-94,1.32E-93
s__GGB9819_SGB15460,fixed,NA,(Intercept),-5.747055882,0.086242463,-66.63835532,116.1760047,2.03E-94,1.34E-93
s__Candidatus_Borkfalkia_ceftriaxoniphila,fixed,NA,(Intercept),-4.859179193,0.078574282,-61.84185261,122.6935219,2.43E-94,1.60E-93
s__Clostridium_sp_AF12_28,fixed,NA,(Intercept),-5.603795572,0.091189,-61.45253923,123.1207095,3.02E-94,1.98E-93
s__GGB9634_SGB15093,fixed,NA,(Intercept),-5.129740455,0.068838037,-74.51898187,107.2832338,3.18E-94,2.08E-93
s__GGB58485_SGB80143,fixed,NA,(Intercept),-6.686760229,0.118642008,-56.3608146,132.0067679,3.22E-94,2.10E-93
s__Intestinimonas_massiliensis,fixed,NA,(Intercept),-5.845082628,0.102454949,-57.05027113,130.1220794,6.01E-94,3.90E-93
s__Clostridium_sp_Marseille_P3244,fixed,NA,(Intercept),-5.968270588,0.099159017,-60.18888409,124.4134584,7.37E-94,4.78E-93
s__GGB9581_SGB4365,fixed,NA,(Intercept),-5.684276477,0.094754245,-59.98967633,124.5799956,8.97E-94,5.79E-93
s__GGB58233_SGB79883,fixed,NA,(Intercept),-5.714577062,0.09304092,-61.42004054,122.27126,9.30E-94,5.98E-93
s__GGB3005_SGB3996,fixed,NA,(Intercept),-4.891457651,0.080608233,-60.68186166,123.227502,1.19E-93,7.64E-93
s__GGB9770_SGB15390,fixed,NA,(Intercept),-5.119177658,0.086535776,-59.15677763,125.6671359,1.30E-93,8.33E-93
s__Desulfovibrio_piger,fixed,NA,(Intercept),-4.759518058,0.070910971,-67.1196288,114.0517628,1.63E-93,1.04E-92
s__Acidaminococcus_massiliensis,fixed,NA,(Intercept),-5.359716124,0.08676818,-61.770526,121.2846188,1.64E-93,1.04E-92
s__Megasphaera_micronuciformis,fixed,NA,(Intercept),-6.063399598,0.105136983,-57.6714245,128.0461103,1.74E-93,1.10E-92
s__Oscillospiraceae_bacterium_Marseille_Q3528,fixed,NA,(Intercept),-6.016200529,0.099969979,-60.18007224,123.6831275,1.84E-93,1.16E-92
s__Pseudoflavonifractor_sp_An184,fixed,NA,(Intercept),-4.976830836,0.086507009,-57.53095484,127.820884,3.06E-93,1.92E-92
s__GGB33469_SGB15236,fixed,NA,(Intercept),-5.047841894,0.078953062,-63.9347196,117.4756774,4.01E-93,2.51E-92
s__GGB3619_SGB4894,fixed,NA,(Intercept),-5.430923474,0.086632,-62.68957748,119.1555516,4.37E-93,2.73E-92
s__Mediterraneibacter_butyricigenes,fixed,NA,(Intercept),-6.417769992,0.116538296,-55.07005188,131.8123234,7.53E-93,4.68E-92
s__Blautia_SGB4815,fixed,NA,(Intercept),-5.825447055,0.113359862,-51.38897437,139.5431347,1.51E-92,9.36E-92
s__Roseburia_sp_AM59_24XD,fixed,NA,(Intercept),-5.577020673,0.090459187,-61.65234141,119.6873311,1.54E-92,9.49E-92
s__GGB9561_SGB14972,fixed,NA,(Intercept),-6.293039207,0.097538827,-64.5182992,115.6444878,1.59E-92,9.80E-92
s__GGB51884_SGB49168,fixed,NA,(Intercept),-5.350299095,0.086125773,-62.12192815,118.7055231,2.22E-92,1.36E-91
s__Holdemania_filiformis,fixed,NA,(Intercept),-5.18427456,0.080204184,-64.63845563,115.1989881,2.33E-92,1.43E-91
s__Pseudoflavonifractor_gallinarum,fixed,NA,(Intercept),-5.926988125,0.110695369,-53.54323481,133.7622695,3.16E-92,1.93E-91
s__GGB9063_SGB13982,fixed,NA,(Intercept),-4.834386599,0.076285262,-63.37248442,116.4066493,4.42E-92,2.69E-91
s__Eisenbergiella_massiliensis,fixed,NA,(Intercept),-5.447668246,0.092889324,-58.64687137,123.599745,4.43E-92,2.69E-91
s__Enterobacter_roggenkampii,fixed,NA,(Intercept),-5.413694697,0.106049573,-51.04871744,138.2689131,1.34E-91,8.08E-91
s__GGB1246_SGB1667,fixed,NA,(Intercept),-4.880170812,0.081459257,-59.9093458,120.2266718,2.19E-91,1.32E-90
s__Bacteroides_sp_AM10_21B,fixed,NA,(Intercept),-6.225498956,0.096931806,-64.22555423,114.0239115,2.26E-91,1.36E-90
s__Coprococcus_SGB4669,fixed,NA,(Intercept),-4.638512185,0.078470293,-59.11169694,121.3351039,2.70E-91,1.61E-90
s__GGB6612_SGB9346,fixed,NA,(Intercept),-5.124022376,0.087916101,-58.28309413,122.4913655,3.52E-91,2.10E-90
s__GGB9621_SGB15073,fixed,NA,(Intercept),-5.132060949,0.092657861,-55.387216,127.0735764,7.61E-91,4.52E-90
s__Christensenellaceae_bacterium_NSJ_63,fixed,NA,(Intercept),-5.985404901,0.102685997,-58.28842375,121.4798644,1.17E-90,6.95E-90
s__GGB9616_SGB15051,fixed,NA,(Intercept),-5.462700271,0.093919223,-58.16381441,121.489698,1.49E-90,8.80E-90
s__Oscillospiraceae_unclassified_SGB15256,fixed,NA,(Intercept),-5.937842751,0.087340654,-67.98486737,108.1082807,1.53E-90,9.03E-90
s__GGB33512_SGB15201,fixed,NA,(Intercept),-5.97562537,0.106225412,-56.25419788,124.5169119,2.19E-90,1.28E-89
s__Anaerosacchariphilus_sp_NSJ_68,fixed,NA,(Intercept),-6.42627061,0.118084352,-54.42101756,127.4449078,4.30E-90,2.51E-89
s__GGB4266_SGB5809,fixed,NA,(Intercept),-4.668665189,0.081291663,-57.43104507,121.3647396,7.65E-90,4.46E-89
s__Prevotella_sp_P4_51,fixed,NA,(Intercept),-4.696804029,0.080840941,-58.09932392,120.1744503,8.27E-90,4.81E-89
s__Blautia_sp_Marseille_P3087,fixed,NA,(Intercept),-5.20346726,0.084356739,-61.68407335,114.5893424,9.61E-90,5.57E-89
s__GGB3653_SGB4964,fixed,NA,(Intercept),-4.576754428,0.085559965,-53.49177509,128.538037,1.06E-89,6.11E-89
s__Angelakisella_massiliensis,fixed,NA,(Intercept),-6.302566054,0.113504306,-55.52710962,124.1504244,1.58E-89,9.12E-89
s__GGB3363_SGB4448,fixed,NA,(Intercept),-5.49398124,0.096073544,-57.18516273,120.9220334,2.14E-89,1.23E-88
s__GGB9712_SGB15244,fixed,NA,(Intercept),-4.95917709,0.085809654,-57.79276434,119.2637719,4.57E-89,2.62E-88
s__Bacteroides_sp_AF16_49,fixed,NA,(Intercept),-5.010739958,0.08709135,-57.53430089,119.251137,7.78E-89,4.43E-88
s__Lachnospiraceae_bacterium_OM04_12BH,fixed,NA,(Intercept),-5.6967685,0.10663189,-53.42462297,126.8659424,7.77E-89,4.43E-88
s__Alistipes_sp_AF17_16,fixed,NA,(Intercept),-4.677322129,0.078987791,-59.21576076,116.4070834,9.39E-89,5.33E-88
s__GGB9642_SGB15119,fixed,NA,(Intercept),-4.756296759,0.080355412,-59.1907455,116.3285311,1.09E-88,6.14E-88
s__Coprobacillus_cateniformis,fixed,NA,(Intercept),-5.412574122,0.111493868,-48.54593531,137.3170674,2.46E-88,1.39E-87
s__GGB3341_SGB4420,fixed,NA,(Intercept),-5.296429817,0.094294481,-56.16903292,120.4073247,3.16E-88,1.78E-87
s__Vescimonas_fastidiosa,fixed,NA,(Intercept),-5.924306333,0.10943188,-54.13693259,124.0053351,3.83E-88,2.15E-87
s__GGB3463_SGB4621,fixed,NA,(Intercept),-5.846251166,0.106593723,-54.84611088,122.5203042,4.43E-88,2.48E-87
s__Clostridiaceae_unclassified_SGB4771,fixed,NA,(Intercept),-5.988190043,0.111643016,-53.6369427,124.6760712,5.47E-88,3.05E-87
s__Anaerostipes_caccae,fixed,NA,(Intercept),-6.143289306,0.12574429,-48.8554138,135.4764532,6.66E-88,3.70E-87
s__GGB9719_SGB15272,fixed,NA,(Intercept),-5.585964573,0.109559489,-50.98567546,129.9514644,8.65E-88,4.79E-87
s__GGB9261_SGB14209,fixed,NA,(Intercept),-6.455932129,0.117254182,-55.0592911,121.0156086,1.58E-87,8.75E-87
s__Lactobacillus_gasseri,fixed,NA,(Intercept),-4.832894089,0.080429631,-60.08847773,112.7038793,1.92E-87,1.06E-86
s__GGB2998_SGB3988,fixed,NA,(Intercept),-5.882720346,0.11035238,-53.30850447,124.0626227,2.25E-87,1.24E-86
s__GGB13404_SGB14252,fixed,NA,(Intercept),-5.192800066,0.087506807,-59.34167019,113.0703126,4.75E-87,2.60E-86
s__Mitsuokella_multacida,fixed,NA,(Intercept),-4.899400578,0.091467505,-53.56438431,122.7904961,5.29E-87,2.89E-86
s__GGB9602_SGB15031,fixed,NA,(Intercept),-5.089357211,0.090282545,-56.37144129,117.2214262,9.05E-87,4.92E-86
s__Enterocloster_clostridioformis,fixed,NA,(Intercept),-5.09557901,0.090061578,-56.5788334,116.1743796,2.09E-86,1.13E-85
s__Lachnospiraceae_bacterium_AM48_27BH,fixed,NA,(Intercept),-6.054886274,0.127944712,-47.3242403,136.1283764,2.10E-86,1.13E-85
s__Lacrimispora_saccharolytica,fixed,NA,(Intercept),-5.607314801,0.106404894,-52.69790311,123.12263,2.50E-86,1.35E-85
s__GGB51441_SGB71759,fixed,NA,(Intercept),-5.920608616,0.113595577,-52.12006284,124.0233829,3.42E-86,1.84E-85
s__Clostridium_sp_AM49_4BH,fixed,NA,(Intercept),-4.850434853,0.084888946,-57.13859182,114.8311031,3.51E-86,1.88E-85
s__GGB6569_SGB9281,fixed,NA,(Intercept),-4.197920834,0.073924074,-56.7869248,115.3953218,3.53E-86,1.89E-85
s__Gemmiger_SGB15295,fixed,NA,(Intercept),-6.14723301,0.10977767,-55.99711697,116.5758399,4.13E-86,2.20E-85
s__Lacticaseibacillus_paracasei,fixed,NA,(Intercept),-5.076154637,0.062433687,-81.30473905,89.68919003,8.28E-86,4.40E-85
s__Olsenella_sp_AF16_14LB,fixed,NA,(Intercept),-5.080321538,0.095721042,-53.07423982,121.2036411,9.17E-86,4.86E-85
s__Mogibacterium_sp_BX12,fixed,NA,(Intercept),-5.6435643,0.105209788,-53.64105776,119.9497787,1.10E-85,5.82E-85
s__Dielma_fastidiosa,fixed,NA,(Intercept),-5.665245097,0.117396426,-48.25738989,131.5320515,1.59E-85,8.39E-85
s__GGB2980_SGB3962,fixed,NA,(Intercept),-5.725102845,0.112563795,-50.86096148,124.7877358,2.75E-85,1.44E-84
s__Blautia_luti,fixed,NA,(Intercept),-5.184918159,0.099198871,-52.26791486,121.5661296,3.64E-85,1.91E-84
s__Desulfovibrio_SGB5077,fixed,NA,(Intercept),-4.600659624,0.084655013,-54.3459797,117.5803679,3.73E-85,1.95E-84
s__Prevotella_SGB1635,fixed,NA,(Intercept),-5.783478662,0.105777405,-54.67593614,116.9789203,3.78E-85,1.97E-84
s__Candidatus_Allochristensenella_caecavium,fixed,NA,(Intercept),-5.704864405,0.105306815,-54.1737437,117.8010547,4.14E-85,2.15E-84
s__Bilophila_SGB15450,fixed,NA,(Intercept),-5.819948885,0.105788047,-55.01518429,116.2865329,4.23E-85,2.19E-84
s__Enterocloster_asparagiformis,fixed,NA,(Intercept),-5.250721494,0.112901531,-46.50708843,135.2792876,4.38E-85,2.26E-84
s__Vescimonas_SGB15087,fixed,NA,(Intercept),-5.119637755,0.092502663,-55.34584182,114.9705086,1.02E-84,5.26E-84
s__Dorea_sp_AF24_7LB,fixed,NA,(Intercept),-5.465958786,0.105944806,-51.59251313,121.8959057,1.15E-84,5.93E-84
s__GGB3109_SGB4119,fixed,NA,(Intercept),-4.982796761,0.093672765,-53.19365535,118.4205251,1.62E-84,8.31E-84
s__GGB6565_SGB9274,fixed,NA,(Intercept),-5.904227132,0.110304033,-53.52684748,117.6636094,1.89E-84,9.65E-84
s__Clostridium_sp_AF34_13,fixed,NA,(Intercept),-5.190774577,0.109169993,-47.54763122,130.4626517,2.88E-84,1.47E-83
s__Enterocloster_aldenensis,fixed,NA,(Intercept),-5.115736405,0.111948775,-45.69711815,135.5306926,3.24E-84,1.65E-83
s__GGB9061_SGB13979,fixed,NA,(Intercept),-6.1870866,0.116572551,-53.07498678,117.6804007,4.82E-84,2.45E-83
s__GGB9453_SGB14845,fixed,NA,(Intercept),-5.597500074,0.112024495,-49.96675113,123.4225189,9.54E-84,4.83E-83
s__GGB9760_SGB15374,fixed,NA,(Intercept),-6.114348513,0.090634729,-67.46143067,97.1377724,2.09E-83,1.06E-82
s__GGB9059_SGB13976,fixed,NA,(Intercept),-5.518973553,0.102711621,-53.73270823,114.8700973,3.03E-83,1.52E-82
s__Enterocloster_citroniae,fixed,NA,(Intercept),-5.548764189,0.124133401,-44.7000092,135.9539371,3.64E-83,1.83E-82
s__Collinsella_tanakaei,fixed,NA,(Intercept),-5.289125381,0.108783621,-48.62060412,122.2363182,8.04E-82,4.02E-81
s__GGB6547_SGB9247,fixed,NA,(Intercept),-4.31209441,0.085513302,-50.42600725,117.6184005,1.66E-81,8.29E-81
s__Fusobacterium_mortiferum,fixed,NA,(Intercept),-5.612191401,0.117087511,-47.93159725,122.8651428,2.22E-81,1.11E-80
s__GGB3278_SGB4328,fixed,NA,(Intercept),-5.536760973,0.112484037,-49.22263765,118.726631,7.72E-81,3.83E-80
s__Methanobrevibacter_smithii,fixed,NA,(Intercept),-5.274891577,0.101947536,-51.74123674,113.5496872,8.61E-81,4.27E-80
s__Fusobacterium_varium,fixed,NA,(Intercept),-5.229696957,0.107373915,-48.70546946,119.7435727,8.79E-81,4.34E-80
s__Candidatus_Pararuminococcus_gallinarum,fixed,NA,(Intercept),-5.951592023,0.124279809,-47.88864782,121.3505102,1.16E-80,5.71E-80
s__Enterococcus_faecium,fixed,NA,(Intercept),-5.453154227,0.090206155,-60.45213022,100.118204,1.29E-80,6.34E-80
s__GGB9747_SGB15356,fixed,NA,(Intercept),-4.852369508,0.098300422,-49.36265161,117.8383159,1.44E-80,7.05E-80
s__GGB79916_SGB4587,fixed,NA,(Intercept),-5.32620512,0.117320061,-45.3989291,127.2350237,1.83E-80,8.94E-80
s__GGB1247_SGB1668,fixed,NA,(Intercept),-4.953104408,0.100601706,-49.23479542,115.7566685,1.78E-79,8.66E-79
s__Clostridium_sp_AM33_3,fixed,NA,(Intercept),-5.954913785,0.13206599,-45.09044158,125.573006,2.01E-79,9.80E-79
s__Prevotella_SGB1680,fixed,NA,(Intercept),-5.244283482,0.11489965,-45.64229281,124.045328,2.10E-79,1.02E-78
s__Negativibacillus_massiliensis,fixed,NA,(Intercept),-5.070182035,0.113025409,-44.85878068,126.1158205,2.21E-79,1.07E-78
s__Eubacterium_sp_AF16_48,fixed,NA,(Intercept),-5.102368163,0.119503226,-42.69648888,132.2422854,3.20E-79,1.54E-78
s__Lachnospiraceae_bacterium_BX3,fixed,NA,(Intercept),-6.067901128,0.140682197,-43.13197581,129.1982536,1.41E-78,6.77E-78
s__Intestinibacter_bartlettii,fixed,NA,(Intercept),-5.273995926,0.136539601,-38.62612665,145.59144,2.12E-78,1.02E-77
s__GGB9512_SGB14909,fixed,NA,(Intercept),-5.799081994,0.124501931,-46.57824927,119.1538852,2.56E-78,1.23E-77
s__Turicibacter_bilis,fixed,NA,(Intercept),-5.40336937,0.131573793,-41.06721601,134.3946929,6.20E-78,2.96E-77
s__GGB9501_SGB14898,fixed,NA,(Intercept),-5.797249659,0.132615586,-43.71469313,125.2218238,1.08E-77,5.17E-77
s__Clostridium_sp_AF36_4,fixed,NA,(Intercept),-4.753941026,0.107477435,-44.2319918,123.0655967,2.08E-77,9.86E-77
s__GGB47687_SGB2286,fixed,NA,(Intercept),-4.402974729,0.094195718,-46.74283296,116.6820672,2.12E-77,1.00E-76
s__Clostridium_sp_AF20_17LB,fixed,NA,(Intercept),-5.098900018,0.121758349,-41.87721064,129.4571599,3.95E-77,1.87E-76
s__Enorma_massiliensis,fixed,NA,(Intercept),-6.232653738,0.145412909,-42.86176376,125.5846066,7.88E-77,3.72E-76
s__Prevotellamassilia_timonensis,fixed,NA,(Intercept),-5.306372076,0.117510264,-45.15666885,118.8523385,1.14E-76,5.35E-76
s__GGB9627_SGB15081,fixed,NA,(Intercept),-5.739326319,0.129895989,-44.18401499,121.4007182,1.14E-76,5.36E-76
s__Merdimonas_faecis,fixed,NA,(Intercept),-5.515533362,0.123465769,-44.67257107,119.7876772,1.54E-76,7.21E-76
s__GGB9534_SGB14937,fixed,NA,(Intercept),-5.337558828,0.121128214,-44.06536381,121.3210335,1.68E-76,7.83E-76
s__Dysosmobacter_sp_NSJ_60,fixed,NA,(Intercept),-4.503639694,0.112555063,-40.01276871,134.3049398,1.69E-76,7.88E-76
s__Intestinimonas_butyriciproducens,fixed,NA,(Intercept),-5.395930408,0.12850061,-41.99147695,127.2429868,2.01E-76,9.32E-76
s__Coprococcus_catus,fixed,NA,(Intercept),-4.710748749,0.106590254,-44.19492945,120.5386387,2.53E-76,1.17E-75
s__Veillonella_ratti,fixed,NA,(Intercept),-4.901048602,0.119076249,-41.15890985,129.4235585,3.27E-76,1.51E-75
s__Veillonella_rogosae,fixed,NA,(Intercept),-5.198802911,0.130350489,-39.88326358,132.7732963,8.90E-76,4.10E-75
s__Megasphaera_sp_AM44_1BH,fixed,NA,(Intercept),-5.074343863,0.116240607,-43.65379691,120.3278128,1.25E-75,5.75E-75
s__Evtepia_gabavorous,fixed,NA,(Intercept),-4.630835756,0.108655365,-42.61948562,123.2024293,1.34E-75,6.15E-75
s__GGB3444_SGB4594,fixed,NA,(Intercept),-6.206566558,0.146972552,-42.2294263,124.1414484,1.66E-75,7.58E-75
s__Phascolarctobacterium_succinatutens,fixed,NA,(Intercept),-4.181620567,0.091039863,-45.93175354,114.237508,1.73E-75,7.92E-75
s__GGB2734_SGB3677,fixed,NA,(Intercept),-6.086806077,0.137616249,-44.2302863,118.3716088,1.85E-75,8.43E-75
s__GGB9707_SGB15229,fixed,NA,(Intercept),-5.463857288,0.127028229,-43.01293759,121.668745,1.91E-75,8.70E-75
s__Clostridiaceae_bacterium_Marseille_Q4145,fixed,NA,(Intercept),-5.398535027,0.123088773,-43.85887425,119.2226347,2.10E-75,9.53E-75
s__Megasphaera_sp_MJR8396C,fixed,NA,(Intercept),-5.225616847,0.121132133,-43.13980717,120.6130257,3.66E-75,1.65E-74
s__GGB52130_SGB14966,fixed,NA,(Intercept),-5.935281721,0.133265409,-44.5373016,116.736862,4.20E-75,1.89E-74
s__Sanguibacter_SGB15121,fixed,NA,(Intercept),-5.210190765,0.118655105,-43.91038027,118.2368974,4.73E-75,2.13E-74
s__Ruminococcus_sp_AF13_28,fixed,NA,(Intercept),-5.557146948,0.133555065,-41.60940634,124.5826884,6.22E-75,2.79E-74
s__GGB9616_SGB15052,fixed,NA,(Intercept),-5.58743692,0.130941059,-42.67138951,121.2878222,6.75E-75,3.03E-74
s__Clostridiales_bacterium_1_7_47FAA,fixed,NA,(Intercept),-5.662928359,0.143101114,-39.57291603,130.4198648,1.60E-74,7.15E-74
s__Lachnospira_sp_NSJ_43,fixed,NA,(Intercept),-6.077492353,0.141770356,-42.86856947,119.02302,3.28E-74,1.46E-73
s__Anaerotignum_lactatifermentans,fixed,NA,(Intercept),-5.13027505,0.124193006,-41.30888859,123.5283343,3.67E-74,1.63E-73
s__Ruminococcus_sp_BSD2780120874_150323_B10,fixed,NA,(Intercept),-5.31834003,0.116902687,-45.49373645,112.1402608,4.07E-74,1.81E-73
s__Butyricimonas_SGB15266,fixed,NA,(Intercept),-4.907345611,0.111946547,-43.83650717,116.1670908,4.17E-74,1.85E-73
s__Faecalibacillus_intestinalis,fixed,NA,(Intercept),-5.160869351,0.128818887,-40.06298673,126.7036734,8.27E-74,3.65E-73
s__Clostridium_symbiosum,fixed,NA,(Intercept),-5.05701858,0.133839926,-37.7840809,134.3842514,1.88E-73,8.27E-73
s__Clostridiaceae_bacterium_Marseille_Q4143,fixed,NA,(Intercept),-4.523727917,0.10875685,-41.59487811,120.1623454,3.39E-73,1.49E-72
s__Blautia_sp_MSK_20_85,fixed,NA,(Intercept),-5.281871151,0.128273605,-41.17660164,120.9931934,5.03E-73,2.21E-72
s__GGB1266_SGB1699,fixed,NA,(Intercept),-5.784996291,0.142421311,-40.6188951,122.3664142,7.03E-73,3.08E-72
s__Bradyrhizobium_denitrificans,fixed,NA,(Intercept),-5.067841195,0.126167036,-40.16771232,122.7049907,1.87E-72,8.17E-72
s__GGB9635_SGB15106,fixed,NA,(Intercept),-5.070517031,0.121464217,-41.74494466,117.7435055,2.05E-72,8.93E-72
s__Coprobacter_secundus,fixed,NA,(Intercept),-4.926023794,0.118058289,-41.72535312,117.7429686,2.16E-72,9.39E-72
s__Parabacteroides_goldsteinii,fixed,NA,(Intercept),-4.954649581,0.122201092,-40.54505151,121.2340454,2.33E-72,1.01E-71
s__Roseburia_sp_AM23_20,fixed,NA,(Intercept),-5.005173202,0.118009456,-42.41332313,115.3979899,3.17E-72,1.37E-71
s__Roseburia_sp_AF02_12,fixed,NA,(Intercept),-5.858883045,0.155907246,-37.57928641,130.9836321,5.09E-72,2.19E-71
s__Dorea_formicigenerans,fixed,NA,(Intercept),-4.110857717,0.102785274,-39.99461753,122.1001063,5.16E-72,2.22E-71
s__Blautia_hansenii,fixed,NA,(Intercept),-5.65710659,0.153024067,-36.96873755,132.8739182,8.56E-72,3.68E-71
s__GGB9480_SGB14874,fixed,NA,(Intercept),-5.735155409,0.148030793,-38.74298912,125.4758016,1.15E-71,4.93E-71
s__GGB9708_SGB15234,fixed,NA,(Intercept),-5.216783634,0.12877521,-40.51077552,119.0636406,1.73E-71,7.41E-71
s__Clostridiaceae_unclassified_SGB15090,fixed,NA,(Intercept),-5.994883612,0.155155035,-38.63802176,125.2040914,1.97E-71,8.40E-71
s__Mediterraneibacter_glycyrrhizinilyticus,fixed,NA,(Intercept),-5.495099378,0.143077994,-38.40632096,125.5317692,3.02E-71,1.28E-70
s__GGB9619_SGB15067,fixed,NA,(Intercept),-5.456621311,0.146644469,-37.20986787,128.8633827,8.59E-71,3.64E-70
s__Anaeromassilibacillus_sp_An250,fixed,NA,(Intercept),-5.369532235,0.145608859,-36.87641182,130.2220421,8.74E-71,3.70E-70
s__GGB14025_SGB14906,fixed,NA,(Intercept),-5.327743136,0.130957521,-40.68298711,116.166706,1.44E-70,6.09E-70
s__GGB9342_SGB14306,fixed,NA,(Intercept),-5.180158928,0.120778926,-42.88959261,109.2819342,3.36E-70,1.42E-69
s__Eubacterium_ramulus,fixed,NA,(Intercept),-4.911197515,0.131808709,-37.26003804,126.3016118,5.45E-70,2.29E-69
s__Roseburia_sp_AM16_25,fixed,NA,(Intercept),-4.995013925,0.136106538,-36.6992944,127.658435,1.10E-69,4.63E-69
s__Allisonella_histaminiformans,fixed,NA,(Intercept),-4.714127911,0.126381037,-37.3009117,124.8403541,1.52E-69,6.38E-69
s__Phocea_massiliensis,fixed,NA,(Intercept),-5.923091782,0.158957106,-37.26220193,124.6294015,2.03E-69,8.47E-69
s__Bacteroides_faecis,fixed,NA,(Intercept),-6.190413807,0.162292659,-38.14352323,120.3768107,4.55E-69,1.90E-68
s__Ruminococcus_lactaris,fixed,NA,(Intercept),-5.061837157,0.136160925,-37.17540229,123.8913282,4.75E-69,1.98E-68
s__Dorea_sp_AF36_15AT,fixed,NA,(Intercept),-5.227383772,0.135033056,-38.71188237,118.0462204,6.27E-69,2.60E-68
s__Prevotella_sp_885,fixed,NA,(Intercept),-6.297019452,0.162484821,-38.75450901,117.6837769,7.57E-69,3.14E-68
s__Klebsiella_quasipneumoniae,fixed,NA,(Intercept),-4.91760266,0.144776348,-33.96689255,136.6690984,1.69E-68,6.97E-68
s__Holdemanella_porci,fixed,NA,(Intercept),-5.270855399,0.145036559,-36.34156413,125.2941197,2.12E-68,8.72E-68
s__Faecalimonas_umbilicata,fixed,NA,(Intercept),-4.817652445,0.129465408,-37.21188947,121.5017585,2.87E-68,1.18E-67
s__Veillonella_atypica,fixed,NA,(Intercept),-5.618763124,0.163417695,-34.38283187,133.7504457,2.87E-68,1.18E-67
s__Parabacteroides_gordonii,fixed,NA,(Intercept),-5.588211412,0.149580734,-37.35916563,120.2496436,5.07E-68,2.08E-67
s__GGB79734_SGB15291,fixed,NA,(Intercept),-5.269702183,0.13993223,-37.65895943,118.4845805,8.90E-68,3.64E-67
s__Collinsella_SGB4121,fixed,NA,(Intercept),-4.593100377,0.123722033,-37.1243525,120.1811871,1.08E-67,4.39E-67
s__Duodenibacillus_massiliensis,fixed,NA,(Intercept),-5.421499664,0.145417351,-37.28234378,119.446918,1.22E-67,4.97E-67
s__GGB9713_SGB15249,fixed,NA,(Intercept),-4.74886404,0.125628903,-37.80072833,116.9657869,2.08E-67,8.44E-67
s__Sellimonas_intestinalis,fixed,NA,(Intercept),-4.613341352,0.126657482,-36.42375713,121.5912494,2.91E-67,1.18E-66
s__Victivallis_lenta,fixed,NA,(Intercept),-4.684079464,0.127638529,-36.6980057,119.4333568,7.01E-67,2.83E-66
s__Clostridiaceae_bacterium_Marseille_Q4149,fixed,NA,(Intercept),-4.537625779,0.122992372,-36.89355448,118.0779896,1.16E-66,4.70E-66
s__Holdemania_massiliensis,fixed,NA,(Intercept),-5.421771507,0.160930386,-33.69016654,131.5495729,1.49E-66,5.99E-66
s__Parabacteroides_johnsonii,fixed,NA,(Intercept),-4.930931153,0.133672423,-36.88817066,117.0581934,2.70E-66,1.08E-65
s__GGB3277_SGB4327,fixed,NA,(Intercept),-4.782349383,0.133893896,-35.71745625,121.3390803,3.12E-66,1.25E-65
s__Butyricimonas_faecihominis,fixed,NA,(Intercept),-4.524797784,0.124243255,-36.4188605,117.9030771,5.46E-66,2.19E-65
s__Alistipes_ihumii,fixed,NA,(Intercept),-4.268839762,0.119940314,-35.59136709,120.3908002,9.58E-66,3.82E-65
s__Eubacteriaceae_bacterium,fixed,NA,(Intercept),-5.439454794,0.156860031,-34.67712423,123.0489428,2.31E-65,9.21E-65
s__Romboutsia_timonensis,fixed,NA,(Intercept),-5.056859153,0.153001678,-33.05100463,129.5692952,5.41E-65,2.15E-64
s__Eisenbergiella_tayi,fixed,NA,(Intercept),-5.035238302,0.14871326,-33.85870429,125.34469,6.41E-65,2.54E-64
s__Prevotella_sp_Marseille_P4119,fixed,NA,(Intercept),-4.736846493,0.137507072,-34.44802099,121.1408021,1.98E-64,7.82E-64
s__Clostridium_SGB4750,fixed,NA,(Intercept),-5.198679966,0.153615384,-33.84218321,122.8305049,4.09E-64,1.62E-63
s__GGB3304_SGB4367,fixed,NA,(Intercept),-4.971021781,0.148258471,-33.52942828,121.0782102,4.01E-63,1.58E-62
s__Coprobacter_fastidiosus,fixed,NA,(Intercept),-4.787603161,0.138635595,-34.53372237,116.4395312,5.10E-63,2.01E-62
s__Parasutterella_excrementihominis,fixed,NA,(Intercept),-5.657429061,0.166357612,-34.00763565,118.4094015,6.03E-63,2.36E-62
s__Rheinheimera_SGB14999,fixed,NA,(Intercept),-5.066220737,0.155181966,-32.64696841,123.3790313,1.50E-62,5.87E-62
s__Lachnospiraceae_bacterium_Marseille_Q4251,fixed,NA,(Intercept),-5.251447825,0.158512246,-33.12960326,120.4804934,2.27E-62,8.88E-62
s__Ligilactobacillus_ruminis,fixed,NA,(Intercept),-5.549033729,0.172669479,-32.13673752,125.1984401,2.51E-62,9.79E-62
s__Butyricimonas_paravirosa,fixed,NA,(Intercept),-4.394524166,0.131143056,-33.50939261,117.4842778,5.76E-62,2.24E-61
s__Alistipes_senegalensis,fixed,NA,(Intercept),-5.381813221,0.156030427,-34.49207513,113.2284191,6.72E-62,2.61E-61
s__Bifidobacterium_catenulatum,fixed,NA,(Intercept),-5.629032314,0.175104152,-32.14676671,123.3748691,8.27E-62,3.21E-61
s__Veillonella_dispar,fixed,NA,(Intercept),-5.539319762,0.184811049,-29.97288201,135.2704345,1.36E-61,5.24E-61
s__Prevotella_copri_clade_D,fixed,NA,(Intercept),-5.992304751,0.184443001,-32.48865343,120.6745918,1.65E-61,6.38E-61
s__Lacrimispora_celerecrescens,fixed,NA,(Intercept),-5.339028792,0.163128841,-32.72890783,119.0923307,2.26E-61,8.69E-61
s__Blautia_producta,fixed,NA,(Intercept),-5.855472559,0.184952822,-31.65927672,124.3061922,2.40E-61,9.24E-61
s__Firmicutes_bacterium_AF16_15,fixed,NA,(Intercept),-5.192822143,0.164076595,-31.64876834,123.7616761,3.57E-61,1.37E-60
s__Dialister_invisus,fixed,NA,(Intercept),-5.080978057,0.156336396,-32.50028911,119.2191243,4.38E-61,1.68E-60
s__Clostridiales_Family_XIII_bacterium_BX16,fixed,NA,(Intercept),-5.458521923,0.168936578,-32.31107198,120.0291961,4.67E-61,1.78E-60
s__GGB781_SGB1024,fixed,NA,(Intercept),-5.254213726,0.162535841,-32.326493,119.4882265,6.45E-61,2.46E-60
s__GGB9614_SGB15049,fixed,NA,(Intercept),-4.95567273,0.157210947,-31.52244046,122.7425611,1.09E-60,4.14E-60
s__Clostridium_sp_AM22_11AC,fixed,NA,(Intercept),-4.923061681,0.155180895,-31.72466348,121.6770637,1.10E-60,4.19E-60
s__Clostridium_scindens,fixed,NA,(Intercept),-5.161084865,0.16257907,-31.74507564,121.4162327,1.23E-60,4.65E-60
s__Eubacterium_siraeum,fixed,NA,(Intercept),-5.626266025,0.187255543,-30.04592506,130.7663004,1.48E-60,5.58E-60
s__Faecalicatena_fissicatena,fixed,NA,(Intercept),-4.941052324,0.159698335,-30.93991126,123.637962,4.67E-60,1.76E-59
s__Clostridium_sp_AT4,fixed,NA,(Intercept),-4.820960398,0.150807798,-31.9675803,118.232992,5.06E-60,1.91E-59
s__Clostridium_sp_1001270H_150608_G6,fixed,NA,(Intercept),-4.706010467,0.155842448,-30.19723146,127.5730463,5.81E-60,2.18E-59
s__Butyricimonas_virosa,fixed,NA,(Intercept),-5.256112598,0.164028786,-32.0438425,117.2986319,7.50E-60,2.81E-59
s__Prevotella_stercorea,fixed,NA,(Intercept),-6.265694749,0.199943267,-31.33736311,119.6881577,1.57E-59,5.88E-59
s__Catenibacterium_SGB4425,fixed,NA,(Intercept),-5.692919331,0.177385624,-32.093465,115.8698359,1.73E-59,6.45E-59
s__GGB2653_SGB3574,fixed,NA,(Intercept),-4.638895902,0.153166714,-30.28657974,125.1361945,1.89E-59,7.04E-59
s__Eggerthella_lenta,fixed,NA,(Intercept),-4.914365505,0.167310651,-29.37269964,130.1944768,2.73E-59,1.02E-58
s__Prevotella_copri_clade_B,fixed,NA,(Intercept),-5.101976089,0.160021613,-31.88304371,115.8497373,3.47E-59,1.29E-58
s__Faecalibacterium_SGB15315,fixed,NA,(Intercept),-5.512724193,0.176695251,-31.19905129,118.989265,4.01E-59,1.49E-58
s__Coprococcus_eutactus,fixed,NA,(Intercept),-4.49863326,0.145931748,-30.8269676,118.5716269,1.88E-58,6.96E-58
s__Butyricimonas_SGB15260,fixed,NA,(Intercept),-5.470450774,0.183636304,-29.78959314,122.2535523,6.86E-58,2.53E-57
s__Clostridium_butyricum,fixed,NA,(Intercept),-4.967208198,0.181859126,-27.31349435,138.8322287,1.07E-57,3.94E-57
s__Lawsonibacter_asaccharolyticus,fixed,NA,(Intercept),-4.754560572,0.161052268,-29.52184797,122.8812373,1.23E-57,4.54E-57
s__Hungatella_hathewayi,fixed,NA,(Intercept),-4.732791403,0.168191623,-28.13928136,131.7180749,1.48E-57,5.43E-57
s__Tyzzerella_nexilis,fixed,NA,(Intercept),-4.781667611,0.161446303,-29.61769657,121.6910623,1.81E-57,6.63E-57
s__Alistipes_indistinctus,fixed,NA,(Intercept),-4.799863689,0.16148281,-29.72368204,120.5138896,2.57E-57,9.38E-57
s__Clostridiaceae_bacterium_AF18_31LB,fixed,NA,(Intercept),-4.722092919,0.157965933,-29.89310946,118.8534135,4.00E-57,1.46E-56
s__Candidatus_Catenibacterium_tridentinum,fixed,NA,(Intercept),-5.083659535,0.171687548,-29.60994888,120.4300799,4.06E-57,1.48E-56
s__Lacrimispora_amygdalina,fixed,NA,(Intercept),-4.519177884,0.155810327,-29.00435407,122.5505733,1.01E-56,3.66E-56
s__GGB80011_SGB15265,fixed,NA,(Intercept),-4.619037452,0.160667138,-28.74911149,123.5028395,1.48E-56,5.36E-56
s__Haemophilus_parainfluenzae,fixed,NA,(Intercept),-4.84037949,0.171378514,-28.24379429,126.4498574,1.84E-56,6.68E-56
s__Blautia_caecimuris,fixed,NA,(Intercept),-5.301847269,0.183529008,-28.88833391,121.5209014,2.86E-56,1.03E-55
s__Streptococcus_salivarius,fixed,NA,(Intercept),-4.001619799,0.148753737,-26.90096993,135.7993232,2.89E-56,1.04E-55
s__Clostridiales_bacterium_KLE1615,fixed,NA,(Intercept),-5.43482108,0.19351178,-28.08522092,126.0719181,4.22E-56,1.52E-55
s__Roseburia_hominis,fixed,NA,(Intercept),-4.379648907,0.158171014,-27.6893268,127.2773584,1.02E-55,3.65E-55
s__Streptococcus_parasanguinis,fixed,NA,(Intercept),-4.753106838,0.173484464,-27.39788178,129.2700807,1.10E-55,3.95E-55
s__Ruminococcus_callidus,fixed,NA,(Intercept),-4.548621893,0.159212194,-28.5695573,121.0604226,1.22E-55,4.36E-55
s__Anaerotignum_faecicola,fixed,NA,(Intercept),-5.152218763,0.180479298,-28.54742247,121.147695,1.26E-55,4.49E-55
s__Lachnospiraceae_bacterium,fixed,NA,(Intercept),-5.885471046,0.210839312,-27.91448607,124.965471,1.52E-55,5.43E-55
s__Bacteroides_intestinalis,fixed,NA,(Intercept),-5.113051343,0.176057853,-29.04188177,116.3226039,3.90E-55,1.39E-54
s__Anaerotruncus_colihominis,fixed,NA,(Intercept),-4.705587549,0.171224604,-27.48195897,125.8852212,4.93E-55,1.75E-54
s__Anaerobutyricum_hallii,fixed,NA,(Intercept),-4.789459797,0.172780413,-27.71992326,122.8902266,1.03E-54,3.67E-54
s__Collinsella_SGB14861,fixed,NA,(Intercept),-5.557096763,0.201421762,-27.58935627,122.4163372,2.22E-54,7.87E-54
s__Clostridium_fessum,fixed,NA,(Intercept),-4.828410485,0.172316759,-28.0205507,119.5691583,2.23E-54,7.87E-54
s__Bacteroides_cellulosilyticus,fixed,NA,(Intercept),-5.29725892,0.191594528,-27.64827874,121.975013,2.28E-54,8.03E-54
s__Dorea_longicatena,fixed,NA,(Intercept),-3.712271708,0.135092412,-27.4794983,122.4686692,3.29E-54,1.16E-53
s__Mesosutterella_multiformis,fixed,NA,(Intercept),-5.009182716,0.180741966,-27.71455251,120.5571405,3.96E-54,1.39E-53
s__Erysipelatoclostridium_ramosum,fixed,NA,(Intercept),-4.575537838,0.172694936,-26.49491607,129.4350642,4.02E-54,1.41E-53
s__Prevotella_copri_clade_G,fixed,NA,(Intercept),-5.916939271,0.213855485,-27.66793322,119.7714728,7.38E-54,2.58E-53
s__Bacteroides_nordii,fixed,NA,(Intercept),-4.826962295,0.175940251,-27.43523586,120.9813982,8.96E-54,3.13E-53
s__GGB51647_SGB4348,fixed,NA,(Intercept),-5.252156372,0.201245626,-26.09823858,128.719115,2.99E-53,1.04E-52
s__Clostridium_leptum,fixed,NA,(Intercept),-4.901846762,0.186410583,-26.29596818,126.9371148,3.27E-53,1.14E-52
s__Dysosmobacter_sp_BX15,fixed,NA,(Intercept),-4.539599442,0.168696508,-26.90986024,122.0816563,3.68E-53,1.28E-52
s__Alistipes_dispar,fixed,NA,(Intercept),-4.193568985,0.155340768,-26.99593306,119.3921489,1.16E-52,4.01E-52
s__Megasphaera_sp_NM10,fixed,NA,(Intercept),-4.285305161,0.161416093,-26.54819041,122.4351243,1.25E-52,4.33E-52
s__Vescimonas_coprocola,fixed,NA,(Intercept),-4.632704178,0.17617944,-26.29537356,123.7604919,1.70E-52,5.86E-52
s__Lachnospira_pectinoschiza,fixed,NA,(Intercept),-4.227111543,0.162297762,-26.04540867,125.5303894,1.87E-52,6.43E-52
s__Hydrogenoanaerobacterium_saccharovorans,fixed,NA,(Intercept),-5.001175986,0.188363318,-26.55068956,120.9850723,2.69E-52,9.26E-52
s__GGB3256_SGB4303,fixed,NA,(Intercept),-5.34789353,0.19911127,-26.8588188,117.9128528,4.42E-52,1.52E-51
s__Enterocloster_bolteae,fixed,NA,(Intercept),-4.125900686,0.164049221,-25.15038267,130.9865417,5.51E-52,1.89E-51
s__Anaerobutyricum_soehngenii,fixed,NA,(Intercept),-5.237749503,0.195029532,-26.85618663,116.6225612,9.16E-52,3.13E-51
s__Bifidobacterium_pseudocatenulatum,fixed,NA,(Intercept),-4.905658532,0.192182795,-25.52600259,125.9706696,1.26E-51,4.31E-51
s__Oscillibacter_sp_ER4,fixed,NA,(Intercept),-3.700352923,0.140738823,-26.29233957,119.6040064,1.54E-51,5.25E-51
s__Akkermansia_muciniphila,fixed,NA,(Intercept),-4.499782843,0.183118463,-24.57307016,133.635025,2.06E-51,7.01E-51
s__Candidatus_Cibionibacter_quicibialis,fixed,NA,(Intercept),-4.17327844,0.158947169,-26.25575826,119.0137303,2.43E-51,8.27E-51
s__Bacteroides_salyersiae,fixed,NA,(Intercept),-5.061550598,0.194374667,-26.04017636,119.7491039,3.81E-51,1.29E-50
s__Eubacterium_ventriosum,fixed,NA,(Intercept),-5.222461912,0.206484945,-25.29221641,124.8625846,5.74E-51,1.94E-50
s__Phocaeicola_coprocola,fixed,NA,(Intercept),-4.800183017,0.184910397,-25.95950842,117.5141538,1.70E-50,5.75E-50
s__Bifidobacterium_bifidum,fixed,NA,(Intercept),-4.493148413,0.182314769,-24.64500507,126.3631479,4.22E-50,1.42E-49
s__Blautia_massiliensis,fixed,NA,(Intercept),-4.285729562,0.16994697,-25.21804042,120.1575444,8.04E-50,2.71E-49
s__GGB9699_SGB15216,fixed,NA,(Intercept),-5.06909568,0.205871681,-24.62259817,124.5729703,1.08E-49,3.62E-49
s__GGB1495_SGB2071,fixed,NA,(Intercept),-5.750850669,0.228564246,-25.16076232,119.460348,1.44E-49,4.82E-49
s__Clostridium_sp_AF34_10BH,fixed,NA,(Intercept),-3.969520135,0.161651766,-24.55599603,124.0935767,1.79E-49,5.98E-49
s__Prevotella_copri_clade_C,fixed,NA,(Intercept),-4.810606149,0.193894484,-24.81043327,119.2561261,6.49E-49,2.17E-48
s__Coprococcus_comes,fixed,NA,(Intercept),-4.390316221,0.177327385,-24.75825275,119.4661478,7.23E-49,2.41E-48
s__Bifidobacterium_breve,fixed,NA,(Intercept),-4.998108047,0.210330921,-23.76306838,126.7094265,1.61E-48,5.35E-48
s__Alistipes_communis,fixed,NA,(Intercept),-4.088669779,0.165534959,-24.69973593,117.5787258,2.32E-48,7.72E-48
s__Veillonella_parvula,fixed,NA,(Intercept),-4.869126865,0.209218545,-23.27292197,128.7428425,5.80E-48,1.93E-47
s__Agathobaculum_butyriciproducens,fixed,NA,(Intercept),-4.287430041,0.179066157,-23.94327395,121.7906836,6.87E-48,2.28E-47
s__Clostridiales_bacterium,fixed,NA,(Intercept),-4.591903012,0.202373002,-22.69029453,129.1718515,6.75E-47,2.23E-46
s__Blautia_obeum,fixed,NA,(Intercept),-4.436692561,0.192761646,-23.01646962,124.1923562,1.26E-46,4.15E-46
s__Klebsiella_pneumoniae,fixed,NA,(Intercept),-3.7470326,0.169392346,-22.12043629,133.350698,1.85E-46,6.10E-46
s__Waltera_intestinalis,fixed,NA,(Intercept),-4.981097475,0.221857753,-22.45176205,122.8452576,2.66E-45,8.74E-45
s__Paraprevotella_clara,fixed,NA,(Intercept),-5.074807169,0.219998611,-23.06745099,114.9116146,6.15E-45,2.02E-44
s__GGB3746_SGB5089,fixed,NA,(Intercept),-4.234008182,0.190356812,-22.24248317,122.6051891,7.39E-45,2.42E-44
s__Phascolarctobacterium_faecium,fixed,NA,(Intercept),-4.024546764,0.182502369,-22.05202478,120.8722719,3.49E-44,1.14E-43
s__Ruthenibacterium_lactatiformans,fixed,NA,(Intercept),-4.005218122,0.190017494,-21.07815462,126.5820131,3.17E-43,1.03E-42
s__Bilophila_wadsworthia,fixed,NA,(Intercept),-4.000202109,0.191478737,-20.89110352,127.0402358,6.46E-43,2.11E-42
s__Faecalibacterium_SGB15346,fixed,NA,(Intercept),-5.043532042,0.236437493,-21.33135477,119.2966207,1.59E-42,5.17E-42
s__Blautia_faecis,fixed,NA,(Intercept),-4.036850155,0.195054702,-20.69599001,124.7176713,3.73E-42,1.21E-41
s__Anaerostipes_hadrus,fixed,NA,(Intercept),-3.758128459,0.179969008,-20.88208684,121.9317985,4.38E-42,1.42E-41
s__Fusicatenibacter_saccharivorans,fixed,NA,(Intercept),-3.952622473,0.196003423,-20.16608895,125.2113792,3.82E-41,1.24E-40
s__Bacteroides_clarus,fixed,NA,(Intercept),-5.183716136,0.25344661,-20.45289201,119.7176833,7.05E-41,2.28E-40
s__Clostridiaceae_bacterium,fixed,NA,(Intercept),-4.077122708,0.205839956,-19.80724634,124.346726,2.84E-40,9.16E-40
s__Lachnospira_eligens,fixed,NA,(Intercept),-4.750507053,0.23797782,-19.96197402,121.8734042,3.17E-40,1.02E-39
s__Dialister_hominis,fixed,NA,(Intercept),-5.226186486,0.26125535,-20.00413194,119.270572,6.48E-40,2.08E-39
s__Roseburia_intestinalis,fixed,NA,(Intercept),-4.626390511,0.237481139,-19.48108612,126.5587982,6.64E-40,2.13E-39
s__Acidaminococcus_intestini,fixed,NA,(Intercept),-4.412730937,0.225486914,-19.56978723,118.9207357,5.46E-39,1.75E-38
s__Bifidobacterium_longum,fixed,NA,(Intercept),-3.346452523,0.175331255,-19.08645736,124.8539533,7.84E-39,2.51E-38
s__Bifidobacterium_adolescentis,fixed,NA,(Intercept),-4.105533018,0.212974482,-19.27711236,121.5697634,8.93E-39,2.85E-38
s__Alistipes_shahii,fixed,NA,(Intercept),-4.286647754,0.219477611,-19.53113913,117.8602654,9.39E-39,2.99E-38
s__Alistipes_finegoldii,fixed,NA,(Intercept),-4.759920566,0.244034963,-19.50507624,117.9237073,1.04E-38,3.30E-38
s__Bacteroides_eggerthii,fixed,NA,(Intercept),-4.526883029,0.234765691,-19.28255788,119.1089342,1.96E-38,6.23E-38
s__Phocaeicola_plebeius,fixed,NA,(Intercept),-5.058688863,0.262906493,-19.24139949,117.0138923,4.78E-38,1.52E-37
s__Megamonas_funiformis,fixed,NA,(Intercept),-3.793104165,0.19975236,-18.98903304,119.718487,6.41E-38,2.03E-37
s__Bacteroides_finegoldii,fixed,NA,(Intercept),-4.798243107,0.25435845,-18.86409948,120.7151239,8.46E-38,2.67E-37
s__Ruminococcus_bicirculans,fixed,NA,(Intercept),-4.961367104,0.266217274,-18.63653331,121.6786627,1.88E-37,5.92E-37
s__Gemmiger_formicilis,fixed,NA,(Intercept),-4.585096758,0.245888606,-18.64704848,119.8110901,3.18E-37,1.00E-36
s__Ruminococcus_torques,fixed,NA,(Intercept),-3.486787975,0.194147928,-17.95943954,124.6610647,2.21E-36,6.94E-36
s__Flavonifractor_plautii,fixed,NA,(Intercept),-3.418853932,0.194840495,-17.5469372,126.1234902,1.20E-35,3.76E-35
s__Blautia_wexlerae,fixed,NA,(Intercept),-3.140079578,0.181170379,-17.33219078,127.5699281,2.48E-35,7.77E-35
s__Collinsella_aerofaciens,fixed,NA,(Intercept),-3.804976127,0.220604661,-17.24794079,126.8562841,4.60E-35,1.44E-34
s__Phocaeicola_massiliensis,fixed,NA,(Intercept),-4.330777016,0.247785727,-17.47791153,117.3619912,1.87E-34,5.83E-34
s__Barnesiella_intestinihominis,fixed,NA,(Intercept),-4.17418249,0.239844694,-17.40368915,117.8119921,2.36E-34,7.37E-34
s__Odoribacter_splanchnicus,fixed,NA,(Intercept),-3.696667729,0.214849834,-17.2058207,120.7928636,2.78E-34,8.67E-34
s__Ruminococcus_gnavus,fixed,NA,(Intercept),-3.333567074,0.197723624,-16.85973082,127.4766333,2.97E-34,9.24E-34
s__Dysosmobacter_welbionis,fixed,NA,(Intercept),-3.807016429,0.227235747,-16.75359833,124.1140697,1.18E-33,3.66E-33
s__Roseburia_inulinivorans,fixed,NA,(Intercept),-4.140138482,0.246709787,-16.78141159,120.672152,2.42E-33,7.51E-33
s__Sutterella_wadsworthensis,fixed,NA,(Intercept),-3.899568456,0.241293646,-16.16109053,117.6813805,1.17E-31,3.61E-31
s__Roseburia_faecis,fixed,NA,(Intercept),-3.401045823,0.223284249,-15.23191108,128.2921184,1.49E-30,4.60E-30
s__Alistipes_onderdonkii,fixed,NA,(Intercept),-3.774210002,0.246649978,-15.30188663,121.5587236,4.04E-30,1.24E-29
s__Eubacterium_rectale,fixed,NA,(Intercept),-3.776119636,0.248241793,-15.21145811,122.0982583,5.80E-30,1.79E-29
s__Escherichia_coli,fixed,NA,(Intercept),-2.728001802,0.186280063,-14.64462575,136.8343193,8.37E-30,2.57E-29
s__Ruminococcus_bromii,fixed,NA,(Intercept),-4.071205689,0.282919648,-14.38997158,120.7700958,5.87E-28,1.80E-27
s__Bacteroides_xylanisolvens,fixed,NA,(Intercept),-3.187563433,0.226288313,-14.08629279,121.0126308,2.85E-27,8.72E-27
s__Bacteroides_fragilis,fixed,NA,(Intercept),-3.754918794,0.267947007,-14.01366201,121.7685671,3.68E-27,1.13E-26
s__Alistipes_putredinis,fixed,NA,(Intercept),-3.947933341,0.284117718,-13.89541409,120.9683997,8.00E-27,2.44E-26
s__Prevotella_copri_clade_A,fixed,NA,(Intercept),-3.958870113,0.285547171,-13.86415456,120.8736116,9.61E-27,2.93E-26
s__Bacteroides_caccae,fixed,NA,(Intercept),-3.725366984,0.268347096,-13.8826432,120.2403551,9.71E-27,2.96E-26
s__Parabacteroides_distasonis,fixed,NA,(Intercept),-2.831573443,0.207834501,-13.62417421,119.8873547,4.13E-26,1.25E-25
s__Parabacteroides_merdae,fixed,NA,(Intercept),-3.526666455,0.270919532,-13.01739459,121.189329,9.00E-25,2.73E-24
s__Bacteroides_thetaiotaomicron,fixed,NA,(Intercept),-2.771649161,0.220712079,-12.55775927,126.2740145,5.67E-24,1.72E-23
s__Bacteroides_stercoris,fixed,NA,(Intercept),-3.620355359,0.289822085,-12.49164761,119.5688525,2.00E-23,6.04E-23
s__Faecalibacterium_prausnitzii,fixed,NA,(Intercept),-3.063327991,0.253577853,-12.08042404,119.5479848,1.90E-22,5.72E-22
s__Bacteroides_ovatus,fixed,NA,(Intercept),-2.988258952,0.255344852,-11.70283609,123.1117639,9.99E-22,3.01E-21
s__Phocaeicola_vulgatus,fixed,NA,(Intercept),-2.709579253,0.231985348,-11.67995858,123.7456833,1.06E-21,3.18E-21
s__Phocaeicola_dorei,fixed,NA,(Intercept),-3.254434415,0.291115454,-11.17918808,121.2058884,2.26E-20,6.79E-20
s__Bacteroides_uniformis,fixed,NA,(Intercept),-2.644088663,0.241831788,-10.93358605,119.3612892,1.06E-19,3.17E-19
s__Roseburia_sp_AF02_12,fixed,NA,hd_exposurehigh_exposure,1.066042336,0.235603408,4.524732243,119.7842909,1.43E-05,4.30E-05
s__Roseburia_sp_AF02_12,fixed,NA,hd_exposurelow_exposure,0.895301002,0.237798735,3.764952753,123.1219013,0.000256679,0.000767577
s__Prevotella_sp_885,fixed,NA,hd_exposurehigh_exposure,0.844561357,0.249610759,3.383513435,113.830064,0.00098213,0.002932294
s__Sutterella_wadsworthensis,fixed,NA,hd_exposurelow_exposure,-1.154496988,0.37165536,-3.106364425,114.9137001,0.002386359,0.007113479
s__GGB9627_SGB15081,fixed,NA,hd_exposurelow_exposure,0.616174089,0.19960393,3.086983761,117.4486484,0.002522891,0.007508509
s__Clostridium_sp_AM33_3,fixed,NA,hd_exposurelow_exposure,0.617346616,0.201233102,3.067818407,117.1772789,0.002678687,0.007959527
s__Lachnospira_sp_NSJ_43,fixed,NA,hd_exposurelow_exposure,0.661340308,0.218216197,3.030665533,115.9176656,0.003010016,0.008929872
s__Parasutterella_excrementihominis,fixed,NA,hd_exposurelow_exposure,0.769088785,0.256618149,2.997016336,116.3714678,0.003333206,0.009873042
s__Prevotella_sp_P4_51,fixed,NA,hd_exposurehigh_exposure,0.367956526,0.124654518,2.951810591,118.015099,0.00381212,0.011273758
s__Bradyrhizobium_denitrificans,fixed,NA,hd_exposurelow_exposure,-0.542256822,0.183961176,-2.947669901,86.2488495,0.004118146,0.012159574
s__Alistipes_provencensis,fixed,NA,hd_exposurehigh_exposure,0.301921323,0.103406817,2.919742917,118.0287206,0.004197114,0.012373224
s__Paratractidigestivibacter_faecalis,fixed,NA,hd_exposurehigh_exposure,0.395596008,0.13602552,2.908248452,114.246162,0.004368181,0.012857286
s__Enterobacter_roggenkampii,fixed,NA,hd_exposurelow_exposure,0.456831141,0.158002815,2.891284813,116.3214202,0.00457965,0.013458564
s__GGB9774_SGB15394,fixed,NA,hd_exposurehigh_exposure,0.216324421,0.074950042,2.886248145,124.1191439,0.004599496,0.0134957
s__Streptococcus_oralis,fixed,NA,hd_exposurehigh_exposure,0.156389244,0.054276348,2.88135165,133.7147364,0.004614278,0.013517885
s__Clostridium_SGB4909,fixed,NA,hd_exposurehigh_exposure,0.334650409,0.117997987,2.83606881,125.8654469,0.005323921,0.01557247
s__Erysipelotrichaceae_bacterium_3_1_53,fixed,NA,hd_exposurehigh_exposure,-0.36367222,0.127972808,-2.841792914,110.6441165,0.005342402,0.015602147
s__Enterocloster_bolteae,fixed,NA,hd_exposurehigh_exposure,-0.699075419,0.246487587,-2.836148572,117.2769608,0.005380267,0.015688256
s__Erysipelotrichaceae_bacterium_3_1_53,fixed,NA,hd_exposurelow_exposure,-0.363281678,0.129319219,-2.809185514,114.1542539,0.005844794,0.017016258
s__GGB33512_SGB15201,fixed,NA,hd_exposurehigh_exposure,-0.448242458,0.16038832,-2.794732545,112.9813534,0.006104401,0.017744469
s__GGB1627_SGB2230,fixed,NA,hd_exposurehigh_exposure,0.327428661,0.118020467,2.77433796,117.3167593,0.006437926,0.018684958
s__Anaerosacchariphilus_sp_NSJ_68,fixed,NA,hd_exposurehigh_exposure,0.4933044,0.180103332,2.739007627,120.3308046,0.007099741,0.020573862
s__GGB2980_SGB3962,fixed,NA,hd_exposurehigh_exposure,-0.466445393,0.170196194,-2.740633508,113.8571685,0.007121744,0.020605726
s__GGB9760_SGB15373,fixed,NA,hd_exposurelow_exposure,0.291758364,0.106841025,2.730770911,122.6601849,0.007250186,0.020944981
s__GGB33469_SGB15237,fixed,NA,hd_exposurehigh_exposure,0.169536494,0.06228855,2.721792292,132.6493975,0.007365151,0.021244317
s__Clostridium_sp_AF20_17LB,fixed,NA,hd_exposurelow_exposure,0.503389746,0.185457081,2.71431936,120.844065,0.007613149,0.02192587
s__Bifidobacterium_catenulatum,fixed,NA,hd_exposurehigh_exposure,0.72454191,0.267177044,2.711841927,116.4530478,0.007704878,0.022155963
s__Veillonella_atypica,fixed,NA,hd_exposurelow_exposure,0.665867892,0.246483015,2.701475766,119.5281689,0.007906965,0.022702207
s__Enterocloster_clostridioformis,fixed,NA,hd_exposurehigh_exposure,-0.367745523,0.136994749,-2.684376786,107.9671293,0.008412204,0.024115844
s__GGB9770_SGB15390,fixed,NA,hd_exposurehigh_exposure,-0.34874558,0.130315969,-2.676153834,112.9778516,0.008554953,0.024487571
s__GGB3000_SGB3991,fixed,NA,hd_exposurehigh_exposure,-0.287314458,0.107660175,-2.668716261,117.4714252,0.008690876,0.024838657
s__Weissella_cibaria,fixed,NA,hd_exposurelow_exposure,-0.203665603,0.077339583,-2.633394123,252,0.008976322,0.025615357
s__GGB3444_SGB4594,fixed,NA,hd_exposurehigh_exposure,-0.587352383,0.223012049,-2.633724886,114.7661997,0.009609813,0.027381384
s__Clostridium_hylemonae,fixed,NA,hd_exposurehigh_exposure,-0.28111539,0.107146586,-2.623652324,105.6401539,0.009986786,0.028412253
s__GGB9444_SGB14834,fixed,NA,hd_exposurehigh_exposure,0.12947536,0.049614002,2.609653648,140.9412119,0.010042113,0.028526306
s__GGB3189_SGB4212,fixed,NA,hd_exposurehigh_exposure,0.177545504,0.068358563,2.597267953,133.6590605,0.010449481,0.029638529
s__Blautia_SGB4815,fixed,NA,hd_exposurehigh_exposure,0.433576025,0.168188511,2.577917018,120.2936831,0.011146136,0.031566667
s__Bacteroides_intestinalis,fixed,NA,hd_exposurehigh_exposure,-0.693753375,0.270343011,-2.566196821,112.2786898,0.011598853,0.032799173
s__Enterocloster_clostridioformis,fixed,NA,hd_exposurelow_exposure,-0.353879675,0.13797585,-2.56479431,110.7163036,0.011662243,0.032928687
s__Candidatus_Catenibacterium_tridentinum,fixed,NA,hd_exposurelow_exposure,0.676417526,0.264350225,2.558793082,117.4794964,0.011774308,0.033195037
s__Prevotella_SGB1680,fixed,NA,hd_exposurehigh_exposure,0.446650025,0.175133069,2.550346584,116.6568152,0.012057014,0.033940948
s__Mogibacterium_sp_BX12,fixed,NA,hd_exposurehigh_exposure,-0.408526356,0.160173683,-2.550521091,112.0694652,0.012105542,0.034026389
s__GGB3570_SGB4777,fixed,NA,hd_exposurelow_exposure,0.147855114,0.059357938,2.490907191,136.665762,0.013939258,0.039121877
s__Clostridium_methylpentosum,fixed,NA,hd_exposurehigh_exposure,-0.178829766,0.070819482,-2.525149316,63.00717714,0.014093846,0.039496528
s__Clostridiales_bacterium_KLE1615,fixed,NA,hd_exposurelow_exposure,0.730540126,0.293583208,2.488358004,115.2673362,0.014262555,0.039909571
s__Anaerofilum_sp_BX8,fixed,NA,hd_exposurehigh_exposure,-0.19651633,0.079023223,-2.486817461,111.1702384,0.014375063,0.040164354
s__Oscillospiraceae_bacterium_NSJ_64,fixed,NA,hd_exposurelow_exposure,-0.258388669,0.104249037,-2.478571285,98.4201924,0.01489231,0.041547548
s__GGB9189_SGB14128,fixed,NA,hd_exposurehigh_exposure,0.246105689,0.100204904,2.456024391,127.233782,0.015397484,0.04289299
s__Oscillospiraceae_bacterium_NSJ_64,fixed,NA,hd_exposurehigh_exposure,-0.253885132,0.102982614,-2.465320331,94.93164165,0.015485417,0.04307385
s__Clostridiales_bacterium_KLE1615,fixed,NA,hd_exposurehigh_exposure,0.710156009,0.290252283,2.446685349,111.6483428,0.015977407,0.044376419
s__Ligilactobacillus_ruminis,fixed,NA,hd_exposurelow_exposure,0.645918686,0.264392411,2.443030354,119.4138727,0.016027998,0.044450982
s__Phocaeicola_SGB6473,fixed,NA,hd_exposurelow_exposure,-0.181808411,0.074540893,-2.439042573,111.9394232,0.016297218,0.045130757
s__Weissella_confusa,fixed,NA,hd_exposurehigh_exposure,-0.31826363,0.13037011,-2.441231578,94.66483319,0.01649572,0.045612979
s__Bifidobacterium_catenulatum,fixed,NA,hd_exposurelow_exposure,0.650658371,0.26879852,2.420617389,118.8993326,0.017006702,0.046956558
s__Desulfovibrio_SGB5076,fixed,NA,hd_exposurelow_exposure,0.279265954,0.115950342,2.408496163,121.0263803,0.017526649,0.048320895
s__GGB1239_SGB1657,fixed,NA,hd_exposurehigh_exposure,0.126708198,0.052812167,2.399223586,121.8337653,0.017945296,0.049402345
s__Enterocloster_asparagiformis,fixed,NA,hd_exposurehigh_exposure,-0.401598961,0.168172692,-2.388015301,117.76574,0.01852987,0.050936734
s__Eubacterium_limosum,fixed,NA,hd_exposurelow_exposure,-0.234804791,0.098977697,-2.372300008,102.6913518,0.019540169,0.053635186
s__Clostridium_perfringens,fixed,NA,hd_exposurehigh_exposure,0.278704854,0.118840595,2.345199078,131.4194963,0.020514251,0.056226467
s__Lachnospiraceae_bacterium_OM04_12BH,fixed,NA,hd_exposurelow_exposure,0.380052584,0.161966492,2.346488952,116.7218507,0.020637099,0.056480481
s__Coprococcus_catus,fixed,NA,hd_exposurelow_exposure,0.3845514,0.164129752,2.342971911,117.6207554,0.020810472,0.05687183
s__Clostridiales_bacterium,fixed,NA,hd_exposurehigh_exposure,0.713792471,0.304854279,2.341421851,116.5931939,0.020908133,0.057055431
s__GGB9775_SGB15395,fixed,NA,hd_exposurehigh_exposure,-0.198790165,0.084913501,-2.341090183,112.0500169,0.020995664,0.057210891
s__Desulfovibrio_SGB5076,fixed,NA,hd_exposurehigh_exposure,0.266889622,0.114338955,2.334196787,117.5405103,0.021283291,0.057887892
s__Holdemania_filiformis,fixed,NA,hd_exposurelow_exposure,-0.287867603,0.123254649,-2.335551681,111.314705,0.02130596,0.057887892
s__GGB9695_SGB15209,fixed,NA,hd_exposurehigh_exposure,-0.232368052,0.100134944,-2.320549088,115.00994,0.02207401,0.05988775
s__Clostridiaceae_bacterium_AF18_31LB,fixed,NA,hd_exposurelow_exposure,0.563108709,0.24355918,2.311999523,116.5861983,0.022533136,0.060956692
s__GGB3002_SGB3993,fixed,NA,hd_exposurehigh_exposure,-0.271295357,0.11728691,-2.313091516,112.952472,0.022528011,0.060956692
s__GGB77437_SGB9391,fixed,NA,hd_exposurelow_exposure,0.217848927,0.094484389,2.305660523,116.4816572,0.022899044,0.061857157
s__GGB36599_SGB9269,fixed,NA,hd_exposurelow_exposure,0.185568625,0.08122516,2.284619996,145.0618051,0.023785736,0.064159795
s__Eisenbergiella_tayi,fixed,NA,hd_exposurehigh_exposure,-0.513449932,0.224310246,-2.289016847,113.3557092,0.023930631,0.064457758
s__Candidatus_Pararuminococcus_gallinarum,fixed,NA,hd_exposurehigh_exposure,-0.427447145,0.189270424,-2.258393767,113.6064616,0.025830358,0.069474757
s__Butyricicoccus_sp_AM29_23AC,fixed,NA,hd_exposurehigh_exposure,0.208276029,0.09266831,2.247543179,116.8600462,0.026481825,0.071124786
s__GGB3626_SGB4905,fixed,NA,hd_exposurehigh_exposure,0.16101222,0.07174288,2.244295481,128.1196985,0.026529185,0.071149905
s__Intestinimonas_timonensis,fixed,NA,hd_exposurehigh_exposure,0.179304282,0.079966282,2.242248584,118.3167395,0.026808549,0.071796287
s__Coprococcus_catus,fixed,NA,hd_exposurehigh_exposure,0.365143811,0.163439239,2.234125738,115.8294184,0.027394204,0.073259928
s__GGB33512_SGB15201,fixed,NA,hd_exposurelow_exposure,-0.361174474,0.161924998,-2.230504734,116.3482384,0.027631694,0.073789631
s__Clostridium_sp_AF20_17LB,fixed,NA,hd_exposurehigh_exposure,0.409015803,0.183635483,2.227324462,117.3977668,0.027832099,0.074218931
s__Clostridium_hylemonae,fixed,NA,hd_exposurelow_exposure,-0.242131279,0.108896015,-2.223509077,107.4674113,0.028273885,0.075289776
s__GGB9616_SGB15052,fixed,NA,hd_exposurelow_exposure,0.445615864,0.200807531,2.21911928,116.3174312,0.028418753,0.075568047
s__Eubacterium_ventriosum,fixed,NA,hd_exposurelow_exposure,0.70088232,0.316068833,2.217498999,118.9102534,0.028489509,0.075648739
s__Phocaeicola_massiliensis,fixed,NA,hd_exposurelow_exposure,-0.843375033,0.382333252,-2.205863678,115.4615776,0.029373745,0.07788619
s__GGB3000_SGB3991,fixed,NA,hd_exposurelow_exposure,-0.238791387,0.108538233,-2.200067018,120.5342742,0.029708959,0.078663608
s__Massilimicrobiota_sp_An134,fixed,NA,hd_exposurelow_exposure,-0.247640956,0.112460064,-2.202034645,107.09001,0.029807246,0.078812379
s__Sutterella_SGB9298,fixed,NA,hd_exposurehigh_exposure,0.266170173,0.121224384,2.195681787,126.6987727,0.029935698,0.079040375
s__Gordonibacter_urolithinfaciens,fixed,NA,hd_exposurehigh_exposure,-0.154512153,0.07009186,-2.204423646,90.51807915,0.030030066,0.079177863
s__GGB3614_SGB4886,fixed,NA,hd_exposurelow_exposure,0.210300645,0.096082208,2.188757411,120.2414387,0.03054675,0.080426885
s__GGB9061_SGB13979,fixed,NA,hd_exposurehigh_exposure,0.39349315,0.179967206,2.186471411,116.0755434,0.030787664,0.080947342
s__Clostridium_sp_AF34_10BH,fixed,NA,hd_exposurehigh_exposure,0.531215643,0.243886463,2.178126807,112.2259445,0.031488838,0.082649138
s__GGB9290_SGB14247,fixed,NA,hd_exposurehigh_exposure,0.160909908,0.074106265,2.171340144,145.7832121,0.031523229,0.082649138
s__GGB3828_SGB5197,fixed,NA,hd_exposurelow_exposure,0.291879073,0.134611866,2.168301216,120.5617158,0.032100037,0.084043733
s__Bacteroides_faecis,fixed,NA,hd_exposurehigh_exposure,0.538561459,0.248917001,2.163618621,115.789383,0.032548267,0.085098262
s__GGB9186_SGB14125,fixed,NA,hd_exposurelow_exposure,-0.156883369,0.072687372,-2.158330453,118.1633246,0.032924894,0.085962904
s__Prevotellamassilia_timonensis,fixed,NA,hd_exposurehigh_exposure,0.390084045,0.181014328,2.154989886,116.2332772,0.033225419,0.086509001
s__Sutterella_sp_AM11_39,fixed,NA,hd_exposurehigh_exposure,-0.255378861,0.118489524,-2.155286403,114.8617329,0.033226481,0.086509001
s__Clostridium_sp_C5_48,fixed,NA,hd_exposurelow_exposure,0.237824299,0.110639003,2.14955208,123.9077404,0.033534272,0.087189108
s__GGB9635_SGB15103,fixed,NA,hd_exposurelow_exposure,0.212401612,0.099028557,2.144852136,113.2777841,0.034100928,0.088539442
s__Anaerofilum_sp_BX8,fixed,NA,hd_exposurelow_exposure,-0.171699699,0.080257582,-2.13935798,113.8997977,0.034541508,0.089559145
s__Enterococcus_raffinosus,fixed,NA,hd_exposurelow_exposure,-0.189389187,0.088584942,-2.137938827,110.2965422,0.034729525,0.08992209
s__GGB4684_SGB6478,fixed,NA,hd_exposurelow_exposure,0.246576175,0.115785205,2.129600023,133.6181236,0.035038095,0.090595738
s__Eisenbergiella_massiliensis,fixed,NA,hd_exposurehigh_exposure,-0.298439307,0.140056067,-2.130855973,111.4678001,0.035298965,0.091144362
s__Murimonas_intestini,fixed,NA,hd_exposurehigh_exposure,-0.215726631,0.10118289,-2.132046544,103.3286533,0.035372979,0.091209665
s__Lachnospiraceae_bacterium_AM48_27BH,fixed,NA,hd_exposurehigh_exposure,0.406216181,0.190948199,2.127363248,119.4671207,0.035445929,0.091272049
s__Weissella_cibaria,fixed,NA,hd_exposurehigh_exposure,-0.159902631,0.076460996,-2.091296718,252,0.03750302,0.096436338
s__Alistipes_ihumii,fixed,NA,hd_exposurehigh_exposure,-0.382588439,0.182491109,-2.096477148,112.2448491,0.038286566,0.09831612
s__Clostridiaceae_bacterium_Marseille_Q3526,fixed,NA,hd_exposurehigh_exposure,0.247365781,0.118396479,2.089300146,114.9081591,0.038887845,0.099723349
s__GGB80011_SGB15267,fixed,NA,hd_exposurelow_exposure,0.124104142,0.059463322,2.087070457,122.1456451,0.038961143,0.099774636
s__Merdimonas_faecis,fixed,NA,hd_exposurehigh_exposure,-0.392170697,0.188325594,-2.082407853,112.7481456,0.039567369,0.101188682
s__Eisenbergiella_tayi,fixed,NA,hd_exposurelow_exposure,-0.470252436,0.226528896,-2.075904856,116.7812968,0.040097627,0.102313686
s__Faecalibacterium_prausnitzii,fixed,NA,hd_exposurehigh_exposure,0.803562053,0.386970107,2.076548134,112.7173391,0.040116584,0.102313686
s__Oxalobacter_formigenes,fixed,NA,hd_exposurelow_exposure,-0.141846787,0.068126687,-2.082103102,87.83427021,0.040242231,0.102494499
s__GGB9082_SGB14007,fixed,NA,hd_exposurelow_exposure,0.321729435,0.155268789,2.07208054,119.0711129,0.040416858,0.1027994
s__Roseburia_inulinivorans,fixed,NA,hd_exposurehigh_exposure,0.779386085,0.376571711,2.069688354,113.9295983,0.040742648,0.103487432
s__GGB2987_SGB3969,fixed,NA,hd_exposurehigh_exposure,-0.217183451,0.105060413,-2.06722442,116.1864581,0.040934224,0.103833153
s__Lachnospira_sp_NSJ_43,fixed,NA,hd_exposurehigh_exposure,0.447914243,0.2172457,2.061786462,114.0396362,0.041500843,0.105127981
s__Streptococcus_thermophilus,fixed,NA,hd_exposurelow_exposure,0.218226788,0.10604271,2.057914096,126.8709541,0.041646293,0.105353865
s__GGB9767_SGB15385,fixed,NA,hd_exposurelow_exposure,0.109767191,0.053292407,2.059715393,106.4079839,0.041866306,0.105767511
s__Oscillibacter_SGB15077,fixed,NA,hd_exposurehigh_exposure,-0.263534646,0.129224349,-2.039357503,118.5457411,0.043637545,0.110093645
s__Oscillibacter_SGB15077,fixed,NA,hd_exposurelow_exposure,-0.265307023,0.130410891,-2.034393154,121.8522965,0.044082457,0.111066431
s__GGB2983_SGB3965,fixed,NA,hd_exposurehigh_exposure,0.137216475,0.067926678,2.020067489,113.7471359,0.04572632,0.115053322
s__GGB9719_SGB15272,fixed,NA,hd_exposurehigh_exposure,-0.330178257,0.163816038,-2.015542926,114.1243945,0.04619741,0.11608262
s__GGB51441_SGB71759,fixed,NA,hd_exposurehigh_exposure,0.345512349,0.172210302,2.006339605,114.2515627,0.047182087,0.118397945
s__GGB14025_SGB14906,fixed,NA,hd_exposurehigh_exposure,-0.398235881,0.199408778,-1.997082996,108.4101483,0.048321784,0.121095554
s__Candidatus_Parachristensenella_avicola,fixed,NA,hd_exposurehigh_exposure,-0.201213017,0.101528797,-1.981831974,112.6368441,0.049933822,0.124968068
s__GGB3002_SGB3993,fixed,NA,hd_exposurelow_exposure,-0.233565011,0.118191363,-1.976159716,115.8818297,0.050512754,0.126248166
s__GGB79916_SGB4587,fixed,NA,hd_exposurehigh_exposure,0.344363432,0.174285694,1.975855983,108.6100909,0.050707306,0.126565435
s__GGB3061_SGB4063,fixed,NA,hd_exposurehigh_exposure,-0.093414281,0.04724731,-1.977134389,100.0170512,0.050779139,0.126575963
s__Christensenella_hongkongensis,fixed,NA,hd_exposurelow_exposure,-0.253625834,0.128921091,-1.967295122,111.616142,0.051630381,0.128356007
s__Lacticaseibacillus_paracasei,fixed,NA,hd_exposurelow_exposure,-0.187336835,0.094827951,-1.975544468,80.57963379,0.05162974,0.128356007
s__GGB9261_SGB14209,fixed,NA,hd_exposurehigh_exposure,0.352860158,0.179537756,1.965381356,115.6722435,0.051766909,0.128524738
s__GGB14025_SGB14906,fixed,NA,hd_exposurelow_exposure,-0.394304329,0.200764791,-1.964011354,111.0549087,0.052027698,0.129001126
s__Enterocloster_asparagiformis,fixed,NA,hd_exposurelow_exposure,-0.334171831,0.170388056,-1.961239762,121.4060847,0.052140253,0.129109197
s__Catenibacterium_SGB4425,fixed,NA,hd_exposurehigh_exposure,0.53384232,0.272036357,1.962393281,111.2604067,0.052213533,0.129119859
s__GGB3363_SGB4447,fixed,NA,hd_exposurelow_exposure,-0.205607228,0.105825661,-1.942886309,105.9815981,0.054682844,0.135047869
s__Bacteroides_ovatus,fixed,NA,hd_exposurehigh_exposure,-0.756396291,0.390053205,-1.939213116,116.6974706,0.054889323,0.1353792
s__GGB1246_SGB1667,fixed,NA,hd_exposurehigh_exposure,0.241081329,0.12466812,1.933784902,114.6688673,0.055604173,0.136961858
s__Phocaeicola_coprocola,fixed,NA,hd_exposurelow_exposure,0.551928162,0.285978996,1.929960489,116.7228514,0.056038226,0.137849617
s__Clostridium_sp_AF36_4,fixed,NA,hd_exposurelow_exposure,0.316227446,0.163930607,1.929032369,115.2259981,0.056186255,0.137887542
s__Weissella_confusa,fixed,NA,hd_exposurelow_exposure,-0.256258153,0.13254142,-1.933419398,93.76635012,0.056200959,0.137887542
s__GGB9061_SGB13979,fixed,NA,hd_exposurelow_exposure,0.34723555,0.180233547,1.926586675,116.7433163,0.056461939,0.138346532
s__GGB79973_SGB14341,fixed,NA,hd_exposurelow_exposure,0.194485062,0.101168671,1.922384277,119.4479882,0.056938725,0.139150513
s__Prevotella_copri_clade_D,fixed,NA,hd_exposurelow_exposure,0.545704652,0.283742023,1.923242268,117.2889598,0.056873694,0.139150513
s__Clostridia_bacterium_UC5_1_1D1,fixed,NA,hd_exposurehigh_exposure,-0.234493275,0.122000321,-1.922070968,101.9409869,0.057388706,0.14006735
s__GGB9531_SGB14932,fixed,NA,hd_exposurelow_exposure,-0.217117999,0.113512845,-1.91271744,118.3616679,0.058200482,0.141863675
s__Enterocloster_bolteae,fixed,NA,hd_exposurelow_exposure,-0.475472948,0.249200259,-1.907995401,120.877981,0.058763793,0.143050483
s__Phocaeicola_SGB6473,fixed,NA,hd_exposurehigh_exposure,-0.140898037,0.073828248,-1.908457005,108.5845546,0.058972667,0.143372511
s__GGB13493_SGB15238,fixed,NA,hd_exposurelow_exposure,0.208468183,0.109639624,1.901394554,99.59394244,0.060140776,0.14602274
s__GGB9770_SGB15390,fixed,NA,hd_exposurelow_exposure,-0.249591415,0.131666658,-1.89563113,116.4784795,0.06048698,0.146673091
s__GGB2980_SGB3962,fixed,NA,hd_exposurelow_exposure,-0.324892306,0.171753228,-1.891622709,117.1406308,0.061010555,0.147751306
s__Tyzzerella_nexilis,fixed,NA,hd_exposurehigh_exposure,-0.465187331,0.246382162,-1.88807228,114.8595193,0.061539307,0.148839255
s__GGB9261_SGB14209,fixed,NA,hd_exposurelow_exposure,0.339256307,0.180393236,1.880648713,117.663959,0.06249188,0.150789569
s__Veillonella_parvula,fixed,NA,hd_exposurehigh_exposure,0.593604924,0.315634577,1.880671404,116.813773,0.062506787,0.150789569
s__Victivallis_lenta,fixed,NA,hd_exposurehigh_exposure,-0.368399679,0.19596502,-1.879925711,115.3078278,0.062641887,0.150920993
s__Intestinimonas_butyriciproducens,fixed,NA,hd_exposurehigh_exposure,-0.362168052,0.193110417,-1.875445447,113.6371455,0.063298061,0.152305875
s__GGB3277_SGB4327,fixed,NA,hd_exposurehigh_exposure,0.385860364,0.205940725,1.873647689,118.0253981,0.063452211,0.152442956
s__Veillonella_dispar,fixed,NA,hd_exposurelow_exposure,0.522069875,0.27877576,1.872723351,121.1058698,0.063517898,0.152442956
s__Blautia_stercoris,fixed,NA,hd_exposurelow_exposure,-0.207573546,0.110794544,-1.873499714,109.3081283,0.063670402,0.152613307
s__Sellimonas_intestinalis,fixed,NA,hd_exposurehigh_exposure,-0.358598076,0.192263641,-1.865137236,112.4147098,0.064769822,0.155050009
s__Waltera_intestinalis,fixed,NA,hd_exposurehigh_exposure,0.628209113,0.338088554,1.858120028,115.3683615,0.065701259,0.157078873
s__Dorea_longicatena,fixed,NA,hd_exposurelow_exposure,0.384346728,0.207498767,1.85228439,118.2933653,0.06647794,0.158324654
s__Faecalibacterium_prausnitzii,fixed,NA,hd_exposurelow_exposure,0.721421307,0.389298094,1.853133414,115.1344431,0.066423669,0.158324654
s__Intestinibacter_bartlettii,fixed,NA,hd_exposurehigh_exposure,-0.366266041,0.197743889,-1.852224324,114.8877588,0.066560632,0.158324654
s__Lachnospiraceae_bacterium_NSJ_29,fixed,NA,hd_exposurehigh_exposure,-0.184117848,0.099188525,-1.856241407,101.6965019,0.066314265,0.158324654
s__GGB9635_SGB15103,fixed,NA,hd_exposurehigh_exposure,0.18168794,0.098579745,1.84305548,111.3760478,0.067980035,0.161495717
s__GGB3444_SGB4594,fixed,NA,hd_exposurelow_exposure,-0.413264677,0.224796327,-1.838396043,117.7801619,0.068523648,0.162580823
s__Senegalimassilia_anaerobia,fixed,NA,hd_exposurehigh_exposure,-0.193172748,0.105445638,-1.831965279,102.5879752,0.069857881,0.165536649
s__Klebsiella_quasivariicola,fixed,NA,hd_exposurehigh_exposure,-0.102544677,0.056067954,-1.828935603,106.4418613,0.070209003,0.166142478
s__Roseburia_hominis,fixed,NA,hd_exposurelow_exposure,0.439170799,0.24042499,1.826643722,117.5355451,0.070291048,0.166142478
s__Mitsuokella_multacida,fixed,NA,hd_exposurehigh_exposure,0.255930697,0.140319989,1.823907625,118.2945415,0.070690343,0.166875565
s__GGB9060_SGB13977,fixed,NA,hd_exposurehigh_exposure,0.225601305,0.12379385,1.822395094,118.5538206,0.070915431,0.16719608
s__Prevotella_copri_clade_A,fixed,NA,hd_exposurelow_exposure,0.800387934,0.43942495,1.82144399,117.654281,0.07108006,0.167373425
s__Enorma_massiliensis,fixed,NA,hd_exposurelow_exposure,0.403334848,0.222590087,1.812007232,119.6417965,0.072493156,0.170486417
s__Dorea_sp_AF24_7LB,fixed,NA,hd_exposurehigh_exposure,0.291677937,0.161133454,1.810163749,113.5635723,0.072914772,0.171262802
s__Faecalicatena_fissicatena,fixed,NA,hd_exposurelow_exposure,0.441593325,0.244566492,1.805616631,117.9342812,0.073529118,0.172489359
s__GGB33586_SGB53517,fixed,NA,hd_exposurehigh_exposure,-0.17516649,0.097119318,-1.803621507,125.7867283,0.07368405,0.172636473
s__GGB9531_SGB14932,fixed,NA,hd_exposurehigh_exposure,-0.202656362,0.112519352,-1.801080069,115.1431834,0.074307617,0.173879823
s__Ellagibacter_isourolithinifaciens,fixed,NA,hd_exposurelow_exposure,0.127236098,0.070643634,1.801097861,108.0738158,0.074476126,0.173919207
s__Veillonella_atypica,fixed,NA,hd_exposurehigh_exposure,0.437756219,0.243239178,1.799694538,115.9116053,0.074510258,0.173919207
s__Clostridiaceae_bacterium_Marseille_Q4143,fixed,NA,hd_exposurehigh_exposure,0.297606067,0.165776764,1.795221835,112.8190758,0.075295624,0.175341502
s__Dorea_longicatena,fixed,NA,hd_exposurehigh_exposure,0.370274673,0.206315787,1.794698696,115.9600889,0.075306927,0.175341502
s__Raoultibacter_timonensis,fixed,NA,hd_exposurelow_exposure,-0.141679157,0.07889864,-1.79571102,92.44997965,0.075807463,0.176287666
s__Hungatella_hathewayi,fixed,NA,hd_exposurehigh_exposure,-0.450690197,0.251980333,-1.788592752,116.7412787,0.076274047,0.177152625
s__Lawsonibacter_asaccharolyticus,fixed,NA,hd_exposurehigh_exposure,0.438607558,0.24615451,1.781838402,116.7188465,0.077376029,0.179489376
s__Lachnospiraceae_bacterium_Marseille_Q4251,fixed,NA,hd_exposurehigh_exposure,-0.425522133,0.240691386,-1.767915923,111.4482226,0.079811513,0.184909843
s__GGB9608_SGB15041,fixed,NA,hd_exposurelow_exposure,0.182235165,0.103388237,1.762629583,116.5603258,0.080584047,0.186387005
s__Murimonas_intestini,fixed,NA,hd_exposurelow_exposure,-0.180492428,0.102340188,-1.763651507,106.8804963,0.080648223,0.186387005
s__Oscillospiraceae_bacterium_Marseille_Q3528,fixed,NA,hd_exposurelow_exposure,0.267308623,0.153011688,1.746981728,117.688845,0.083249205,0.192160927
s__GGB9060_SGB13977,fixed,NA,hd_exposurelow_exposure,0.216861156,0.124277243,1.744978808,120.2273593,0.083543707,0.192577868
s__Pseudoflavonifractor_sp_An184,fixed,NA,hd_exposurelow_exposure,-0.229304943,0.131425209,-1.744756152,117.7873355,0.08363558,0.192577868
s__Streptococcus_SGB15012,fixed,NA,hd_exposurelow_exposure,0.225898107,0.130236241,1.734525705,123.3816101,0.085322255,0.196220222
s__Candidatus_Heritagella_intestinalis,fixed,NA,hd_exposurelow_exposure,-0.164340497,0.094766733,-1.734158102,115.5449714,0.085557088,0.196518858
s__GGB9759_SGB15370,fixed,NA,hd_exposurehigh_exposure,0.240113814,0.138583041,1.732634904,122.9949798,0.08566717,0.196530566
s__Agathobaculum_butyriciproducens,fixed,NA,hd_exposurelow_exposure,0.473693693,0.274312184,1.726841605,116.256547,0.086852201,0.198952459
s__Clostridium_scindens,fixed,NA,hd_exposurehigh_exposure,-0.4266473,0.247068128,-1.726840704,112.7307885,0.086935423,0.198952459
s__GGB3351_SGB4434,fixed,NA,hd_exposurelow_exposure,0.12094011,0.070019981,1.727222833,96.9425982,0.087312491,0.199571407
s__Ellagibacter_isourolithinifaciens,fixed,NA,hd_exposurehigh_exposure,0.120263493,0.069803868,1.722877208,104.480019,0.087869271,0.200599117
s__Clostridium_sp_AM49_4BH,fixed,NA,hd_exposurelow_exposure,-0.223040559,0.129704621,-1.719603807,108.0037296,0.088368961,0.201405606
s__GGB9759_SGB15370,fixed,NA,hd_exposurelow_exposure,0.240788695,0.140244534,1.71692035,126.6775041,0.088437718,0.201405606
s__Limosilactobacillus_mucosae,fixed,NA,hd_exposurelow_exposure,-0.206128894,0.120186145,-1.715080328,112.9016693,0.089073903,0.202607954
s__Streptococcus_pasteurianus,fixed,NA,hd_exposurelow_exposure,0.189514473,0.110714457,1.711740987,135.8205722,0.089226892,0.202709638
s__Massilimicrobiota_sp_An134,fixed,NA,hd_exposurehigh_exposure,-0.190204732,0.111274612,-1.709327304,103.6163485,0.090383749,0.205088942
s__GGB4684_SGB6478,fixed,NA,hd_exposurehigh_exposure,0.195248836,0.114726891,1.701857648,130.3029835,0.091166812,0.206615342
s__GGB1266_SGB1699,fixed,NA,hd_exposurelow_exposure,0.373836419,0.219617944,1.702212547,120.1509753,0.091301498,0.206670379
s__Collinsella_SGB15196,fixed,NA,hd_exposurelow_exposure,0.118461259,0.070025103,1.691697022,103.841505,0.09370271,0.211849606
s__Enterococcus_raffinosus,fixed,NA,hd_exposurehigh_exposure,-0.147602795,0.087524295,-1.686420839,106.6815241,0.094637171,0.213704203
s__Anaerococcus_SGB53821,fixed,NA,hd_exposurehigh_exposure,0.184139325,0.109374393,1.683568889,113.226259,0.095020193,0.214310604
s__Collinsella_stercoris,fixed,NA,hd_exposurehigh_exposure,0.129669041,0.077366078,1.676045166,118.3758895,0.096368635,0.217053024
s__Dorea_sp_AF36_15AT,fixed,NA,hd_exposurehigh_exposure,0.344500008,0.205479692,1.676564752,109.9789979,0.096468011,0.217053024
s__GGB9758_SGB15368,fixed,NA,hd_exposurehigh_exposure,0.187042553,0.111839406,1.672420842,112.4122528,0.097222473,0.218487958
s__Bacteroides_bouchesdurhonensis,fixed,NA,hd_exposurelow_exposure,0.137262396,0.082439389,1.665009876,104.0441361,0.09891938,0.222021303
s__Fusobacterium_ulcerans,fixed,NA,hd_exposurelow_exposure,-0.110225692,0.066162873,-1.665975,94.44542046,0.099031938,0.222021303
s__GGB9775_SGB15395,fixed,NA,hd_exposurelow_exposure,-0.142195745,0.085588043,-1.661397321,115.0375226,0.099356639,0.222482809
s__Enterocloster_aldenensis,fixed,NA,hd_exposurelow_exposure,-0.280658576,0.169087148,-1.659845703,122.1390495,0.099510913,0.222562042
s__Escherichia_marmotae,fixed,NA,hd_exposurelow_exposure,-0.244004837,0.147857345,-1.650272008,122.6842925,0.101445201,0.226617441
s__GGB80140_SGB15224,fixed,NA,hd_exposurelow_exposure,0.178710278,0.108379094,1.648936816,114.3891336,0.101904345,0.227371792
s__Eubacterium_limosum,fixed,NA,hd_exposurehigh_exposure,-0.160195464,0.097424522,-1.644303307,100.3388868,0.103243231,0.22990258
s__GGB6518_SGB9205,fixed,NA,hd_exposurehigh_exposure,-0.171883666,0.104547233,-1.644076665,100.5287567,0.103284225,0.22990258
s__GGB9708_SGB15233,fixed,NA,hd_exposurehigh_exposure,0.198342457,0.121024807,1.638857871,112.8276193,0.104028482,0.231009868
s__Holdemanella_porci,fixed,NA,hd_exposurelow_exposure,0.365024118,0.222854914,1.637945119,121.2996847,0.104024683,0.231009868
s__GGB58485_SGB80143,fixed,NA,hd_exposurehigh_exposure,0.293895197,0.179558779,1.63676317,121.4672986,0.104268328,0.23126814
s__GGB33928_SGB15225,fixed,NA,hd_exposurelow_exposure,0.167778562,0.1029113,1.63032206,126.4462725,0.105521962,0.233771731
s__Candidatus_Heritagella_intestinalis,fixed,NA,hd_exposurehigh_exposure,-0.153596403,0.094318927,-1.628479123,113.5650188,0.106194422,0.234983402
s__Lacticaseibacillus_paracasei,fixed,NA,hd_exposurehigh_exposure,-0.153152984,0.093791077,-1.632916351,77.46529138,0.10654502,0.235480847
s__Clostridium_symbiosum,fixed,NA,hd_exposurehigh_exposure,-0.323185158,0.199412356,-1.620687726,116.9829632,0.107777116,0.237642829
s__Massiliimalia_massiliensis,fixed,NA,hd_exposurehigh_exposure,-0.161012153,0.099081517,-1.625047318,89.46802283,0.107670281,0.237642829
s__Desulfovibrio_SGB5077,fixed,NA,hd_exposurelow_exposure,0.206489414,0.127625655,1.617930301,103.3005794,0.108727149,0.239455557
s__Enterobacter_kobei,fixed,NA,hd_exposurelow_exposure,0.121485524,0.075201632,1.615463936,99.60495301,0.10937354,0.240596083
s__Anaerotruncus_colihominis,fixed,NA,hd_exposurehigh_exposure,-0.416152788,0.258092846,-1.612415042,113.6012923,0.109646405,0.240630798
s__Lacrimispora_amygdalina,fixed,NA,hd_exposurelow_exposure,0.385187319,0.23890107,1.612329819,117.4774834,0.109573507,0.240630798
s__Candidatus_Woodwardibium_gallinarum,fixed,NA,hd_exposurehigh_exposure,-0.080987906,0.050223494,-1.61255022,83.94223769,0.110595847,0.242146697
s__GGB2848_SGB3813,fixed,NA,hd_exposurehigh_exposure,-0.197892542,0.123024461,-1.608562561,111.0171367,0.110552231,0.242146697
s__GGB47687_SGB2286,fixed,NA,hd_exposurehigh_exposure,-0.23307622,0.145243855,-1.604723451,114.5203777,0.111308946,0.243139261
s__Streptococcus_SGB15012,fixed,NA,hd_exposurehigh_exposure,0.207088301,0.129054453,1.604658314,120.0770961,0.111195987,0.243139261
s__Roseburia_intestinalis,fixed,NA,hd_exposurehigh_exposure,0.571360638,0.356239602,1.603866146,112.1738631,0.111555557,0.243393942
s__Eubacterium_ramulus,fixed,NA,hd_exposurehigh_exposure,0.319292121,0.199565735,1.599934584,115.9530754,0.112334324,0.244807747
s__GGB9646_SGB15123,fixed,NA,hd_exposurelow_exposure,-0.113245656,0.070877458,-1.597766889,122.3352866,0.112674668,0.245263928
s__Blautia_sp_MSK_20_85,fixed,NA,hd_exposurelow_exposure,0.314054064,0.197220772,1.592398509,117.3228872,0.113985967,0.247830116
s__Prevotella_copri_clade_A,fixed,NA,hd_exposurehigh_exposure,0.695673174,0.437411838,1.590430605,115.7220995,0.114466025,0.248585149
s__Bacteroides_salyersiae,fixed,NA,hd_exposurehigh_exposure,-0.473043409,0.297996236,-1.587414042,114.9737031,0.115165312,0.24981398
s__Mesosutterella_multiformis,fixed,NA,hd_exposurelow_exposure,0.441016341,0.277962189,1.586605511,117.0167619,0.115300645,0.249818064
s__GGB58485_SGB80143,fixed,NA,hd_exposurelow_exposure,0.286790731,0.181146939,1.583193908,124.7049621,0.115910118,0.250848255
s__GGB9453_SGB14844,fixed,NA,hd_exposurelow_exposure,-0.208017296,0.131702033,-1.579453947,118.4524508,0.116898733,0.252695644
s__GGB9501_SGB14898,fixed,NA,hd_exposurelow_exposure,-0.319835536,0.202672191,-1.578092857,118.4261076,0.11721176,0.253080063
s__Ligilactobacillus_ruminis,fixed,NA,hd_exposurehigh_exposure,0.412989117,0.262440158,1.573650618,116.547298,0.118279035,0.255090269
s__Candidatus_Neochristensenella_gallicola,fixed,NA,hd_exposurehigh_exposure,-0.139097501,0.088553765,-1.570768904,118.2195653,0.118909023,0.256153844
s__GGB34900_SGB14891,fixed,NA,hd_exposurehigh_exposure,-0.121754761,0.077616059,-1.568680018,103.6789671,0.119769583,0.257324071
s__GGB9534_SGB14937,fixed,NA,hd_exposurehigh_exposure,-0.287244287,0.183256153,-1.567446885,110.6919574,0.119864632,0.257324071
s__Lactococcus_petauri,fixed,NA,hd_exposurehigh_exposure,0.094557657,0.06041533,1.565126882,138.0133801,0.119843211,0.257324071
s__Enterocloster_aldenensis,fixed,NA,hd_exposurehigh_exposure,-0.261269266,0.166927528,-1.565165847,118.4775624,0.120211163,0.257477457
s__Eubacterium_rectale,fixed,NA,hd_exposurelow_exposure,0.596371813,0.380898959,1.56569557,117.396811,0.12011154,0.257477457
s__Candidatus_Alloruminococcus_vanvlietii,fixed,NA,hd_exposurehigh_exposure,-0.146469789,0.094110284,-1.556363259,105.9578624,0.122603664,0.262301781
s__Anaerotruncus_colihominis,fixed,NA,hd_exposurelow_exposure,-0.404902343,0.260696883,-1.553153758,117.06181,0.123085856,0.262757942
s__GGB3588_SGB4808,fixed,NA,hd_exposurelow_exposure,0.115272523,0.074206247,1.553407271,114.004542,0.123097604,0.262757942
s__Enterococcus_casseliflavus,fixed,NA,hd_exposurehigh_exposure,0.075869296,0.048915744,1.551019985,128.2236827,0.12336163,0.263021607
s__Clostridiaceae_bacterium_AF18_31LB,fixed,NA,hd_exposurehigh_exposure,0.376380627,0.242739136,1.550556012,115.1251513,0.123752851,0.263555559
s__Bacteroides_fragilis,fixed,NA,hd_exposurehigh_exposure,-0.630425214,0.40691517,-1.549279213,112.7801533,0.124116284,0.263805164
s__Clostridiaceae_bacterium_OM02_2AC,fixed,NA,hd_exposurehigh_exposure,-0.187575808,0.121111048,-1.548791877,115.1331619,0.124176238,0.263805164
s__GGB2998_SGB3988,fixed,NA,hd_exposurelow_exposure,0.261237486,0.168765239,1.547934207,117.6389482,0.124324211,0.263805164
s__GGB4774_SGB6609,fixed,NA,hd_exposurehigh_exposure,0.12116984,0.078387729,1.545775618,138.9237686,0.124433739,0.263805164
s__Sutterella_sp_AM11_39,fixed,NA,hd_exposurelow_exposure,-0.182899714,0.118606187,-1.54207566,115.3096323,0.125795138,0.266389704
s__Eubacteriaceae_bacterium,fixed,NA,hd_exposurelow_exposure,-0.36827572,0.238945226,-1.541255819,114.5158165,0.126013372,0.266550319
s__Sanguibacter_SGB15121,fixed,NA,hd_exposurehigh_exposure,-0.277037995,0.180230706,-1.537129829,109.3778788,0.12714938,0.268649707
s__Blautia_glucerasea,fixed,NA,hd_exposurelow_exposure,-0.175440181,0.115064872,-1.524706703,108.7713173,0.130234638,0.274548697
s__GGB51884_SGB49168,fixed,NA,hd_exposurelow_exposure,0.202401,0.132807225,1.524021001,116.4920039,0.130213687,0.274548697
s__Butyricicoccus_SGB14990,fixed,NA,hd_exposurehigh_exposure,0.178982996,0.117562716,1.522446934,112.7463784,0.130696995,0.274951937
s__GGB33586_SGB53517,fixed,NA,hd_exposurelow_exposure,-0.149823254,0.098507448,-1.520933257,129.2278908,0.130719671,0.274951937
s__GGB3538_SGB4728,fixed,NA,hd_exposurelow_exposure,-0.094813712,0.062237355,-1.523421281,84.5822064,0.131383609,0.27603829
s__GGB3463_SGB4621,fixed,NA,hd_exposurelow_exposure,-0.247099844,0.162767772,-1.518112837,115.2936448,0.13172334,0.276441809
s__Butyricimonas_faecihominis,fixed,NA,hd_exposurehigh_exposure,-0.289557819,0.191152205,-1.514802404,114.7314271,0.132572617,0.277912586
s__Acidaminococcus_massiliensis,fixed,NA,hd_exposurehigh_exposure,-0.200950965,0.132992421,-1.510995614,116.3934915,0.133499776,0.279543156
s__Roseburia_sp_AM16_25,fixed,NA,hd_exposurelow_exposure,0.313223279,0.207768573,1.507558498,120.2426444,0.134290444,0.280884592
s__Lachnospira_eligens,fixed,NA,hd_exposurelow_exposure,0.549291628,0.36451906,1.50689412,116.2817396,0.134549724,0.281112816
s__Blautia_faecis,fixed,NA,hd_exposurelow_exposure,0.447370217,0.297647573,1.503019872,117.1201016,0.135525568,0.282835969
s__Lachnospiraceae_bacterium_OM04_12BH,fixed,NA,hd_exposurehigh_exposure,0.240108737,0.160198372,1.49882133,113.1344281,0.13670521,0.284980125
s__GGB3588_SGB4808,fixed,NA,hd_exposurehigh_exposure,0.110375397,0.073736533,1.496888896,111.4779554,0.137248165,0.285793733
s__Eggerthella_guodeyinii,fixed,NA,hd_exposurelow_exposure,-0.131638551,0.088309156,-1.490655749,138.0122251,0.138333892,0.287734495
s__Alistipes_SGB2302,fixed,NA,hd_exposurelow_exposure,-0.17267087,0.115811148,-1.490969334,119.6318688,0.138601631,0.287971424
s__GGB2958_SGB3940,fixed,NA,hd_exposurelow_exposure,0.129197706,0.086660244,1.490853237,111.9638544,0.138812009,0.288088781
s__Clostridium_sp_AM49_4BH,fixed,NA,hd_exposurehigh_exposure,-0.191625683,0.128610734,-1.489966481,104.9201082,0.139233141,0.28864279
s__Candidatus_Pararuminococcus_gallinarum,fixed,NA,hd_exposurelow_exposure,-0.283263245,0.190546998,-1.486579418,116.2584009,0.139832908,0.289565492
s__Acidaminococcus_SGB5735,fixed,NA,hd_exposurehigh_exposure,-0.133643708,0.090398136,-1.47839009,114.8172383,0.142041524,0.293814069
s__Barnesiella_intestinihominis,fixed,NA,hd_exposurehigh_exposure,-0.543718441,0.368950485,-1.473689461,114.5691752,0.143307536,0.296105636
s__Clostridium_sp_chh4_2,fixed,NA,hd_exposurelow_exposure,-0.158253019,0.107948154,-1.466009494,120.6560586,0.145247029,0.299782182
s__Lachnospiraceae_bacterium_NSJ_46,fixed,NA,hd_exposurelow_exposure,0.137618989,0.093930489,1.465115228,102.367785,0.145954136,0.30090985
s__Candidatus_Avimonas_narfia,fixed,NA,hd_exposurelow_exposure,-0.241393829,0.165229058,-1.460964744,121.9290473,0.146597323,0.301903398
s__Bradyrhizobium_viridifuturi,fixed,NA,hd_exposurelow_exposure,-0.155704713,0.107130857,-1.453406767,252,0.147355016,0.303130319
s__Hungatella_hathewayi,fixed,NA,hd_exposurelow_exposure,-0.371210947,0.254949178,-1.45601939,120.4028323,0.147989906,0.3041022
s__Sanguibacter_SGB15121,fixed,NA,hd_exposurelow_exposure,-0.263364492,0.181609905,-1.450165904,112.2733376,0.149800164,0.307484547
s__Clostridium_saudiense,fixed,NA,hd_exposurehigh_exposure,0.085241989,0.059177342,1.440449769,127.9090756,0.15218349,0.312034495
s__GGB3817_SGB5182,fixed,NA,hd_exposurelow_exposure,-0.166545226,0.115680246,-1.439703248,113.4713814,0.152704522,0.312760247
s__Anaerobutyricum_hallii,fixed,NA,hd_exposurehigh_exposure,0.376491059,0.262339613,1.435128518,113.8050493,0.15399307,0.315054674
s__Clostridium_sp_AF36_4,fixed,NA,hd_exposurehigh_exposure,0.2328278,0.162417139,1.433517428,111.9164556,0.15449788,0.315398072
s__GGB9082_SGB14007,fixed,NA,hd_exposurehigh_exposure,0.222042345,0.154903885,1.433420118,118.0252047,0.154381607,0.315398072
s__Acidaminococcus_fermentans,fixed,NA,hd_exposurehigh_exposure,0.065189019,0.045573546,1.430413572,128.2876103,0.155029518,0.315794622
s__GGB3817_SGB5182,fixed,NA,hd_exposurehigh_exposure,-0.164595696,0.114922511,-1.43223199,110.8774162,0.15489062,0.315794622
s__GGB9719_SGB15272,fixed,NA,hd_exposurelow_exposure,-0.236725895,0.165827813,-1.427540354,117.7892535,0.15607,0.317568521
s__Ligilactobacillus_salivarius,fixed,NA,hd_exposurelow_exposure,0.2112397,0.148135015,1.425994388,125.0697456,0.156361196,0.31781559
s__Bilophila_SGB15450,fixed,NA,hd_exposurehigh_exposure,-0.232419295,0.163117964,-1.424854067,114.1245111,0.156928374,0.318622469
s__Acidaminococcus_intestini,fixed,NA,hd_exposurehigh_exposure,-0.491982474,0.346017087,-1.42184445,114.5688577,0.15778801,0.320020752
s__Bacteroides_thetaiotaomicron,fixed,NA,hd_exposurehigh_exposure,-0.476316231,0.335638181,-1.419136015,117.8518053,0.15849881,0.321114473
s__Veillonella_ratti,fixed,NA,hd_exposurelow_exposure,0.258476008,0.182828296,1.413763699,125.0451452,0.159916057,0.323635523
s__Anaeromassilibacillus_sp_An250,fixed,NA,hd_exposurelow_exposure,-0.31148004,0.220676848,-1.41147584,118.8026198,0.160717974,0.324907179
s__GGB3815_SGB5180,fixed,NA,hd_exposurelow_exposure,0.137418181,0.097891885,1.403775001,129.6100465,0.162777347,0.32871542
s__Streptococcus_vestibularis,fixed,NA,hd_exposurelow_exposure,0.121102628,0.086426577,1.401219776,129.4350193,0.163541497,0.329902675
s__Alistipes_onderdonkii,fixed,NA,hd_exposurelow_exposure,-0.529940302,0.378151817,-1.401395627,116.4462044,0.163755439,0.329978667
s__Clostridium_SGB6179,fixed,NA,hd_exposurehigh_exposure,0.111876632,0.07988152,1.400532085,116.3155101,0.164016064,0.330148464
s__Longicatena_caecimuris,fixed,NA,hd_exposurehigh_exposure,-0.164307539,0.117509698,-1.398246625,115.8575141,0.164709931,0.331189034
s__Gemmiger_formicilis,fixed,NA,hd_exposurehigh_exposure,0.526395408,0.376626082,1.397660527,114.6233225,0.16491422,0.331244013
s__Coprococcus_SGB4669,fixed,NA,hd_exposurehigh_exposure,0.167391026,0.11984461,1.396733868,114.8453583,0.165186927,0.331436149
s__Lachnospira_eligens,fixed,NA,hd_exposurehigh_exposure,0.504223036,0.361892336,1.393295701,113.4774055,0.166253556,0.332862735
s__Phocaeicola_sartorii,fixed,NA,hd_exposurelow_exposure,-0.106150005,0.076027112,-1.396212509,85.8771421,0.166249246,0.332862735
s__Gordonibacter_urolithinfaciens,fixed,NA,hd_exposurelow_exposure,-0.098774513,0.07086771,-1.393787282,93.87629913,0.166672566,0.333345132
s__Clostridia_bacterium_UC5_1_1D1,fixed,NA,hd_exposurelow_exposure,-0.171974729,0.123826311,-1.38883835,105.0217316,0.167820168,0.335282129
s__Alistipes_sp_D31t1_170403_E11,fixed,NA,hd_exposurehigh_exposure,0.105523456,0.076254141,1.383839023,124.0263514,0.168893114,0.337066001
s__Prevotella_copri_clade_D,fixed,NA,hd_exposurehigh_exposure,0.390555697,0.282384404,1.383063979,115.2826007,0.169318109,0.337554313
s__Bacteroides_cutis,fixed,NA,hd_exposurehigh_exposure,0.1159256,0.08399182,1.380201066,133.7093656,0.169827995,0.338210645
s__Paratractidigestivibacter_faecalis,fixed,NA,hd_exposurelow_exposure,0.189356884,0.137454717,1.377594658,117.7733681,0.17094068,0.340064775
s__Christensenella_hongkongensis,fixed,NA,hd_exposurehigh_exposure,-0.175935013,0.127811394,-1.37652057,108.4656962,0.171495456,0.340084209
s__Clostridium_leptum,fixed,NA,hd_exposurehigh_exposure,-0.385934334,0.280229808,-1.377206577,113.4774134,0.171158955,0.340084209
s__GGB1146_SGB1472,fixed,NA,hd_exposurehigh_exposure,0.139701064,0.101494665,1.376437507,112.3539805,0.171423194,0.340084209
s__Oscillospiraceae_bacterium_Marseille_Q3528,fixed,NA,hd_exposurehigh_exposure,0.208593284,0.151850009,1.37367976,114.7690523,0.172218368,0.341156385
s__Alistipes_finegoldii,fixed,NA,hd_exposurehigh_exposure,-0.512758446,0.37338336,-1.373276104,112.266787,0.172402971,0.341161059
s__Collinsella_SGB14861,fixed,NA,hd_exposurehigh_exposure,0.420613846,0.306752395,1.371183577,114.6633523,0.172995368,0.341971837
s__Coprococcus_eutactus,fixed,NA,hd_exposurehigh_exposure,0.306445298,0.223677714,1.370030538,113.7014764,0.173376627,0.342363972
s__GGB3534_SGB4722,fixed,NA,hd_exposurelow_exposure,-0.135330095,0.098987335,-1.367145552,109.4542401,0.174380883,0.343984208
s__GGB3341_SGB4420,fixed,NA,hd_exposurelow_exposure,-0.198420291,0.145583542,-1.362930787,118.7910133,0.175482305,0.3457925
s__Streptococcus_equinus,fixed,NA,hd_exposurelow_exposure,0.155788409,0.114495471,1.360651287,123.173472,0.176108499,0.346661525
s__Catenibacterium_SGB4425,fixed,NA,hd_exposurelow_exposure,0.371124807,0.27316877,1.358591643,113.0163078,0.176981553,0.347648968
s__Megasphaera_hominis,fixed,NA,hd_exposurehigh_exposure,-0.168477903,0.124000936,-1.358682506,116.8323092,0.176864649,0.347648968
s__GGB2983_SGB3965,fixed,NA,hd_exposurelow_exposure,0.092864395,0.068410389,1.35746041,116.5125431,0.177258488,0.347827977
s__Desulfovibrio_porci,fixed,NA,hd_exposurelow_exposure,0.189178689,0.139986689,1.351404842,117.1621544,0.179169403,0.351209553
s__Megamonas_funiformis,fixed,NA,hd_exposurehigh_exposure,0.413305312,0.306577288,1.348127631,115.4372739,0.180256747,0.352971371
s__GGB2987_SGB3969,fixed,NA,hd_exposurelow_exposure,-0.142407992,0.105890394,-1.344862232,119.1786972,0.181223494,0.354493606
s__Blautia_SGB4815,fixed,NA,hd_exposurelow_exposure,0.229088719,0.170543602,1.343285332,123.8077283,0.181636688,0.354560875
s__Intestinibacter_bartlettii,fixed,NA,hd_exposurelow_exposure,-0.270187744,0.201044303,-1.343921417,115.4709609,0.181608493,0.354560875
s__GGB6612_SGB9346,fixed,NA,hd_exposurelow_exposure,0.180962149,0.134870637,1.341746085,117.6872048,0.182261492,0.35540991
s__Alistipes_SGB2300,fixed,NA,hd_exposurelow_exposure,0.103431734,0.077172712,1.340263042,125.4199456,0.182582748,0.355564983
s__Kluyvera_genomosp_3,fixed,NA,hd_exposurehigh_exposure,0.135495287,0.101181009,1.339137537,138.4122363,0.182720894,0.355564983
s__Victivallis_vadensis,fixed,NA,hd_exposurelow_exposure,-0.136416404,0.101824078,-1.33972639,113.6772682,0.183006409,0.355750777
s__Methanobrevibacter_smithii,fixed,NA,hd_exposurehigh_exposure,-0.207026646,0.154591101,-1.339188636,104.0412941,0.183427656,0.356199764
s__Clostridiaceae_bacterium,fixed,NA,hd_exposurelow_exposure,0.419789381,0.31398665,1.336965702,116.547351,0.183837613,0.356625918
s__Clostridium_sp_1001270H_150608_G6,fixed,NA,hd_exposurelow_exposure,0.318173066,0.238396763,1.334636684,121.2775039,0.184495549,0.357162014
s__GGB3033_SGB4029,fixed,NA,hd_exposurehigh_exposure,-0.076556497,0.057344718,-1.335022627,123.8198245,0.18431833,0.357162014
s__Anaerotignum_faecicola,fixed,NA,hd_exposurelow_exposure,0.368976165,0.2767593,1.333202407,116.1432821,0.185074522,0.357174747
s__GGB9186_SGB14125,fixed,NA,hd_exposurehigh_exposure,-0.096159048,0.072072862,-1.334192167,115.0163322,0.18477651,0.357174747
s__Pseudoflavonifractor_capillosus,fixed,NA,hd_exposurelow_exposure,-0.194568576,0.145936488,-1.333241458,122.5133233,0.184926372,0.357174747
s__Erysipelatoclostridium_ramosum,fixed,NA,hd_exposurehigh_exposure,-0.347400099,0.260801794,-1.332046435,117.9523765,0.185413005,0.357459471
s__GGB9819_SGB15460,fixed,NA,hd_exposurehigh_exposure,-0.174461145,0.131086273,-1.330887977,107.640501,0.186038133,0.358295664
s__Escherichia_coli,fixed,NA,hd_exposurelow_exposure,-0.37393101,0.281965588,-1.326158318,124.7159049,0.187210848,0.360183667
s__Blautia_hydrogenotrophica,fixed,NA,hd_exposurehigh_exposure,0.123405185,0.093246032,1.323436318,103.8770639,0.188595773,0.360256415
s__Clostridium_SGB4909,fixed,NA,hd_exposurelow_exposure,0.157580656,0.119164201,1.322382511,129.3151199,0.188374896,0.360256415
s__Clostridium_sp_AM42_4,fixed,NA,hd_exposurelow_exposure,-0.101041211,0.076329611,-1.323748542,110.8917555,0.188309001,0.360256415
s__GGB9453_SGB14845,fixed,NA,hd_exposurehigh_exposure,-0.22508361,0.169906846,-1.324747149,113.8574653,0.187907753,0.360256415
s__Holdemanella_biformis,fixed,NA,hd_exposurehigh_exposure,0.14433252,0.109124782,1.322637414,116.078702,0.188555893,0.360256415
s__Lachnospiraceae_bacterium_AM48_27BH,fixed,NA,hd_exposurelow_exposure,0.256033359,0.193379325,1.323995516,123.1421441,0.187956944,0.360256415
s__Phocaeicola_coprocola,fixed,NA,hd_exposurehigh_exposure,0.378433129,0.28561971,1.324954532,116.1526952,0.187786866,0.360256415
s__Angelakisella_massiliensis,fixed,NA,hd_exposurehigh_exposure,-0.227013974,0.172341406,-1.317234087,115.0631182,0.190377287,0.362426078
s__Citrobacter_freundii,fixed,NA,hd_exposurehigh_exposure,-0.127435975,0.096815261,-1.316279826,124.106234,0.190506015,0.362426078
s__GGB9708_SGB15233,fixed,NA,hd_exposurelow_exposure,0.16114909,0.122315581,1.317486199,116.3694756,0.190263771,0.362426078
s__Olsenella_SGB72492,fixed,NA,hd_exposurehigh_exposure,-0.105709914,0.080226666,-1.31764063,111.4888526,0.190325245,0.362426078
s__Fusobacterium_mortiferum,fixed,NA,hd_exposurelow_exposure,-0.234701117,0.17891767,-1.311782774,116.0107633,0.19218341,0.365246034
s__Bifidobacterium_bifidum,fixed,NA,hd_exposurehigh_exposure,-0.361505048,0.276315418,-1.308305743,116.4593503,0.193345888,0.36708266
s__Klebsiella_pneumoniae,fixed,NA,hd_exposurelow_exposure,-0.334338361,0.255897853,-1.306530542,120.0633974,0.193869416,0.367331525
s__Phocaeicola_dorei,fixed,NA,hd_exposurehigh_exposure,-0.583123429,0.446207802,-1.306842747,116.3207976,0.193843848,0.367331525
s__Phocea_massiliensis,fixed,NA,hd_exposurehigh_exposure,0.309894907,0.238421698,1.299776446,110.2240085,0.196389292,0.371729782
s__Faecalicatena_contorta,fixed,NA,hd_exposurehigh_exposure,-0.175347782,0.135201951,-1.29693234,120.2902673,0.197136628,0.372767442
s__Alistipes_dispar,fixed,NA,hd_exposurehigh_exposure,-0.309593345,0.238781887,-1.296552887,115.807151,0.197362669,0.37281828
s__Bradyrhizobium_denitrificans,fixed,NA,hd_exposurehigh_exposure,-0.234597077,0.180968923,-1.296339026,87.7680908,0.198256959,0.374130068
s__Ruthenibacterium_lactatiformans,fixed,NA,hd_exposurehigh_exposure,-0.369110086,0.286662762,-1.287610864,114.6601807,0.200474301,0.377933425
s__Fusobacterium_ulcerans,fixed,NA,hd_exposurehigh_exposure,-0.08384174,0.065086806,-1.288152621,93.16970621,0.200882837,0.377942383
s__GGB51441_SGB71759,fixed,NA,hd_exposurelow_exposure,0.223377271,0.173639849,1.286440135,117.3403906,0.20082189,0.377942383
s__Bifidobacterium_longum,fixed,NA,hd_exposurelow_exposure,-0.342977204,0.267047443,-1.284330605,116.2369805,0.201580184,0.378493584
s__GGB34228_SGB72916,fixed,NA,hd_exposurehigh_exposure,0.125524828,0.097696706,1.28484197,111.4366995,0.201511775,0.378493584
s__Lacrimispora_saccharolytica,fixed,NA,hd_exposurehigh_exposure,0.208392005,0.16279476,1.280090372,117.4099121,0.203036762,0.380846511
s__Roseburia_SGB4949,fixed,NA,hd_exposurelow_exposure,0.080100469,0.06287622,1.273938996,252,0.203858696,0.382005485
s__GGB4266_SGB5809,fixed,NA,hd_exposurehigh_exposure,0.15990272,0.125240799,1.276762212,118.8057019,0.204176097,0.382217653
s__Prevotella_copri_clade_E,fixed,NA,hd_exposurehigh_exposure,0.119154939,0.093432838,1.275300437,115.2671296,0.204767272,0.382941391
s__Clostridium_sp_AF27_2AA,fixed,NA,hd_exposurelow_exposure,0.189628629,0.148891723,1.273600874,122.1953745,0.205222193,0.383409127
s__Turicibacter_sanguinis,fixed,NA,hd_exposurehigh_exposure,0.12780704,0.100307544,1.274151819,102.4026353,0.205493679,0.383533567
s__Bacteroides_sp_AM10_21B,fixed,NA,hd_exposurelow_exposure,-0.189650897,0.149205362,-1.271072935,110.9589375,0.206360926,0.384681295
s__Veillonella_parvula,fixed,NA,hd_exposurelow_exposure,0.404812649,0.318737973,1.270048387,120.2427897,0.206519606,0.384681295
s__Clostridium_sp_AF34_10BH,fixed,NA,hd_exposurelow_exposure,0.312442489,0.246280553,1.268644581,115.6326551,0.20711585,0.385177759
s__GGB9695_SGB15209,fixed,NA,hd_exposurelow_exposure,-0.128359297,0.101210779,-1.268237411,118.5721444,0.207197651,0.385177759
s__Butyricicoccus_sp_AM29_23AC,fixed,NA,hd_exposurelow_exposure,0.117803555,0.093230966,1.263566813,119.3082752,0.208848995,0.38786242
s__Alistipes_onderdonkii,fixed,NA,hd_exposurehigh_exposure,-0.472646086,0.375610723,-1.258340237,113.7873147,0.210844596,0.39118046
s__Holdemanella_porci,fixed,NA,hd_exposurehigh_exposure,0.27760865,0.221631696,1.252567459,119.0332044,0.212818431,0.394451588
s__Butyricimonas_faecalis,fixed,NA,hd_exposurehigh_exposure,0.132357346,0.105906819,1.249752824,120.936045,0.213803014,0.395884513
s__Veillonella_ratti,fixed,NA,hd_exposurehigh_exposure,-0.226758154,0.181746202,-1.247663785,122.62696,0.21453154,0.396840952
s__Raoultibacter_timonensis,fixed,NA,hd_exposurehigh_exposure,-0.097205695,0.077825997,-1.249013175,89.1642992,0.214929423,0.397184482
s__Phocaeicola_massiliensis,fixed,NA,hd_exposurehigh_exposure,-0.474897572,0.381235114,-1.245681614,114.2030608,0.215430892,0.39771857
s__GGB9480_SGB14874,fixed,NA,hd_exposurelow_exposure,-0.279253427,0.224624313,-1.243202142,114.7807461,0.216326768,0.398760116
s__GGB9561_SGB14972,fixed,NA,hd_exposurelow_exposure,0.184660712,0.148506644,1.243450849,106.9286429,0.216421089,0.398760116
s__Anaeromassilibacillus_sp_An250,fixed,NA,hd_exposurehigh_exposure,-0.270718433,0.218093273,-1.241296579,115.1441404,0.217019047,0.399468689
s__Lachnoclostridium_sp_An138,fixed,NA,hd_exposurehigh_exposure,-0.130323826,0.105141934,-1.239503801,115.2706764,0.217676604,0.400285465
s__Barnesiella_intestinihominis,fixed,NA,hd_exposurelow_exposure,-0.458273576,0.370040137,-1.238442888,115.8580845,0.218055324,0.400452392
s__GGB9634_SGB15095,fixed,NA,hd_exposurehigh_exposure,0.137801956,0.111260071,1.238557148,107.9852093,0.218195214,0.400452392
s__Clostridium_sp_AF27_2AA,fixed,NA,hd_exposurehigh_exposure,0.181494273,0.146925314,1.235282524,118.5761765,0.21916731,0.401842512
s__GGB9627_SGB15081,fixed,NA,hd_exposurehigh_exposure,0.245022045,0.198515963,1.234268725,115.2039926,0.219614622,0.402268663
s__Candidatus_Parachristensenella_avicola,fixed,NA,hd_exposurelow_exposure,-0.125770311,0.102194432,-1.230696312,115.2267336,0.220942811,0.404075213
s__Enterobacter_cloacae,fixed,NA,hd_exposurelow_exposure,0.137493398,0.111859859,1.229157622,142.9187219,0.221032595,0.404075213
s__Faecalitalea_cylindroides,fixed,NA,hd_exposurehigh_exposure,-0.059668846,0.048626828,-1.227076663,117.4499049,0.222247771,0.405900319
s__Candidatus_Schneewindia_gallinarum,fixed,NA,hd_exposurelow_exposure,-0.182311613,0.148808306,-1.225144062,114.6035619,0.223032978,0.406477164
s__Faecalimonas_umbilicata,fixed,NA,hd_exposurelow_exposure,-0.24366259,0.198991899,-1.224484975,117.6750827,0.223215024,0.406477164
s__GGB2998_SGB3989,fixed,NA,hd_exposurelow_exposure,0.084602572,0.069077271,1.224752666,127.7788151,0.222921484,0.406477164
s__Candidatus_Allochristensenella_caecavium,fixed,NA,hd_exposurehigh_exposure,-0.196865191,0.160936298,-1.223249154,111.6288084,0.22381162,0.407167496
s__GGB9616_SGB15052,fixed,NA,hd_exposurehigh_exposure,0.243214336,0.19948775,1.219194337,113.7048722,0.225293611,0.40946567
s__Candidatus_Pseudobutyricicoccus_lothianensis,fixed,NA,hd_exposurehigh_exposure,-0.105597745,0.086740715,-1.21739537,115.1590179,0.225942595,0.409491671
s__GGB9699_SGB15216,fixed,NA,hd_exposurehigh_exposure,-0.380464963,0.312258432,-1.21842975,115.0183546,0.225554019,0.409491671
s__Lachnoclostridium_sp_An131,fixed,NA,hd_exposurehigh_exposure,-0.105969444,0.087046043,-1.217395299,114.168902,0.225964154,0.409491671
s__Enterocloster_lavalensis,fixed,NA,hd_exposurehigh_exposure,-0.053834229,0.044166186,-1.218901463,82.72939079,0.226345813,0.409786618
s__Solibaculum_mannosilyticum,fixed,NA,hd_exposurehigh_exposure,-0.061747435,0.050809139,-1.215282038,124.1225065,0.226565112,0.409787333
s__Bacteroides_thetaiotaomicron,fixed,NA,hd_exposurelow_exposure,-0.407866467,0.338073717,-1.206442401,120.6695292,0.230006895,0.415610914
s__Faecalibacterium_SGB15346,fixed,NA,hd_exposurehigh_exposure,0.436377117,0.361985505,1.205509921,113.9089975,0.230504768,0.416108897
s__Alistipes_finegoldii,fixed,NA,hd_exposurelow_exposure,-0.451802425,0.375268057,-1.203945862,114.3506456,0.23109677,0.416775677
s__Prevotella_sp_Marseille_P4119,fixed,NA,hd_exposurehigh_exposure,0.25279303,0.211186186,1.197014988,117.1580161,0.2337172,0.420800701
s__TM7_phylum_sp_oral_taxon_352,fixed,NA,hd_exposurehigh_exposure,0.061586449,0.051466601,1.196629417,121.6373097,0.233778167,0.420800701
s__GGB3730_SGB5060,fixed,NA,hd_exposurehigh_exposure,0.126258674,0.106144663,1.189496202,114.1549936,0.236712664,0.425614768
s__Gemmiger_SGB15295,fixed,NA,hd_exposurehigh_exposure,0.200355549,0.168493272,1.189101179,112.3327668,0.236907365,0.425614768
s__Eggerthella_guodeyinii,fixed,NA,hd_exposurehigh_exposure,-0.103132703,0.0868639,-1.187290728,139.0843825,0.237136773,0.425618446
s__Megasphaera_sp_AM44_1BH,fixed,NA,hd_exposurehigh_exposure,0.211914304,0.178840162,1.184936881,117.1486483,0.238440663,0.427548775
s__Clostridiales_bacterium_1_7_47FAA,fixed,NA,hd_exposurehigh_exposure,-0.25384072,0.215308681,-1.178961849,117.3125321,0.240798999,0.431364332
s__Drancourtella_sp_An57,fixed,NA,hd_exposurehigh_exposure,0.070567586,0.060000986,1.176107093,135.4397428,0.241615179,0.432042799
s__GGB33469_SGB15236,fixed,NA,hd_exposurehigh_exposure,0.142026818,0.120657022,1.177111914,111.2921687,0.241662154,0.432042799
s__Streptococcus_SGB14888,fixed,NA,hd_exposurehigh_exposure,-0.086333109,0.07333834,-1.177189298,101.6085633,0.241870114,0.432042799
s__GGB9724_SGB15278,fixed,NA,hd_exposurelow_exposure,-0.111402655,0.094760061,-1.175628772,115.8756447,0.242153101,0.432135944
s__GGB1146_SGB1472,fixed,NA,hd_exposurelow_exposure,0.119548294,0.101840443,1.173878374,113.8204204,0.242894158,0.432633553
s__Megasphaera_sp_NM10,fixed,NA,hd_exposurelow_exposure,-0.290615965,0.247504,-1.174186944,117.3785257,0.242696945,0.432633553
s__GGB47687_SGB2286,fixed,NA,hd_exposurelow_exposure,-0.170230523,0.14553257,-1.169707389,115.4062258,0.24452883,0.435054546
s__Parabacteroides_gordonii,fixed,NA,hd_exposurelow_exposure,-0.268511727,0.229651919,-1.169211772,115.8602905,0.244718182,0.435054546
s__Bacteroides_cutis,fixed,NA,hd_exposurelow_exposure,0.099299931,0.085144979,1.166245291,137.2627137,0.245537627,0.436097189
s__Christensenellaceae_bacterium_NSJ_63,fixed,NA,hd_exposurehigh_exposure,-0.178448924,0.152980724,-1.166479801,104.227732,0.2460826,0.436524955
s__Parabacteroides_merdae,fixed,NA,hd_exposurelow_exposure,-0.485605998,0.416714481,-1.16532067,117.7294684,0.246244846,0.436524955
s__GGB2734_SGB3677,fixed,NA,hd_exposurehigh_exposure,0.245613669,0.211185887,1.163021227,114.0422544,0.247248688,0.437889823
s__GGB33928_SGB15225,fixed,NA,hd_exposurehigh_exposure,0.118000514,0.101697282,1.160311384,122.7656573,0.248173515,0.438290515
s__GGB9581_SGB4365,fixed,NA,hd_exposurehigh_exposure,0.166994681,0.1437438,1.161752241,115.098862,0.247739587,0.438290515
s__GGB9712_SGB15244,fixed,NA,hd_exposurelow_exposure,0.153223737,0.132017825,1.160629157,115.9228827,0.248177322,0.438290515
s__Blautia_hansenii,fixed,NA,hd_exposurelow_exposure,0.268910338,0.232491363,1.156646572,122.8615345,0.249660785,0.440080029
s__GGB9345_SGB14311,fixed,NA,hd_exposurelow_exposure,0.088382975,0.076377459,1.157186634,122.1030984,0.249454873,0.440080029
s__Ruminococcus_gnavus,fixed,NA,hd_exposurelow_exposure,-0.349258167,0.302392878,-1.154981455,121.0576811,0.250372735,0.440919812
s__Enterocloster_citroniae,fixed,NA,hd_exposurehigh_exposure,-0.211088099,0.182949872,-1.153802931,113.6803035,0.251000956,0.441610705
s__Candidatus_Avimonas_narfia,fixed,NA,hd_exposurehigh_exposure,-0.187870891,0.163180612,-1.151306447,118.2512279,0.251928751,0.442613963
s__Roseburia_sp_AM59_24XD,fixed,NA,hd_exposurelow_exposure,0.16022755,0.139193507,1.151113674,116.4250906,0.252044062,0.442613963
s__Dorea_formicigenerans,fixed,NA,hd_exposurehigh_exposure,0.179486899,0.155988244,1.150643758,112.8123797,0.252311954,0.442669146
s__GGB4774_SGB6609,fixed,NA,hd_exposurelow_exposure,0.091259992,0.079504472,1.147859863,142.3322702,0.252952055,0.442845562
s__GGB52106_SGB72838,fixed,NA,hd_exposurelow_exposure,-0.083981839,0.073133095,-1.148342474,114.1906506,0.253227118,0.442845562
s__GGB9501_SGB14898,fixed,NA,hd_exposurehigh_exposure,-0.230722694,0.200983955,-1.147965738,115.3087899,0.253358759,0.442845562
s__Olsenella_SGB72492,fixed,NA,hd_exposurelow_exposure,-0.093273506,0.081186557,-1.148878692,115.1335329,0.252987212,0.442845562
s__Clostridia_bacterium,fixed,NA,hd_exposurelow_exposure,0.108490248,0.094551743,1.147416687,112.9422023,0.253634217,0.442913484
s__Escherichia_coli,fixed,NA,hd_exposurehigh_exposure,-0.319075305,0.278549495,-1.145488722,121.0299773,0.254266738,0.443191185
s__GGB1266_SGB1699,fixed,NA,hd_exposurehigh_exposure,0.250845809,0.218895646,1.145960705,118.7158272,0.254116119,0.443191185
s__Coprobacillus_cateniformis,fixed,NA,hd_exposurehigh_exposure,-0.18722842,0.16426752,-1.139777486,114.8908592,0.256749655,0.447102655
s__Bilophila_wadsworthia,fixed,NA,hd_exposurelow_exposure,-0.33301344,0.292728667,-1.137618133,120.4168452,0.257538498,0.447991816
s__GGB9063_SGB13982,fixed,NA,hd_exposurelow_exposure,-0.133749958,0.117588523,-1.137440578,114.0151384,0.257738882,0.447991816
s__Escherichia_marmotae,fixed,NA,hd_exposurehigh_exposure,-0.165547807,0.14581622,-1.135318188,119.171396,0.258520248,0.448287574
s__Prevotella_stercorea,fixed,NA,hd_exposurehigh_exposure,0.34913359,0.307555152,1.135190187,116.4157606,0.258627447,0.448287574
s__Victivallis_lenta,fixed,NA,hd_exposurelow_exposure,0.223389289,0.196694744,1.135715597,116.9054216,0.258398572,0.448287574
s__Ruminococcus_torques,fixed,NA,hd_exposurehigh_exposure,0.333383516,0.293903005,1.13433177,114.2537383,0.259029731,0.448569524
s__Eubacterium_rectale,fixed,NA,hd_exposurehigh_exposure,0.428668305,0.37850599,1.132527136,114.872913,0.259771285,0.448608713
s__GGB80140_SGB15224,fixed,NA,hd_exposurehigh_exposure,0.122214595,0.107877971,1.132896677,112.4499753,0.259667403,0.448608713
s__GGB9290_SGB14247,fixed,NA,hd_exposurelow_exposure,0.085221794,0.075317068,1.131507064,147.5828421,0.259676979,0.448608713
s__GGB3463_SGB4621,fixed,NA,hd_exposurehigh_exposure,-0.182481623,0.161348366,-1.130979057,112.0959411,0.260477814,0.449414255
s__Blautia_sp_Marseille_P3087,fixed,NA,hd_exposurehigh_exposure,-0.145879251,0.129284267,-1.128360428,109.7000717,0.261629408,0.45057061
s__GGB3815_SGB5180,fixed,NA,hd_exposurehigh_exposure,0.109087365,0.096727731,1.127777565,125.9265467,0.261558078,0.45057061
s__Roseburia_hominis,fixed,NA,hd_exposurehigh_exposure,0.267879485,0.237866099,1.12617765,113.9762954,0.262455979,0.45157867
s__GGB3109_SGB4119,fixed,NA,hd_exposurelow_exposure,-0.161363285,0.143386251,-1.12537488,112.504607,0.262825279,0.451798826
s__Coprococcus_eutactus,fixed,NA,hd_exposurelow_exposure,0.252337705,0.224655718,1.1232196,115.5432313,0.263672661,0.452424585
s__Dysosmobacter_sp_BX15,fixed,NA,hd_exposurehigh_exposure,0.288928511,0.257133243,1.123652886,114.7079873,0.263506419,0.452424585
s__Ruminococcus_gnavus,fixed,NA,hd_exposurehigh_exposure,-0.335652354,0.299979079,-1.118919207,118.021662,0.265446769,0.455051603
s__GGB58233_SGB79883,fixed,NA,hd_exposurehigh_exposure,-0.154721555,0.138359192,-1.11826003,104.2110951,0.266027158,0.455629314
s__Parabacteroides_gordonii,fixed,NA,hd_exposurehigh_exposure,-0.254631978,0.228285587,-1.115409785,113.4506746,0.267031963,0.456932207
s__Alistipes_indistinctus,fixed,NA,hd_exposurehigh_exposure,-0.274168717,0.246840572,-1.110711725,114.4155745,0.26902119,0.459077181
s__GGB33469_SGB15236,fixed,NA,hd_exposurelow_exposure,0.134794727,0.121319937,1.111068223,113.5285657,0.268886528,0.459077181
s__Vescimonas_fastidiosa,fixed,NA,hd_exposurelow_exposure,0.185442687,0.166898781,1.111108699,116.1182773,0.268816944,0.459077181
s__Intestinimonas_butyriciproducens,fixed,NA,hd_exposurelow_exposure,-0.216485207,0.195225835,-1.108896303,117.2180559,0.269744868,0.459892889
s__Clostridiales_bacterium_NSJ_40,fixed,NA,hd_exposurehigh_exposure,-0.087604991,0.079046644,-1.108269579,106.0553795,0.270252442,0.460339009
s__GGB35068_SGB47850,fixed,NA,hd_exposurelow_exposure,0.138609702,0.125238747,1.106763726,117.916719,0.270648832,0.460595103
s__Christensenellaceae_bacterium_NSJ_63,fixed,NA,hd_exposurelow_exposure,-0.171416947,0.154990473,-1.105983768,107.7889331,0.271195906,0.461081601
s__Mogibacterium_sp_BX12,fixed,NA,hd_exposurelow_exposure,-0.178223146,0.161273107,-1.105101465,114.7514812,0.27142731,0.461081601
s__GGB6565_SGB9274,fixed,NA,hd_exposurehigh_exposure,0.187716169,0.169998836,1.104220318,115.2762948,0.271797151,0.461291267
s__Clostridium_sp_Marseille_P3244,fixed,NA,hd_exposurehigh_exposure,-0.163640071,0.148511709,-1.101866457,109.3780678,0.272938464,0.462417987
s__Pseudoflavonifractor_gallinarum,fixed,NA,hd_exposurehigh_exposure,0.178987389,0.162446987,1.101820305,109.5315141,0.272955062,0.462417987
s__GGB9523_SGB14922,fixed,NA,hd_exposurelow_exposure,-0.129453196,0.117889098,-1.098093028,116.9267148,0.27441995,0.464256968
s__GGB9618_SGB15065,fixed,NA,hd_exposurelow_exposure,0.152271804,0.138751785,1.097440326,112.8761247,0.274784573,0.464256968
s__Prevotella_copri_clade_B,fixed,NA,hd_exposurehigh_exposure,0.270396141,0.246344985,1.09763201,112.9563881,0.274699535,0.464256968
s__Anaerotignum_lactatifermentans,fixed,NA,hd_exposurehigh_exposure,0.206650272,0.188883792,1.094060371,115.1745917,0.276211345,0.466246743
s__GGB9619_SGB15067,fixed,NA,hd_exposurehigh_exposure,-0.24000732,0.220409143,-1.088917257,115.3078675,0.278460991,0.469620699
s__Oscillibacter_valericigenes,fixed,NA,hd_exposurelow_exposure,-0.147010894,0.135097838,-1.088180955,117.2350047,0.278747248,0.469680332
s__GGB9758_SGB15368,fixed,NA,hd_exposurelow_exposure,0.122471024,0.112718024,1.08652565,115.3781857,0.279511249,0.470544118
s__Ruminococcus_sp_BSD2780120874_150323_B10,fixed,NA,hd_exposurelow_exposure,-0.193099994,0.177862478,-1.085670211,103.1082146,0.280156695,0.471206948
s__Actinomyces_sp_ICM47,fixed,NA,hd_exposurelow_exposure,-0.098199254,0.090735994,-1.082252478,113.2661426,0.281439036,0.472938847
s__Duodenibacillus_massiliensis,fixed,NA,hd_exposurelow_exposure,0.241361758,0.223946388,1.077765802,116.5980306,0.283363006,0.473198526
s__Faecalitalea_cylindroides,fixed,NA,hd_exposurelow_exposure,-0.052665026,0.048779063,-1.079664578,118.8153088,0.282478373,0.473198526
s__GGB3109_SGB4119,fixed,NA,hd_exposurehigh_exposure,-0.153646463,0.142304163,-1.079704623,109.6210414,0.28264359,0.473198526
s__GGB32387_SGB47381,fixed,NA,hd_exposurehigh_exposure,-0.067232241,0.062328474,-1.07867618,113.8412795,0.283012333,0.473198526
s__GGB9059_SGB13976,fixed,NA,hd_exposurelow_exposure,0.16991488,0.157604203,1.078111344,110.2263605,0.283337774,0.473198526
s__GGB9062_SGB13981,fixed,NA,hd_exposurelow_exposure,-0.092843601,0.085941889,-1.080306725,117.4701228,0.282218598,0.473198526
s__Roseburia_sp_AM16_25,fixed,NA,hd_exposurehigh_exposure,0.222398393,0.205927007,1.079986526,116.9923478,0.282369581,0.473198526
s__GGB6020_SGB14985,fixed,NA,hd_exposurehigh_exposure,-0.100366728,0.093517,-1.073245803,123.8691299,0.285247215,0.475920487
s__Clostridium_methylpentosum,fixed,NA,hd_exposurelow_exposure,-0.077321664,0.072003637,-1.073857765,63.01959871,0.286981095,0.478387008
s__Anaerococcus_SGB53821,fixed,NA,hd_exposurelow_exposure,-0.117697948,0.110486065,-1.065274141,116.6970706,0.288951024,0.480387493
s__GGB9608_SGB15041,fixed,NA,hd_exposurehigh_exposure,0.109866317,0.103106801,1.065558399,115.3618472,0.288848392,0.480387493
s__Haemophilus_parainfluenzae,fixed,NA,hd_exposurelow_exposure,0.276986136,0.259745247,1.066376147,115.0779006,0.288485782,0.480387493
s__Clostridium_fessum,fixed,NA,hd_exposurehigh_exposure,0.279149898,0.26342147,1.059708222,113.5115802,0.291527074,0.48416469
s__Enterocloster_citroniae,fixed,NA,hd_exposurelow_exposure,-0.196594185,0.185723617,-1.058530886,116.7370818,0.291998897,0.48416469
s__GGB3351_SGB4434,fixed,NA,hd_exposurehigh_exposure,0.073168135,0.069034759,1.05987384,93.69909848,0.291926485,0.48416469
s__Clostridiales_Family_XIII_bacterium_BX16,fixed,NA,hd_exposurehigh_exposure,0.271566259,0.257601345,1.054211337,112.8469549,0.294038103,0.487114451
s__Limosilactobacillus_mucosae,fixed,NA,hd_exposurehigh_exposure,-0.124847076,0.118647764,-1.05224972,109.2859718,0.295006057,0.488285887
s__Enterococcus_gallinarum,fixed,NA,hd_exposurehigh_exposure,0.108591551,0.103271708,1.051513074,107.7762691,0.295374953,0.488464586
s__Bifidobacterium_adolescentis,fixed,NA,hd_exposurehigh_exposure,0.339546887,0.323898887,1.048311375,113.2158916,0.296727927,0.490139374
s__GGB3626_SGB4905,fixed,NA,hd_exposurelow_exposure,0.075875375,0.072456916,1.047179191,131.5788218,0.296936742,0.490139374
s__Gemella_sanguinis,fixed,NA,hd_exposurelow_exposure,-0.11449644,0.109330684,-1.047248912,115.4054379,0.297173178,0.490139374
s__Blautia_marasmi,fixed,NA,hd_exposurelow_exposure,0.076317216,0.07298964,1.045589709,142.0712003,0.297526216,0.49028968
s__Collinsella_tanakaei,fixed,NA,hd_exposurehigh_exposure,0.172153416,0.164635495,1.045664036,111.7422388,0.297972888,0.490593885
s__Anaerobutyricum_soehngenii,fixed,NA,hd_exposurehigh_exposure,-0.310502089,0.297494632,-1.04372333,109.6309699,0.298909426,0.490756383
s__Butyricimonas_faecihominis,fixed,NA,hd_exposurelow_exposure,-0.199946651,0.191704609,-1.042993449,115.9947041,0.29912021,0.490756383
s__Clostridiaceae_bacterium_OM02_2AC,fixed,NA,hd_exposurelow_exposure,-0.127960264,0.122586562,-1.043835977,118.8015628,0.298680664,0.490756383
s__GGB9561_SGB14972,fixed,NA,hd_exposurehigh_exposure,0.153550757,0.147023064,1.044399104,103.5376298,0.298733076,0.490756383
s__Coprococcus_SGB4669,fixed,NA,hd_exposurelow_exposure,0.125625301,0.12053059,1.042269027,117.1721718,0.299432682,0.490838862
s__Alistipes_shahii,fixed,NA,hd_exposurehigh_exposure,-0.351685021,0.337797403,-1.041112268,114.8555434,0.300010024,0.491354999
s__Coprobacter_secundus,fixed,NA,hd_exposurehigh_exposure,-0.188646437,0.182081552,-1.036054642,115.6867206,0.302337451,0.493633753
s__GGB9469_SGB14863,fixed,NA,hd_exposurehigh_exposure,0.098239588,0.094776518,1.036539317,117.2839814,0.302083001,0.493633753
s__GGB9707_SGB15229,fixed,NA,hd_exposurelow_exposure,0.203060733,0.195757963,1.037305097,119.1453368,0.301694332,0.493633753
s__Waltera_intestinalis,fixed,NA,hd_exposurelow_exposure,0.352445173,0.34029335,1.035709847,117.9569937,0.302456151,0.493633753
s__Butyricimonas_paravirosa,fixed,NA,hd_exposurelow_exposure,-0.209161477,0.202267483,-1.034083549,115.377063,0.303259727,0.49451412
s__Candidatus_Stoquefichus_sp_SB1,fixed,NA,hd_exposurehigh_exposure,-0.055365356,0.054036353,-1.024594619,127.4825908,0.307494786,0.500419434
s__Evtepia_gabavorous,fixed,NA,hd_exposurelow_exposure,0.170580215,0.166716488,1.023175431,118.4883974,0.308309338,0.500419434
s__GGB34797_SGB14321,fixed,NA,hd_exposurelow_exposure,0.104641214,0.102440179,1.021486051,94.28945082,0.309637942,0.500419434
s__GGB6569_SGB9281,fixed,NA,hd_exposurelow_exposure,-0.116667714,0.114367707,-1.020110627,114.7630553,0.309821647,0.500419434
s__GGB9469_SGB14863,fixed,NA,hd_exposurelow_exposure,-0.097233371,0.095262594,-1.020687837,119.4103127,0.309465823,0.500419434
s__GGB9522_SGB14921,fixed,NA,hd_exposurelow_exposure,0.07412991,0.072303829,1.025255658,105.1076521,0.307596367,0.500419434
s__GGB9614_SGB15049,fixed,NA,hd_exposurelow_exposure,0.245850419,0.240989498,1.020170674,117.5422775,0.309742671,0.500419434
s__GGB9691_SGB15198,fixed,NA,hd_exposurehigh_exposure,0.071441841,0.069926299,1.021673422,121.7662355,0.308961027,0.500419434
s__GGB9819_SGB15460,fixed,NA,hd_exposurelow_exposure,-0.135099085,0.132059198,-1.023019124,110.4619496,0.308534012,0.500419434
s__Streptococcus_vestibularis,fixed,NA,hd_exposurehigh_exposure,0.087447445,0.085559983,1.0220601,125.9437348,0.308711662,0.500419434
s__Veillonella_dispar,fixed,NA,hd_exposurehigh_exposure,0.281083331,0.275113739,1.021698631,117.4809754,0.309022865,0.500419434
s__GGB2998_SGB3988,fixed,NA,hd_exposurehigh_exposure,0.170536319,0.16741588,1.018638848,114.6101622,0.310519926,0.501114916
s__Collinsella_SGB4121,fixed,NA,hd_exposurehigh_exposure,-0.191588887,0.188347963,-1.017207111,112.2772182,0.311241848,0.501847321
s__Bacteroides_sp_AF16_49,fixed,NA,hd_exposurelow_exposure,-0.136127184,0.134612018,-1.011255799,118.1694783,0.313960172,0.5057947
s__Lachnospiraceae_bacterium,fixed,NA,hd_exposurelow_exposure,0.325062243,0.322152882,1.009030995,118.0616309,0.315023312,0.507071058
s__Negativibacillus_massiliensis,fixed,NA,hd_exposurehigh_exposure,0.172726221,0.171380949,1.007849603,116.4186251,0.315616845,0.507589978
s__Dialister_hominis,fixed,NA,hd_exposurelow_exposure,0.405440772,0.403366231,1.005143071,117.6651329,0.316890535,0.507731909
s__Faecalibacillus_intestinalis,fixed,NA,hd_exposurelow_exposure,0.195938066,0.195543662,1.002016958,116.2067612,0.31841734,0.507731909
s__GGB1246_SGB1667,fixed,NA,hd_exposurelow_exposure,0.125961646,0.125285267,1.005398713,116.7252003,0.316784569,0.507731909
s__GGB32387_SGB47381,fixed,NA,hd_exposurelow_exposure,-0.063324099,0.063045599,-1.004417435,117.4740248,0.317241887,0.507731909
s__GGB9189_SGB14128,fixed,NA,hd_exposurelow_exposure,0.101941209,0.10129007,1.006428457,130.8234647,0.316067383,0.507731909
s__Holdemanella_biformis,fixed,NA,hd_exposurelow_exposure,0.10996987,0.1097451,1.00204811,118.3955549,0.318363951,0.507731909
s__Oscillibacter_sp_ER4,fixed,NA,hd_exposurehigh_exposure,0.216841388,0.215559828,1.005945261,114.3988225,0.316564916,0.507731909
s__Parabacteroides_johnsonii,fixed,NA,hd_exposurelow_exposure,0.20725962,0.206735602,1.002534727,116.2680115,0.318167318,0.507731909
s__Phocaeicola_sartorii,fixed,NA,hd_exposurehigh_exposure,-0.075082905,0.074779101,-1.004062692,86.46331604,0.318150117,0.507731909
s__Rothia_mucilaginosa,fixed,NA,hd_exposurelow_exposure,-0.095389969,0.095121434,-1.002823071,118.4028649,0.317991277,0.507731909
s__Lachnoclostridium_phocaeense,fixed,NA,hd_exposurehigh_exposure,0.062427947,0.062798829,0.994094134,123.4208494,0.322122024,0.513202068
s__Dysgonomonas_mossii,fixed,NA,hd_exposurehigh_exposure,0.087072138,0.087920474,0.990351103,168.0033757,0.323426735,0.514405139
s__Gemmiger_SGB15299,fixed,NA,hd_exposurehigh_exposure,-0.12459814,0.125584168,-0.992148465,109.7792964,0.323306929,0.514405139
s__GGB80011_SGB15267,fixed,NA,hd_exposurehigh_exposure,0.058535419,0.059273601,0.987546204,120.7483265,0.325349692,0.517024299
s__Alistipes_sp_D31t1_170403_E11,fixed,NA,hd_exposurelow_exposure,0.075374813,0.076565339,0.984450843,125.7723803,0.326783896,0.51886298
s__Blautia_faecicola,fixed,NA,hd_exposurelow_exposure,0.095813352,0.097537208,0.982326172,123.1110204,0.327865737,0.519699119
s__Clostridium_butyricum,fixed,NA,hd_exposurelow_exposure,-0.267489845,0.272223505,-0.982611129,119.9406369,0.327776819,0.519699119
s__Ruminococcus_sp_NSJ_13,fixed,NA,hd_exposurehigh_exposure,0.120208515,0.122389964,0.982176247,109.8988478,0.328170334,0.51974185
s__Bifidobacterium_breve,fixed,NA,hd_exposurehigh_exposure,-0.311142822,0.319785608,-0.972973189,118.1944947,0.332553662,0.526238763
s__Candidatus_Woodwardibium_gallinarum,fixed,NA,hd_exposurelow_exposure,-0.04941025,0.050833628,-0.971999267,87.24986332,0.333737932,0.527221443
s__Odoribacter_splanchnicus,fixed,NA,hd_exposurelow_exposure,0.321121246,0.330840895,0.970621381,117.8906952,0.333724061,0.527221443
s__GGB9713_SGB15249,fixed,NA,hd_exposurelow_exposure,0.18769201,0.193945121,0.96775835,115.3145188,0.335190417,0.529069529
s__GGB9619_SGB15066,fixed,NA,hd_exposurelow_exposure,-0.080121842,0.082968547,-0.965689351,121.4281328,0.336118996,0.530088257
s__Acidaminococcus_massiliensis,fixed,NA,hd_exposurelow_exposure,0.12788921,0.133574684,0.95743599,118.2437406,0.340300741,0.533781508
s__Blautia_caecimuris,fixed,NA,hd_exposurelow_exposure,-0.268797438,0.280558568,-0.95807959,114.8892038,0.340034448,0.533781508
s__GGB2653_SGB3574,fixed,NA,hd_exposurehigh_exposure,-0.222520652,0.23183942,-0.959805076,114.6762975,0.33917264,0.533781508
s__GGB36267_SGB14177,fixed,NA,hd_exposurehigh_exposure,-0.068201318,0.071202319,-0.957852481,104.3194521,0.340351791,0.533781508
s__GGB9618_SGB15065,fixed,NA,hd_exposurehigh_exposure,0.131955774,0.137662679,0.958544283,109.9081969,0.339892225,0.533781508
s__GGB9818_SGB15459,fixed,NA,hd_exposurelow_exposure,0.12109975,0.126128063,0.960133276,115.0955088,0.33900083,0.533781508
s__Lactococcus_petauri,fixed,NA,hd_exposurelow_exposure,0.058736268,0.06139871,0.956636832,135.2998099,0.340456795,0.533781508
s__Candidatus_Alloruminococcus_vanvlietii,fixed,NA,hd_exposurelow_exposure,-0.091281609,0.095683503,-0.953995262,105.7373124,0.342261906,0.534712726
s__Candidatus_Neochristensenella_gallicola,fixed,NA,hd_exposurelow_exposure,-0.084885909,0.089133535,-0.952345368,120.8236946,0.342823152,0.534712726
s__Clostridium_SGB4750,fixed,NA,hd_exposurehigh_exposure,0.222199149,0.233336294,0.952269987,113.9257068,0.342976079,0.534712726
s__Dysosmobacter_sp_BX15,fixed,NA,hd_exposurelow_exposure,0.24705274,0.258789771,0.954646463,117.2696039,0.341720241,0.534712726
s__GGB6020_SGB14985,fixed,NA,hd_exposurelow_exposure,0.09048909,0.095073803,0.951777328,124.7597416,0.343050205,0.534712726
s__Sutterella_SGB9298,fixed,NA,hd_exposurelow_exposure,0.116475861,0.12204025,0.954405295,129.3661684,0.341658512,0.534712726
s__Sutterella_wadsworthensis,fixed,NA,hd_exposurehigh_exposure,-0.353125969,0.370158724,-0.953985267,113.1976366,0.342123851,0.534712726
s__Citrobacter_freundii,fixed,NA,hd_exposurelow_exposure,-0.093486105,0.098305627,-0.950974103,118.8786614,0.343546959,0.535041521
s__GGB28262_SGB40814,fixed,NA,hd_exposurehigh_exposure,0.051202459,0.054029649,0.947673363,107.2358781,0.345426454,0.537521464
s__Erysipelatoclostridium_ramosum,fixed,NA,hd_exposurelow_exposure,-0.248824424,0.2632846,-0.945077775,121.3262573,0.346497497,0.538132568
s__GGB8965_SGB13825,fixed,NA,hd_exposurelow_exposure,0.118167734,0.125099331,0.944591254,125.8337037,0.346677788,0.538132568
s__GGB9621_SGB15073,fixed,NA,hd_exposurehigh_exposure,0.13324573,0.141032662,0.944786319,119.0479663,0.346681558,0.538132568
s__GGB9581_SGB4365,fixed,NA,hd_exposurelow_exposure,0.136625387,0.144905056,0.942861419,118.1343161,0.347676016,0.539229082
s__GGB51884_SGB49168,fixed,NA,hd_exposurehigh_exposure,0.124678078,0.13236958,0.941893729,115.0598278,0.348220454,0.539626399
s__Blautia_glucerasea,fixed,NA,hd_exposurehigh_exposure,-0.106295148,0.1132855,-0.938294382,106.1440694,0.350223328,0.542281282
s__Pseudoflavonifractor_sp_An184,fixed,NA,hd_exposurehigh_exposure,-0.12159016,0.130000583,-0.935304724,114.2033072,0.351604795,0.543521202
s__Roseburia_sp_AM23_20,fixed,NA,hd_exposurelow_exposure,0.169906401,0.18154659,0.93588319,112.0452899,0.35134609,0.543521202
s__Candidatus_Pseudobutyricicoccus_lothianensis,fixed,NA,hd_exposurelow_exposure,-0.082290546,0.08814173,-0.933616191,117.3169169,0.352419486,0.544331087
s__GGB9342_SGB14306,fixed,NA,hd_exposurehigh_exposure,-0.171164304,0.183550182,-0.932520484,100.8058308,0.353295745,0.544915139
s__GGB9512_SGB14909,fixed,NA,hd_exposurehigh_exposure,0.178702251,0.191787189,0.931773661,116.5406731,0.353379796,0.544915139
s__GGB8965_SGB13825,fixed,NA,hd_exposurehigh_exposure,-0.115059794,0.123945354,-0.928310665,122.4939986,0.355072066,0.546624102
s__Morganella_morganii,fixed,NA,hd_exposurelow_exposure,-0.078029511,0.083902165,-0.930005929,88.12782829,0.354908542,0.546624102
s__GGB9059_SGB13976,fixed,NA,hd_exposurehigh_exposure,0.144559161,0.156616733,0.923012233,107.7386365,0.358063324,0.550776124
s__Hydrogenoanaerobacterium_saccharovorans,fixed,NA,hd_exposurehigh_exposure,-0.264168959,0.287284105,-0.919539073,113.8874198,0.35975721,0.552927337
s__Anaerobutyricum_soehngenii,fixed,NA,hd_exposurelow_exposure,-0.274990726,0.299330823,-0.918684964,112.0858678,0.36023312,0.553204594
s__Acidaminococcus_intestini,fixed,NA,hd_exposurelow_exposure,-0.318098078,0.347374444,-0.915721012,116.2420721,0.36170902,0.554284514
s__Candidatus_Catenibacterium_tridentinum,fixed,NA,hd_exposurehigh_exposure,0.240989029,0.263227088,0.915517586,115.6726557,0.361824613,0.554284514
s__Gordonibacter_pamelaeae,fixed,NA,hd_exposurelow_exposure,0.078183036,0.085328148,0.91626313,99.37649398,0.361747063,0.554284514
s__Clostridiales_Family_XIII_bacterium_BX16,fixed,NA,hd_exposurelow_exposure,0.236744855,0.259224277,0.913281957,115.3567606,0.362999109,0.555511539
s__Merdimonas_faecis,fixed,NA,hd_exposurelow_exposure,-0.172979444,0.189490475,-0.912866172,115.2206563,0.363219083,0.555511539
s__GGB9642_SGB15119,fixed,NA,hd_exposurelow_exposure,0.112904331,0.123792853,0.912042408,113.6628073,0.363676744,0.555757441
s__GGB9359_SGB14334,fixed,NA,hd_exposurehigh_exposure,-0.113276289,0.124555049,-0.909447592,105.2946021,0.365190955,0.557161751
s__Lachnospira_pectinoschiza,fixed,NA,hd_exposurelow_exposure,-0.224955056,0.247433753,-0.909152665,117.4325227,0.365131686,0.557161751
s__Limosilactobacillus_fermentum,fixed,NA,hd_exposurelow_exposure,0.121962671,0.134241246,0.90853351,113.1049041,0.36552824,0.557222203
s__Morganella_morganii,fixed,NA,hd_exposurehigh_exposure,-0.074996214,0.082696345,-0.906886685,94.66418127,0.366769429,0.558659374
s__Clostridium_spiroforme,fixed,NA,hd_exposurehigh_exposure,0.117930925,0.130370187,0.904585066,124.7753832,0.367428514,0.559025628
s__Prevotella_copri_clade_B,fixed,NA,hd_exposurelow_exposure,0.223422766,0.246997578,0.904554479,114.1176116,0.36760713,0.559025628
s__GGB9063_SGB13982,fixed,NA,hd_exposurehigh_exposure,0.105746543,0.117172052,0.902489476,112.4901953,0.368725322,0.560270943
s__Lachnospiraceae_bacterium_BX3,fixed,NA,hd_exposurehigh_exposure,0.191782407,0.212825334,0.901125837,118.4755446,0.369349604,0.560764363
s__Roseburia_SGB4949,fixed,NA,hd_exposurehigh_exposure,0.05582864,0.062161939,0.898116123,252,0.369980928,0.561267664
s__Blautia_luti,fixed,NA,hd_exposurehigh_exposure,0.136255925,0.151907047,0.896969087,116.2651703,0.371588972,0.563250652
s__GGB3304_SGB4367,fixed,NA,hd_exposurehigh_exposure,-0.202544839,0.22634303,-0.894857857,114.4208516,0.372741639,0.564084355
s__GGB9616_SGB15051,fixed,NA,hd_exposurelow_exposure,0.129282323,0.144465393,0.894901687,118.0417327,0.372660792,0.564084355
s__Slackia_isoflavoniconvertens,fixed,NA,hd_exposurelow_exposure,-0.104324761,0.116905435,-0.892385895,116.0191108,0.374033296,0.565581849
s__GGB3321_SGB4394,fixed,NA,hd_exposurelow_exposure,-0.107071933,0.120135766,-0.891257752,113.7935401,0.374671536,0.56580031
s__GGB9523_SGB14922,fixed,NA,hd_exposurehigh_exposure,0.104674616,0.117479816,0.891000856,115.4232006,0.374782257,0.56580031
s__Clostridium_symbiosum,fixed,NA,hd_exposurelow_exposure,-0.178919903,0.202027886,-0.885619835,120.6261348,0.377584481,0.569112841
s__Phascolarctobacterium_SGB4573,fixed,NA,hd_exposurehigh_exposure,-0.070344311,0.079338618,-0.886633937,98.48995398,0.377435885,0.569112841
s__Clostridium_perfringens,fixed,NA,hd_exposurelow_exposure,0.106571766,0.120795836,0.882247016,133.0087939,0.379234883,0.570147553
s__Coprobacter_fastidiosus,fixed,NA,hd_exposurelow_exposure,0.188787333,0.213943198,0.88241802,114.6057667,0.379397898,0.570147553
s__GGB9603_SGB15035,fixed,NA,hd_exposurelow_exposure,0.067894296,0.076745658,0.884666273,88.37073818,0.378737363,0.570147553
s__GGB9640_SGB15115,fixed,NA,hd_exposurehigh_exposure,0.045360003,0.051431849,0.881943847,125.7989491,0.379489237,0.570147553
s__GGB1093_SGB1404,fixed,NA,hd_exposurehigh_exposure,0.065669169,0.074778988,0.878176748,115.6485209,0.381668643,0.572962069
s__GGB9760_SGB15373,fixed,NA,hd_exposurehigh_exposure,0.092219478,0.105460199,0.87444817,119.0092368,0.383635492,0.575453238
s__Mediterraneibacter_massiliensis,fixed,NA,hd_exposurelow_exposure,0.107965043,0.123595835,0.87353302,118.9979856,0.384132011,0.57573669
s__GGB13404_SGB14252,fixed,NA,hd_exposurelow_exposure,0.116786192,0.13381921,0.872716194,106.7115535,0.384777303,0.576242489
s__Parabacteroides_faecis,fixed,NA,hd_exposurelow_exposure,0.102773022,0.117889008,0.871777812,115.4151413,0.385139491,0.576323843
s__Clostridium_sp_1001270H_150608_G6,fixed,NA,hd_exposurehigh_exposure,0.204962573,0.236521151,0.866571859,118.271546,0.387931263,0.579576937
s__Clostridium_sp_AT4,fixed,NA,hd_exposurelow_exposure,-0.201500086,0.232663584,-0.86605769,116.2624058,0.388242243,0.579576937
s__Eubacterium_sp_AF16_48,fixed,NA,hd_exposurelow_exposure,-0.157753001,0.182169511,-0.865968189,124.0732898,0.388179046,0.579576937
s__Clostridiales_bacterium,fixed,NA,hd_exposurelow_exposure,0.266517975,0.307985845,0.865357871,120.0950204,0.388567754,0.579600665
s__GGB9453_SGB14844,fixed,NA,hd_exposurehigh_exposure,-0.112230339,0.129991587,-0.863366169,114.8213757,0.389736024,0.580880444
s__Bacteroides_xylanisolvens,fixed,NA,hd_exposurehigh_exposure,-0.298635791,0.346740963,-0.861264814,115.9951207,0.39086908,0.581801553
s__GGB9537_SGB14940,fixed,NA,hd_exposurehigh_exposure,-0.079351813,0.092143667,-0.861174901,112.3682177,0.390975616,0.581801553
s__Clostridium_paraputrificum,fixed,NA,hd_exposurehigh_exposure,0.096905454,0.112788038,0.859182017,133.6539074,0.391778465,0.58253319
s__Hungatella_effluvii,fixed,NA,hd_exposurehigh_exposure,-0.099353678,0.115768222,-0.858212007,107.2733362,0.39268889,0.583423493
s__GGB52130_SGB14966,fixed,NA,hd_exposurehigh_exposure,-0.172927392,0.202034376,-0.855930536,107.0689348,0.393947671,0.584829532
s__Bacteroides_fragilis,fixed,NA,hd_exposurelow_exposure,0.349072512,0.41005675,0.85127854,115.7112162,0.396372927,0.586604648
s__Christensenellaceae_bacterium_NSJ_44,fixed,NA,hd_exposurehigh_exposure,-0.089903361,0.105501393,-0.852153307,107.3300255,0.396026477,0.586604648
s__GGB1663_SGB2279,fixed,NA,hd_exposurelow_exposure,-0.097640472,0.114713235,-0.851170065,118.1407954,0.396396837,0.586604648
s__GGB80011_SGB15265,fixed,NA,hd_exposurehigh_exposure,0.208013901,0.244173657,0.851909676,114.819248,0.396037606,0.586604648
s__GGB2998_SGB3989,fixed,NA,hd_exposurehigh_exposure,0.057852447,0.06805869,0.85003762,124.5959837,0.396934645,0.586936536
s__Candidatus_Cibionibacter_quicibialis,fixed,NA,hd_exposurelow_exposure,0.208055647,0.245013098,0.849161323,116.6284818,0.397531177,0.587354667
s__Clostridiaceae_bacterium_NSJ_31,fixed,NA,hd_exposurehigh_exposure,-0.055843556,0.06618904,-0.843697919,123.7355356,0.400466355,0.590293714
s__Lawsonibacter_asaccharolyticus,fixed,NA,hd_exposurelow_exposure,0.208870333,0.247494885,0.843937978,118.955148,0.400398035,0.590293714
s__Leuconostoc_lactis,fixed,NA,hd_exposurelow_exposure,0.051215126,0.060676882,0.844063253,130.260727,0.400181514,0.590293714
s__Collinsella_bouchesdurhonensis,fixed,NA,hd_exposurelow_exposure,-0.080276746,0.095273891,-0.842589142,110.0220229,0.401286226,0.590782259
s__Hydrogeniiclostidium_mannosilyticum,fixed,NA,hd_exposurehigh_exposure,-0.100173314,0.118965539,-0.8420364,120.9858289,0.401428971,0.590782259
s__Enorma_massiliensis,fixed,NA,hd_exposurehigh_exposure,0.185752854,0.220912522,0.84084348,116.7312124,0.402154726,0.590924677
s__Gemmiger_SGB15295,fixed,NA,hd_exposurelow_exposure,0.142232349,0.16914022,0.840913826,113.9683765,0.402157072,0.590924677
s__Bilophila_wadsworthia,fixed,NA,hd_exposurehigh_exposure,-0.243862458,0.290337031,-0.839928881,117.3335874,0.402656471,0.591194442
s__Prevotella_SGB1680,fixed,NA,hd_exposurelow_exposure,0.147364791,0.176261715,0.836056719,119.2248589,0.404795468,0.593869213
s__Eubacterium_sp_AF16_48,fixed,NA,hd_exposurehigh_exposure,0.150498403,0.180442621,0.834051298,120.683793,0.405899918,0.594649151
s__GGB3033_SGB4029,fixed,NA,hd_exposurelow_exposure,-0.048458292,0.05811846,-0.833784863,127.4315532,0.405962401,0.594649151
s__Bilophila_SGB15450,fixed,NA,hd_exposurelow_exposure,-0.135836166,0.163442429,-0.831094879,115.0104309,0.407642117,0.596642724
s__Mediterraneibacter_glycyrrhizinilyticus,fixed,NA,hd_exposurehigh_exposure,0.177402717,0.215598641,0.822837826,113.1148359,0.412331522,0.60303485
s__Bifidobacterium_dentium,fixed,NA,hd_exposurelow_exposure,-0.113276563,0.138164234,-0.819868934,118.2307779,0.4139406,0.604443684
s__Clostridium_butyricum,fixed,NA,hd_exposurehigh_exposure,-0.219884069,0.268181122,-0.819908827,116.8241287,0.413937775,0.604443684
s__Anaerostipes_caccae,fixed,NA,hd_exposurehigh_exposure,0.155404182,0.190151509,0.817265049,124.5872347,0.415337099,0.605505513
s__GGB1495_SGB2071,fixed,NA,hd_exposurelow_exposure,0.288049482,0.352191938,0.817876422,116.8872931,0.415091868,0.605505513
s__Hydrogenoanaerobacterium_saccharovorans,fixed,NA,hd_exposurelow_exposure,0.236151687,0.289072424,0.816929142,116.3767994,0.415638132,0.605505513
s__Duodenibacillus_massiliensis,fixed,NA,hd_exposurehigh_exposure,0.181862847,0.223022942,0.815444571,114.8408489,0.416505894,0.605826755
s__Enterobacter_hormaechei,fixed,NA,hd_exposurelow_exposure,0.111048649,0.135938051,0.81690629,87.06654519,0.416211655,0.605826755
s__Streptococcus_gordonii,fixed,NA,hd_exposurehigh_exposure,0.052033628,0.064105041,0.811693232,135.4109364,0.418392212,0.608097998
s__Bacteroides_finegoldii,fixed,NA,hd_exposurelow_exposure,-0.315467505,0.391557291,-0.805673938,117.6590767,0.422056156,0.61247219
s__Butyricimonas_virosa,fixed,NA,hd_exposurehigh_exposure,-0.203271513,0.252252189,-0.805826557,113.9296406,0.422021603,0.61247219
s__GGB79916_SGB4587,fixed,NA,hd_exposurelow_exposure,0.141647726,0.176681654,0.801711573,112.1254693,0.424415617,0.614942751
s__Prevotella_copri_clade_C,fixed,NA,hd_exposurehigh_exposure,0.239173732,0.298269496,0.801871244,116.0135865,0.424266881,0.614942751
s__Holdemania_massiliensis,fixed,NA,hd_exposurelow_exposure,0.195095445,0.244630827,0.797509646,121.826352,0.426706784,0.617784299
s__Clostridiaceae_unclassified_SGB4771,fixed,NA,hd_exposurelow_exposure,0.136065786,0.170843754,0.796434069,118.5725737,0.427371516,0.61826853
s__Allisonella_histaminiformans,fixed,NA,hd_exposurelow_exposure,-0.152707779,0.193485982,-0.789244668,118.9776148,0.431539002,0.623815453
s__Fusobacterium_mortiferum,fixed,NA,hd_exposurehigh_exposure,-0.139525511,0.177416193,-0.78643053,112.8879405,0.433263074,0.625824441
s__Bradyrhizobium_viridifuturi,fixed,NA,hd_exposurehigh_exposure,0.082929809,0.105913838,0.782993139,252,0.434366345,0.626934308
s__Collinsella_SGB14861,fixed,NA,hd_exposurelow_exposure,0.24169283,0.308821502,0.782629539,117.3191991,0.435421561,0.627973161
s__Prevotella_buccalis,fixed,NA,hd_exposurelow_exposure,0.04804502,0.061467375,0.781634495,112.1701244,0.436076128,0.628433034
s__Anaerosacchariphilus_sp_NSJ_68,fixed,NA,hd_exposurelow_exposure,0.141427895,0.181222348,0.780410896,122.8319544,0.436650384,0.628776553
s__Coprococcus_comes,fixed,NA,hd_exposurelow_exposure,-0.212363968,0.273216168,-0.777274529,116.8472165,0.438567632,0.630567287
s__Lacrimispora_celerecrescens,fixed,NA,hd_exposurehigh_exposure,0.194649744,0.250284123,0.777715111,114.663285,0.438338701,0.630567287
s__Bacteroides_finegoldii,fixed,NA,hd_exposurehigh_exposure,-0.30241302,0.389842358,-0.775731558,115.8022561,0.439488854,0.630922649
s__GGB13493_SGB15238,fixed,NA,hd_exposurehigh_exposure,0.084015887,0.108206839,0.776437865,96.13271604,0.439396696,0.630922649
s__GGB9603_SGB15035,fixed,NA,hd_exposurehigh_exposure,0.058884805,0.075926385,0.775551284,85.13185653,0.440163076,0.631406344
s__Clostridiaceae_unclassified_SGB15090,fixed,NA,hd_exposurelow_exposure,0.183995712,0.237982097,0.773149383,120.3088798,0.440950377,0.631567793
s__Massiliimalia_massiliensis,fixed,NA,hd_exposurelow_exposure,-0.0775445,0.100150684,-0.774278282,92.78019837,0.440734865,0.631567793
s__GGB9634_SGB15095,fixed,NA,hd_exposurelow_exposure,0.086587932,0.112402444,0.770338518,111.4405509,0.442729123,0.632914673
s__Oxalobacter_formigenes,fixed,NA,hd_exposurehigh_exposure,-0.051825922,0.067226393,-0.770916297,84.57065985,0.442905033,0.632914673
s__Parabacteroides_merdae,fixed,NA,hd_exposurehigh_exposure,-0.31942171,0.414684076,-0.770277251,115.6900144,0.442705548,0.632914673
s__Blautia_stercoris,fixed,NA,hd_exposurehigh_exposure,-0.084658934,0.110108367,-0.768869217,106.8486338,0.44366715,0.633261701
s__Ruminococcus_sp_NSJ_13,fixed,NA,hd_exposurelow_exposure,0.094505677,0.122978318,0.768474296,111.8880145,0.44382444,0.633261701
s__Ruminococcus_torques,fixed,NA,hd_exposurelow_exposure,0.226476626,0.296480214,0.763884453,117.4548379,0.446467887,0.636548275
s__Candidatus_Borkfalkia_ceftriaxoniphila,fixed,NA,hd_exposurehigh_exposure,-0.09108969,0.119491538,-0.762310801,114.3046449,0.447444717,0.637268905
s__Clostridium_sp_Marseille_P3244,fixed,NA,hd_exposurelow_exposure,-0.114506556,0.150273296,-0.761988722,113.0052869,0.447654172,0.637268905
s__Ruminococcus_lactaris,fixed,NA,hd_exposurehigh_exposure,0.156946118,0.206465234,0.760157605,114.218036,0.448726644,0.638310241
s__GGB9642_SGB15119,fixed,NA,hd_exposurehigh_exposure,0.09331316,0.123309844,0.756737317,111.9983003,0.450796212,0.64076728
s__Clostridiaceae_bacterium,fixed,NA,hd_exposurehigh_exposure,0.235191124,0.311100161,0.755998079,113.2394706,0.451220149,0.640883247
s__Clostridiaceae_unclassified_SGB4771,fixed,NA,hd_exposurehigh_exposure,0.127963507,0.169529455,0.754815776,115.621803,0.451894264,0.641354103
s__GGB77437_SGB9391,fixed,NA,hd_exposurehigh_exposure,0.070310191,0.09345912,0.752309574,112.9026536,0.453430519,0.643046918
s__Bacteroides_intestinalis,fixed,NA,hd_exposurelow_exposure,-0.203599008,0.271334273,-0.750362296,113.8470573,0.454584532,0.644195492
s__Blautia_luti,fixed,NA,hd_exposurelow_exposure,-0.114068388,0.15262505,-0.747376583,118.2442358,0.456319951,0.64567721
s__Prevotella_SGB1635,fixed,NA,hd_exposurehigh_exposure,0.121845929,0.162923336,0.747872785,114.3167026,0.456072632,0.64567721
s__Paraprevotella_clara,fixed,NA,hd_exposurehigh_exposure,-0.252676185,0.338888085,-0.745603627,112.3053239,0.457464599,0.646807952
s__GGB9359_SGB14334,fixed,NA,hd_exposurelow_exposure,-0.093490141,0.125518187,-0.744833421,108.1855524,0.457987411,0.64705844
s__Oscillibacter_valericigenes,fixed,NA,hd_exposurehigh_exposure,-0.099169915,0.133658353,-0.741965711,113.6756551,0.459638384,0.647923987
s__Ruminococcus_callidus,fixed,NA,hd_exposurelow_exposure,0.181307084,0.244365937,0.741949088,116.5152406,0.459611186,0.647923987
s__Streptococcus_thermophilus,fixed,NA,hd_exposurehigh_exposure,0.077532403,0.104419123,0.742511533,124.0518843,0.459181142,0.647923987
s__Collinsella_aerofaciens,fixed,NA,hd_exposurelow_exposure,-0.249010323,0.336199296,-0.740662833,118.5475766,0.460362405,0.648456299
s__GGB3614_SGB4886,fixed,NA,hd_exposurehigh_exposure,0.070346631,0.095527809,0.736399506,117.8801223,0.462950566,0.651611624
s__Gemmiger_formicilis,fixed,NA,hd_exposurelow_exposure,0.278381709,0.378372916,0.735733709,116.5660211,0.463370645,0.651712884
s__Butyricimonas_synergistica,fixed,NA,hd_exposurelow_exposure,0.068338466,0.093026017,0.734616707,122.2740789,0.463979474,0.652079261
s__GGB42389_SGB59559,fixed,NA,hd_exposurehigh_exposure,-0.077976019,0.106216101,-0.734126172,107.0504851,0.464476763,0.652288448
s__Blautia_hydrogenotrophica,fixed,NA,hd_exposurelow_exposure,0.068566427,0.09434424,0.726768551,107.4554579,0.468948045,0.657241453
s__Collinsella_SGB14987,fixed,NA,hd_exposurehigh_exposure,0.035617358,0.04902461,0.726519973,110.4534551,0.469056934,0.657241453
s__GGB9512_SGB14909,fixed,NA,hd_exposurelow_exposure,0.139704512,0.192245189,0.726699654,117.598587,0.468854025,0.657241453
s__GGB34797_SGB14321,fixed,NA,hd_exposurehigh_exposure,0.073433577,0.101103813,0.726318577,90.90036815,0.469509629,0.657383714
s__Bacteroides_eggerthii,fixed,NA,hd_exposurelow_exposure,0.260885167,0.36135594,0.721961749,116.0021697,0.471770807,0.65956307
s__Bifidobacterium_breve,fixed,NA,hd_exposurelow_exposure,-0.232649689,0.322128805,-0.722225662,121.0335284,0.471548857,0.65956307
s__Anaerotignum_faecicola,fixed,NA,hd_exposurehigh_exposure,0.197332091,0.274930252,0.717753282,113.5199624,0.474383887,0.660305289
s__Bacteroides_cellulosilyticus,fixed,NA,hd_exposurelow_exposure,-0.21127277,0.293651965,-0.719466562,116.7000118,0.473291833,0.660305289
s__Bacteroides_ovatus,fixed,NA,hd_exposurelow_exposure,-0.282380735,0.392258246,-0.719884765,119.0052057,0.473007423,0.660305289
s__Clostridium_sp_C5_48,fixed,NA,hd_exposurehigh_exposure,-0.078859345,0.109968112,-0.717111024,121.4419669,0.474682593,0.660305289
s__GGB9453_SGB14845,fixed,NA,hd_exposurelow_exposure,-0.12283674,0.171291465,-0.717121196,116.9062972,0.474729676,0.660305289
s__GGB9534_SGB14937,fixed,NA,hd_exposurelow_exposure,-0.132593028,0.184897797,-0.717115238,113.9183047,0.47477079,0.660305289
s__Victivallis_vadensis,fixed,NA,hd_exposurehigh_exposure,-0.072559502,0.100986326,-0.718508181,110.6070203,0.473959083,0.660305289
s__Alistipes_ihumii,fixed,NA,hd_exposurelow_exposure,-0.130925523,0.183781674,-0.712397054,114.9896682,0.477661952,0.663340634
s__GGB3730_SGB5060,fixed,NA,hd_exposurelow_exposure,0.075969202,0.106635454,0.71241974,116.0911973,0.477634292,0.663340634
s__GGB3619_SGB4894,fixed,NA,hd_exposurelow_exposure,0.093282175,0.131612355,0.708764576,109.192521,0.47998105,0.666067106
s__GGB80011_SGB15265,fixed,NA,hd_exposurelow_exposure,0.17345178,0.245998288,0.705093444,117.6897954,0.482145218,0.668574702
s__Blautia_producta,fixed,NA,hd_exposurelow_exposure,-0.197831367,0.283194141,-0.698571539,118.5121733,0.486188403,0.673682228
s__Dialister_invisus,fixed,NA,hd_exposurehigh_exposure,0.166140952,0.238039512,0.697955355,111.4008169,0.486659398,0.673836089
s__Fusicatenibacter_saccharivorans,fixed,NA,hd_exposurelow_exposure,0.207313849,0.297873835,0.695978716,115.373816,0.487841806,0.674974028
s__Clostridium_sp_AM22_11AC,fixed,NA,hd_exposurelow_exposure,0.165497979,0.238306529,0.694475218,117.4028138,0.488756266,0.67573983
s__Massilioclostridium_coli,fixed,NA,hd_exposurelow_exposure,-0.081274853,0.117994464,-0.688802254,112.2021568,0.492369551,0.680233062
s__Rothia_mucilaginosa,fixed,NA,hd_exposurehigh_exposure,-0.06411804,0.093588841,-0.685103469,116.6382495,0.494637901,0.682862942
s__Roseburia_inulinivorans,fixed,NA,hd_exposurelow_exposure,0.259290385,0.378807102,0.68449188,116.324624,0.495026121,0.682895283
s__GGB3277_SGB4327,fixed,NA,hd_exposurelow_exposure,0.14108071,0.206559719,0.683002043,119.3407805,0.495929327,0.683637482
s__Collinsella_bouchesdurhonensis,fixed,NA,hd_exposurehigh_exposure,-0.064279863,0.094737138,-0.678507544,107.7431652,0.498904694,0.687232956
s__GGB3818_SGB5183,fixed,NA,hd_exposurelow_exposure,0.046165395,0.068268579,0.676231959,139.4165599,0.500013673,0.688254114
s__Holdemania_filiformis,fixed,NA,hd_exposurehigh_exposure,-0.082418546,0.122588271,-0.672319997,109.1074479,0.50280129,0.69158267
s__GGB2958_SGB3940,fixed,NA,hd_exposurehigh_exposure,0.057402132,0.085613035,0.670483556,108.3342921,0.503976428,0.692690069
s__Turicibacter_bilis,fixed,NA,hd_exposurehigh_exposure,-0.128047813,0.191549481,-0.668484257,106.3483642,0.5052729,0.693962487
s__Acidaminococcus_fermentans,fixed,NA,hd_exposurelow_exposure,-0.030457834,0.045880448,-0.663852153,130.9547314,0.507952018,0.694144729
s__Bacteroides_sp_AF16_49,fixed,NA,hd_exposurehigh_exposure,-0.08953442,0.13438424,-0.666256844,117.4068616,0.506553999,0.694144729
s__Christensenellaceae_bacterium_NSJ_44,fixed,NA,hd_exposurelow_exposure,-0.071036568,0.106924926,-0.66435929,110.876794,0.507839676,0.694144729
s__Klebsiella_quasipneumoniae,fixed,NA,hd_exposurelow_exposure,0.145257182,0.2187993,0.663883213,123.6330295,0.508001217,0.694144729
s__Prevotella_copri_clade_G,fixed,NA,hd_exposurehigh_exposure,0.217330655,0.326930222,0.664761592,113.7237362,0.507548766,0.694144729
s__Rheinheimera_SGB14999,fixed,NA,hd_exposurelow_exposure,-0.158109805,0.237366546,-0.666099784,117.0516918,0.506657974,0.694144729
s__Ruminococcus_SGB4421,fixed,NA,hd_exposurelow_exposure,0.066760164,0.100374101,0.665113446,114.0544095,0.507320645,0.694144729
s__Clostridium_saudiense,fixed,NA,hd_exposurelow_exposure,-0.039592856,0.060148769,-0.658248825,129.5919957,0.511545946,0.698478491
s__Blautia_sp_OF03_15BH,fixed,NA,hd_exposurehigh_exposure,0.068837081,0.10480102,0.656835982,116.011021,0.512587282,0.699390227
s__Clostridiales_bacterium_NSJ_40,fixed,NA,hd_exposurelow_exposure,-0.051971971,0.079665605,-0.65237654,108.9777373,0.515532013,0.702895796
s__Parabacteroides_sp_TM07_1AC,fixed,NA,hd_exposurelow_exposure,0.057910216,0.089139763,0.649656387,105.9009733,0.517320866,0.704821441
s__Gemella_sanguinis,fixed,NA,hd_exposurehigh_exposure,-0.069555348,0.107532676,-0.646829884,115.3569213,0.519027015,0.706631689
s__Dysgonomonas_mossii,fixed,NA,hd_exposurelow_exposure,0.057603934,0.089390347,0.644408882,167.8433837,0.520190031,0.707186448
s__Megasphaera_micronuciformis,fixed,NA,hd_exposurehigh_exposure,-0.102512439,0.158856029,-0.645316636,116.7879134,0.519987784,0.707186448
s__Fusobacterium_varium,fixed,NA,hd_exposurehigh_exposure,-0.106104263,0.164932975,-0.643317466,115.8370829,0.521289643,0.708167062
s__Vescimonas_SGB15087,fixed,NA,hd_exposurelow_exposure,0.091357878,0.142185656,0.642525276,111.1971406,0.521854763,0.708420679
s__Alistipes_senegalensis,fixed,NA,hd_exposurehigh_exposure,-0.1525631,0.238739506,-0.639035838,107.6282072,0.524157299,0.710036218
s__GGB9616_SGB15051,fixed,NA,hd_exposurehigh_exposure,0.091914067,0.143763709,0.639341232,116.0071211,0.523861447,0.710036218
s__Pseudoflavonifractor_gallinarum,fixed,NA,hd_exposurelow_exposure,-0.105423348,0.16500439,-0.638912383,112.1452409,0.52418272,0.710036218
s__GGB3256_SGB4303,fixed,NA,hd_exposurehigh_exposure,-0.194776076,0.30552387,-0.637515086,113.5385601,0.52507292,0.71072777
s__Massiliimalia_timonensis,fixed,NA,hd_exposurelow_exposure,0.089826761,0.142965398,0.628311201,119.3961595,0.531000151,0.718231419
s__Clostridia_bacterium,fixed,NA,hd_exposurehigh_exposure,-0.058606727,0.093384869,-0.627582689,109.3065341,0.531586222,0.718504987
s__GGB3570_SGB4777,fixed,NA,hd_exposurehigh_exposure,0.036318962,0.058435072,0.621526778,134.0761792,0.535308423,0.723013974
s__Bacteroides_sp_AM10_21B,fixed,NA,hd_exposurehigh_exposure,-0.09228704,0.148545294,-0.621272056,109.1055655,0.535716498,0.723043464
s__Agathobaculum_butyriciproducens,fixed,NA,hd_exposurehigh_exposure,0.168198037,0.272351148,0.617577853,113.469032,0.53809109,0.72540027
s__Veillonella_rogosae,fixed,NA,hd_exposurehigh_exposure,-0.117271519,0.18991222,-0.61750381,105.131221,0.5382377,0.72540027
s__Solibaculum_mannosilyticum,fixed,NA,hd_exposurelow_exposure,-0.031576489,0.051348568,-0.614943912,127.6871576,0.539686118,0.726829074
s__Enterobacter_roggenkampii,fixed,NA,hd_exposurehigh_exposure,0.095402261,0.15554399,0.613345851,113.7518476,0.540872165,0.727902726
s__Clostridium_SGB4751,fixed,NA,hd_exposurehigh_exposure,0.042655652,0.069629197,0.612611577,103.1021827,0.541482058,0.728200009
s__GGB3746_SGB5089,fixed,NA,hd_exposurelow_exposure,-0.176069424,0.289902798,-0.607339511,113.9477278,0.544834017,0.732181824
s__Bifidobacterium_longum,fixed,NA,hd_exposurehigh_exposure,-0.159312056,0.264420456,-0.602495199,112.806432,0.548053787,0.735452824
s__Clostridiaceae_bacterium_Marseille_Q4145,fixed,NA,hd_exposurehigh_exposure,0.113405327,0.1880757,0.60297703,112.953545,0.547732755,0.735452824
s__Collinsella_stercoris,fixed,NA,hd_exposurelow_exposure,-0.046712461,0.077829318,-0.600191057,120.7997221,0.549503197,0.735815439
s__Collinsella_tanakaei,fixed,NA,hd_exposurelow_exposure,-0.099818352,0.166092652,-0.600979943,114.950314,0.549036568,0.735815439
s__Prevotella_bivia,fixed,NA,hd_exposurehigh_exposure,0.092665905,0.154261512,0.600706578,110.3110176,0.549267689,0.735815439
s__GGB79630_SGB13983,fixed,NA,hd_exposurelow_exposure,-0.05333835,0.089216428,-0.597853455,114.9642441,0.551113611,0.737444374
s__GGB4285_SGB5849,fixed,NA,hd_exposurehigh_exposure,0.048668831,0.081656731,0.596017379,115.4676972,0.55233019,0.738017213
s__Prevotella_disiens,fixed,NA,hd_exposurehigh_exposure,-0.046544899,0.078086718,-0.59606678,126.2351573,0.552197922,0.738017213
s__Cloacibacillus_evryensis,fixed,NA,hd_exposurehigh_exposure,-0.042199269,0.071057665,-0.593873571,99.61380483,0.553942916,0.738644532
s__Faecalibacterium_SGB15346,fixed,NA,hd_exposurelow_exposure,0.216235868,0.36372699,0.594500475,115.9128893,0.55333607,0.738644532
s__GGB3341_SGB4420,fixed,NA,hd_exposurehigh_exposure,0.086191156,0.145224445,0.593503083,117.6962806,0.553983399,0.738644532
s__GGB3653_SGB4964,fixed,NA,hd_exposurelow_exposure,0.077162143,0.130252706,0.592403377,119.6374241,0.554698508,0.738804568
s__Streptococcus_australis,fixed,NA,hd_exposurelow_exposure,-0.045639938,0.07710338,-0.591931741,134.127569,0.554892747,0.738804568
s__Parasutterella_excrementihominis,fixed,NA,hd_exposurehigh_exposure,0.151007919,0.255833368,0.590258887,115.0353761,0.556174848,0.739985298
s__Eubacterium_siraeum,fixed,NA,hd_exposurehigh_exposure,0.16596566,0.282059958,0.588405605,118.1486161,0.557383233,0.740914763
s__GGB3446_SGB4597,fixed,NA,hd_exposurehigh_exposure,0.061126491,0.103954106,0.588014208,114.7151263,0.557678581,0.740914763
s__Kluyvera_genomosp_3,fixed,NA,hd_exposurelow_exposure,-0.060401202,0.102872523,-0.587146115,138.6026013,0.558060799,0.740914763
s__Clostridium_SGB4751,fixed,NA,hd_exposurelow_exposure,0.041451323,0.070633954,0.586846982,106.4047373,0.558549546,0.741038093
s__Emergencia_timonensis,fixed,NA,hd_exposurelow_exposure,-0.033605364,0.057341611,-0.58605545,114.9547911,0.558987189,0.741093496
s__GGB9619_SGB15067,fixed,NA,hd_exposurelow_exposure,-0.129606978,0.222814646,-0.581680695,118.8915827,0.561883054,0.744405574
s__GGB3005_SGB3996,fixed,NA,hd_exposurehigh_exposure,-0.070642319,0.121794107,-0.580014259,112.0088106,0.563069943,0.745026133
s__Parabacteroides_sp_TM07_1AC,fixed,NA,hd_exposurehigh_exposure,-0.051357615,0.08854076,-0.580044888,103.2993634,0.563147425,0.745026133
s__Prevotella_sp_P4_51,fixed,NA,hd_exposurelow_exposure,0.07230268,0.124901113,0.578879384,118.9004957,0.563765573,0.745317198
s__GGB9614_SGB15049,fixed,NA,hd_exposurehigh_exposure,0.137680507,0.239349446,0.575228019,114.853187,0.566262307,0.748089653
s__Butyricimonas_virosa,fixed,NA,hd_exposurelow_exposure,-0.144926008,0.2530259,-0.572771436,115.2635628,0.567915094,0.748688068
s__Eggerthella_lenta,fixed,NA,hd_exposurehigh_exposure,-0.143170697,0.249790283,-0.573163595,113.7075241,0.567665711,0.748688068
s__GGB6569_SGB9281,fixed,NA,hd_exposurehigh_exposure,-0.065474948,0.114251771,-0.573076003,114.3020727,0.567718934,0.748688068
s__Bacteroides_bouchesdurhonensis,fixed,NA,hd_exposurehigh_exposure,-0.046754039,0.081922826,-0.57070833,101.5958085,0.569457534,0.749855279
s__Negativibacillus_massiliensis,fixed,NA,hd_exposurelow_exposure,0.098426484,0.172792095,0.569623769,119.4982972,0.57000217,0.749855279
s__Oscillospiraceae_unclassified_SGB15256,fixed,NA,hd_exposurehigh_exposure,-0.076386711,0.133950254,-0.570261786,103.5914534,0.569734954,0.749855279
s__Enterobacter_kobei,fixed,NA,hd_exposurehigh_exposure,0.041892373,0.073966111,0.566372527,99.18187021,0.572419936,0.752507107
s__Ruminococcaceae_bacterium_AM28_23LB,fixed,NA,hd_exposurehigh_exposure,-0.063133172,0.111802485,-0.564684878,110.0494707,0.573437344,0.753315585
s__Eubacterium_callanderi,fixed,NA,hd_exposurelow_exposure,0.068303363,0.121159244,0.563748676,105.7603767,0.574118634,0.753681685
s__Bilophila_SGB69261,fixed,NA,hd_exposurelow_exposure,0.016264208,0.028940229,0.561993061,121.8791905,0.575152823,0.75451022
s__Bacteroides_faecis,fixed,NA,hd_exposurelow_exposure,-0.138738376,0.249942686,-0.555080758,117.5410247,0.579894247,0.760197501
s__Turicibacter_bilis,fixed,NA,hd_exposurelow_exposure,0.10785673,0.19470474,0.553950202,107.855475,0.58075961,0.760799153
s__GGB2848_SGB3813,fixed,NA,hd_exposurelow_exposure,-0.068963963,0.12465174,-0.553253108,114.6216249,0.58116762,0.760801247
s__Faecalibacillus_intestinalis,fixed,NA,hd_exposurehigh_exposure,0.106424375,0.193363774,0.550384246,112.5990192,0.583146089,0.762600456
s__GGB33469_SGB15237,fixed,NA,hd_exposurelow_exposure,0.034718999,0.063148368,0.54980041,136.1931729,0.583356759,0.762600456
s__Bacteroides_eggerthii,fixed,NA,hd_exposurehigh_exposure,-0.197614673,0.359748336,-0.549313653,114.1233969,0.583863485,0.762730247
s__GGB51647_SGB4348,fixed,NA,hd_exposurehigh_exposure,0.166924673,0.304862585,0.547540701,118.5973182,0.585036282,0.763729372
s__Gemmiger_SGB15299,fixed,NA,hd_exposurelow_exposure,-0.069051742,0.126540597,-0.545688447,112.6669695,0.586358911,0.764922565
s__Butyricimonas_paravirosa,fixed,NA,hd_exposurehigh_exposure,-0.108533494,0.201629204,-0.538282608,114.0033066,0.591431365,0.770422271
s__Parabacteroides_johnsonii,fixed,NA,hd_exposurehigh_exposure,0.111024453,0.206476096,0.537710925,115.6986547,0.591809416,0.770422271
s__TM7_phylum_sp_oral_taxon_352,fixed,NA,hd_exposurelow_exposure,0.028137882,0.052319432,0.5378094,122.8712653,0.59168142,0.770422271
s__Alistipes_SGB2300,fixed,NA,hd_exposurehigh_exposure,0.040777832,0.07649202,0.533099169,122.1693009,0.594933376,0.770737218
s__Bilophila_SGB69261,fixed,NA,hd_exposurehigh_exposure,0.015295357,0.028643696,0.533986852,118.3598377,0.594352128,0.770737218
s__Dorea_formicigenerans,fixed,NA,hd_exposurelow_exposure,0.084050248,0.157228022,0.534575497,115.8044542,0.593968303,0.770737218
s__Enterococcus_faecium,fixed,NA,hd_exposurehigh_exposure,-0.072102229,0.134502469,-0.536066212,84.28275662,0.59332477,0.770737218
s__GGB58233_SGB79883,fixed,NA,hd_exposurelow_exposure,-0.074811275,0.140231748,-0.533483154,107.7257032,0.594798178,0.770737218
s__Senegalimassilia_anaerobia,fixed,NA,hd_exposurelow_exposure,-0.057065373,0.106326854,-0.536697651,105.6168135,0.592605224,0.770737218
s__Streptococcus_pasteurianus,fixed,NA,hd_exposurehigh_exposure,-0.058454648,0.109270078,-0.534955674,132.1899983,0.593579239,0.770737218
s__Klebsiella_quasivariicola,fixed,NA,hd_exposurelow_exposure,-0.03031487,0.057002712,-0.531814529,105.6421418,0.595971054,0.771393028
s__Ruminococcus_SGB4421,fixed,NA,hd_exposurehigh_exposure,0.052928423,0.099618654,0.531310356,111.1684494,0.596263735,0.771393028
s__Lachnospiraceae_bacterium_BX3,fixed,NA,hd_exposurelow_exposure,0.11368484,0.214736376,0.529415847,121.7380224,0.597481109,0.772434141
s__Bacteroides_clarus,fixed,NA,hd_exposurehigh_exposure,-0.205719673,0.389292728,-0.528444685,115.7916314,0.598202123,0.772832556
s__Dorea_sp_AF24_7LB,fixed,NA,hd_exposurelow_exposure,0.08539944,0.162294917,0.526199103,116.3536939,0.599751446,0.774299798
s__Megasphaera_sp_AM44_1BH,fixed,NA,hd_exposurelow_exposure,0.094048597,0.179356871,0.524365734,118.4153159,0.601004378,0.77538263
s__Megasphaera_elsdenii,fixed,NA,hd_exposurehigh_exposure,-0.067347921,0.128663551,-0.523442114,116.0773784,0.601664497,0.775699682
s__Bacteroides_xylanisolvens,fixed,NA,hd_exposurelow_exposure,-0.181745593,0.348296919,-0.521812234,117.8853176,0.602780127,0.775765749
s__Clostridioides_difficile,fixed,NA,hd_exposurelow_exposure,0.039824448,0.07636341,0.521512171,121.5525713,0.602958956,0.775765749
s__GGB3061_SGB4063,fixed,NA,hd_exposurelow_exposure,-0.024969032,0.047761301,-0.522787945,103.4813746,0.602239362,0.775765749
s__GGB9707_SGB15229,fixed,NA,hd_exposurehigh_exposure,0.101033106,0.195034095,0.518027917,117.5485536,0.605412432,0.778387413
s__GGB3510_SGB4687,fixed,NA,hd_exposurelow_exposure,0.063529122,0.122950839,0.516703446,118.2130341,0.606328509,0.779030177
s__Intestinimonas_massiliensis,fixed,NA,hd_exposurelow_exposure,-0.080256467,0.156390683,-0.513179334,122.6759883,0.608748813,0.780648678
s__Mediterraneibacter_butyricigenes,fixed,NA,hd_exposurehigh_exposure,0.088695055,0.172684111,0.513626031,111.9960837,0.608525309,0.780648678
s__Streptococcus_equinus,fixed,NA,hd_exposurehigh_exposure,-0.057807629,0.112670685,-0.513067164,121.0720857,0.608839247,0.780648678
s__GGB2734_SGB3677,fixed,NA,hd_exposurelow_exposure,0.108615042,0.212010722,0.512309193,115.7076751,0.609411158,0.780847151
s__Butyricicoccus_SGB14990,fixed,NA,hd_exposurelow_exposure,0.060403116,0.118074318,0.511568617,114.5777671,0.609937453,0.780986944
s__GGB3534_SGB4722,fixed,NA,hd_exposurehigh_exposure,-0.049778771,0.097460626,-0.510757763,106.7861961,0.610574985,0.78126888
s__Fusobacterium_varium,fixed,NA,hd_exposurelow_exposure,0.084051794,0.165515406,0.507818554,117.3601317,0.612533675,0.783239781
s__Bacteroides_stercoris,fixed,NA,hd_exposurehigh_exposure,-0.22450792,0.444318441,-0.505286074,114.7858667,0.614326754,0.784996371
s__Bacteroides_uniformis,fixed,NA,hd_exposurelow_exposure,0.187523328,0.372651261,0.503213989,116.8089454,0.615761413,0.785221639
s__Clostridium_fessum,fixed,NA,hd_exposurelow_exposure,0.133308878,0.264837226,0.503361554,115.7144813,0.615666953,0.785221639
s__GGB6518_SGB9205,fixed,NA,hd_exposurelow_exposure,-0.053218254,0.105592835,-0.503994931,103.8756125,0.615332227,0.785221639
s__Eisenbergiella_sp_OF01_20,fixed,NA,hd_exposurehigh_exposure,-0.072037721,0.14413334,-0.499799152,133.1903936,0.6180412,0.7865215
s__GGB79973_SGB14341,fixed,NA,hd_exposurehigh_exposure,-0.050396307,0.100605703,-0.50092893,117.1588018,0.617360967,0.7865215
s__Klebsiella_pneumoniae,fixed,NA,hd_exposurehigh_exposure,-0.126402674,0.252643422,-0.500320463,116.4048444,0.617794032,0.7865215
s__GGB9602_SGB15028,fixed,NA,hd_exposurelow_exposure,0.042585289,0.085431857,0.498470841,109.5541421,0.61915152,0.787399216
s__Candidatus_Stoquefichus_sp_SB1,fixed,NA,hd_exposurelow_exposure,-0.026796412,0.054795423,-0.489026454,130.9872512,0.625640801,0.792706829
s__Clostridiaceae_bacterium_NSJ_31,fixed,NA,hd_exposurelow_exposure,-0.032607992,0.066804338,-0.488111901,127.0729233,0.62631177,0.792706829
s__Clostridiaceae_unclassified_SGB15090,fixed,NA,hd_exposurehigh_exposure,0.115418145,0.236440055,0.488149713,117.7137854,0.626351862,0.792706829
s__Enterocloster_lavalensis,fixed,NA,hd_exposurelow_exposure,0.022101744,0.044898133,0.492264213,81.4262372,0.623857223,0.792706829
s__Eubacteriales_unclassified_SGB15145,fixed,NA,hd_exposurehigh_exposure,-0.041631522,0.08537102,-0.487654029,116.334379,0.626712664,0.792706829
s__GGB781_SGB1024,fixed,NA,hd_exposurehigh_exposure,0.122161388,0.249887682,0.488865188,115.9861076,0.62586026,0.792706829
s__Prevotella_copri_clade_E,fixed,NA,hd_exposurelow_exposure,0.04608688,0.094035892,0.490098829,117.8343508,0.624975253,0.792706829
s__Ruminococcus_bicirculans,fixed,NA,hd_exposurehigh_exposure,0.198751052,0.405419275,0.490235823,113.9177089,0.624909911,0.792706829
s__Clostridium_SGB6179,fixed,NA,hd_exposurelow_exposure,0.039546312,0.081212073,0.486951138,117.1472774,0.627202838,0.792791163
s__GGB3005_SGB3996,fixed,NA,hd_exposurelow_exposure,0.059500131,0.122934917,0.483997001,115.3286448,0.629305788,0.793841263
s__Ruminococcus_bromii,fixed,NA,hd_exposurelow_exposure,-0.210029228,0.433446924,-0.484555817,115.2904265,0.628910769,0.793841263
s__Streptococcus_salivarius,fixed,NA,hd_exposurehigh_exposure,0.107546205,0.221705194,0.48508654,118.543138,0.628510197,0.793841263
s__Hungatella_effluvii,fixed,NA,hd_exposurelow_exposure,-0.056688729,0.117260671,-0.483441965,110.878971,0.629735275,0.793848104
s__Alistipes_communis,fixed,NA,hd_exposurehigh_exposure,-0.122992518,0.255207151,-0.481932098,115.3477992,0.630767342,0.794614041
s__Blautia_faecis,fixed,NA,hd_exposurehigh_exposure,0.141324201,0.294961428,0.479127734,113.8455995,0.632766798,0.796061455
s__Enterobacter_cloacae,fixed,NA,hd_exposurehigh_exposure,0.052789542,0.110191584,0.479070545,148.6113871,0.63259261,0.796061455
s__Clostridium_sp_AM42_4,fixed,NA,hd_exposurehigh_exposure,-0.035955147,0.075730342,-0.474778616,107.9350597,0.635904022,0.799471007
s__Blautia_faecicola,fixed,NA,hd_exposurehigh_exposure,0.045090214,0.096435364,0.467569286,119.4647523,0.640944421,0.805267085
s__GGB35068_SGB47850,fixed,NA,hd_exposurehigh_exposure,0.057797344,0.12379086,0.466895083,114.2696776,0.641463941,0.805379274
s__Butyricimonas_faecalis,fixed,NA,hd_exposurelow_exposure,0.049440405,0.106635739,0.463638231,123.6484411,0.643722084,0.807131776
s__Lachnospiraceae_bacterium_NSJ_46,fixed,NA,hd_exposurehigh_exposure,0.042983699,0.09256012,0.464386811,99.24071005,0.643387798,0.807131776
s__Lacrimispora_saccharolytica,fixed,NA,hd_exposurelow_exposure,-0.07544875,0.163619884,-0.461122133,119.5150537,0.645549058,0.80833969
s__Nitrosopumilus_SGB14899,fixed,NA,hd_exposurehigh_exposure,0.061351422,0.133028031,0.461191682,118.4051643,0.645507154,0.80833969
s__Phocaeicola_dorei,fixed,NA,hd_exposurelow_exposure,-0.206099808,0.448159201,-0.459880791,118.1690713,0.646446802,0.808922736
s__GGB51510_SGB71883,fixed,NA,hd_exposurehigh_exposure,0.063983242,0.139853357,0.45750237,121.0173479,0.6481303,0.810487589
s__Anaerostipes_caccae,fixed,NA,hd_exposurelow_exposure,0.086883785,0.191882803,0.452796104,127.8842818,0.651462813,0.812413266
s__Blautia_obeum,fixed,NA,hd_exposurelow_exposure,0.13368192,0.29484951,0.453390342,117.8633749,0.651101321,0.812413266
s__Cloacibacillus_evryensis,fixed,NA,hd_exposurelow_exposure,0.032563446,0.072055141,0.451923976,102.988258,0.652274112,0.812413266
s__GGB6547_SGB9247,fixed,NA,hd_exposurelow_exposure,0.059793489,0.132305273,0.451935798,117.0125505,0.652151864,0.812413266
s__GGB9062_SGB13981,fixed,NA,hd_exposurehigh_exposure,0.0388607,0.085626876,0.45383765,115.888934,0.650794448,0.812413266
s__GGB9345_SGB14311,fixed,NA,hd_exposurehigh_exposure,-0.034328027,0.075640716,-0.453830009,118.6855362,0.650779958,0.812413266
s__GGB3278_SGB4328,fixed,NA,hd_exposurelow_exposure,0.07650702,0.170389256,0.449013168,107.1441356,0.654329038,0.814430824
s__Clostridium_scindens,fixed,NA,hd_exposurelow_exposure,-0.111350676,0.248918209,-0.447338412,115.5974601,0.655467834,0.81530617
s__Enterococcus_avium,fixed,NA,hd_exposurelow_exposure,-0.036873321,0.082955385,-0.444495811,120.3934033,0.657482168,0.815711842
s__Intestinibacillus_sp_Marseille_P6563,fixed,NA,hd_exposurehigh_exposure,-0.0452338,0.101745425,-0.444578219,105.3076319,0.657536949,0.815711842
s__Lacrimispora_celerecrescens,fixed,NA,hd_exposurelow_exposure,0.112041344,0.251282507,0.445878012,116.3621647,0.656513895,0.815711842
s__Megasphaera_sp_MJR8396C,fixed,NA,hd_exposurehigh_exposure,0.082139798,0.184470796,0.44527264,112.8612774,0.65697562,0.815711842
s__Clostridium_sp_AM33_3,fixed,NA,hd_exposurehigh_exposure,0.088128731,0.199288405,0.442217051,113.7735144,0.659171634,0.817172868
s__Holdemania_massiliensis,fixed,NA,hd_exposurehigh_exposure,-0.10688028,0.242031584,-0.441596417,118.253745,0.659587715,0.817172868
s__Ligilactobacillus_salivarius,fixed,NA,hd_exposurehigh_exposure,0.064656159,0.146797912,0.440443313,121.7732814,0.660396907,0.817377777
s__Phocaeicola_vulgatus,fixed,NA,hd_exposurehigh_exposure,-0.155398474,0.353522131,-0.439572124,116.2635144,0.66106301,0.817377777
s__Prevotellamassilia_timonensis,fixed,NA,hd_exposurelow_exposure,0.079812401,0.181447683,0.439864533,117.2933282,0.660844654,0.817377777
s__Anaerotignum_lactatifermentans,fixed,NA,hd_exposurelow_exposure,-0.082487624,0.190246559,-0.433582739,117.9725329,0.66538328,0.822176568
s__Ruminococcaceae_bacterium_AM28_23LB,fixed,NA,hd_exposurelow_exposure,-0.048698223,0.113077779,-0.4306613,113.653308,0.667530282,0.824285415
s__Leuconostoc_lactis,fixed,NA,hd_exposurehigh_exposure,-0.025648205,0.05970415,-0.429588305,132.9334077,0.668190645,0.824556947
s__Paraprevotella_clara,fixed,NA,hd_exposurelow_exposure,-0.145638526,0.339699648,-0.428727337,113.3597721,0.668935257,0.824932017
s__Dielma_fastidiosa,fixed,NA,hd_exposurehigh_exposure,-0.07425902,0.174493525,-0.425568917,113.0858672,0.671230794,0.827217937
s__Enterococcus_gallinarum,fixed,NA,hd_exposurelow_exposure,0.044294959,0.104974058,0.421960999,109.2565878,0.673882618,0.829575887
s__GGB52130_SGB14966,fixed,NA,hd_exposurelow_exposure,-0.085914475,0.203709951,-0.421749036,110.1169207,0.674030409,0.829575887
s__GGB79630_SGB13983,fixed,NA,hd_exposurehigh_exposure,0.037028873,0.088176803,0.419938936,111.3277644,0.675339412,0.830640854
s__Bacteroides_gallinarum,fixed,NA,hd_exposurelow_exposure,-0.029027866,0.069957579,-0.41493525,105.8830156,0.679028846,0.832226036
s__GGB1093_SGB1404,fixed,NA,hd_exposurelow_exposure,0.031192838,0.075020517,0.415790768,117.0511601,0.67832441,0.832226036
s__GGB36267_SGB14177,fixed,NA,hd_exposurelow_exposure,-0.029766713,0.071804241,-0.414553689,107.3859869,0.67929561,0.832226036
s__Parabacteroides_goldsteinii,fixed,NA,hd_exposurelow_exposure,0.077524455,0.186970795,0.414634037,115.0637286,0.67918184,0.832226036
s__Pyramidobacter_piscolens,fixed,NA,hd_exposurehigh_exposure,-0.039671555,0.095515296,-0.415342428,124.2206588,0.678607786,0.832226036
s__Vescimonas_coprocola,fixed,NA,hd_exposurelow_exposure,-0.1124769,0.269975794,-0.416618462,118.3830108,0.677711925,0.832226036
s__GGB3819_SGB5184,fixed,NA,hd_exposurehigh_exposure,0.027620999,0.067138272,0.411404681,114.8721658,0.681542375,0.834432522
s__GGB9760_SGB15374,fixed,NA,hd_exposurelow_exposure,0.05650622,0.137723558,0.410287255,87.91080971,0.682593451,0.834627656
s__Lachnoclostridium_sp_An138,fixed,NA,hd_exposurelow_exposure,-0.043454583,0.105964953,-0.410084479,118.240531,0.682486045,0.834627656
s__Faecalicatena_fissicatena,fixed,NA,hd_exposurehigh_exposure,0.099147503,0.242778843,0.408386091,115.0938127,0.683749042,0.835494912
s__Phascolarctobacterium_succinatutens,fixed,NA,hd_exposurelow_exposure,-0.057096508,0.140351563,-0.406810633,111.9224069,0.684923982,0.836384667
s__Hydrogeniiclostidium_mannosilyticum,fixed,NA,hd_exposurelow_exposure,0.048939084,0.120577812,0.405871386,124.5864769,0.685533328,0.836583044
s__Methylobacterium_SGB15164,fixed,NA,hd_exposurelow_exposure,-0.056488998,0.139627456,-0.404569413,134.3291775,0.686437514,0.837140734
s__Clostridiaceae_bacterium_Marseille_Q3526,fixed,NA,hd_exposurelow_exposure,0.047926692,0.118979198,0.402815731,116.9548473,0.687819152,0.837305482
s__Lachnoclostridium_sp_An131,fixed,NA,hd_exposurelow_exposure,0.035386451,0.088067641,0.401809914,117.8176891,0.688551876,0.837305482
s__Lactonifactor_sp_BIOML_A6,fixed,NA,hd_exposurehigh_exposure,-0.038411121,0.095642717,-0.401610518,102.2318303,0.688808997,0.837305482
s__Roseburia_sp_AM23_20,fixed,NA,hd_exposurehigh_exposure,-0.072706372,0.180680422,-0.402403157,110.0603034,0.688167823,0.837305482
s__Veillonella_rogosae,fixed,NA,hd_exposurelow_exposure,0.077926444,0.193031245,0.403698602,106.7538878,0.687241877,0.837305482
s__Firmicutes_bacterium_AF16_15,fixed,NA,hd_exposurehigh_exposure,-0.098630021,0.247393053,-0.398677408,111.6323859,0.69089247,0.839293124
s__Eubacterium_ventriosum,fixed,NA,hd_exposurehigh_exposure,0.124480434,0.313683241,0.396834824,115.9987432,0.692218418,0.840358546
s__Clostridiaceae_bacterium_Marseille_Q4143,fixed,NA,hd_exposurelow_exposure,0.065576419,0.166842714,0.393043346,115.3700853,0.695012789,0.842331783
s__GGB13404_SGB14252,fixed,NA,hd_exposurehigh_exposure,-0.052156783,0.132745558,-0.392907931,103.7397846,0.695193699,0.842331783
s__Oscillibacter_sp_ER4,fixed,NA,hd_exposurelow_exposure,0.085143883,0.216563043,0.393159801,116.346773,0.694920936,0.842331783
s__GGB6565_SGB9274,fixed,NA,hd_exposurelow_exposure,-0.066803937,0.170370953,-0.392108723,116.2486486,0.695695825,0.842394945
s__Alistipes_sp_AF17_16,fixed,NA,hd_exposurelow_exposure,-0.047188616,0.121578525,-0.388132825,113.3065308,0.698646005,0.843999596
s__Angelakisella_massiliensis,fixed,NA,hd_exposurelow_exposure,-0.067279515,0.173682361,-0.387371032,118.0196035,0.699179238,0.843999596
s__Clostridium_sp_AT4,fixed,NA,hd_exposurehigh_exposure,-0.089835413,0.23197342,-0.387265978,114.9639348,0.699275307,0.843999596
s__Haemophilus_SGB5071,fixed,NA,hd_exposurehigh_exposure,-0.04766075,0.122779613,-0.388181304,124.1148766,0.698546877,0.843999596
s__Mitsuokella_multacida,fixed,NA,hd_exposurelow_exposure,0.054826424,0.140886,0.38915452,120.0174103,0.697851447,0.843999596
s__Alistipes_senegalensis,fixed,NA,hd_exposurelow_exposure,0.09158848,0.239942071,0.381710802,109.6898575,0.703414333,0.845055368
s__GGB52106_SGB72838,fixed,NA,hd_exposurehigh_exposure,-0.027606231,0.072529862,-0.380618821,111.1124013,0.704212807,0.845055368
s__GGB6612_SGB9346,fixed,NA,hd_exposurehigh_exposure,0.051145161,0.134008676,0.381655593,115.1274721,0.703420342,0.845055368
s__GGB9646_SGB15123,fixed,NA,hd_exposurehigh_exposure,-0.026803029,0.070268199,-0.381438961,119.1418256,0.703556952,0.845055368
s__Intestinimonas_massiliensis,fixed,NA,hd_exposurehigh_exposure,-0.059201674,0.155000757,-0.381944415,119.4141107,0.703181439,0.845055368
s__Intestinimonas_timonensis,fixed,NA,hd_exposurelow_exposure,-0.030812031,0.080850836,-0.38109725,121.9268009,0.703794325,0.845055368
s__Lactonifactor_sp_BIOML_A6,fixed,NA,hd_exposurelow_exposure,-0.037118759,0.097066118,-0.382406963,105.3544296,0.702929873,0.845055368
s__Prevotella_buccalis,fixed,NA,hd_exposurehigh_exposure,-0.023170865,0.060473774,-0.3831556,110.5437311,0.702340221,0.845055368
s__Prevotella_stercorea,fixed,NA,hd_exposurelow_exposure,0.118383112,0.308469674,0.383775528,117.7158655,0.701837115,0.845055368
s__Clostridiaceae_bacterium_Marseille_Q4145,fixed,NA,hd_exposurelow_exposure,0.071434384,0.189120148,0.377719584,115.2162796,0.70633385,0.847057635
s__Clostridium_paraputrificum,fixed,NA,hd_exposurelow_exposure,0.042914272,0.114409909,0.375092265,137.0504115,0.70817169,0.847239822
s__GGB3363_SGB4448,fixed,NA,hd_exposurelow_exposure,0.055461923,0.147877939,0.375052045,117.8087667,0.708296112,0.847239822
s__Harryflintia_acetispora,fixed,NA,hd_exposurehigh_exposure,-0.030517962,0.08132344,-0.375266497,110.2708286,0.708183124,0.847239822
s__Streptococcus_infantis,fixed,NA,hd_exposurehigh_exposure,0.018779853,0.049922201,0.376182401,124.2840195,0.707422686,0.847239822
s__Dysosmobacter_welbionis,fixed,NA,hd_exposurehigh_exposure,-0.127893361,0.344589794,-0.371146689,114.4704769,0.71121429,0.84964464
s__Ruminococcus_bicirculans,fixed,NA,hd_exposurelow_exposure,0.151646356,0.408158325,0.37153807,116.5742796,0.710911238,0.84964464
s__Methylobacterium_SGB15164,fixed,NA,hd_exposurehigh_exposure,-0.050756619,0.137793252,-0.368353442,130.7037473,0.713205623,0.850395494
s__Prevotella_disiens,fixed,NA,hd_exposurelow_exposure,0.029263498,0.079378364,0.368658369,124.5877169,0.713008089,0.850395494
s__Ruminococcus_lactaris,fixed,NA,hd_exposurelow_exposure,-0.076782986,0.208164013,-0.36885812,117.2883245,0.712898477,0.850395494
s__Anaerostipes_hadrus,fixed,NA,hd_exposurehigh_exposure,-0.09987676,0.273550712,-0.365112412,113.3303494,0.715707987,0.851072036
s__Dysosmobacter_sp_NSJ_60,fixed,NA,hd_exposurelow_exposure,-0.062334584,0.170618585,-0.365344628,123.0105902,0.715481611,0.851072036
s__Emergencia_timonensis,fixed,NA,hd_exposurehigh_exposure,-0.020910449,0.05705808,-0.366476569,112.8968803,0.714695407,0.851072036
s__Enterococcus_casseliflavus,fixed,NA,hd_exposurelow_exposure,-0.018205537,0.049688112,-0.366396236,124.0046392,0.71469382,0.851072036
s__GGB3278_SGB4328,fixed,NA,hd_exposurehigh_exposure,0.061208999,0.168365914,0.36354745,103.5593695,0.716937068,0.851072036
s__GGB3746_SGB5089,fixed,NA,hd_exposurehigh_exposure,-0.104327053,0.287038481,-0.363460163,110.5222517,0.716955449,0.851072036
s__Streptococcus_gordonii,fixed,NA,hd_exposurelow_exposure,-0.023703007,0.065129236,-0.363938051,131.7330511,0.716487726,0.851072036
s__GGB9635_SGB15106,fixed,NA,hd_exposurehigh_exposure,0.066943535,0.186025766,0.359861631,112.520497,0.719625154,0.853159144
s__Tyzzerella_nexilis,fixed,NA,hd_exposurelow_exposure,0.089304849,0.247861277,0.360301739,117.279723,0.719269572,0.853159144
s__Longicatena_caecimuris,fixed,NA,hd_exposurelow_exposure,0.042391726,0.118253494,0.358481803,118.386778,0.720621239,0.853799341
s__Alistipes_indistinctus,fixed,NA,hd_exposurelow_exposure,0.088201775,0.248174275,0.355402569,116.6311869,0.722929968,0.854196304
s__Clostridium_sp_AM22_11AC,fixed,NA,hd_exposurehigh_exposure,0.084107448,0.236920744,0.355002465,115.0333209,0.723237789,0.854196304
s__Dysosmobacter_sp_NSJ_60,fixed,NA,hd_exposurehigh_exposure,-0.059864294,0.168633369,-0.354996729,119.3421369,0.723218634,0.854196304
s__GGB34900_SGB14891,fixed,NA,hd_exposurelow_exposure,-0.028113827,0.078722522,-0.357125585,107.0387692,0.721700912,0.854196304
s__Lachnotalea_sp_AF33_28,fixed,NA,hd_exposurehigh_exposure,-0.038066696,0.106948264,-0.355935611,114.2405949,0.722545225,0.854196304
s__GGB9708_SGB15234,fixed,NA,hd_exposurelow_exposure,-0.069725547,0.198160112,-0.351864692,115.8237503,0.725579097,0.856421229
s__Parabacteroides_distasonis,fixed,NA,hd_exposurehigh_exposure,-0.111672351,0.318272409,-0.350870349,114.6057481,0.72632976,0.856767052
s__Clostridium_leptum,fixed,NA,hd_exposurelow_exposure,-0.098821401,0.28327379,-0.34885473,117.0469923,0.727825129,0.857990328
s__GGB9774_SGB15394,fixed,NA,hd_exposurelow_exposure,0.026374187,0.0757749,0.348059674,127.7310808,0.728368324,0.85809031
s__Blautia_caecimuris,fixed,NA,hd_exposurehigh_exposure,-0.09669355,0.278258329,-0.347495618,111.8199239,0.72887223,0.858143908
s__Alistipes_sp_AF17_16,fixed,NA,hd_exposurehigh_exposure,-0.041823502,0.121037012,-0.345543083,111.4337064,0.73033758,0.858805987
s__Clostridium_neonatale,fixed,NA,hd_exposurelow_exposure,-0.055629261,0.161054483,-0.345406474,128.8407944,0.7303521,0.858805987
s__Anaerostipes_hadrus,fixed,NA,hd_exposurelow_exposure,0.094194291,0.275580134,0.341803634,116.1800037,0.733116159,0.859895645
s__Anaerotruncus_rubiinfantis,fixed,NA,hd_exposurelow_exposure,0.032377659,0.094500066,0.342620493,119.6724506,0.732485033,0.859895645
s__Blautia_sp_OF03_15BH,fixed,NA,hd_exposurelow_exposure,0.036283755,0.1061589,0.341787214,119.6632952,0.733110532,0.859895645
s__Mogibacterium_sp_NSJ_24,fixed,NA,hd_exposurelow_exposure,-0.032742087,0.095644101,-0.342332531,111.8706289,0.732742981,0.859895645
s__GGB9619_SGB15066,fixed,NA,hd_exposurehigh_exposure,0.028105993,0.082392387,0.341123669,118.6862487,0.733613631,0.859940336
s__Clostridium_sp_AF34_13,fixed,NA,hd_exposurelow_exposure,0.055678357,0.166413145,0.334579084,122.2766348,0.738515844,0.864603915
s__Prevotella_copri_clade_G,fixed,NA,hd_exposurelow_exposure,0.110116819,0.328684216,0.335023141,115.9240222,0.738213097,0.864603915
s__GGB9712_SGB15244,fixed,NA,hd_exposurehigh_exposure,-0.043341042,0.131392588,-0.329859107,113.9379525,0.742112106,0.867753552
s__Megasphaera_elsdenii,fixed,NA,hd_exposurelow_exposure,-0.042690078,0.129442304,-0.329800046,118.5173202,0.742133246,0.867753552
s__Pseudoflavonifractor_capillosus,fixed,NA,hd_exposurehigh_exposure,-0.047384871,0.144453256,-0.328029095,119.005286,0.74346609,0.868769364
s__Evtepia_gabavorous,fixed,NA,hd_exposurehigh_exposure,-0.053824615,0.165667517,-0.324895404,115.9581684,0.745845657,0.870179009
s__GGB9480_SGB14874,fixed,NA,hd_exposurehigh_exposure,-0.07225406,0.222090621,-0.325335935,111.1697526,0.745538341,0.870179009
s__Prevotella_timonensis,fixed,NA,hd_exposurehigh_exposure,0.028343929,0.087327935,0.324568869,121.1941899,0.746066938,0.870179009
s__Akkermansia_muciniphila,fixed,NA,hd_exposurelow_exposure,-0.088410619,0.276152507,-0.320151427,119.3148585,0.749413511,0.872507984
s__Bacteroides_salyersiae,fixed,NA,hd_exposurelow_exposure,-0.093814532,0.299273203,-0.313474549,116.7859068,0.754479338,0.872507984
s__Bacteroides_stercoris,fixed,NA,hd_exposurelow_exposure,-0.142159419,0.446225687,-0.318581881,116.6003931,0.750613543,0.872507984
s__Bifidobacterium_dentium,fixed,NA,hd_exposurehigh_exposure,-0.042982761,0.136494233,-0.314905329,114.5642335,0.753406363,0.872507984
s__Butyricimonas_SGB15266,fixed,NA,hd_exposurehigh_exposure,0.05384387,0.172510332,0.312119683,113.7318621,0.75552107,0.872507984
s__Christensenella_minuta,fixed,NA,hd_exposurehigh_exposure,0.03389747,0.108488487,0.312452229,115.251331,0.755261487,0.872507984
s__GGB1495_SGB2071,fixed,NA,hd_exposurehigh_exposure,0.11119924,0.350864631,0.31692918,115.2667127,0.751870639,0.872507984
s__GGB42994_SGB4746,fixed,NA,hd_exposurehigh_exposure,0.029697033,0.094477199,0.314330158,113.2139096,0.753848802,0.872507984
s__GGB51647_SGB4348,fixed,NA,hd_exposurelow_exposure,-0.096141022,0.307466589,-0.312687705,121.758897,0.755052855,0.872507984
s__Klebsiella_variicola,fixed,NA,hd_exposurelow_exposure,-0.038035485,0.119441705,-0.318443919,99.93723139,0.750812764,0.872507984
s__Lachnospiraceae_bacterium_NSJ_29,fixed,NA,hd_exposurelow_exposure,-0.031992942,0.100594051,-0.318040102,105.060381,0.751085824,0.872507984
s__Lacrimispora_amygdalina,fixed,NA,hd_exposurehigh_exposure,0.075219868,0.237306543,0.316973426,114.829046,0.751839334,0.872507984
s__Massiliimalia_timonensis,fixed,NA,hd_exposurehigh_exposure,0.044561601,0.141815876,0.314221526,116.3494806,0.753915519,0.872507984
s__Olsenella_sp_AF16_14LB,fixed,NA,hd_exposurehigh_exposure,0.046202418,0.146288187,0.315831503,115.0103152,0.752702828,0.872507984
s__Parabacteroides_distasonis,fixed,NA,hd_exposurelow_exposure,0.100752651,0.319773918,0.315074636,116.5775733,0.753268259,0.872507984
s__Streptococcus_australis,fixed,NA,hd_exposurehigh_exposure,-0.023698216,0.075862745,-0.312382793,132.3143631,0.755241395,0.872507984
s__GGB42994_SGB4746,fixed,NA,hd_exposurelow_exposure,-0.029531871,0.094864224,-0.311306724,114.9503123,0.756131317,0.872674368
s__Flavonifractor_plautii,fixed,NA,hd_exposurehigh_exposure,-0.090934456,0.294291913,-0.30899407,114.7280862,0.757886461,0.873622818
s__Prevotella_timonensis,fixed,NA,hd_exposurelow_exposure,-0.02733271,0.088387963,-0.309235661,124.878772,0.757657624,0.873622818
s__Alistipes_dispar,fixed,NA,hd_exposurelow_exposure,-0.073366266,0.239558019,-0.306256774,117.2182864,0.759952444,0.874495109
s__GGB9602_SGB15028,fixed,NA,hd_exposurehigh_exposure,0.025795707,0.084362642,0.305771684,105.9490022,0.760378472,0.874495109
s__GGB9634_SGB15093,fixed,NA,hd_exposurehigh_exposure,0.032065116,0.104852657,0.305811193,99.81891432,0.760385272,0.874495109
s__Lachnospira_pectinoschiza,fixed,NA,hd_exposurehigh_exposure,0.074888022,0.24510056,0.305539986,114.0725077,0.760511772,0.874495109
s__Streptococcus_mitis,fixed,NA,hd_exposurelow_exposure,-0.035762729,0.118574381,-0.301605865,127.0684574,0.763445571,0.876791478
s__Streptococcus_salivarius,fixed,NA,hd_exposurelow_exposure,-0.067773767,0.224596834,-0.301757446,122.1971163,0.763349918,0.876791478
s__GGB3256_SGB4303,fixed,NA,hd_exposurelow_exposure,-0.092070101,0.306729772,-0.300166823,115.218642,0.764590804,0.877568353
s__Romboutsia_timonensis,fixed,NA,hd_exposurelow_exposure,0.067517356,0.227838032,0.296339269,107.3544263,0.767543518,0.879921805
s__Ruminococcus_callidus,fixed,NA,hd_exposurehigh_exposure,-0.071949469,0.242871078,-0.296245521,114.0479822,0.767581361,0.879921805
s__Streptococcus_SGB14888,fixed,NA,hd_exposurelow_exposure,0.021896601,0.074102003,0.295492698,105.029976,0.768200908,0.880093084
s__Slackia_isoflavoniconvertens,fixed,NA,hd_exposurehigh_exposure,-0.033915629,0.115605978,-0.293372624,112.4153499,0.769778253,0.881360788
s__Vescimonas_coprocola,fixed,NA,hd_exposurehigh_exposure,0.078315923,0.268090578,0.292124863,115.6373582,0.770714611,0.881893491
s__Lachnoclostridium_phocaeense,fixed,NA,hd_exposurelow_exposure,-0.018507696,0.063577998,-0.291102217,127.1088589,0.771447621,0.882193003
s__GGB6547_SGB9247,fixed,NA,hd_exposurehigh_exposure,-0.038402495,0.132176947,-0.290538524,116.5698129,0.771920534,0.882194896
s__Fusicatenibacter_saccharivorans,fixed,NA,hd_exposurehigh_exposure,0.084940515,0.294681519,0.288245136,111.8164448,0.773692724,0.882912885
s__Klebsiella_quasipneumoniae,fixed,NA,hd_exposurehigh_exposure,0.062186355,0.216042691,0.287842902,119.9582088,0.773963699,0.882912885
s__Mesosutterella_multiformis,fixed,NA,hd_exposurehigh_exposure,0.079909927,0.276580388,0.28892116,114.9432919,0.773162138,0.882912885
s__GGB9634_SGB15093,fixed,NA,hd_exposurelow_exposure,-0.030098604,0.105553992,-0.285148897,102.3704364,0.776106173,0.884817757
s__GGB2653_SGB3574,fixed,NA,hd_exposurelow_exposure,-0.066023144,0.233880663,-0.282294153,117.8872782,0.77821298,0.886679671
s__Candidatus_Allochristensenella_caecavium,fixed,NA,hd_exposurelow_exposure,0.045461799,0.161818607,0.280942963,113.8624206,0.779264018,0.88733713
s__Senegalimassilia_faecalis,fixed,NA,hd_exposurehigh_exposure,0.023821258,0.08648538,0.275436818,121.6484731,0.783447968,0.891559025
s__Anaerotruncus_rubiinfantis,fixed,NA,hd_exposurehigh_exposure,-0.025561599,0.093457409,-0.273510673,116.0599973,0.784946825,0.891702446
s__Flavonifractor_plautii,fixed,NA,hd_exposurelow_exposure,-0.080548916,0.297079361,-0.271136022,118.0815371,0.786759829,0.891702446
s__Formosa_SGB1638,fixed,NA,hd_exposurehigh_exposure,0.017665382,0.064391433,0.274343668,113.9039694,0.784317463,0.891702446
s__GGB3304_SGB4367,fixed,NA,hd_exposurelow_exposure,0.062056844,0.227670226,0.272573384,116.793331,0.7856625,0.891702446
s__GGB9444_SGB14834,fixed,NA,hd_exposurelow_exposure,0.013645499,0.05038353,0.270832529,143.7421438,0.786908356,0.891702446
s__GGB9747_SGB15356,fixed,NA,hd_exposurehigh_exposure,-0.040856985,0.149665628,-0.272988431,110.0130848,0.785373891,0.891702446
s__Klebsiella_variicola,fixed,NA,hd_exposurehigh_exposure,-0.031934157,0.117792503,-0.271105172,107.9461293,0.786827887,0.891702446
s__Blautia_wexlerae,fixed,NA,hd_exposurelow_exposure,-0.073818132,0.275317775,-0.268119747,117.6913177,0.789076512,0.893078132
s__Prevotella_sp_Marseille_P4119,fixed,NA,hd_exposurelow_exposure,-0.056903321,0.211945061,-0.268481468,118.7077997,0.788794756,0.893078132
s__GGB1627_SGB2230,fixed,NA,hd_exposurelow_exposure,0.031525067,0.118229439,0.266643122,118.1121135,0.790208912,0.893819386
s__Faecalibacterium_SGB15315,fixed,NA,hd_exposurelow_exposure,-0.072336905,0.272676145,-0.26528505,117.1484174,0.791256129,0.894176638
s__Oscillospiraceae_unclassified_SGB15256,fixed,NA,hd_exposurelow_exposure,-0.035652289,0.13450563,-0.265061687,105.3107271,0.791480069,0.894176638
s__Bifidobacterium_pseudocatenulatum,fixed,NA,hd_exposurelow_exposure,-0.077185466,0.292757883,-0.263649486,117.4295202,0.792512115,0.894802581
s__Dorea_sp_AF36_15AT,fixed,NA,hd_exposurelow_exposure,-0.054383922,0.206924218,-0.262820477,112.7007504,0.793168805,0.895004221
s__Faecalimonas_umbilicata,fixed,NA,hd_exposurehigh_exposure,0.051715715,0.197936219,0.261274642,115.4807646,0.794346117,0.895792729
s__Alistipes_putredinis,fixed,NA,hd_exposurelow_exposure,0.113402679,0.436971298,0.259519743,117.4588633,0.795688565,0.896766402
s__Streptococcus_mitis,fixed,NA,hd_exposurehigh_exposure,-0.030237172,0.116952792,-0.258541686,123.5211524,0.796419198,0.897049783
s__Bifidobacterium_adolescentis,fixed,NA,hd_exposurelow_exposure,-0.083756302,0.326239805,-0.25673232,116.0102097,0.797840174,0.898109925
s__Eisenbergiella_massiliensis,fixed,NA,hd_exposurelow_exposure,0.036202111,0.141457083,0.255922932,114.9029184,0.798467948,0.898276441
s__Enterococcus_faecalis,fixed,NA,hd_exposurelow_exposure,0.029319789,0.116734415,0.251166621,108.7612886,0.802159213,0.901887115
s__Clostridium_SGB4750,fixed,NA,hd_exposurelow_exposure,0.058088822,0.235120926,0.247059346,116.8418052,0.805295875,0.904327461
s__Pyramidobacter_piscolens,fixed,NA,hd_exposurelow_exposure,-0.023939496,0.096711089,-0.247536204,127.9072974,0.804890191,0.904327461
s__Blautia_hansenii,fixed,NA,hd_exposurehigh_exposure,0.056197548,0.229975154,0.24436356,119.2622571,0.80736917,0.905569254
s__GGB51510_SGB71883,fixed,NA,hd_exposurelow_exposure,0.03467003,0.141796082,0.244506262,124.5571077,0.807241078,0.905569254
s__Blautia_obeum,fixed,NA,hd_exposurehigh_exposure,-0.070736777,0.292518128,-0.241820149,114.8571514,0.809350746,0.907248261
s__Blautia_massiliensis,fixed,NA,hd_exposurehigh_exposure,-0.062323278,0.259290746,-0.240360596,113.2276516,0.810485366,0.907251378
s__Butyricimonas_synergistica,fixed,NA,hd_exposurehigh_exposure,-0.022166742,0.092394407,-0.23991433,119.5779005,0.810807455,0.907251378
s__Collinsella_SGB14987,fixed,NA,hd_exposurelow_exposure,0.011906289,0.04937347,0.241147506,113.2028776,0.809877029,0.907251378
s__Enterococcus_faecalis,fixed,NA,hd_exposurehigh_exposure,-0.027512192,0.114961772,-0.239316003,105.9098734,0.811323071,0.907286015
s__Candidatus_Borkfalkia_ceftriaxoniphila,fixed,NA,hd_exposurelow_exposure,0.028038456,0.120357531,0.232959712,117.1089601,0.816199368,0.912194159
s__Phascolarctobacterium_SGB4573,fixed,NA,hd_exposurelow_exposure,-0.018620766,0.080346042,-0.231757099,102.0177225,0.817190912,0.912757391
s__Adlercreutzia_equolifaciens,fixed,NA,hd_exposurelow_exposure,0.030498706,0.132186912,0.230724095,110.9852058,0.817953928,0.91306485
s__GGB2982_SGB3964,fixed,NA,hd_exposurehigh_exposure,0.031008252,0.135021073,0.22965491,111.6674842,0.818780068,0.913442365
s__GGB58158_SGB79798,fixed,NA,hd_exposurehigh_exposure,-0.0272004,0.118766818,-0.229023561,109.0384202,0.819279617,0.913455296
s__Drancourtella_sp_An57,fixed,NA,hd_exposurelow_exposure,0.013624423,0.060648385,0.224646094,138.9982251,0.822584505,0.916048896
s__Faecalicatena_contorta,fixed,NA,hd_exposurelow_exposure,0.030931571,0.137394261,0.22513001,122.3597253,0.822253693,0.916048896
s__Bifidobacterium_bifidum,fixed,NA,hd_exposurelow_exposure,0.061931196,0.278633007,0.222267982,119.5775117,0.824484456,0.916053892
s__Blautia_marasmi,fixed,NA,hd_exposurehigh_exposure,-0.015822982,0.071882185,-0.220123832,139.1861969,0.826097245,0.916053892
s__Clostridiales_bacterium_Choco116,fixed,NA,hd_exposurelow_exposure,-0.027654069,0.124880025,-0.221445092,119.2843898,0.825124527,0.916053892
s__Desulfovibrio_piger,fixed,NA,hd_exposurehigh_exposure,0.024373515,0.108991684,0.223627289,110.4562889,0.823460407,0.916053892
s__GGB9602_SGB15031,fixed,NA,hd_exposurehigh_exposure,0.030545103,0.138498889,0.220544029,112.7409023,0.825846377,0.916053892
s__Lachnospiraceae_bacterium_Marseille_Q4251,fixed,NA,hd_exposurelow_exposure,-0.053288212,0.242560343,-0.219690535,114.3851422,0.826503752,0.916053892
s__Massilioclostridium_coli,fixed,NA,hd_exposurehigh_exposure,0.025990194,0.116847505,0.222428314,108.8159628,0.824397422,0.916053892
s__Mediterraneibacter_glycyrrhizinilyticus,fixed,NA,hd_exposurelow_exposure,0.048320447,0.217793929,0.221863151,116.5880387,0.82480857,0.916053892
s__GGB9691_SGB15198,fixed,NA,hd_exposurelow_exposure,0.015420515,0.070554103,0.218562975,125.0341841,0.827346839,0.916445729
s__Bacteroides_cellulosilyticus,fixed,NA,hd_exposurehigh_exposure,-0.062332101,0.291630015,-0.21373692,113.9894698,0.831134055,0.917383815
s__Clostridiales_bacterium_Choco116,fixed,NA,hd_exposurehigh_exposure,-0.026602032,0.124300991,-0.214013029,117.3282061,0.830908379,0.917383815
s__GGB1239_SGB1657,fixed,NA,hd_exposurelow_exposure,-0.01135629,0.05302651,-0.2141625,123.5701048,0.830773333,0.917383815
s__Harryflintia_acetispora,fixed,NA,hd_exposurelow_exposure,-0.017537492,0.081945431,-0.21401428,113.1700625,0.830921039,0.917383815
s__Lachnotalea_sp_AF33_28,fixed,NA,hd_exposurelow_exposure,-0.023204143,0.108369026,-0.214121539,117.8560887,0.830822295,0.917383815
s__Sellimonas_intestinalis,fixed,NA,hd_exposurelow_exposure,0.041448658,0.19377612,0.213899718,115.3834851,0.831002788,0.917383815
s__GGB9342_SGB14306,fixed,NA,hd_exposurelow_exposure,0.039085336,0.184922962,0.211360104,103.5923368,0.833021534,0.918925346
s__Neobittarella_massiliensis,fixed,NA,hd_exposurelow_exposure,-0.019062814,0.090707049,-0.210158019,118.3346765,0.833905766,0.919359007
s__Dialister_invisus,fixed,NA,hd_exposurelow_exposure,0.050063722,0.239663016,0.208892148,114.0666909,0.834905014,0.919377757
s__Enterococcus_faecium,fixed,NA,hd_exposurelow_exposure,-0.028553451,0.136243623,-0.209576426,87.58016819,0.834485022,0.919377757
s__Nitrosopumilus_SGB14899,fixed,NA,hd_exposurelow_exposure,-0.027672116,0.133844103,-0.206748863,120.877433,0.836553856,0.920651863
s__Parabacteroides_goldsteinii,fixed,NA,hd_exposurehigh_exposure,0.038242395,0.185517679,0.206138819,112.1054422,0.837056376,0.920663652
s__Butyricimonas_SGB15260,fixed,NA,hd_exposurehigh_exposure,-0.055211531,0.279789758,-0.197332208,114.6966355,0.843916853,0.925490539
s__Clostridiaceae_bacterium_Marseille_Q4149,fixed,NA,hd_exposurehigh_exposure,-0.037488186,0.188191234,-0.199202614,112.4386219,0.842464038,0.925490539
s__GGB1663_SGB2279,fixed,NA,hd_exposurehigh_exposure,-0.022848913,0.114480123,-0.199588471,117.2312483,0.842148229,0.925490539
s__GGB3363_SGB4448,fixed,NA,hd_exposurehigh_exposure,0.029120466,0.14721985,0.19780258,115.9251477,0.84354596,0.925490539
s__GGB3446_SGB4597,fixed,NA,hd_exposurelow_exposure,0.020662481,0.104169126,0.198355138,115.6355939,0.84311552,0.925490539
s__GGB1247_SGB1668,fixed,NA,hd_exposurelow_exposure,-0.030406028,0.155342342,-0.195735607,114.2132344,0.845164928,0.926065248
s__Phocea_massiliensis,fixed,NA,hd_exposurelow_exposure,0.04712165,0.241158169,0.195397279,113.8343882,0.845430294,0.926065248
s__Lachnospiraceae_bacterium,fixed,NA,hd_exposurehigh_exposure,0.061705263,0.319438091,0.193168143,114.9216515,0.847168269,0.926685419
s__Megamonas_funiformis,fixed,NA,hd_exposurelow_exposure,0.059323577,0.30776009,0.192759161,117.0873555,0.847481537,0.926685419
s__Roseburia_faecis,fixed,NA,hd_exposurelow_exposure,0.065675958,0.339925755,0.193206774,119.4045167,0.847125296,0.926685419
s__Desulfovibrio_piger,fixed,NA,hd_exposurelow_exposure,0.020334559,0.10934955,0.185959234,111.8689182,0.852813506,0.931473324
s__Dielma_fastidiosa,fixed,NA,hd_exposurelow_exposure,0.032650323,0.176872819,0.184597743,116.6476876,0.85386511,0.931473324
s__Eubacterium_ramulus,fixed,NA,hd_exposurelow_exposure,0.036906586,0.201305304,0.183336382,119.1485277,0.854845711,0.931473324
s__GGB9621_SGB15073,fixed,NA,hd_exposurelow_exposure,0.026218896,0.142011808,0.18462476,121.7754971,0.853830481,0.931473324
s__Prevotella_bivia,fixed,NA,hd_exposurelow_exposure,0.028786688,0.156797876,0.183591058,111.9083904,0.854666513,0.931473324
s__Streptococcus_gallolyticus,fixed,NA,hd_exposurelow_exposure,-0.011148743,0.060270305,-0.18497904,134.0938882,0.853524959,0.931473324
s__Alistipes_putredinis,fixed,NA,hd_exposurehigh_exposure,0.078840428,0.434815816,0.181319135,115.3981503,0.856435176,0.932120145
s__GGB9724_SGB15278,fixed,NA,hd_exposurehigh_exposure,-0.017042452,0.093713687,-0.181856599,112.2796679,0.856023177,0.932120145
s__Collinsella_SGB15196,fixed,NA,hd_exposurehigh_exposure,0.012498482,0.069478469,0.179889999,100.9500049,0.857599528,0.932845042
s__GGB79734_SGB15291,fixed,NA,hd_exposurelow_exposure,0.037994688,0.214217996,0.177364595,112.6207775,0.859540619,0.93409426
s__Olsenella_sp_AF16_14LB,fixed,NA,hd_exposurelow_exposure,-0.026047598,0.147089651,-0.177086544,117.2537999,0.859745946,0.93409426
s__Candidatus_Cibionibacter_quicibialis,fixed,NA,hd_exposurehigh_exposure,0.042841787,0.244149779,0.175473379,115.1049592,0.861016002,0.934931529
s__Adlercreutzia_equolifaciens,fixed,NA,hd_exposurehigh_exposure,0.021644195,0.13049647,0.165860389,107.3826866,0.868578695,0.935613141
s__Alistipes_SGB2302,fixed,NA,hd_exposurehigh_exposure,-0.019556918,0.115211211,-0.169748391,117.477259,0.865499984,0.935613141
s__Alistipes_communis,fixed,NA,hd_exposurelow_exposure,0.042387468,0.25572985,0.165750958,116.2604011,0.868640833,0.935613141
s__Alistipes_provencensis,fixed,NA,hd_exposurelow_exposure,0.017320506,0.103890836,0.166718323,119.9944214,0.8678723,0.935613141
s__Clostridium_neonatale,fixed,NA,hd_exposurehigh_exposure,-0.027483275,0.158918697,-0.172939218,125.221897,0.862978427,0.935613141
s__Clostridium_sp_AF34_13,fixed,NA,hd_exposurehigh_exposure,0.027723738,0.164833688,0.168192187,118.8883308,0.866717878,0.935613141
s__Desulfovibrio_porci,fixed,NA,hd_exposurehigh_exposure,0.023893226,0.139845049,0.170855,116.7005794,0.864633659,0.935613141
s__GGB3321_SGB4394,fixed,NA,hd_exposurehigh_exposure,-0.019885195,0.118779627,-0.167412503,110.1879688,0.867352351,0.935613141
s__GGB58158_SGB79798,fixed,NA,hd_exposurelow_exposure,0.020181564,0.120537919,0.167429172,112.1993477,0.867333772,0.935613141
s__GGB9760_SGB15374,fixed,NA,hd_exposurehigh_exposure,0.022605876,0.13624095,0.165925708,84.67021154,0.86861098,0.935613141
s__Haemophilus_parainfluenzae,fixed,NA,hd_exposurehigh_exposure,-0.044284155,0.256708777,-0.172507367,111.4389515,0.863351581,0.935613141
s__Odoribacter_splanchnicus,fixed,NA,hd_exposurehigh_exposure,-0.056368915,0.329455836,-0.171097031,116.1066676,0.864445293,0.935613141
s__Phascolarctobacterium_succinatutens,fixed,NA,hd_exposurehigh_exposure,-0.023254037,0.139867337,-0.166257807,110.4391862,0.868258068,0.935613141
s__Streptococcus_oralis,fixed,NA,hd_exposurelow_exposure,-0.009291559,0.055175922,-0.168398805,134.9318829,0.866521708,0.935613141
s__Enterococcus_avium,fixed,NA,hd_exposurehigh_exposure,0.013433189,0.08205868,0.163702232,116.8025718,0.870248484,0.936267334
s__Methanobrevibacter_smithii,fixed,NA,hd_exposurelow_exposure,0.025597361,0.155861501,0.164231456,107.0480562,0.869858635,0.936267334
s__Formosa_SGB1638,fixed,NA,hd_exposurelow_exposure,-0.010378791,0.064769524,-0.160241898,116.2774944,0.872968571,0.937039659
s__GGB9537_SGB14940,fixed,NA,hd_exposurelow_exposure,-0.015016342,0.093577177,-0.16047013,115.1540211,0.872791914,0.937039659
s__GGB9640_SGB15115,fixed,NA,hd_exposurelow_exposure,-0.008323043,0.051947585,-0.160220025,129.2735837,0.872957841,0.937039659
s__Streptococcus_anginosus,fixed,NA,hd_exposurelow_exposure,0.01167185,0.072804481,0.16031774,112.3734227,0.872918618,0.937039659
s__Akkermansia_muciniphila,fixed,NA,hd_exposurehigh_exposure,-0.042465122,0.272506046,-0.155831852,115.7046124,0.876437113,0.93708469
s__Allisonella_histaminiformans,fixed,NA,hd_exposurehigh_exposure,-0.030211143,0.192042365,-0.157314993,116.0903319,0.87526989,0.93708469
s__Bacteroides_nordii,fixed,NA,hd_exposurehigh_exposure,-0.042135237,0.26901732,-0.156626485,115.008127,0.875813847,0.93708469
s__Clostridium_sp_AF12_28,fixed,NA,hd_exposurelow_exposure,0.021550202,0.138145221,0.155996726,111.5231894,0.876317627,0.93708469
s__GGB3538_SGB4728,fixed,NA,hd_exposurehigh_exposure,0.009738242,0.061220306,0.159068819,85.69984025,0.873988927,0.93708469
s__Neobittarella_massiliensis,fixed,NA,hd_exposurehigh_exposure,0.014139482,0.089771125,0.157505901,114.816593,0.875122814,0.93708469
s__Prevotella_SGB1635,fixed,NA,hd_exposurelow_exposure,0.025434609,0.163320545,0.155734288,115.3925259,0.876514579,0.93708469
s__Clostridiaceae_bacterium_Marseille_Q4149,fixed,NA,hd_exposurelow_exposure,0.02725597,0.189138165,0.144106137,114.517404,0.885669951,0.941846565
s__GGB34228_SGB72916,fixed,NA,hd_exposurelow_exposure,0.014453989,0.098540233,0.146681095,114.59327,0.883641481,0.941846565
s__GGB42389_SGB59559,fixed,NA,hd_exposurelow_exposure,-0.015953755,0.107669126,-0.148173903,110.5661326,0.882475419,0.941846565
s__GGB55957_SGB77276,fixed,NA,hd_exposurehigh_exposure,-0.016984479,0.116997551,-0.145169521,109.9147092,0.884842902,0.941846565
s__GGB781_SGB1024,fixed,NA,hd_exposurelow_exposure,0.035697722,0.250681587,0.142402648,117.3680484,0.88700614,0.941846565
s__GGB9713_SGB15249,fixed,NA,hd_exposurehigh_exposure,0.02819039,0.193455541,0.145720249,114.2002222,0.884399133,0.941846565
s__Gordonibacter_pamelaeae,fixed,NA,hd_exposurehigh_exposure,-0.012020442,0.084092666,-0.142942805,96.2374258,0.886634211,0.941846565
s__Granulicatella_SGB8255,fixed,NA,hd_exposurelow_exposure,0.017492962,0.120947715,0.144632429,134.7347463,0.885217216,0.941846565
s__Lactobacillus_gasseri,fixed,NA,hd_exposurelow_exposure,0.017609334,0.122540265,0.143702435,104.401762,0.886012458,0.941846565
s__Roseburia_faecis,fixed,NA,hd_exposurehigh_exposure,-0.047963634,0.336516334,-0.142529883,115.9273917,0.886908902,0.941846565
s__Ruminococcus_sp_BSD2780120874_150323_B10,fixed,NA,hd_exposurehigh_exposure,-0.025345342,0.176034585,-0.143979333,99.71105079,0.885807383,0.941846565
s__Turicibacter_sanguinis,fixed,NA,hd_exposurelow_exposure,0.015071581,0.101877827,0.147937799,105.0490063,0.882675444,0.941846565
s__Bacteroides_uniformis,fixed,NA,hd_exposurehigh_exposure,0.051860179,0.371256784,0.139688165,115.1989583,0.889150307,0.94358808
s__GGB3653_SGB4964,fixed,NA,hd_exposurehigh_exposure,-0.017731291,0.128945081,-0.137510412,116.1579327,0.890865441,0.944872581
s__Bacteroides_caccae,fixed,NA,hd_exposurehigh_exposure,0.054456245,0.411121054,0.132457933,115.1542114,0.894853269,0.948564734
s__Streptococcus_infantis,fixed,NA,hd_exposurelow_exposure,0.00668289,0.050733255,0.131726023,121.4459578,0.895418981,0.948627239
s__GGB9699_SGB15216,fixed,NA,hd_exposurelow_exposure,0.040649223,0.314798432,0.129127782,118.0678576,0.897476254,0.950268974
s__Bifidobacterium_pseudocatenulatum,fixed,NA,hd_exposurehigh_exposure,0.037001825,0.289896267,0.127638155,114.0044229,0.898660205,0.950984683
s__Clostridiales_bacterium_1_7_47FAA,fixed,NA,hd_exposurelow_exposure,-0.027348938,0.217594977,-0.125687358,120.8667188,0.900188234,0.951208095
s__Clostridium_spiroforme,fixed,NA,hd_exposurelow_exposure,-0.016678046,0.132217824,-0.126140681,128.250738,0.899818101,0.951208095
s__Vescimonas_fastidiosa,fixed,NA,hd_exposurehigh_exposure,-0.020742379,0.165352261,-0.125443579,112.7972587,0.900395697,0.951208095
s__Faecalibacterium_SGB15315,fixed,NA,hd_exposurehigh_exposure,0.033729646,0.271916781,0.124044004,115.9231174,0.901495265,0.951832564
s__Roseburia_intestinalis,fixed,NA,hd_exposurelow_exposure,0.043838275,0.360317989,0.121665519,115.7937689,0.90337481,0.953279393
s__Granulicatella_SGB8255,fixed,NA,hd_exposurehigh_exposure,0.014339346,0.119125378,0.12037188,131.7476469,0.904371942,0.953793958
s__Butyricimonas_SGB15266,fixed,NA,hd_exposurelow_exposure,0.020569321,0.172896125,0.118969244,114.7221357,0.905507795,0.954307487
s__Megasphaera_sp_NM10,fixed,NA,hd_exposurehigh_exposure,-0.029134049,0.245856196,-0.118500367,114.7356207,0.905878421,0.954307487
s__Eggerthella_lenta,fixed,NA,hd_exposurelow_exposure,-0.028702085,0.252949018,-0.11346984,117.3654898,0.909851942,0.957627879
s__GGB28262_SGB40814,fixed,NA,hd_exposurelow_exposure,-0.006185883,0.054631311,-0.11322963,110.7955118,0.910053417,0.957627879
s__Blautia_producta,fixed,NA,hd_exposurehigh_exposure,0.030747684,0.281099694,0.109383554,115.6449649,0.913087858,0.958573842
s__Eisenbergiella_sp_OF01_20,fixed,NA,hd_exposurelow_exposure,-0.015772999,0.145826044,-0.108163112,136.8439467,0.914024737,0.958573842
s__Eubacteriaceae_bacterium,fixed,NA,hd_exposurehigh_exposure,-0.026179914,0.236607763,-0.110646895,111.1041587,0.912095985,0.958573842
s__GGB9522_SGB14921,fixed,NA,hd_exposurehigh_exposure,-0.007779589,0.071548766,-0.108731282,101.6662216,0.913629943,0.958573842
s__Phascolarctobacterium_faecium,fixed,NA,hd_exposurehigh_exposure,0.030554511,0.278629846,0.109659864,114.2281251,0.912871553,0.958573842
s__Proteus_mirabilis,fixed,NA,hd_exposurelow_exposure,0.014664796,0.134741,0.108836924,107.9762197,0.91353384,0.958573842
s__GGB9818_SGB15459,fixed,NA,hd_exposurehigh_exposure,-0.013040725,0.12475121,-0.104533853,111.5168955,0.916933484,0.961085936
s__Clostridium_sp_chh4_2,fixed,NA,hd_exposurehigh_exposure,-0.010798243,0.106853346,-0.101056671,117.1565022,0.919678217,0.962529109
s__Eubacteriales_unclassified_SGB15145,fixed,NA,hd_exposurelow_exposure,-0.008717839,0.086031028,-0.101333665,119.2815589,0.919455732,0.962529109
s__Roseburia_sp_AM59_24XD,fixed,NA,hd_exposurehigh_exposure,0.013971345,0.138547895,0.100841268,114.4747927,0.919852872,0.962529109
s__Coprococcus_comes,fixed,NA,hd_exposurehigh_exposure,0.026856476,0.272170217,0.098675293,115.2034599,0.921567576,0.963246511
s__Limosilactobacillus_fermentum,fixed,NA,hd_exposurehigh_exposure,-0.013148685,0.132818725,-0.098997223,109.5764077,0.921321354,0.963246511
s__Blautia_wexlerae,fixed,NA,hd_exposurehigh_exposure,-0.025862406,0.272361984,-0.094956006,114.1198835,0.924516303,0.965789352
s__GGB3619_SGB4894,fixed,NA,hd_exposurehigh_exposure,0.012156892,0.130184671,0.0933819,105.6632524,0.925777006,0.966566958
s__Acidaminococcus_SGB5735,fixed,NA,hd_exposurelow_exposure,-0.008271793,0.091236757,-0.090662944,118.1316911,0.927913965,0.967531928
s__Bacteroides_gallinarum,fixed,NA,hd_exposurehigh_exposure,0.006213922,0.069215472,0.089776484,102.412281,0.928640178,0.967531928
s__Coprobacter_secundus,fixed,NA,hd_exposurelow_exposure,-0.016343101,0.182425658,-0.089587729,116.5319425,0.92876863,0.967531928
s__Dysosmobacter_welbionis,fixed,NA,hd_exposurelow_exposure,-0.031795582,0.347416858,-0.091519973,117.5357406,0.927235234,0.967531928
s__Blautia_sp_Marseille_P3087,fixed,NA,hd_exposurelow_exposure,0.011541141,0.129854936,0.08887718,111.5447468,0.929338897,0.967587551
s__Senegalimassilia_faecalis,fixed,NA,hd_exposurelow_exposure,0.007578574,0.087441321,0.086670399,125.2640533,0.931071896,0.968853023
s__Ruminococcus_sp_AF13_28,fixed,NA,hd_exposurelow_exposure,-0.017362784,0.203025093,-0.085520385,114.9039804,0.931996527,0.969230561
s__Streptococcus_anginosus,fixed,NA,hd_exposurehigh_exposure,0.006095733,0.071770843,0.084933283,109.0153977,0.932470214,0.969230561
s__GGB1247_SGB1668,fixed,NA,hd_exposurehigh_exposure,0.012652921,0.154973514,0.081645699,113.1635266,0.935072691,0.970857503
s__Lactobacillus_gasseri,fixed,NA,hd_exposurehigh_exposure,-0.009968443,0.121350605,-0.082145807,101.082914,0.934693209,0.970857503
s__Clostridium_sp_AF12_28,fixed,NA,hd_exposurehigh_exposure,0.010690536,0.136509202,0.078313665,107.9020437,0.937723592,0.970917347
s__Coprobacillus_cateniformis,fixed,NA,hd_exposurelow_exposure,-0.013156252,0.166766101,-0.078890447,117.9238489,0.937253476,0.970917347
s__Desulfovibrio_SGB5077,fixed,NA,hd_exposurehigh_exposure,0.010022693,0.125930138,0.079589309,99.82083015,0.936723239,0.970917347
s__GGB3189_SGB4212,fixed,NA,hd_exposurelow_exposure,-0.00551348,0.068881314,-0.080043194,136.5803141,0.936320067,0.970917347
s__GGB9602_SGB15031,fixed,NA,hd_exposurelow_exposure,0.010921077,0.139058823,0.078535667,114.4556173,0.937539098,0.970917347
s__Clostridioides_difficile,fixed,NA,hd_exposurehigh_exposure,-0.00580444,0.07522877,-0.077157188,118.4366521,0.938628693,0.971317254
s__Dialister_hominis,fixed,NA,hd_exposurehigh_exposure,0.030687018,0.402376585,0.076264423,116.5772134,0.939339458,0.971515727
s__Bacteroides_clarus,fixed,NA,hd_exposurelow_exposure,-0.029190068,0.390674143,-0.074717173,117.3213886,0.940566994,0.972248157
s__Butyricimonas_SGB15260,fixed,NA,hd_exposurelow_exposure,-0.019881103,0.281633286,-0.070592164,117.3042861,0.943842554,0.974020541
s__GGB3510_SGB4687,fixed,NA,hd_exposurehigh_exposure,0.008611833,0.121273595,0.071011607,114.6789825,0.943512208,0.974020541
s__GGB4716_SGB14929,fixed,NA,hd_exposurehigh_exposure,-0.006886039,0.096101705,-0.071653663,112.435601,0.943004835,0.974020541
s__Bacteroides_caccae,fixed,NA,hd_exposurelow_exposure,-0.028262903,0.412991383,-0.068434607,117.0654818,0.945556427,0.974669245
s__Blautia_sp_MSK_20_85,fixed,NA,hd_exposurehigh_exposure,-0.013310283,0.196210258,-0.067836833,115.1938225,0.94603313,0.974669245
s__Phascolarctobacterium_faecium,fixed,NA,hd_exposurelow_exposure,0.019149811,0.280260932,0.068328505,116.5967567,0.945641173,0.974669245
s__Eubacterium_sp_AF34_35BH,fixed,NA,hd_exposurehigh_exposure,-0.006708774,0.103798539,-0.064632645,120.5418587,0.948573556,0.976631282
s__Phocaeicola_plebeius,fixed,NA,hd_exposurelow_exposure,-0.026037624,0.40604036,-0.064125703,115.5600107,0.94898093,0.976631282
s__GGB3363_SGB4447,fixed,NA,hd_exposurehigh_exposure,0.006619489,0.104739708,0.06319942,102.5572148,0.94973072,0.976865884
s__Alistipes_shahii,fixed,NA,hd_exposurelow_exposure,-0.020583263,0.338723465,-0.06076716,116.0581372,0.951649164,0.97737717
s__Bacteroides_nordii,fixed,NA,hd_exposurelow_exposure,-0.016049517,0.270442056,-0.059345494,117.188106,0.952778009,0.97737717
s__Collinsella_SGB4121,fixed,NA,hd_exposurelow_exposure,0.011329902,0.18964399,0.059743004,114.9652716,0.952464048,0.97737717
s__Coprobacter_fastidiosus,fixed,NA,hd_exposurehigh_exposure,-0.012938754,0.213347881,-0.060646272,113.3856326,0.951747688,0.97737717
s__GGB3828_SGB5197,fixed,NA,hd_exposurehigh_exposure,0.007898856,0.133269673,0.059269715,117.0905301,0.95283832,0.97737717
s__Streptococcus_parasanguinis,fixed,NA,hd_exposurelow_exposure,0.014515544,0.263515256,0.055084263,119.1259194,0.956163611,0.980250975
s__Anaerobutyricum_hallii,fixed,NA,hd_exposurelow_exposure,-0.012295296,0.264382439,-0.046505722,116.7584302,0.962986624,0.984767716
s__GGB3818_SGB5183,fixed,NA,hd_exposurehigh_exposure,-0.003193782,0.067267633,-0.047478727,136.2210954,0.962201222,0.984767716
s__GGB9747_SGB15356,fixed,NA,hd_exposurelow_exposure,-0.007175967,0.150689092,-0.047621011,112.6778049,0.962102589,0.984767716
s__Megasphaera_sp_MJR8396C,fixed,NA,hd_exposurelow_exposure,0.008673987,0.185717083,0.04670538,115.5137972,0.962828694,0.984767716
s__Phocaeicola_plebeius,fixed,NA,hd_exposurehigh_exposure,-0.018733135,0.405130028,-0.04623981,114.5640464,0.963199619,0.984767716
s__Eubacterium_sp_AF34_35BH,fixed,NA,hd_exposurelow_exposure,-0.004669048,0.10492466,-0.044499057,124.1329341,0.964578108,0.985638765
s__Megasphaera_micronuciformis,fixed,NA,hd_exposurelow_exposure,-0.006495837,0.160343839,-0.040511922,120.1276552,0.967752257,0.98834273
s__Proteus_mirabilis,fixed,NA,hd_exposurehigh_exposure,0.005286221,0.132694624,0.039837491,105.1318419,0.968298241,0.988361127
s__GGB9767_SGB15385,fixed,NA,hd_exposurehigh_exposure,0.002045285,0.052917722,0.038650275,103.7104822,0.969243521,0.988786851
s__GGB4285_SGB5849,fixed,NA,hd_exposurelow_exposure,-0.002938867,0.081793156,-0.035930476,116.2180738,0.971399437,0.990121951
s__GGB9708_SGB15234,fixed,NA,hd_exposurehigh_exposure,0.007035237,0.197245917,0.03566734,113.8842331,0.971610055,0.990121951
s__GGB55957_SGB77276,fixed,NA,hd_exposurelow_exposure,-0.003994209,0.11829718,-0.033764191,113.4908005,0.973124502,0.990586769
s__Vescimonas_SGB15087,fixed,NA,hd_exposurehigh_exposure,0.004830116,0.141435161,0.034150743,109.0349415,0.972819385,0.990586769
s__Enterobacter_hormaechei,fixed,NA,hd_exposurehigh_exposure,0.004404963,0.133926525,0.032890893,92.67475171,0.97383233,0.990768544
s__GGB4266_SGB5809,fixed,NA,hd_exposurelow_exposure,0.004034407,0.125533241,0.032138155,119.8436293,0.974415338,0.990823201
s__Rheinheimera_SGB14999,fixed,NA,hd_exposurehigh_exposure,0.007033502,0.235489274,0.029867611,114.0481105,0.976224841,0.991585948
s__Romboutsia_timonensis,fixed,NA,hd_exposurehigh_exposure,-0.006738594,0.224277634,-0.03004577,104.8974156,0.976087642,0.991585948
s__Blautia_massiliensis,fixed,NA,hd_exposurelow_exposure,-0.007492883,0.260870658,-0.028722597,115.6719388,0.977135331,0.991972527
s__Candidatus_Schneewindia_gallinarum,fixed,NA,hd_exposurehigh_exposure,0.003473945,0.147110705,0.023614497,110.9839679,0.981202514,0.992715465
s__Christensenella_minuta,fixed,NA,hd_exposurelow_exposure,-0.002553147,0.108775127,-0.023471791,116.4135043,0.981314125,0.992715465
s__Collinsella_aerofaciens,fixed,NA,hd_exposurehigh_exposure,-0.007616866,0.332974509,-0.022875222,115.1515093,0.981789398,0.992715465
s__GGB2982_SGB3964,fixed,NA,hd_exposurelow_exposure,-0.003426967,0.136203411,-0.025160658,114.8537385,0.979970481,0.992715465
s__GGB9635_SGB15106,fixed,NA,hd_exposurelow_exposure,0.004200178,0.186896294,0.022473308,114.4724424,0.982109531,0.992715465
s__Mogibacterium_sp_NSJ_24,fixed,NA,hd_exposurehigh_exposure,-0.002369737,0.094726968,-0.0250165,108.5108497,0.980087751,0.992715465
s__Ruminococcus_bromii,fixed,NA,hd_exposurehigh_exposure,0.010146711,0.430369654,0.023576734,112.5214148,0.98123199,0.992715465
s__Streptococcus_parasanguinis,fixed,NA,hd_exposurehigh_exposure,-0.005933068,0.260640172,-0.022763442,115.5283684,0.98187824,0.992715465
s__GGB79734_SGB15291,fixed,NA,hd_exposurehigh_exposure,0.004547778,0.212612343,0.021389998,109.7508541,0.982973392,0.993007374
s__Haemophilus_SGB5071,fixed,NA,hd_exposurelow_exposure,-0.00257507,0.123962533,-0.020772974,127.5194643,0.983459226,0.993007374
s__Ruminococcus_sp_AF13_28,fixed,NA,hd_exposurehigh_exposure,-0.004039778,0.200870832,-0.020111322,111.3625474,0.983990558,0.993008261
s__Eubacterium_callanderi,fixed,NA,hd_exposurehigh_exposure,-0.002073592,0.12006316,-0.017270839,102.5573073,0.986254104,0.993150986
s__GGB3819_SGB5184,fixed,NA,hd_exposurelow_exposure,-0.001192009,0.067527218,-0.017652279,117.2224236,0.98594626,0.993150986
s__Mediterraneibacter_butyricigenes,fixed,NA,hd_exposurelow_exposure,-0.003237447,0.175144448,-0.01848444,115.4179273,0.985284307,0.993150986
s__Phocaeicola_vulgatus,fixed,NA,hd_exposurelow_exposure,0.00659167,0.355827519,0.018524903,118.8547099,0.985251174,0.993150986
s__Prevotella_sp_885,fixed,NA,hd_exposurelow_exposure,0.004123902,0.250482708,0.016463817,115.3340554,0.986892815,0.993259865
s__Parabacteroides_faecis,fixed,NA,hd_exposurehigh_exposure,-0.001795427,0.116865424,-0.015363198,112.2256065,0.987769703,0.993608213
s__Ruthenibacterium_lactatiformans,fixed,NA,hd_exposurelow_exposure,-0.003724104,0.28948263,-0.01286469,118.082028,0.989757456,0.995073017
s__GGB4716_SGB14929,fixed,NA,hd_exposurelow_exposure,-0.000843487,0.096588173,-0.008732819,114.5251442,0.993047501,0.997302363
s__Intestinibacillus_sp_Marseille_P6563,fixed,NA,hd_exposurelow_exposure,-0.000831021,0.102932107,-0.008073484,108.8928973,0.993573134,0.997302363
s__Megasphaera_hominis,fixed,NA,hd_exposurelow_exposure,0.001128169,0.124414998,0.009067787,118.2806781,0.992780328,0.997302363
s__Eubacterium_siraeum,fixed,NA,hd_exposurelow_exposure,-0.001794743,0.284963624,-0.006298148,121.6586041,0.994985154,0.998184463
s__Firmicutes_bacterium_AF16_15,fixed,NA,hd_exposurelow_exposure,0.001326447,0.249866984,0.005308612,115.0678731,0.995773553,0.998285643
s__Mediterraneibacter_massiliensis,fixed,NA,hd_exposurehigh_exposure,0.000592593,0.122627186,0.00483248,116.0065604,0.996152554,0.998285643
s__Prevotella_copri_clade_C,fixed,NA,hd_exposurelow_exposure,0.000712018,0.299148904,0.002380146,117.3028288,0.998104963,0.999707058
s__Actinomyces_sp_ICM47,fixed,NA,hd_exposurehigh_exposure,9.54E-05,0.089410527,0.001067376,110.0593392,0.99915029,0.999876905
s__Streptococcus_gallolyticus,fixed,NA,hd_exposurehigh_exposure,4.90E-05,0.059405759,0.000825276,130.745553,0.999342783,0.999876905
s__GGB36599_SGB9269,fixed,NA,hd_exposurehigh_exposure,-2.65E-13,0.080515569,-3.29E-12,141.8918431,1,1
