"PWY","effect","group","term","estimate","std.error","statistic","df","p.value","padj"
"PWY_001","fixed",NA,"(Intercept)",-6.852993624114,0.0250265674925911,-273.828747236023,133.685012720923,1.10927456892914e-185,2.79417269795124e-184
"PWY_001","fixed",NA,"st131_detectyes",0.00907463153331045,0.0592814353485818,0.153077122373143,252.999831928561,0.878459474354548,0.936755412011944
"PWY_003","fixed",NA,"(Intercept)",-3.35615632118011,0.00942948991607333,-355.921301263526,120.570055274328,4.85740267708224e-184,1.05281378954434e-182
"PWY_003","fixed",NA,"st131_detectyes",-0.00265796640997222,0.019345746164004,-0.137392809118824,232.767731570378,0.890839084524634,0.940179482425175
"PWY_004","fixed",NA,"(Intercept)",-6.04339224779575,0.0708702082667424,-85.2740861865333,131.006627626016,1.19735224716635e-116,3.71977431453013e-116
"PWY_004","fixed",NA,"st131_detectyes",-0.0452479117170475,0.144714951501171,-0.31266922489817,234.792309758507,0.754809509156555,0.87357082539552
"PWY_005","fixed",NA,"(Intercept)",-6.50957864690462,0.0644055138409326,-101.071760144354,130.226970598875,1.33945779051504e-125,5.3122325989788e-125
"PWY_005","fixed",NA,"st131_detectyes",0.306048007042908,0.139772705414846,2.18961210012038,245.008633595826,0.0294959594237515,0.0573908855593661
"PWY_007","fixed",NA,"(Intercept)",-6.1193040419613,0.0721184357564843,-84.850759417797,125.774958283154,6.97537745211753e-113,2.00032362626878e-112
"PWY_007","fixed",NA,"st131_detectyes",-0.0509222573350583,0.147901845551459,-0.344297646491106,234.173709131832,0.730931434624038,0.860136486198994
"PWY_008","fixed",NA,"(Intercept)",-3.70923992797123,0.0236216651504049,-157.027030243363,116.233028190893,3.43277160640591e-137,1.93899584070928e-136
"PWY_008","fixed",NA,"st131_detectyes",-0.025729730686228,0.037735278354908,-0.68184817518065,185.510250244698,0.496185353306517,0.687139300567124
"PWY_009","fixed",NA,"(Intercept)",-3.30303280040531,0.00761094808960271,-433.98440792384,138.403346923072,8.79717726711776e-219,2.73298973765125e-216
"PWY_009","fixed",NA,"st131_detectyes",-0.00470121184062716,0.018366413942314,-0.255967869143804,252.524195407444,0.798184034257586,0.898439033729553
"PWY_010","fixed",NA,"(Intercept)",-4.16938224235255,0.0367157024999577,-113.558558285991,130.180497059009,4.4547013950908e-132,2.17370769645268e-131
"PWY_010","fixed",NA,"st131_detectyes",0.005521530006196,0.0696546006533498,0.0792701408723167,221.321832239189,0.936889382160368,0.956386532501055
"PWY_011","fixed",NA,"(Intercept)",-5.8863261580012,0.0832863664933626,-70.6757468939446,132.705636924875,3.47361292991368e-107,8.5645694462422e-107
"PWY_011","fixed",NA,"st131_detectyes",-0.0919214396780755,0.162790250716995,-0.564661822641196,227.552143259026,0.572860004479148,0.745678106389058
"PWY_012","fixed",NA,"(Intercept)",-3.77042141649827,0.044044335682724,-85.605137597232,123.997243121562,3.71680139104122e-112,1.04339123387061e-111
"PWY_012","fixed",NA,"st131_detectyes",0.0201782611488659,0.0649628715371727,0.310612210812135,182.327541684038,0.756450235164466,0.873620345939631
"PWY_013","fixed",NA,"(Intercept)",-3.51929502930527,0.0172064208251812,-204.533822871219,109.313674537665,4.46162560348496e-143,2.84810620715615e-142
"PWY_013","fixed",NA,"st131_detectyes",-0.0425956570534045,0.038043825543692,-1.1196470503337,245.687151730227,0.263957574018519,0.421969912496157
"PWY_014","fixed",NA,"(Intercept)",-3.5531687262001,0.0205039265244786,-173.292111730802,97.3930603301036,4.28221694214266e-123,1.60282176308312e-122
"PWY_014","fixed",NA,"st131_detectyes",-0.0468544469964216,0.0437278481171354,-1.0715013204151,235.234643588961,0.285042166604935,0.448224886806121
"PWY_015","fixed",NA,"(Intercept)",-3.30475857589837,0.0081661547904211,-404.689680848917,125.866954272643,6.83144856177543e-198,6.3669100595747e-196
"PWY_015","fixed",NA,"st131_detectyes",0.00357144960704474,0.0181144941844635,0.197159775518762,247.806036333331,0.843864122043077,0.912391370932886
"PWY_016","fixed",NA,"(Intercept)",-3.44786796035517,0.0152797180606053,-225.649972511246,125.102322853475,3.56833476772509e-165,4.37590526778919e-164
"PWY_016","fixed",NA,"st131_detectyes",-0.0525139813812508,0.0295996566740195,-1.77414157061301,222.95406642573,0.0774045076734186,0.144861448095635
"PWY_017","fixed",NA,"(Intercept)",-5.54688189810844,0.0908295596512562,-61.0691268283796,128.011682847243,1.53743571831933e-96,3.15614557152778e-96
"PWY_017","fixed",NA,"st131_detectyes",0.107081102238567,0.162050524739424,0.660788370853799,209.917391147794,0.509472560415346,0.701371383023786
"PWY_018","fixed",NA,"(Intercept)",-3.9843330840698,0.0379107132734952,-105.097813784881,125.634062072114,2.65496943851087e-124,1.02249236226948e-123
"PWY_018","fixed",NA,"st131_detectyes",0.108168504766407,0.06815535954002,1.5870872884603,209.819521879627,0.113998706868068,0.206304455924348
"PWY_019","fixed",NA,"(Intercept)",-3.2445050901003,0.0102941537795172,-315.179388184004,119.511865214704,2.29989926419458e-176,4.12212714274875e-175
"PWY_019","fixed",NA,"st131_detectyes",-0.0333883184943939,0.0218831728920664,-1.52575308247455,239.682714379816,0.128389817285025,0.227483603562622
"PWY_020","fixed",NA,"(Intercept)",-3.35278096741728,0.00881045344399322,-380.545790149216,87.3424145193203,2.0675382370242e-142,1.30199029520713e-141
"PWY_020","fixed",NA,"st131_detectyes",-0.0259921445247728,0.0207271151612729,-1.25401650555487,252.881255520981,0.210993971722649,0.354317804766683
"PWY_021","fixed",NA,"(Intercept)",-6.41586238131513,0.085276301092039,-75.2361711185206,131.176888522129,9.07109297019476e-110,2.38148130935817e-109
"PWY_021","fixed",NA,"st131_detectyes",0.0211714048010567,0.17095640536652,0.123840956737868,231.533715385372,0.901548644000495,0.943046937955439
"PWY_022","fixed",NA,"(Intercept)",-6.13143871386279,0.058378306555532,-105.029403482787,133.465778214073,3.53763530245931e-130,1.57003623899623e-129
"PWY_022","fixed",NA,"st131_detectyes",0.11065000356819,0.12018528848009,0.920661796194136,236.851289501936,0.358163783664349,0.537534052133935
"PWY_023","fixed",NA,"(Intercept)",-4.82690799772487,0.0445364236296165,-108.381131764586,125.153638668334,1.36796358434051e-125,5.40229686697184e-125
"PWY_023","fixed",NA,"st131_detectyes",-0.178394848667383,0.101298713732203,-1.76107713607295,250.816431269348,0.0794438731178447,0.148380139771205
"PWY_024","fixed",NA,"(Intercept)",-6.72552948835273,0.0264649846782445,-254.129355075027,112.883221114805,1.5689186946509e-157,1.58938285153765e-156
"PWY_024","fixed",NA,"st131_detectyes",-0.0316118496563434,0.0559111559427839,-0.565394313948599,236.940104990449,0.572340574285628,0.745678106389058
"PWY_025","fixed",NA,"(Intercept)",-3.89876059821731,0.037432927444287,-104.15323792188,122.041415707349,4.40773869727282e-121,1.52148609846603e-120
"PWY_025","fixed",NA,"st131_detectyes",0.0511633584984906,0.05839804879153,0.876114177737926,187.018306687271,0.382091874140367,0.564357570045677
"PWY_026","fixed",NA,"(Intercept)",-3.36245314837351,0.0115622248852969,-290.813678312845,126.036353983764,4.72911880230301e-180,9.37774196541788e-179
"PWY_026","fixed",NA,"st131_detectyes",-0.010993553110369,0.0232579328645241,-0.472679716396365,230.533922122002,0.636888885662704,0.79144058858352
"PWY_027","fixed",NA,"(Intercept)",-3.3551120764728,0.00989126739459383,-339.199411220706,127.69934041272,1.44370391388585e-190,6.40729546543623e-189
"PWY_027","fixed",NA,"st131_detectyes",-0.0138595415973473,0.0211128057792024,-0.656451906122299,241.933852672217,0.512157286130269,0.702175649585772
"PWY_028","fixed",NA,"(Intercept)",-3.95570764273318,0.0273299835624388,-144.738749428658,115.667697128578,1.39926207423463e-132,6.8637487009825e-132
"PWY_028","fixed",NA,"st131_detectyes",-0.0797513656419302,0.0522835474124583,-1.5253625583739,216.117494863689,0.128630750083156,0.227483603562622
"PWY_029","fixed",NA,"(Intercept)",-3.81331675981091,0.0166346998060372,-229.23868806018,122.85604468165,1.46696450783896e-163,1.75283451449475e-162
"PWY_029","fixed",NA,"st131_detectyes",-0.0166963802448283,0.0297241239478471,-0.561711432576555,207.185365627636,0.574919760357393,0.747315504397616
"PWY_030","fixed",NA,"(Intercept)",-3.32781228376565,0.00878354035476084,-378.869129002398,115.125288167553,4.44286725344782e-180,9.00163539176819e-179
"PWY_030","fixed",NA,"st131_detectyes",0.00636208552711601,0.0203132640300024,0.313198583827755,252.066502021216,0.754388788359837,0.87357082539552
"PWY_031","fixed",NA,"(Intercept)",-6.32755089919537,0.0346204959271856,-182.768927184162,126.353351377158,5.24601418983911e-155,4.88928522493005e-154
"PWY_031","fixed",NA,"st131_detectyes",0.0242740347463891,0.077856973365976,0.311777271796659,249.618926295255,0.755470048571662,0.87357082539552
"PWY_032","fixed",NA,"(Intercept)",-4.18691114776329,0.0373828601542564,-112.000824187514,126.820542138906,1.13527328555558e-128,4.85355367953118e-128
"PWY_032","fixed",NA,"st131_detectyes",0.0711504404890258,0.0720449197252331,0.987584423167953,222.707004399133,0.324427949078451,0.500607365134298
"PWY_033","fixed",NA,"(Intercept)",-6.02342061684227,0.0874245007458575,-68.898541775518,129.852915763841,4.08493249973346e-104,9.28574899939411e-104
"PWY_033","fixed",NA,"st131_detectyes",-0.0160144645769671,0.155087068617727,-0.103261121121846,210.056915466549,0.917854247950908,0.950668715297474
"PWY_034","fixed",NA,"(Intercept)",-6.74194348155174,0.0521197844498137,-129.354784420561,120.734084528042,2.4152317785332e-131,1.13272593241229e-130
"PWY_034","fixed",NA,"st131_detectyes",-0.227185915230779,0.120131540134956,-1.89114295026567,251.898908096719,0.0597526430855578,0.114587373159959
"PWY_035","fixed",NA,"(Intercept)",-5.10915902632641,0.0851694848728414,-59.9881405171631,128.666605222944,6.36219148343676e-96,1.30034264529892e-95
"PWY_035","fixed",NA,"st131_detectyes",0.0466566613188332,0.161996736923135,0.288009883439634,221.113000958871,0.773608950998896,0.881937233516385
"PWY_036","fixed",NA,"(Intercept)",-6.80102159224274,0.0222673874458092,-305.425214735853,154.635691757418,5.87554876527056e-217,1.36900286230804e-214
"PWY_036","fixed",NA,"st131_detectyes",0.0827789863918778,0.0516705371515568,1.60205391612392,252.630877863596,0.110393283313643,0.200168365852754
"PWY_037","fixed",NA,"(Intercept)",-3.1277356015496,0.0152212939419515,-205.484212674537,131.78181545212,4.4641656102668e-167,5.77861437328981e-166
"PWY_037","fixed",NA,"st131_detectyes",-0.030405792923759,0.0284407575419414,-1.06909223071572,219.440192327233,0.28620270428773,0.449058788545731
"PWY_038","fixed",NA,"(Intercept)",-5.60732998275308,0.0747206877976866,-75.0438753713759,130.227499459309,4.79478339607135e-109,1.24131614587181e-108
"PWY_038","fixed",NA,"st131_detectyes",0.0813711123891914,0.14133032185494,0.575751270648843,220.820002261015,0.565369593332392,0.743193880092792
"PWY_039","fixed",NA,"(Intercept)",-5.00117386095609,0.0839652837317897,-59.5624005384337,128.602257786805,1.66470917098251e-95,3.37284553772979e-95
"PWY_039","fixed",NA,"st131_detectyes",0.00790957008023633,0.151864756358837,0.0520829866644437,212.455225292978,0.958511506361827,0.972757388536021
"PWY_040","fixed",NA,"(Intercept)",-3.96057850300525,0.0393332668702288,-100.692843949939,126.524812279609,1.17918881919996e-122,4.34388924701328e-122
"PWY_040","fixed",NA,"st131_detectyes",0.132529496489499,0.0736389123770102,1.79972099276787,217.296496164448,0.0732918812109777,0.139404149568635
"PWY_041","fixed",NA,"(Intercept)",-6.22745301955204,0.0706545645863788,-88.1394295755465,132.121219401221,2.98461230121154e-119,9.86403781818851e-119
"PWY_041","fixed",NA,"st131_detectyes",-0.0987527965001463,0.130304970715735,-0.757859013034731,217.441869029535,0.449355938866665,0.635507943890337
"PWY_042","fixed",NA,"(Intercept)",-4.1146110541357,0.040703255147316,-101.088009773268,112.597800960551,2.41945689791776e-112,6.81248890894065e-112
"PWY_042","fixed",NA,"st131_detectyes",-0.0107217960937602,0.0673630316616621,-0.159164393722829,187.738006464282,0.873710452529487,0.933828144217295
"PWY_043","fixed",NA,"(Intercept)",-4.8777475170995,0.0656381455903462,-74.3126953576961,131.533026184268,2.68695797970199e-109,6.99509731028561e-109
"PWY_043","fixed",NA,"st131_detectyes",0.0181107032353019,0.122319420049754,0.148060734983335,218.881299647737,0.882431142936339,0.937771750532118
"PWY_044","fixed",NA,"(Intercept)",-4.343582135716,0.0412623269388353,-105.267503264047,123.13605945455,1.76315280287137e-122,6.41897817295357e-122
"PWY_044","fixed",NA,"st131_detectyes",0.0585065769464428,0.0770746803649487,0.759089452845137,215.199853780973,0.448629692129802,0.635445095843428
"PWY_045","fixed",NA,"(Intercept)",-4.52140999937014,0.0427447832015213,-105.776884586216,124.570795473483,7.76408202738334e-124,2.94151400387043e-123
"PWY_045","fixed",NA,"st131_detectyes",0.046455376587702,0.0764179022186803,0.607912220028804,208.277768131625,0.543907987149088,0.726249633270702
"PWY_046","fixed",NA,"(Intercept)",-4.45826782928011,0.0388059354969626,-114.886235112901,128.706511159412,1.4686333697667e-131,6.9835015337886e-131
"PWY_046","fixed",NA,"st131_detectyes",-0.0580470316840636,0.0846375245143927,-0.685830924487785,245.594386925837,0.493466628777125,0.684391217292083
"PWY_047","fixed",NA,"(Intercept)",-4.73954506828758,0.0636184308019899,-74.4995594600445,132.789640748747,3.36764024546571e-110,8.94199632129356e-110
"PWY_047","fixed",NA,"st131_detectyes",0.0128564846001061,0.111557965820169,0.115244881937258,209.970668483395,0.908361160322029,0.943804460892008
"PWY_048","fixed",NA,"(Intercept)",-5.46957855684876,0.0846709501181394,-64.5980533963205,128.047644157509,1.38398353992686e-99,2.90511860182845e-99
"PWY_048","fixed",NA,"st131_detectyes",0.150710998627363,0.164863090018208,0.914158521538801,225.105470418447,0.361611681070125,0.541836152343017
"PWY_049","fixed",NA,"(Intercept)",-4.22381681923644,0.0287925323375535,-146.698344199736,113.529828548448,2.81253753729861e-131,1.31064249238115e-130
"PWY_049","fixed",NA,"st131_detectyes",-0.0519458633214571,0.0525024408546703,-0.989399016042819,205.215755332175,0.323633082705095,0.500209010084823
"PWY_050","fixed",NA,"(Intercept)",-4.02143058234897,0.0282307356000229,-142.448664438829,117.539495043581,1.75388621491265e-133,8.64879339840523e-133
"PWY_050","fixed",NA,"st131_detectyes",0.0312478559063327,0.0486571738001674,0.642204498655556,197.771549315161,0.521484125498908,0.708977963708875
"PWY_051","fixed",NA,"(Intercept)",-4.99884602028866,0.0690854856204283,-72.3573985967686,131.626349168594,7.25752322567326e-108,1.82811125576418e-107
"PWY_051","fixed",NA,"st131_detectyes",0.0302356867850905,0.122237090495266,0.24735280153172,210.654744955226,0.80487611065609,0.901098677649396
"PWY_052","fixed",NA,"(Intercept)",-4.73954506828758,0.0636184308019899,-74.4995594600445,132.789640748747,3.36764024546571e-110,8.94199632129356e-110
"PWY_052","fixed",NA,"st131_detectyes",0.0128564846001061,0.111557965820169,0.115244881937258,209.970668483395,0.908361160322029,0.943804460892008
"PWY_053","fixed",NA,"(Intercept)",-3.70171208995324,0.0242338197039304,-152.749840313158,119.524906816829,6.99343983167599e-139,4.07329590672754e-138
"PWY_053","fixed",NA,"st131_detectyes",-0.0199542912400039,0.0421348730121621,-0.473581378404633,200.537442246776,0.636313601999001,0.79144058858352
"PWY_054","fixed",NA,"(Intercept)",-3.77009407650944,0.0349200399071901,-107.963624512731,130.764206547558,1.06919399878115e-129,4.70041890030205e-129
"PWY_054","fixed",NA,"st131_detectyes",-0.0518230097631159,0.0788219233822831,-0.657469489951119,250.244731251721,0.511483356479068,0.702175649585772
"PWY_055","fixed",NA,"(Intercept)",-4.06692897865387,0.022966953661232,-177.077423442483,122.828027163966,8.46570191243001e-150,6.74361895930322e-149
"PWY_055","fixed",NA,"st131_detectyes",-0.112222108669326,0.0472091773519045,-2.37712485080613,233.802094709868,0.0182539332730646,0.036043783496814
"PWY_056","fixed",NA,"(Intercept)",-4.80224714939342,0.0661785062365746,-72.5650580904074,123.208244877256,5.98326748077177e-103,1.318299123423e-102
"PWY_056","fixed",NA,"st131_detectyes",-0.142929778237709,0.116359744707159,-1.22834386236768,204.720236373026,0.220728180103292,0.367627605708885
"PWY_057","fixed",NA,"(Intercept)",-3.56976818031232,0.0162411105949649,-219.79828038478,105.165038774833,7.19109248322416e-142,4.46806546290994e-141
"PWY_057","fixed",NA,"st131_detectyes",-0.053231313585659,0.034723586385889,-1.53300160283245,237.830453659382,0.126604583301505,0.22518219778054
"PWY_058","fixed",NA,"(Intercept)",-4.24236762827022,0.0459813642239545,-92.2627612266475,124.127812943934,3.20834119759537e-116,9.77181044496368e-116
"PWY_058","fixed",NA,"st131_detectyes",0.0158885355644458,0.0749747205930758,0.211918569869444,194.184321946244,0.832392827900236,0.907261733935292
"PWY_059","fixed",NA,"(Intercept)",-3.44288340774767,0.0142182590801487,-242.145215412101,106.673139583863,4.98677099687814e-148,3.54784012907666e-147
"PWY_059","fixed",NA,"st131_detectyes",-0.0612303936552603,0.031784171849877,-1.92644294601928,247.393375821351,0.0551947195315971,0.106064904337007
"PWY_060","fixed",NA,"(Intercept)",-5.97109843323233,0.0855136037570159,-69.826298634297,130.893205261067,1.86554706212284e-105,4.34672465474621e-105
"PWY_060","fixed",NA,"st131_detectyes",0.0618016044167721,0.154515032392654,0.399971468534672,213.519273462792,0.689577376430071,0.8357426720843
"PWY_061","fixed",NA,"(Intercept)",-3.98675890945248,0.0300429079853353,-132.702164231189,122.144323202441,6.73166675022021e-134,3.39130454659743e-133
"PWY_061","fixed",NA,"st131_detectyes",0.00982428202335508,0.0471657097958044,0.208292890447055,187.86494617231,0.835225931026266,0.907261733935292
"PWY_062","fixed",NA,"(Intercept)",-5.6409724467069,0.087108567451776,-64.7579521937356,127.929107568889,1.18442594282228e-99,2.49747732739902e-99
"PWY_062","fixed",NA,"st131_detectyes",0.23653913215049,0.160016011607099,1.47822164653925,214.691254407092,0.140814044670977,0.246689266228102
"PWY_063","fixed",NA,"(Intercept)",-3.64230466991162,0.0243723515591487,-149.444121592953,122.164658264353,3.50804905129177e-140,2.08248516930187e-139
"PWY_063","fixed",NA,"st131_detectyes",-0.0382298877888285,0.0392811740937663,-0.973236891992375,191.21726825916,0.331665117268417,0.507572888824573
"PWY_064","fixed",NA,"(Intercept)",-4.88331260757499,0.0745838106080719,-65.4741634647251,128.21692816003,2.08510260735597e-100,4.4367936759264e-100
"PWY_064","fixed",NA,"st131_detectyes",0.0500084726424641,0.130913991254996,0.381994866729385,207.474244502134,0.702856144142167,0.84178799328025
"PWY_065","fixed",NA,"(Intercept)",-5.0071303170511,0.0516935743228867,-96.8617547274971,130.255556219048,3.02886044072213e-123,1.13826529465848e-122
"PWY_065","fixed",NA,"st131_detectyes",0.0978429041806537,0.0983286677743359,0.99505979685602,221.8155310662,0.320791424433521,0.496640544139604
"PWY_066","fixed",NA,"(Intercept)",-5.53113799950201,0.0799844947220659,-69.1526278777141,130.731508593021,7.95918797687619e-105,1.8225953794714e-104
"PWY_066","fixed",NA,"st131_detectyes",0.054880359414504,0.149982234936103,0.365912399144369,219.557666333161,0.714782757398028,0.846477166321426
"PWY_067","fixed",NA,"(Intercept)",-5.07853743230264,0.070561391877832,-71.9733170952109,127.983706812982,2.12563362499612e-105,4.94037540772166e-105
"PWY_067","fixed",NA,"st131_detectyes",0.029981997636748,0.120108056773079,0.249625199526733,202.756741943918,0.803129924822715,0.901098677649396
"PWY_068","fixed",NA,"(Intercept)",-4.79102690082777,0.0547222718741985,-87.5516811846171,129.500573395677,4.2001689959428e-117,1.32696864549786e-116
"PWY_068","fixed",NA,"st131_detectyes",0.0641403292582853,0.101644564514128,0.63102566836587,217.362734665098,0.528686704590399,0.713848769122372
"PWY_069","fixed",NA,"(Intercept)",-4.61725456255913,0.0477563453898389,-96.6835825662143,129.769721832807,8.57524585690302e-123,3.1714798169181e-122
"PWY_069","fixed",NA,"st131_detectyes",-0.0083048944502295,0.0871244617644683,-0.0953221894521529,214.487919220145,0.924147914226944,0.950668715297474
"PWY_070","fixed",NA,"(Intercept)",-5.01998679703979,0.078303884681388,-64.1090390019052,127.66690289601,5.76789624218428e-99,1.20261281828093e-98
"PWY_070","fixed",NA,"st131_detectyes",0.133700320709215,0.154135273090449,0.867421960129512,226.984194482647,0.386626940662428,0.566566523109092
"PWY_071","fixed",NA,"(Intercept)",-3.77101718109856,0.0351186743262079,-107.379257715442,133.742650789595,1.17854652860673e-131,5.63284802390499e-131
"PWY_071","fixed",NA,"st131_detectyes",0.0532939803132273,0.0612858066751357,0.869597435434413,209.81021317026,0.385514178303021,0.565825534139237
"PWY_072","fixed",NA,"(Intercept)",-3.32616402737907,0.00982422699807874,-338.567505415902,128.655375929668,1.14141149218677e-191,5.31897755359037e-190
"PWY_072","fixed",NA,"st131_detectyes",-0.000184182346757339,0.0193563454441504,-0.00951534716554666,227.519595872399,0.992416304042794,0.994550532653639
"PWY_073","fixed",NA,"(Intercept)",-4.97281166562284,0.0717833858027119,-69.2752453790633,129.648201595252,2.69467333735878e-104,6.14042921862684e-104
"PWY_073","fixed",NA,"st131_detectyes",0.0335932982935038,0.129182618431423,0.26004503315852,212.208231793475,0.795081169692988,0.898200788065291
"PWY_074","fixed",NA,"(Intercept)",-3.65878450831215,0.0171803090309805,-212.963835616368,122.163290561739,6.71530483535981e-159,7.03220686129814e-158
"PWY_074","fixed",NA,"st131_detectyes",-0.0240010598423682,0.0392501482005275,-0.611489661637649,251.15854264663,0.541428540099558,0.725016378409179
"PWY_075","fixed",NA,"(Intercept)",-3.24237984412065,0.0103587372396784,-313.009179507029,119.588876718919,4.20974485839927e-176,7.40279661892097e-175
"PWY_075","fixed",NA,"st131_detectyes",-0.0335458768138329,0.0219376716500878,-1.52914481303664,238.956152498467,0.127551209428838,0.226433766071766
"PWY_076","fixed",NA,"(Intercept)",-5.78790708884578,0.0844786132305178,-68.5132824452534,129.040309165457,2.43794137382945e-103,5.40990800097393e-103
"PWY_076","fixed",NA,"st131_detectyes",0.0934959643880555,0.161073328163304,0.580455904488823,221.709152703621,0.562196712534496,0.74111362953628
"PWY_077","fixed",NA,"(Intercept)",-5.44443574070666,0.089800344635734,-60.6282276843308,126.984501021311,1.31750282532964e-95,2.68103195023412e-95
"PWY_077","fixed",NA,"st131_detectyes",-0.0301640953850241,0.169262155451955,-0.178209330399235,218.724950083928,0.858723527234664,0.924834984169645
"PWY_078","fixed",NA,"(Intercept)",-4.96354735703715,0.0475703271768428,-104.341249085489,136.139909630943,8.65573856996128e-132,4.1583238903113e-131
"PWY_078","fixed",NA,"st131_detectyes",-0.0176151132412821,0.107797324984339,-0.163409558111404,250.835219166799,0.870327558896727,0.931467091565086
"PWY_079","fixed",NA,"(Intercept)",-5.7033446243934,0.0949789752434153,-60.0484960990227,131.102488836965,3.01450731152081e-97,6.20203270273156e-97
"PWY_079","fixed",NA,"st131_detectyes",0.178386761852718,0.197312916746888,0.904080507215609,237.87361308784,0.366867395290625,0.547431454572546
"PWY_080","fixed",NA,"(Intercept)",-5.98721883554925,0.058588511596677,-102.191004215387,131.644766520437,2.89414420035325e-127,1.21501909672488e-126
"PWY_080","fixed",NA,"st131_detectyes",0.140778435107168,0.116406559117428,1.20936858003985,230.077335284729,0.227762503353226,0.375707350664082
"PWY_081","fixed",NA,"(Intercept)",-4.71066079143799,0.0684050122867589,-68.8642635087989,129.597586126953,6.1092152719619e-104,1.38535003247409e-103
"PWY_081","fixed",NA,"st131_detectyes",0.0281350160022679,0.124364131208791,0.226230953642357,213.831449722562,0.821237899209763,0.905571720481764
"PWY_082","fixed",NA,"(Intercept)",-5.0335824801004,0.0561230305163084,-89.6883584830247,133.77459728575,2.30812229191263e-121,8.05681638974745e-121
"PWY_082","fixed",NA,"st131_detectyes",-0.225900360486756,0.123729097395183,-1.82576584847494,247.618141362912,0.0690898941823513,0.13195037167613
"PWY_084","fixed",NA,"(Intercept)",-5.53945631441076,0.0800939577959742,-69.1619750958192,133.757737757103,1.4194870792842e-106,3.42736258521469e-106
"PWY_084","fixed",NA,"st131_detectyes",0.107463912491499,0.158429842542537,0.678305998206401,229.995404914336,0.498259577887541,0.687967298653612
"PWY_085","fixed",NA,"(Intercept)",-4.75271604707187,0.0695635632432167,-68.3219177610963,129.591571463461,1.66963688217725e-103,3.73920178961196e-103
"PWY_085","fixed",NA,"st131_detectyes",0.029240484395275,0.126086734126535,0.231907699075865,213.332747614794,0.81683200659488,0.905216920507048
"PWY_086","fixed",NA,"(Intercept)",-5.57601303001705,0.0754220877438297,-73.9307701075037,132.279218047672,1.84709403349555e-109,4.82210543198278e-109
"PWY_086","fixed",NA,"st131_detectyes",0.0770189776985053,0.144643581148291,0.53247421757032,224.087048991264,0.594925175893537,0.762682618889652
"PWY_088","fixed",NA,"(Intercept)",-4.04213210170424,0.0406964403064861,-99.3239721032805,127.131947227377,2.33257041969634e-122,8.23468042104921e-122
"PWY_088","fixed",NA,"st131_detectyes",-0.0245581879233597,0.0646801876220604,-0.379686405161009,193.077506673667,0.704595503729217,0.84178799328025
"PWY_089","fixed",NA,"(Intercept)",-3.27158803574263,0.0091917100798028,-355.928114283258,126.954532753354,2.80990856523093e-192,1.54049104870308e-190
"PWY_089","fixed",NA,"st131_detectyes",-0.0089292360366275,0.0187891760669169,-0.475232974816265,233.880258620437,0.635064437960909,0.79144058858352
"PWY_090","fixed",NA,"(Intercept)",-3.51136353836359,0.015239150360647,-230.417277555789,111.275691274817,6.2291659390787e-151,5.04833274367074e-150
"PWY_090","fixed",NA,"st131_detectyes",0.0157934327939561,0.030264188277539,0.521852185464939,222.283649607792,0.602292858150603,0.767404415791136
"PWY_091","fixed",NA,"(Intercept)",-3.64273659262193,0.0147444947473242,-247.057403800357,113.965680630693,2.1420313285006e-157,2.14663784748662e-156
"PWY_091","fixed",NA,"st131_detectyes",-0.0398179607617324,0.0333561616015037,-1.19372130514973,249.71702351089,0.233719781036288,0.382441288334054
"PWY_092","fixed",NA,"(Intercept)",-5.8863261580012,0.0832863664933626,-70.6757468939446,132.705636924875,3.47361292991368e-107,8.5645694462422e-107
"PWY_092","fixed",NA,"st131_detectyes",-0.0919214396780755,0.162790250716995,-0.564661822641196,227.552143259026,0.572860004479148,0.745678106389058
"PWY_093","fixed",NA,"(Intercept)",-4.90840940752555,0.0715963020358439,-68.5567448032192,130.924602015221,1.85481373799966e-104,4.23697647994039e-104
"PWY_093","fixed",NA,"st131_detectyes",0.0505644040810015,0.131248183310529,0.38525793504789,215.866567674423,0.700425667951911,0.84178799328025
"PWY_095","fixed",NA,"(Intercept)",-4.87474626388504,0.0677222660148315,-71.9814405326816,128.551047922285,9.59339710388964e-106,2.24086368441733e-105
"PWY_095","fixed",NA,"st131_detectyes",0.0515299086133034,0.122679867123996,0.42003557569247,212.686154359829,0.67488348362045,0.826532728954348
"PWY_096","fixed",NA,"(Intercept)",-5.11860120567974,0.0637089455476586,-80.3435241578544,123.372262150219,2.15439988661698e-108,5.50109779267677e-108
"PWY_096","fixed",NA,"st131_detectyes",-0.0178017281575467,0.130675767843967,-0.136228226941072,233.531488714475,0.891758221527741,0.940179482425175
"PWY_097","fixed",NA,"(Intercept)",-5.48150751072452,0.0904447133562912,-60.6061682027901,125.597784135094,7.50518356554513e-95,1.51731693776314e-94
"PWY_097","fixed",NA,"st131_detectyes",0.0642398767421202,0.158464461023663,0.4053898036641,205.619434199501,0.685612486716137,0.832019319816978
"PWY_098","fixed",NA,"(Intercept)",-5.15475614673334,0.0573690972274999,-89.8524884624193,127.168118669141,6.2925869525497e-117,1.96801712744172e-116
"PWY_098","fixed",NA,"st131_detectyes",-0.145193699324766,0.121260136500091,-1.19737370842113,240.118372846453,0.232341628245509,0.381305520171417
"PWY_099","fixed",NA,"(Intercept)",-6.49138325461747,0.0603020318714747,-107.647836286063,131.704406803525,2.99790300174954e-130,1.33686392231128e-129
"PWY_099","fixed",NA,"st131_detectyes",0.0836640500919171,0.129810896124239,0.644507145315786,243.940791189024,0.519852217029626,0.708336646595923
"PWY_100","fixed",NA,"(Intercept)",-4.81551681833608,0.0701240758366054,-68.6713765691061,126.471112178528,5.62914766418993e-102,1.23443897012353e-101
"PWY_100","fixed",NA,"st131_detectyes",0.0603287286248,0.119240399219192,0.505942021494757,201.636306957454,0.61345003028841,0.773660931297426
"PWY_101","fixed",NA,"(Intercept)",-6.3140090945326,0.0559946610415728,-112.760912863546,129.061189950798,8.3502797244969e-131,3.81493171727015e-130
"PWY_101","fixed",NA,"st131_detectyes",0.0630094047854025,0.0952141220326215,0.661765328926887,203.291979309467,0.508871034244387,0.701371383023786
"PWY_102","fixed",NA,"(Intercept)",-6.77599166399496,0.0312946673938299,-216.522245746281,124.023370845046,8.88204745067805e-162,1.00952051512585e-160
"PWY_102","fixed",NA,"st131_detectyes",-0.0304833983058004,0.0638975447078482,-0.477066817593326,232.819366965482,0.633762038859407,0.79144058858352
"PWY_103","fixed",NA,"(Intercept)",-4.49371567064909,0.0464175668788126,-96.810668305414,132.874925172903,4.29523483200752e-125,1.68909656684853e-124
"PWY_103","fixed",NA,"st131_detectyes",0.0758876739481692,0.106110514956813,0.715175814376693,251.493351217497,0.475163801320174,0.66645363154499
"PWY_104","fixed",NA,"(Intercept)",-5.24574693764503,0.0484257326553762,-108.325608101309,125.518453158017,7.6025121843272e-126,3.04100487373088e-125
"PWY_104","fixed",NA,"st131_detectyes",0.173727647236769,0.114054256435646,1.52320178716691,252.956571819658,0.128957380070363,0.22762931482117
"PWY_105","fixed",NA,"(Intercept)",-6.14040758464223,0.106550239078623,-57.6292239017059,128.317599602119,1.38810819250053e-93,2.78818283493641e-93
"PWY_105","fixed",NA,"st131_detectyes",0.171849268732589,0.196700232635631,0.87366072947623,215.730978403307,0.383274518824005,0.565208625860716
"PWY_106","fixed",NA,"(Intercept)",-5.54016126062546,0.0690641704569606,-80.2175892936841,132.807945799364,2.2035189966695e-114,6.47848487348889e-114
"PWY_106","fixed",NA,"st131_detectyes",0.0734519770668219,0.14658381749485,0.501091991750061,241.843883223436,0.616762155831673,0.775738635944831
"PWY_109","fixed",NA,"(Intercept)",-4.67098142642022,0.0594426642758253,-78.5796108456037,130.18698306149,1.43998926893474e-111,3.95890855058164e-111
"PWY_109","fixed",NA,"st131_detectyes",0.0735992342677847,0.112241028466218,0.655724874170557,220.505797491258,0.512684734614739,0.702175649585772
"PWY_110","fixed",NA,"(Intercept)",-3.85468194255758,0.0241810546396495,-159.409173834672,97.5143686496293,1.07323568000231e-119,3.55962866107529e-119
"PWY_110","fixed",NA,"st131_detectyes",0.0280341044201974,0.0521624814386228,0.537438090501578,238.250554372722,0.591466640673079,0.759310698906084
"PWY_111","fixed",NA,"(Intercept)",-4.64005475078595,0.0420574221695865,-110.326656067413,134.271375200349,1.28745658228237e-133,6.38249752493173e-133
"PWY_111","fixed",NA,"st131_detectyes",0.0284832854807878,0.0859765558545952,0.331291306073706,235.839865433199,0.74071863869749,0.86401723562711
"PWY_112","fixed",NA,"(Intercept)",-4.22603054712949,0.0431861738968483,-97.8560998995538,124.613165066622,1.04750582774808e-119,3.48669796950434e-119
"PWY_112","fixed",NA,"st131_detectyes",0.0179287483377423,0.0759801398421742,0.235966245587121,205.682032091467,0.813693662989617,0.904967176499192
"PWY_113","fixed",NA,"(Intercept)",-4.47811706956903,0.0503313773535308,-88.9726708274732,129.336997412673,6.99017338073608e-118,2.25427044665952e-117
"PWY_113","fixed",NA,"st131_detectyes",0.116228222849833,0.094463597830288,1.23040224509178,219.068434945933,0.219866056251642,0.3672314774669
"PWY_114","fixed",NA,"(Intercept)",-6.54766646564031,0.02288265595718,-286.14101780374,109.70722536207,1.81511508059723e-159,1.96707820362397e-158
"PWY_114","fixed",NA,"st131_detectyes",0.0750750485658366,0.0579635368984802,1.29521165517084,242.389806307288,0.196479464319998,0.332339130210959
"PWY_115","fixed",NA,"(Intercept)",-6.44845692334856,0.0348549803407997,-185.008192811984,119.73139992213,5.38665608569286e-149,4.04868021924657e-148
"PWY_115","fixed",NA,"st131_detectyes",0.0781557169069418,0.08267613758631,0.945323755906605,252.994936596601,0.345395562547954,0.521732032892534
"PWY_116","fixed",NA,"(Intercept)",-3.38706366385749,0.0120228584907944,-281.718666692357,123.917070280782,8.43753399009559e-176,1.45625586643872e-174
"PWY_116","fixed",NA,"st131_detectyes",-0.0206285618014068,0.0221368406392784,-0.931865668527448,212.994856168927,0.352461013390186,0.530684433731265
"PWY_117","fixed",NA,"(Intercept)",-3.38301596290264,0.0104374737333962,-324.122105531935,126.674419672122,8.96884655873124e-187,2.53301969476895e-185
"PWY_117","fixed",NA,"st131_detectyes",-0.0195565733126682,0.0200043999261654,-0.977613594251761,221.622404932294,0.329331393093301,0.506068330943983
"PWY_118","fixed",NA,"(Intercept)",-3.74595837652045,0.028532451113903,-131.287647232493,124.05280969522,5.62189888005934e-135,2.9108943090085e-134
"PWY_118","fixed",NA,"st131_detectyes",0.046052542732877,0.0376573497816568,1.22293637231236,172.576930876275,0.223021109133092,0.370509222303105
"PWY_119","fixed",NA,"(Intercept)",-3.23536733059071,0.00984915118501663,-328.491995890227,124.977560631553,2.19197849835929e-185,5.2382665653099e-184
"PWY_119","fixed",NA,"st131_detectyes",-0.0133998917122201,0.0191432255737485,-0.699980871070948,223.537110598916,0.484667079947153,0.678242820586707
"PWY_120","fixed",NA,"(Intercept)",-3.6437457510967,0.0145458322473712,-250.50101562633,99.1480286085052,9.89992586776e-141,5.95272961854988e-140
"PWY_120","fixed",NA,"st131_detectyes",-0.0434215271219574,0.0321153880613295,-1.35204740602969,244.101469694034,0.177611509985845,0.303731976709739
"PWY_122","fixed",NA,"(Intercept)",-5.31274802351826,0.0665922495867819,-79.7802755798897,127.020404915948,2.21943881662586e-110,5.96114402621123e-110
"PWY_122","fixed",NA,"st131_detectyes",-0.209609509709789,0.132341304464639,-1.58385555105205,228.552522234002,0.114609299106885,0.207007493735691
"PWY_123","fixed",NA,"(Intercept)",-4.36617686494166,0.0401934539085301,-108.629053747855,130.121511794407,1.50379207270115e-129,6.51876377561613e-129
"PWY_123","fixed",NA,"st131_detectyes",0.0100736675057314,0.0755666624014232,0.133308355637282,219.728438283453,0.894071528431484,0.94155329321824
"PWY_124","fixed",NA,"(Intercept)",-4.18112211991981,0.0368395783658781,-113.495384729823,128.360059599642,1.30194215195917e-130,5.91907358841926e-130
"PWY_124","fixed",NA,"st131_detectyes",0.0833581983121583,0.0647915778598663,1.2865591650268,207.864977476777,0.199679013957972,0.337139204726142
"PWY_125","fixed",NA,"(Intercept)",-4.88999530212439,0.0425279704921179,-114.983039292475,124.191797227339,5.30451847331864e-128,2.24718691687863e-127
"PWY_125","fixed",NA,"st131_detectyes",0.0638683170688327,0.0917075679797422,0.696434530713331,243.145373804498,0.486821968282051,0.680236993161726
"PWY_126","fixed",NA,"(Intercept)",-6.79886933364089,0.0535805219488367,-126.890688749412,137.803982557694,1.30836334786815e-144,8.64818893768169e-144
"PWY_126","fixed",NA,"st131_detectyes",-0.0282321708050608,0.127491190919655,-0.221444090383097,252.969719333582,0.824925311898087,0.905571720481764
"PWY_127","fixed",NA,"(Intercept)",-6.06955461065116,0.0629740585455557,-96.3818237355693,133.194283301875,4.55017417812481e-125,1.77437754561185e-124
"PWY_127","fixed",NA,"st131_detectyes",0.120673608936791,0.127474864461791,0.946646301184824,233.848404215205,0.344796194264122,0.521672164048963
"PWY_128","fixed",NA,"(Intercept)",-4.97994132731939,0.0783330733637255,-63.573930058839,128.742345105007,4.19937000407957e-99,8.77536512063264e-99
"PWY_128","fixed",NA,"st131_detectyes",0.053970487606386,0.149462021073021,0.361098339356847,221.706860099497,0.718369783901288,0.849645480451778
"PWY_130","fixed",NA,"(Intercept)",-3.18034225487343,0.0111262429476494,-285.841525287324,123.209320644462,9.80841235626672e-176,1.63240005643582e-174
"PWY_130","fixed",NA,"st131_detectyes",-0.0328801733610605,0.0241909378009399,-1.35919382835101,244.418497314827,0.175337940548876,0.300395148146236
"PWY_131","fixed",NA,"(Intercept)",-3.67951723077498,0.0187357743390999,-196.389920383283,121.349147380453,9.05529496730495e-154,7.96182538634737e-153
"PWY_131","fixed",NA,"st131_detectyes",-0.0204891728087382,0.0389379707636096,-0.526200323409941,235.604796071512,0.599244001765632,0.766111673039189
"PWY_133","fixed",NA,"(Intercept)",-6.16486320662076,0.0219266086935691,-281.1589923812,133.801437996158,2.38551634018441e-187,6.9478163407871e-186
"PWY_133","fixed",NA,"st131_detectyes",0.00537831125547479,0.0431999273809764,0.124498155009473,229.321620544356,0.901029922608342,0.943046937955439
"PWY_134","fixed",NA,"(Intercept)",-5.85821034844756,0.016915573343094,-346.320531360485,127.863824320685,6.30041812283898e-192,3.09052088972944e-190
"PWY_134","fixed",NA,"st131_detectyes",-0.0289519204834701,0.0352933714757884,-0.820321756546592,237.919517569761,0.412853803510927,0.594713670590701
"PWY_135","fixed",NA,"(Intercept)",-4.94350898887485,0.0591475040404197,-83.5793338886557,127.06677910071,6.26466988389362e-113,1.80205936166323e-112
"PWY_135","fixed",NA,"st131_detectyes",0.335851589267319,0.126896011370802,2.64666781594836,242.706038956857,0.00866069875814678,0.0171739813672187
"PWY_136","fixed",NA,"(Intercept)",-6.26341357949177,0.0137807105700225,-454.505850599366,96.4988821643232,1.5898965875245e-162,1.85222952446604e-161
"PWY_136","fixed",NA,"st131_detectyes",0.00525214665333963,0.0363565331740938,0.144462251892656,219.169383257304,0.885268214100976,0.93971523410263
"PWY_137","fixed",NA,"(Intercept)",-4.34906550025387,0.0403422560209131,-107.804221409912,127.506081381202,4.06551665281977e-127,1.68402734241246e-126
"PWY_137","fixed",NA,"st131_detectyes",0.0117542560760089,0.0827284540868268,0.142082385144927,234.631076003555,0.887136857309765,0.939756685362646
"PWY_138","fixed",NA,"(Intercept)",-3.86233856325311,0.0294583289417207,-131.111936827586,134.500406624208,8.79356423649134e-144,5.77155061155629e-143
"PWY_138","fixed",NA,"st131_detectyes",-0.0242220665347023,0.0609518763556076,-0.397396568948675,237.94553593226,0.691431293862451,0.836901254389356
"PWY_139","fixed",NA,"(Intercept)",-3.39516224069163,0.0139922437251873,-242.646019278526,119.716304201707,4.82867827930307e-163,5.69661791938033e-162
"PWY_139","fixed",NA,"st131_detectyes",-0.0289864996724503,0.0345809188011428,-0.838222368790628,249.518064780994,0.402708061998026,0.583107401886891
"PWY_140","fixed",NA,"(Intercept)",-3.50961405344409,0.0123158731524723,-284.96672627223,131.626555579477,1.44658155501297e-185,3.5479316033476e-184
"PWY_140","fixed",NA,"st131_detectyes",-0.00315903529599165,0.0264270637578563,-0.119537884531441,243.421726864487,0.90494782358138,0.943413167313027
"PWY_141","fixed",NA,"(Intercept)",-7.06375257545974,0.0334414369036597,-211.227543714987,129.897343888597,1.14692046356304e-166,1.46428749594623e-165
"PWY_141","fixed",NA,"st131_detectyes",0.0217806454763208,0.0757910729669588,0.287377452563788,250.626232687171,0.774060790790132,0.881937233516385
"PWY_142","fixed",NA,"(Intercept)",-6.08643328993599,0.0544400389527696,-111.800678453158,134.336538115738,1.96637294149392e-134,1.00695581399579e-133
"PWY_142","fixed",NA,"st131_detectyes",0.200479567014364,0.119481581000846,1.67791190353385,247.070877709165,0.0946287476124946,0.173269141011483
"PWY_143","fixed",NA,"(Intercept)",-3.26000887486615,0.008051476908947,-404.895761576805,127.039428259724,1.71432767977387e-199,1.77528155283249e-197
"PWY_143","fixed",NA,"st131_detectyes",-0.0112016313557945,0.0178334286462405,-0.628125503962242,247.692304249919,0.530500439603987,0.714489031374156
"PWY_145","fixed",NA,"(Intercept)",-4.14212510994842,0.041054295770093,-100.89382931191,124.275844392878,4.34387534669815e-121,1.50501554762925e-120
"PWY_145","fixed",NA,"st131_detectyes",0.0410148671942787,0.0650729350068854,0.6302907220942,190.65238706162,0.529259119596093,0.713848769122372
"PWY_148","fixed",NA,"(Intercept)",-4.07186394455203,0.0458842239487746,-88.7421338780381,128.32717437155,4.7781080537292e-117,1.50445834664717e-116
"PWY_148","fixed",NA,"st131_detectyes",0.0653998436948529,0.0723155831114116,0.904367231528728,192.936180853679,0.366928560409985,0.547431454572546
"PWY_149","fixed",NA,"(Intercept)",-6.29216821105457,0.0380251108778059,-165.474026657661,125.763471358089,5.19519124502052e-149,3.93651889460092e-148
"PWY_149","fixed",NA,"st131_detectyes",-0.129374166278746,0.0831813977591007,-1.55532570699789,245.722911061777,0.121155515209835,0.216315977347828
"PWY_150","fixed",NA,"(Intercept)",-4.81889336425333,0.0460134902795,-104.727838183583,110.711048524179,1.42436020242406e-112,4.03496567981527e-112
"PWY_150","fixed",NA,"st131_detectyes",0.0260987142664683,0.0973202388830304,0.268173553271241,236.663274138854,0.788799327588724,0.893269712409102
"PWY_151","fixed",NA,"(Intercept)",-4.96862495962633,0.0795999761199201,-62.4199302791363,124.662163602977,6.72828657308834e-96,1.37215822453355e-95
"PWY_151","fixed",NA,"st131_detectyes",-0.245637323525239,0.155671342758106,-1.57792255898331,224.595275884244,0.115990799221481,0.208693870413939
"PWY_152","fixed",NA,"(Intercept)",-6.50923302796473,0.0290260373285604,-224.25496647315,117.160167577544,3.83609829680576e-156,3.68581815734326e-155
"PWY_152","fixed",NA,"st131_detectyes",0.092226139490371,0.0670795658200302,1.37487681029134,252.043451080844,0.17039062625547,0.293538010480773
"PWY_153","fixed",NA,"(Intercept)",-3.98144520031271,0.0593453387930513,-67.0894341710101,130.457189934215,5.35704744140033e-103,1.18312043018604e-102
"PWY_153","fixed",NA,"st131_detectyes",0.0175229305527348,0.088119073645455,0.198855138028776,188.069679068214,0.84259087353809,0.912391370932886
"PWY_157","fixed",NA,"(Intercept)",-6.29952731290813,0.0580450868952492,-108.52817438755,133.174202466824,7.82368165850187e-132,3.77806803405375e-131
"PWY_157","fixed",NA,"st131_detectyes",-0.0720387507660677,0.125742181268586,-0.572908391116521,245.094811528457,0.567231934687952,0.744591779055171
"PWY_158","fixed",NA,"(Intercept)",-3.29084268307557,0.00871068956832713,-377.79358996346,124.707416882922,1.29883477022802e-192,8.64652861323228e-191
"PWY_158","fixed",NA,"st131_detectyes",-0.000592702776276274,0.0183620042151646,-0.0322787626737815,239.13269315351,0.974276670302058,0.981649574834073
"PWY_159","fixed",NA,"(Intercept)",-3.80725460572618,0.0235694863786881,-161.533202062849,94.8801347654874,1.30421873796197e-117,4.17708544254487e-117
"PWY_159","fixed",NA,"st131_detectyes",0.00698765964739332,0.0469404394076706,0.148862254711903,215.053088619501,0.881801823669556,0.937771750532118
"PWY_161","fixed",NA,"(Intercept)",-3.28943112889851,0.0118400165597594,-277.823186504508,119.194450939916,1.8999754429306e-169,2.6829956254717e-168
"PWY_161","fixed",NA,"st131_detectyes",-0.0377833612599596,0.0242389738276116,-1.55878551330911,231.90706987949,0.120410756680074,0.21539889678662
"PWY_162","fixed",NA,"(Intercept)",-5.23987918871512,0.0698019847327371,-75.0677678976887,131.959388467058,4.02606002400557e-110,1.06599089271966e-109
"PWY_162","fixed",NA,"st131_detectyes",-0.0358051979679658,0.139350665743904,-0.256943142516218,231.031579413614,0.797451344699833,0.898439033729553
"PWY_163","fixed",NA,"(Intercept)",-3.97563430512629,0.0371312404249251,-107.069795127489,124.187266959385,3.43424846583039e-124,1.31716854738845e-123
"PWY_163","fixed",NA,"st131_detectyes",0.032838114706263,0.0595251875417423,0.551667555574438,192.010876602377,0.581817598105867,0.751691829017262
"PWY_164","fixed",NA,"(Intercept)",-4.80637555469257,0.0608787383983559,-78.9499861715659,121.209667775669,4.48219165902133e-106,1.06566393525711e-105
"PWY_164","fixed",NA,"st131_detectyes",0.148340695035878,0.109012024117347,1.36077369663548,206.56285573187,0.175068062286834,0.300395148146236
"PWY_165","fixed",NA,"(Intercept)",-4.52258110487572,0.0581006340381548,-77.8404776427351,126.090614047015,1.84557932142965e-108,4.72549430651767e-108
"PWY_165","fixed",NA,"st131_detectyes",-0.0336937381489422,0.0949108547750787,-0.355004053317086,195.816859733989,0.722968619942705,0.851841660918585
"PWY_166","fixed",NA,"(Intercept)",-5.31560511488336,0.0889647392515652,-59.7495722417895,126.770412219474,1.02331018867571e-94,2.05988141651353e-94
"PWY_166","fixed",NA,"st131_detectyes",0.0440526073020015,0.160077856113028,0.275194885611766,210.601651717405,0.783436316863673,0.89044225282554
"PWY_167","fixed",NA,"(Intercept)",-3.56785034394895,0.0120003433044987,-297.312356273293,88.9101244777709,4.50944483020933e-135,2.34793440321514e-134
"PWY_167","fixed",NA,"st131_detectyes",-0.028721948423033,0.0271263392524724,-1.05882139700864,247.907305943185,0.290711695607715,0.454602852863071
"PWY_170","fixed",NA,"(Intercept)",-5.95745888733752,0.0461344944671105,-129.132419378403,131.80065911367,1.21602356588817e-140,7.26496130389602e-140
"PWY_170","fixed",NA,"st131_detectyes",0.0527648145909615,0.0975703227551772,0.540787537654852,241.082500586966,0.589153331457715,0.7584128520975
"PWY_171","fixed",NA,"(Intercept)",-4.01264603437646,0.0216598129401634,-185.257649521797,124.615317917384,5.3270519907065e-154,4.72839281460805e-153
"PWY_171","fixed",NA,"st131_detectyes",0.00459433915734769,0.0477073395359787,0.0963025648052087,246.659949262218,0.92335847147059,0.950668715297474
"PWY_172","fixed",NA,"(Intercept)",-5.06492381001085,0.0674687110376072,-75.0707065855704,126.90303115913,5.08233965922917e-107,1.23674688313357e-106
"PWY_172","fixed",NA,"st131_detectyes",-0.00744311676973941,0.118606462685997,-0.0627547319191585,206.932838785126,0.950022387190953,0.967673076351878
"PWY_175","fixed",NA,"(Intercept)",-5.46621424413376,0.0465341922589537,-117.466619248817,133.09216986859,2.68103307702953e-136,1.44434845537082e-135
"PWY_175","fixed",NA,"st131_detectyes",0.132018734178734,0.0956701986378501,1.37993582179627,236.524384168885,0.168909400447821,0.291525113365498
"PWY_176","fixed",NA,"(Intercept)",-4.20775067660082,0.0460763880042174,-91.3211920217289,121.823361066571,4.78169118938134e-114,1.3970332879321e-113
"PWY_176","fixed",NA,"st131_detectyes",0.0375735131809028,0.0919867142712107,0.408466738687091,227.597199263056,0.683315086588917,0.830312465059805
"PWY_177","fixed",NA,"(Intercept)",-4.70367397489772,0.068754320363639,-68.4127768265349,129.508968537278,1.57521233567805e-103,3.53758529361914e-103
"PWY_177","fixed",NA,"st131_detectyes",0.0284257529004127,0.124857062284275,0.227666360078959,213.598964930617,0.820123400177302,0.905571720481764
"PWY_178","fixed",NA,"(Intercept)",-5.5053508099151,0.0743640135132352,-74.0324593821885,129.198683939179,1.13705861927878e-107,2.84875976658018e-107
"PWY_178","fixed",NA,"st131_detectyes",0.0127304791847997,0.144480513762588,0.0881120841369555,225.159589062916,0.929865908648502,0.954045762686353
"PWY_179","fixed",NA,"(Intercept)",-3.98231233318599,0.0277744462220316,-143.380440472188,129.935938145513,6.1231396147078e-145,4.19615155949093e-144
"PWY_179","fixed",NA,"st131_detectyes",0.014212233662833,0.0476457392215125,0.298289708482811,205.09480239317,0.765784037046552,0.881110502124276
"PWY_180","fixed",NA,"(Intercept)",-5.98083253288059,0.0654501562309975,-91.3799580824842,131.48458144883,7.53293282937218e-121,2.56229686020981e-120
"PWY_180","fixed",NA,"st131_detectyes",0.0748109768974969,0.134026324014658,0.558181218857538,235.423347462454,0.577251085913317,0.749300852466868
"PWY_181","fixed",NA,"(Intercept)",-6.4502962210722,0.0334659821125596,-192.74187738992,130.129249904817,9.43290772603478e-162,1.0592132530921e-160
"PWY_181","fixed",NA,"st131_detectyes",0.0322592585675585,0.0637306645773998,0.506181110482226,221.963292990588,0.613231888624369,0.773660931297426
"PWY_182","fixed",NA,"(Intercept)",-6.05730090862093,0.0565955395775854,-107.027885127186,132.947549174592,7.26148424266232e-131,3.33384399712378e-130
"PWY_182","fixed",NA,"st131_detectyes",0.169399235874248,0.112212196612422,1.50963300771438,230.137436697315,0.132508798418487,0.233015471935905
"PWY_185","fixed",NA,"(Intercept)",-6.05730090862093,0.0565955395775854,-107.027885127186,132.947549174592,7.26148424266232e-131,3.33384399712378e-130
"PWY_185","fixed",NA,"st131_detectyes",0.169399235874248,0.112212196612422,1.50963300771438,230.137436697315,0.132508798418487,0.233015471935905
"PWY_186","fixed",NA,"(Intercept)",-6.32399242998113,0.0497997202424715,-126.988513172163,142.673320323806,1.21775077244121e-148,8.86674781183757e-148
"PWY_186","fixed",NA,"st131_detectyes",-0.0821693283401596,0.11021774007412,-0.745518174160545,248.756339861855,0.456662377191092,0.644862629609239
"PWY_187","fixed",NA,"(Intercept)",-3.67339222058678,0.0258852356116172,-141.91071217981,121.584806357293,6.21511520078438e-137,3.48945022116328e-136
"PWY_187","fixed",NA,"st131_detectyes",-0.0381323867062756,0.0395304637549349,-0.964632920642505,184.155879344259,0.335993717332004,0.512514148205282
"PWY_188","fixed",NA,"(Intercept)",-7.12407093608912,0.0574690659159144,-123.963576274455,128.576451514791,1.152336237814e-135,6.06766877764209e-135
"PWY_188","fixed",NA,"st131_detectyes",0.0360105512812422,0.132128539017351,0.272541810793151,251.846960374978,0.785428770978572,0.890534810890546
"PWY_189","fixed",NA,"(Intercept)",-4.38013305527612,0.0404559597780919,-108.269166750756,126.300683195163,2.01322366958318e-126,8.12261671017974e-126
"PWY_189","fixed",NA,"st131_detectyes",-0.0128540310403569,0.0761546177914633,-0.168788596320652,218.1669474223,0.866119312450392,0.929980644243969
"PWY_190","fixed",NA,"(Intercept)",-4.27737160744971,0.0322039153207908,-132.821477290628,106.791738862285,2.07016740285894e-120,6.94027345131127e-120
"PWY_190","fixed",NA,"st131_detectyes",-0.0446261224538885,0.0681767580973713,-0.654565040921316,235.894215862789,0.51338553026792,0.702175649585772
"PWY_191","fixed",NA,"(Intercept)",-6.8149701485819,0.0165047778208403,-412.908929920689,253.000000000404,0,0
"PWY_191","fixed",NA,"st131_detectyes",-0.0362104115249884,0.0439266943590879,-0.824337274937623,252.999999999605,0.410524412551958,0.592273610678676
"PWY_192","fixed",NA,"(Intercept)",-4.84961882554514,0.0747487314678945,-64.878944837052,128.857126428235,2.86772043602012e-100,6.07435328720626e-100
"PWY_192","fixed",NA,"st131_detectyes",0.0134170078753163,0.127977388475133,0.104838894082631,204.145180631451,0.91660658002555,0.950668715297474
"PWY_195","fixed",NA,"(Intercept)",-7.35686679859186,0.0494494523570224,-148.775495944337,125.51178627303,5.31317529728237e-143,3.36862542657631e-142
"PWY_195","fixed",NA,"st131_detectyes",0.197812100021648,0.11723382243495,1.68732961114023,252.997727322781,0.0927724345567104,0.17087729052738
"PWY_196","fixed",NA,"(Intercept)",-5.55946233800508,0.0855012468005428,-65.0220031407751,131.002220488473,1.41290394796684e-101,3.05528185500022e-101
"PWY_196","fixed",NA,"st131_detectyes",-0.0496564126315678,0.168642003415494,-0.294448664187333,228.551395288325,0.76868234529413,0.881195505306432
"PWY_197","fixed",NA,"(Intercept)",-3.83442914899846,0.0211800594969826,-181.039583460317,121.033566191888,3.53083907689538e-149,2.6973295243168e-148
"PWY_197","fixed",NA,"st131_detectyes",-0.0430211414930526,0.0347358671614916,-1.23852216767877,192.745453177177,0.2170287684634,0.363796424834333
"PWY_198","fixed",NA,"(Intercept)",-3.39334828316528,0.0123541999798152,-274.671633024355,126.594878702561,1.38154022640965e-177,2.57519098202759e-176
"PWY_198","fixed",NA,"st131_detectyes",-0.0122877941360163,0.0236572606684021,-0.519409001247068,221.426262991797,0.603994352727599,0.767404415791136
"PWY_199","fixed",NA,"(Intercept)",-5.02017655645087,0.0783746107032417,-64.0536075574182,126.926480289055,1.6447977481689e-98,3.39900554610514e-98
"PWY_199","fixed",NA,"st131_detectyes",-0.0348861791936316,0.135001992044236,-0.258412329072896,203.830760837621,0.796349446931041,0.898439033729553
"PWY_200","fixed",NA,"(Intercept)",-4.53959017309581,0.0418498678174337,-108.473226078022,126.333916894176,1.49962769755704e-126,6.0767522353181e-126
"PWY_200","fixed",NA,"st131_detectyes",0.0964912999085838,0.0898082933653092,1.0744141358537,242.63490955652,0.283704401771654,0.447398481304876
"PWY_201","fixed",NA,"(Intercept)",-5.9137323478278,0.0566762991164726,-104.342246053766,130.38709443711,1.68833457363726e-127,7.12003539651552e-127
"PWY_201","fixed",NA,"st131_detectyes",0.0147289008051473,0.106602500728972,0.138166559925216,219.92528989496,0.890235205127794,0.940179482425175
"PWY_202","fixed",NA,"(Intercept)",-3.20756954723106,0.0100244029007989,-319.976120171252,128.592947388461,1.93410271243119e-188,7.21033491194347e-187
"PWY_202","fixed",NA,"st131_detectyes",-0.0339069563884573,0.0207447266631157,-1.63448557019284,236.594444584375,0.103486757451779,0.189116976362859
"PWY_203","fixed",NA,"(Intercept)",-5.4314827721465,0.0519984888846221,-104.45462721423,123.520579361278,2.30652894099857e-122,8.20490447713994e-122
"PWY_203","fixed",NA,"st131_detectyes",-0.231071965620642,0.104807467666032,-2.20472806724948,230.105099609138,0.0284634690889547,0.0557309940985415
"PWY_204","fixed",NA,"(Intercept)",-6.54150424405718,0.0776040807309221,-84.2933023939636,131.828154470454,1.52558749172726e-116,4.67713007332173e-116
"PWY_204","fixed",NA,"st131_detectyes",-0.0127645843777769,0.150645586533224,-0.084732547906153,226.022546764025,0.932549023398356,0.954045762686353
"PWY_205","fixed",NA,"(Intercept)",-3.27039898684972,0.00735902110882882,-444.406795208962,107.871810719446,7.90022955882312e-178,1.53396123933816e-176
"PWY_205","fixed",NA,"st131_detectyes",-0.019660354667236,0.0174636031511333,-1.12579027919334,252.990203834925,0.261321123015533,0.418473001117658
"PWY_206","fixed",NA,"(Intercept)",-6.10433209006837,0.0888568228540361,-68.698518515521,128.494132784014,3.59324799992961e-103,7.95464877894157e-103
"PWY_206","fixed",NA,"st131_detectyes",-0.01884512140941,0.162752183980576,-0.115790282799887,214.489769777496,0.907927085052489,0.943804460892008
"PWY_207","fixed",NA,"(Intercept)",-4.74478624313763,0.0759642107878153,-62.4608113996058,128.328943339551,6.35464504765836e-98,1.31029406734902e-97
"PWY_207","fixed",NA,"st131_detectyes",-0.00348850274238595,0.13268327609592,-0.0262919551358081,206.787937647235,0.979049826556455,0.984330569957515
"PWY_210","fixed",NA,"(Intercept)",-5.90988656513751,0.0861652845851875,-68.5877914010102,133.457827639703,6.22482377837774e-106,1.46503428319395e-105
"PWY_210","fixed",NA,"st131_detectyes",-0.176125209367011,0.176399561828934,-0.998444710071397,235.882426081594,0.319086891339999,0.495648304548132
"PWY_211","fixed",NA,"(Intercept)",-4.92635964306308,0.0706592173693667,-69.7199859617867,130.404221028678,4.35888416106564e-105,1.00805956280724e-104
"PWY_211","fixed",NA,"st131_detectyes",0.0589568606760306,0.119671591515138,0.492655440857679,203.57883510618,0.622786985239728,0.781207900731395
"PWY_212","fixed",NA,"(Intercept)",-4.51056139565966,0.0623612914760603,-72.3295058344199,130.942967218845,1.94605429510341e-107,4.84952567656785e-107
"PWY_212","fixed",NA,"st131_detectyes",0.0548754201789346,0.10988353466293,0.499396204784146,209.643053608246,0.618023974417666,0.776278091856152
"PWY_213","fixed",NA,"(Intercept)",-4.69526684015818,0.0641861747218711,-73.1507503057087,129.25625782764,4.76181434901647e-107,1.16483227645232e-106
"PWY_213","fixed",NA,"st131_detectyes",0.116109308330369,0.107153073856909,1.08358355155933,200.865060115605,0.279848451207567,0.443569313818796
"PWY_214","fixed",NA,"(Intercept)",-4.60820812817063,0.0643865921929411,-71.5709275987408,131.717445938026,2.60839471631785e-107,6.48273033495529e-107
"PWY_214","fixed",NA,"st131_detectyes",0.0222123950880164,0.117894575738068,0.18840896579811,216.074312232012,0.850732903634117,0.918752104504052
"PWY_215","fixed",NA,"(Intercept)",-4.88059923748291,0.0748363151590021,-65.2169902688724,130.408620244408,2.0583103088533e-101,4.42015024850524e-101
"PWY_215","fixed",NA,"st131_detectyes",0.0811264103322345,0.137191256883989,0.591338050068571,215.611369573213,0.554913382688505,0.736722610634881
"PWY_216","fixed",NA,"(Intercept)",-5.83837217217216,0.0832084927184573,-70.1655802362237,126.927964154289,2.13062537914818e-103,4.7392430867926e-103
"PWY_216","fixed",NA,"st131_detectyes",0.132038789886479,0.147462213160346,0.895407623801928,208.224505618898,0.371603140859179,0.553249404601845
"PWY_217","fixed",NA,"(Intercept)",-5.03665850505226,0.0767611910318859,-65.6146476799725,130.393577297308,9.72086583431837e-102,2.11185243766544e-101
"PWY_217","fixed",NA,"st131_detectyes",0.0885955498183921,0.139766302213684,0.633883478457785,214.490923841284,0.52683226486646,0.713498450565402
"PWY_218","fixed",NA,"(Intercept)",-4.65718207033422,0.0646104071130312,-72.0809894013951,130.682729074424,4.31405510061946e-107,1.05807877730983e-106
"PWY_218","fixed",NA,"st131_detectyes",0.0623578464043849,0.112697916638712,0.553318537416199,207.974863607373,0.580639626532105,0.751605738788781
"PWY_219","fixed",NA,"(Intercept)",-4.75944161436491,0.0663745908674716,-71.7057770475447,131.525669309205,2.65923903724484e-107,6.59151803912816e-107
"PWY_219","fixed",NA,"st131_detectyes",0.0264802840086418,0.120274779498507,0.220164893413674,214.303793803674,0.825952324482568,0.90563243107971
"PWY_222","fixed",NA,"(Intercept)",-4.88059923748291,0.0748363151590021,-65.2169902688724,130.408620244408,2.0583103088533e-101,4.42015024850524e-101
"PWY_222","fixed",NA,"st131_detectyes",0.0811264103322345,0.137191256883989,0.591338050068571,215.611369573213,0.554913382688505,0.736722610634881
"PWY_223","fixed",NA,"(Intercept)",-4.5291966180768,0.0640535149029949,-70.7095719093009,130.532596061846,6.11224730517213e-106,1.44218088314441e-105
"PWY_223","fixed",NA,"st131_detectyes",0.047139924349456,0.110349552773147,0.427187271400771,206.071693752249,0.669688939118216,0.822018295219868
"PWY_224","fixed",NA,"(Intercept)",-4.5291966180768,0.0640535149029949,-70.7095719093009,130.532596061846,6.11224730517213e-106,1.44218088314441e-105
"PWY_224","fixed",NA,"st131_detectyes",0.047139924349456,0.110349552773147,0.427187271400771,206.071693752249,0.669688939118216,0.822018295219868
"PWY_225","fixed",NA,"(Intercept)",-4.5291966180768,0.0640535149029949,-70.7095719093009,130.532596061846,6.11224730517213e-106,1.44218088314441e-105
"PWY_225","fixed",NA,"st131_detectyes",0.047139924349456,0.110349552773147,0.427187271400771,206.071693752249,0.669688939118216,0.822018295219868
"PWY_226","fixed",NA,"(Intercept)",-6.49379164497008,0.0473816992726733,-137.052738602714,129.743327979768,3.0515268422021e-142,1.90874027982037e-141
"PWY_226","fixed",NA,"st131_detectyes",0.0844865289877078,0.0991454066272184,0.852147687541115,238.847474705945,0.394985754171648,0.574685854542034
"PWY_227","fixed",NA,"(Intercept)",-4.51367155832812,0.0475577319184264,-94.909310773487,124.207963436784,8.8118551690347e-118,2.83194793708288e-117
"PWY_227","fixed",NA,"st131_detectyes",0.0462314144156822,0.0870704846211229,0.530965396791494,212.149248644698,0.595998177403857,0.763008655687356
"PWY_228","fixed",NA,"(Intercept)",-4.83424411278416,0.0608726250415372,-79.4157325971315,130.576643648147,2.11054182235605e-112,5.96068175283588e-112
"PWY_228","fixed",NA,"st131_detectyes",0.0107278435417224,0.111085908354504,0.0965724969137135,214.950945023657,0.923155878434073,0.950668715297474
"PWY_229","fixed",NA,"(Intercept)",-5.15193881835973,0.0699756480722337,-73.6247388954732,128.07970822747,1.09070440728232e-106,2.64035456516136e-106
"PWY_229","fixed",NA,"st131_detectyes",-0.0115492735995268,0.125601632763887,-0.0919516199382356,210.928939864047,0.926823748050443,0.952370157864402
"PWY_230","fixed",NA,"(Intercept)",-3.43213700434297,0.0123934608472664,-276.931282281815,100.497791859711,1.05838049341645e-146,7.47280772624339e-146
"PWY_230","fixed",NA,"st131_detectyes",-0.0531901462489022,0.0303068986654008,-1.75505078352426,250.39109434996,0.0804736059654183,0.14970339473008
"PWY_231","fixed",NA,"(Intercept)",-4.24778004572565,0.0554255256674165,-76.6394182928396,127.134609767003,2.79019988312265e-108,7.10509915592982e-108
"PWY_231","fixed",NA,"st131_detectyes",0.0947969032389341,0.113281700935097,0.836824504367622,233.90380854858,0.403545358601979,0.583107401886891
"PWY_232","fixed",NA,"(Intercept)",-6.05162097671016,0.0632114342391829,-95.7361757338349,130.727740095057,6.25622899130398e-123,2.32303004776705e-122
"PWY_232","fixed",NA,"st131_detectyes",-0.263010234563482,0.134353213318782,-1.95760285940786,241.726074993979,0.0514272766942957,0.0990293840476934
"PWY_233","fixed",NA,"(Intercept)",-3.40875228114879,0.0144965740222842,-235.141922216163,129.06390278904,8.75168562362215e-172,1.28593863245026e-170
"PWY_233","fixed",NA,"st131_detectyes",0.00990064261771201,0.0276214075672613,0.358440915568941,221.597903645074,0.720354612068985,0.849836073985183
"PWY_234","fixed",NA,"(Intercept)",-5.30916510461188,0.0726015028171339,-73.1274821952986,130.969333056898,4.6166353864984e-108,1.16604449328361e-107
"PWY_234","fixed",NA,"st131_detectyes",-0.0316456682657686,0.150650306527271,-0.210060430643996,237.639520722541,0.833800494530391,0.907261733935292
"PWY_235","fixed",NA,"(Intercept)",-4.04713136186668,0.0406468236164541,-99.5682073476555,127.057744847419,1.94340418113312e-122,7.02035928998476e-122
"PWY_235","fixed",NA,"st131_detectyes",0.135921327255778,0.0761521050669729,1.78486631638403,217.679951141979,0.0756755072309272,0.142196719232307
"PWY_236","fixed",NA,"(Intercept)",-6.43085235051355,0.0527193130432733,-121.982855604263,125.201011500209,5.3808729000246e-132,2.61196538688694e-131
"PWY_236","fixed",NA,"st131_detectyes",-0.024947784843452,0.114717548062967,-0.217471391820181,244.810047072132,0.828022142339077,0.906835060705076
"PWY_239","fixed",NA,"(Intercept)",-3.33733752322143,0.011626700057186,-287.040820422536,122.78572001576,1.88571218684389e-175,3.08330483883948e-174
"PWY_239","fixed",NA,"st131_detectyes",-0.0087508360825177,0.023119051571487,-0.378511897664098,227.144380772385,0.705403887072827,0.84178799328025
"PWY_240","fixed",NA,"(Intercept)",-3.24943289462225,0.00853607874201457,-380.67044515751,120.836872957787,6.54627875215547e-188,2.10383855069272e-186
"PWY_240","fixed",NA,"st131_detectyes",-0.0230705979625321,0.0195945050933948,-1.17740141190445,251.562084366571,0.240148056562486,0.3906073101505
"PWY_241","fixed",NA,"(Intercept)",-3.40296753259176,0.01633509319747,-208.322504895094,126.362759952063,3.56783254102371e-162,4.10520978794333e-161
"PWY_241","fixed",NA,"st131_detectyes",-0.0108219136421751,0.0284228941162954,-0.380746365866054,205.011109475962,0.703785693641495,0.84178799328025
"PWY_242","fixed",NA,"(Intercept)",-3.42061682932886,0.0178251286873718,-191.898576965236,125.653637366397,5.85454988456666e-157,5.74362157096434e-156
"PWY_242","fixed",NA,"st131_detectyes",-0.0100581893664586,0.0301557722129933,-0.333541097718095,200.360991969683,0.739074669379753,0.863179939676604
"PWY_243","fixed",NA,"(Intercept)",-3.56857832970685,0.018141288043858,-196.710306406002,127.455288950816,3.69146956151438e-160,4.04758780156636e-159
"PWY_243","fixed",NA,"st131_detectyes",0.0118748579218927,0.0315524885489975,0.376352499215786,205.615731800085,0.70704290984981,0.842313692876074
"PWY_244","fixed",NA,"(Intercept)",-3.47387038442614,0.0161054394466358,-215.695473317357,128.281608786863,3.99371480812179e-166,5.02992189347231e-165
"PWY_244","fixed",NA,"st131_detectyes",0.00690827585347938,0.0280882695850782,0.245948787715616,206.530402110413,0.80596612703686,0.901098677649396
"PWY_246","fixed",NA,"(Intercept)",-6.12289891956062,0.0715288584586865,-85.6004003348812,122.68977227832,2.88735859247819e-111,7.86847429295227e-111
"PWY_246","fixed",NA,"st131_detectyes",0.190516380439498,0.106059894889602,1.79630934612755,181.817688218797,0.0741054930665302,0.140377686796362
"PWY_247","fixed",NA,"(Intercept)",-3.57084580014793,0.022697364932979,-157.324244937329,134.149583662033,4.89127713588802e-154,4.38333681793042e-153
"PWY_247","fixed",NA,"st131_detectyes",0.0163113131373818,0.0396537727184595,0.411343285119213,210.201767297562,0.681239915295988,0.829955034059949
"PWY_249","fixed",NA,"(Intercept)",-3.34911873622823,0.0145221329951948,-230.62168190695,127.989880258266,1.5940058048435e-169,2.2855590924833e-168
"PWY_249","fixed",NA,"st131_detectyes",-0.079973509567767,0.0269290578096125,-2.96978491164366,216.334496994644,0.0033163635888191,0.006590300351342
"PWY_251","fixed",NA,"(Intercept)",-3.2687796323683,0.00809965338166409,-403.570310770104,125.374201717704,4.43335608469437e-197,3.44323989244596e-195
"PWY_251","fixed",NA,"st131_detectyes",-0.0058624987417786,0.017464588589329,-0.335679178000256,243.30575965997,0.737402083151948,0.86230707841608
"PWY_254","fixed",NA,"(Intercept)",-4.12068439290207,0.0521750472014202,-78.9780673699113,120.880412272052,7.0273774824379e-106,1.64975209411389e-105
"PWY_254","fixed",NA,"st131_detectyes",0.13545538843705,0.103131842635463,1.31341964785638,225.219314022111,0.190378046010498,0.32319187410161
"PWY_256","fixed",NA,"(Intercept)",-6.25140907682468,0.059675974353627,-104.755877797322,132.83781643593,1.47089729823023e-129,6.40596393434847e-129
"PWY_256","fixed",NA,"st131_detectyes",0.195834884372766,0.120274265183333,1.62823596614169,232.983311723356,0.104826329508118,0.191060541121498
"PWY_257","fixed",NA,"(Intercept)",-6.16585476092192,0.0584784135696552,-105.438133228043,132.81708962395,6.50210920710699e-130,2.87202169716764e-129
"PWY_257","fixed",NA,"st131_detectyes",0.140320108080758,0.11597763251545,1.20988939882064,230.143276644344,0.227562597013345,0.375707350664082
"PWY_258","fixed",NA,"(Intercept)",-7.30652698193418,0.0529981904523085,-137.863706658232,122.393353356748,3.95670928424636e-136,2.11934083501012e-135
"PWY_258","fixed",NA,"st131_detectyes",0.149592207378594,0.124425859891272,1.20225978353144,252.885127384052,0.230387437881785,0.379365887112762
"PWY_259","fixed",NA,"(Intercept)",-6.73349349203416,0.0546174326390099,-123.284694404051,130.090852866577,1.31514694068601e-136,7.25276301017371e-136
"PWY_259","fixed",NA,"st131_detectyes",-0.126054337325808,0.108869053264497,-1.15785279237764,230.150333389006,0.248124262145567,0.400783036949166
"PWY_260","fixed",NA,"(Intercept)",-3.99315152331035,0.030485782269105,-130.984059653182,125.131311801813,8.89701071710191e-136,4.71137158428351e-135
"PWY_260","fixed",NA,"st131_detectyes",0.0291924144802587,0.0479602993799719,0.608678737573715,190.373036437211,0.54346299700178,0.726249633270702
"PWY_261","fixed",NA,"(Intercept)",-5.06373925682219,0.0625651664946998,-80.9354396467748,132.385550441528,1.2877066902642e-114,3.80997662008329e-114
"PWY_261","fixed",NA,"st131_detectyes",-0.139752249235084,0.11707871573437,-1.19366059286263,219.968938368405,0.233896496084132,0.382441288334054
"PWY_262","fixed",NA,"(Intercept)",-3.63514769053002,0.0221646377603148,-164.006636600155,125.465425807331,3.04507706850376e-148,2.18308602141962e-147
"PWY_262","fixed",NA,"st131_detectyes",0.0427939432666903,0.0396427307176848,1.07949029978401,208.868822628587,0.281614181507155,0.445610215899267
"PWY_263","fixed",NA,"(Intercept)",-3.24943289462225,0.00853607874201457,-380.67044515751,120.836872957787,6.54627875215547e-188,2.10383855069272e-186
"PWY_263","fixed",NA,"st131_detectyes",-0.0230705979625321,0.0195945050933948,-1.17740141190445,251.562084366571,0.240148056562486,0.3906073101505
"PWY_265","fixed",NA,"(Intercept)",-4.04115693932109,0.0414782656922381,-97.428300626304,126.883046926954,3.97255544110849e-121,1.38150062354967e-120
"PWY_265","fixed",NA,"st131_detectyes",0.140010279504898,0.0771606739931889,1.81452898554589,216.341443056687,0.0709814076099278,0.135285627591928
"PWY_266","fixed",NA,"(Intercept)",-4.99519359438818,0.072197227635287,-69.1881635624848,128.401298898921,1.67301195951522e-103,3.73920178961196e-103
"PWY_266","fixed",NA,"st131_detectyes",0.0249627989651324,0.140847856509668,0.177232366780242,225.599974988278,0.859484891566166,0.924834984169645
"PWY_267","fixed",NA,"(Intercept)",-4.76805439593808,0.0667335767839547,-71.4491059182146,130.558202538989,1.57027417933568e-106,3.78164220966629e-106
"PWY_267","fixed",NA,"st131_detectyes",-0.0540728711351349,0.12931132375333,-0.418160371154213,225.214078987467,0.676228307915354,0.826841596375966
"PWY_268","fixed",NA,"(Intercept)",-4.60644094817844,0.0566681507669658,-81.2880054463278,115.150909266751,1.51069446056754e-103,3.40912163982797e-103
"PWY_268","fixed",NA,"st131_detectyes",-0.0718802754247729,0.104460368340182,-0.688110491729172,208.312917533767,0.492148732414333,0.684391217292083
"PWY_269","fixed",NA,"(Intercept)",-5.45238325396842,0.0644873612016965,-84.5496412376845,131.593368639558,1.47098264899956e-116,4.53958883730992e-116
"PWY_269","fixed",NA,"st131_detectyes",0.0569835878988758,0.125418978874761,0.454345812811774,226.26434563256,0.650015499442596,0.804534456149401
"PWY_270","fixed",NA,"(Intercept)",-4.17015189025273,0.0331814237556291,-125.677304294252,122.641764868605,1.87493405626501e-131,8.87024639816746e-131
"PWY_270","fixed",NA,"st131_detectyes",-0.00433376364017837,0.0578030471396123,-0.0749746571268291,202.86805109685,0.940308755379421,0.958826870912057
"PWY_271","fixed",NA,"(Intercept)",-7.5182793969363,0.038941690717748,-193.065048239156,124.903724338083,1.60288154307738e-156,1.55613083140429e-155
"PWY_271","fixed",NA,"st131_detectyes",-0.0491663718564352,0.085359578250651,-0.575991269685781,245.946384618852,0.565147762257262,0.743193880092792
"PWY_273","fixed",NA,"(Intercept)",-7.39823002804935,0.0379825265610702,-194.779828986735,124.99327357721,4.3134307135922e-157,4.27672066496588e-156
"PWY_273","fixed",NA,"st131_detectyes",-0.0462292817041657,0.0834267448135189,-0.554130234944448,246.272138939215,0.579992532805728,0.751605738788781
"PWY_274","fixed",NA,"(Intercept)",-3.65650053179697,0.0193300867560237,-189.16110299699,97.7586183916867,3.51467136396232e-127,1.4623543353629e-126
"PWY_274","fixed",NA,"st131_detectyes",-0.0589282957700491,0.0439542839133273,-1.34067241059481,249.5782612035,0.181245836751217,0.309379340388524
"PWY_275","fixed",NA,"(Intercept)",-6.24874728423484,0.0592859645403786,-105.400111690499,134.120956023749,7.17802758589809e-131,3.32831925873484e-130
"PWY_275","fixed",NA,"st131_detectyes",-0.188978440415911,0.126123755822627,-1.49835722210556,242.434920227958,0.135341394134465,0.237548360326406
"PWY_276","fixed",NA,"(Intercept)",-6.42466656065465,0.0788497075004274,-81.4799035319165,133.788732585615,6.77667610074995e-116,2.03737487932224e-115
"PWY_276","fixed",NA,"st131_detectyes",-0.182138312095893,0.158592905701131,-1.14846443660685,232.903729121984,0.251955051568054,0.406266622943645
"PWY_280","fixed",NA,"(Intercept)",-4.12533248756115,0.0376877024862514,-109.460970433687,123.399113826225,9.40313664177203e-125,3.63639973034503e-124
"PWY_280","fixed",NA,"st131_detectyes",-0.0125047352167287,0.0806045487423686,-0.155136842918094,241.55531174653,0.876842991402886,0.936102712471352
"PWY_281","fixed",NA,"(Intercept)",-3.23722203304941,0.0089084877342537,-363.386259219069,122.56251834567,1.01008889736761e-187,3.0367833946665e-186
"PWY_281","fixed",NA,"st131_detectyes",-0.0158039064484485,0.018122366360115,-0.872066381089771,231.64474765259,0.384075147080119,0.565494529350191
"PWY_282","fixed",NA,"(Intercept)",-3.2378587516035,0.00962359541806087,-336.450007605985,123.77929497637,3.61744534176376e-185,8.42864764630957e-184
"PWY_282","fixed",NA,"st131_detectyes",-0.0185878193470771,0.018575145123521,-1.00068232164389,221.69516159393,0.318071385079221,0.494895711008069
"PWY_283","fixed",NA,"(Intercept)",-3.23298574889169,0.0097844108377825,-330.422117641209,124.533674332839,3.80882143335372e-185,8.65810140459919e-184
"PWY_283","fixed",NA,"st131_detectyes",-0.0145896254628104,0.0191531400043774,-0.761735436564236,224.72652126573,0.447016584118633,0.634123982341804
"PWY_284","fixed",NA,"(Intercept)",-6.52265825907385,0.0321886519604943,-202.638441245667,149.267725829435,4.26330184803662e-184,9.46046981516697e-183
"PWY_284","fixed",NA,"st131_detectyes",0.0172484437261213,0.0797915298629103,0.216168855964485,250.477794454353,0.829032069449172,0.906875456251911
"PWY_285","fixed",NA,"(Intercept)",-6.04222630422612,0.0409441729532756,-147.572312942341,128.780138064941,1.62600807949005e-145,1.13092502245129e-144
"PWY_285","fixed",NA,"st131_detectyes",-0.0695038950632077,0.0645268570748039,-1.07713126307444,193.258240410644,0.282764339350014,0.446671803854598
"PWY_286","fixed",NA,"(Intercept)",-6.47964006888952,0.0510392097849241,-126.954161245723,133.544056775476,4.01339393727917e-141,2.44476022846025e-140
"PWY_286","fixed",NA,"st131_detectyes",-0.0398011402414602,0.106660534071991,-0.373157143715372,239.413667877752,0.709361669013373,0.843271780000591
"PWY_288","fixed",NA,"(Intercept)",-4.67560605759049,0.0504319620024041,-92.7111671238887,122.391891440892,3.0578279799325e-115,9.13428101697787e-115
"PWY_288","fixed",NA,"st131_detectyes",0.00187954864627736,0.102144074572454,0.0184009562389655,230.708452714949,0.985334893142539,0.989582026302636
"PWY_290","fixed",NA,"(Intercept)",-5.93070922371516,0.065538647561697,-90.4917852955706,131.767904985585,1.70222762183405e-120,5.72735069873407e-120
"PWY_290","fixed",NA,"st131_detectyes",-0.0501505089122795,0.117639633202398,-0.426306233257255,212.939015493937,0.670315348033369,0.822018295219868
"PWY_291","fixed",NA,"(Intercept)",-4.26192742927966,0.0282506143528324,-150.861406978654,114.80346167848,7.64407098586068e-134,3.83025492409793e-133
"PWY_291","fixed",NA,"st131_detectyes",-0.0762579676294977,0.0517706994791296,-1.47299473247874,206.95802107442,0.142271688510444,0.248775260209632
"PWY_292","fixed",NA,"(Intercept)",-6.57655550203692,0.0178187325843516,-369.080992203252,154.406476033039,2.29623188948272e-229,1.07004406049895e-226
"PWY_292","fixed",NA,"st131_detectyes",0.00239701055881541,0.044786433066053,0.0535209078892304,248.925468531328,0.957359799856032,0.972757388536021
"PWY_293","fixed",NA,"(Intercept)",-4.02724046546714,0.0397362888775793,-101.349184315485,125.881032095348,1.57981170253366e-122,5.77405688926026e-122
"PWY_293","fixed",NA,"st131_detectyes",0.122016892875424,0.0719867776340667,1.69499034247202,211.243961384935,0.0915507648471793,0.168961015519943
"PWY_294","fixed",NA,"(Intercept)",-3.72664851890378,0.0228614481552155,-163.010168629829,103.003637369703,4.0565466465562e-126,1.62961270456482e-125
"PWY_294","fixed",NA,"st131_detectyes",-0.0706196280515218,0.050358388690496,-1.40234089866441,244.148616866771,0.16208367152174,0.281307228786334
"PWY_295","fixed",NA,"(Intercept)",-4.73310494629678,0.0553199546870994,-85.5587278237692,129.139637703739,1.37321250083019e-115,4.11522202821136e-115
"PWY_295","fixed",NA,"st131_detectyes",0.0966742135555591,0.0990978130718266,0.975543360230252,211.194767158193,0.330406873953799,0.506478958100231
"PWY_296","fixed",NA,"(Intercept)",-4.69839947188569,0.0545435942108181,-86.1402615626275,127.993424577938,3.42954198313216e-115,1.02119269274095e-114
"PWY_296","fixed",NA,"st131_detectyes",0.0910885975730113,0.103229686175219,0.88238762460636,219.923755947866,0.378530665311834,0.559985047731157
"PWY_297","fixed",NA,"(Intercept)",-4.44607191170626,0.0348048619558146,-127.742839990304,111.376986702312,1.25905139399431e-122,4.61982637481377e-122
"PWY_297","fixed",NA,"st131_detectyes",0.0118535617611563,0.0726321315169108,0.163199971054084,233.793009075993,0.870501970765225,0.931467091565086
"PWY_298","fixed",NA,"(Intercept)",-6.20939720524318,0.053133521210131,-116.864026020154,133.490707833752,2.54875800200056e-136,1.38107119643286e-135
"PWY_298","fixed",NA,"st131_detectyes",-0.00324881245354687,0.107929988578575,-0.0301011099540853,234.53661977415,0.976012014081546,0.98233606600864
"PWY_300","fixed",NA,"(Intercept)",-5.31063811825968,0.0710552789794173,-74.7395294837703,129.292829627958,2.99824732950259e-108,7.6140776869112e-108
"PWY_300","fixed",NA,"st131_detectyes",-0.123918916800603,0.110864648880259,-1.11774959874218,192.470397193337,0.265067190158567,0.423018187033878
"PWY_301","fixed",NA,"(Intercept)",-5.19608508736425,0.0609505351258296,-85.2508526239708,124.097253191254,5.27488613024358e-112,1.47191433334941e-111
"PWY_301","fixed",NA,"st131_detectyes",0.126193344020951,0.114588756828047,1.10127160390018,216.873292874304,0.271999212917557,0.433338916990023
"PWY_302","fixed",NA,"(Intercept)",-4.71707053144328,0.0439610849505211,-107.301049024437,124.94268918067,6.87722710313719e-125,2.67065652505161e-124
"PWY_302","fixed",NA,"st131_detectyes",-0.175737566411346,0.100043609896149,-1.75660960848747,250.863022109907,0.0802044467621058,0.149501088764565
"PWY_303","fixed",NA,"(Intercept)",-5.62694869423211,0.081187474194882,-69.3080890868118,133.251258781548,2.10720456807109e-106,5.04862379805207e-106
"PWY_303","fixed",NA,"st131_detectyes",-0.0531038401874509,0.157141511623175,-0.337936422011732,226.057399738126,0.735724715112919,0.861426425232714
"PWY_304","fixed",NA,"(Intercept)",-4.36514179880648,0.0400573759252581,-108.972235399325,126.66116163865,4.7103727914795e-127,1.93395041482771e-126
"PWY_304","fixed",NA,"st131_detectyes",-0.0184997527479193,0.0779056422888023,-0.237463580357111,224.339602538589,0.812513888736825,0.904967176499192
"PWY_305","fixed",NA,"(Intercept)",-5.60940366451013,0.0813108055177207,-68.9871860055258,133.809115188116,1.84400111113228e-106,4.42940473086414e-106
"PWY_305","fixed",NA,"st131_detectyes",-0.0619173888254897,0.159333069843996,-0.388603501370515,228.387686296819,0.697931495971885,0.841490497083825
"PWY_306","fixed",NA,"(Intercept)",-3.97126790414616,0.0342831584322355,-115.83728237863,125.402632019916,2.26554550679485e-129,9.77540931635555e-129
"PWY_306","fixed",NA,"st131_detectyes",0.0565036777696968,0.0589366151970321,0.958719423923452,202.569594855941,0.338842973291477,0.516015769783752
"PWY_307","fixed",NA,"(Intercept)",-3.25328964100899,0.00938464372427405,-346.660964080514,128.128358593861,2.56190092054601e-192,1.49230728621805e-190
"PWY_307","fixed",NA,"st131_detectyes",-0.0441051394933195,0.0199722835672617,-2.20831730857337,241.497052554933,0.0281621961388827,0.0552571932661867
"PWY_308","fixed",NA,"(Intercept)",-5.04145263850438,0.0666957774378708,-75.5887828611137,131.471746038365,3.28345198319843e-110,8.79361278258891e-110
"PWY_308","fixed",NA,"st131_detectyes",0.0171421409693237,0.123716277812226,0.138560109247238,218.08074191643,0.889925628099982,0.940179482425175
"PWY_309","fixed",NA,"(Intercept)",-3.90568580371712,0.0239483513433833,-163.087878063732,105.451025503717,1.45840783331744e-128,6.20655753722309e-128
"PWY_309","fixed",NA,"st131_detectyes",0.0139925358148692,0.04386101395858,0.319019889236555,200.894250614399,0.750042888874831,0.870535457573278
"PWY_310","fixed",NA,"(Intercept)",-3.41549726523063,0.00811170220547344,-421.058019477835,125.533055025919,1.3263228915521e-199,1.54516616865819e-197
"PWY_310","fixed",NA,"st131_detectyes",-0.0162253442964564,0.018931088934221,-0.857074009468438,252.691659901279,0.392216078726286,0.572058506060875
"PWY_311","fixed",NA,"(Intercept)",-4.19733604050963,0.0319273043589523,-131.46540632807,115.068431842589,2.97379752920475e-127,1.24286067139858e-126
"PWY_311","fixed",NA,"st131_detectyes",0.00313609975234152,0.0612151128429392,0.0512308089733964,216.286660305839,0.959188884189488,0.972757388536021
"PWY_314","fixed",NA,"(Intercept)",-5.53113799950201,0.0799844947220659,-69.1526278777141,130.731508593021,7.95918797687619e-105,1.8225953794714e-104
"PWY_314","fixed",NA,"st131_detectyes",0.054880359414504,0.149982234936103,0.365912399144369,219.557666333161,0.714782757398028,0.846477166321426
"PWY_315","fixed",NA,"(Intercept)",-3.2943589246524,0.0116621233254725,-282.483629499684,128.422707426455,2.74047683903112e-181,5.80482821358409e-180
"PWY_315","fixed",NA,"st131_detectyes",-0.0417551178707652,0.0234568287321756,-1.78008367403433,231.278101119694,0.0763751472269334,0.143222610091553
"PWY_316","fixed",NA,"(Intercept)",-3.49823291823028,0.0165382544477742,-211.523708821706,131.278393413141,3.3591305599356e-168,4.60398482626468e-167
"PWY_316","fixed",NA,"st131_detectyes",-0.0129222330195374,0.0309706938105946,-0.417240669471761,219.584963854411,0.67691001935071,0.826841596375966
"PWY_317","fixed",NA,"(Intercept)",-6.22413006131533,0.0687531109675206,-90.5287044284534,131.807285599816,1.51683879056884e-120,5.12207881452956e-120
"PWY_317","fixed",NA,"st131_detectyes",0.094644162300236,0.13706635484539,0.690498863904232,230.735695513655,0.49057452362964,0.68343117492201
"PWY_318","fixed",NA,"(Intercept)",-4.018365879154,0.0375376132221156,-107.049051184388,127.753770789029,6.3745622567289e-127,2.60574211546988e-126
"PWY_318","fixed",NA,"st131_detectyes",-0.00230603164458576,0.0616285194151167,-0.0374182548351165,197.629293996506,0.970189286924955,0.97982923703576
"PWY_319","fixed",NA,"(Intercept)",-6.88127178989878,0.0200386712386419,-343.399605091039,108.044346341965,5.54133215879762e-166,6.88602876266585e-165
"PWY_319","fixed",NA,"st131_detectyes",-0.0392865619670694,0.050150322596537,-0.783376056882676,245.812361598995,0.434160429202984,0.618453723144207
"PWY_320","fixed",NA,"(Intercept)",-5.69851344507291,0.0748397023892353,-76.1429196422428,129.923417270339,1.16082197988022e-109,3.03900585743924e-109
"PWY_320","fixed",NA,"st131_detectyes",0.163668170362985,0.122148501850192,1.33991140197294,198.343617003087,0.181807200892533,0.309770221630421
"PWY_321","fixed",NA,"(Intercept)",-6.35269224923746,0.0512605273959789,-123.929514032581,132.702649854757,4.7824500916403e-139,2.82104018063846e-138
"PWY_321","fixed",NA,"st131_detectyes",0.203064692733179,0.100825821794345,2.01401475454741,228.653027652382,0.0451794806889895,0.0873594937803698
"PWY_323","fixed",NA,"(Intercept)",-5.01736464660328,0.0885048452818637,-56.6902821040401,125.66757836701,2.26942970039518e-91,4.54862038874904e-91
"PWY_323","fixed",NA,"st131_detectyes",-0.0845760375230617,0.149289867412686,-0.566522289749683,199.946927343274,0.571674138569009,0.745678106389058
"PWY_324","fixed",NA,"(Intercept)",-5.70485603564746,0.0864104215964038,-66.0204629285698,124.417063953527,1.04616916054628e-98,2.17155825752591e-98
"PWY_324","fixed",NA,"st131_detectyes",-0.0802913544332814,0.124287606704345,-0.64601255557425,180.191911018096,0.519093091814688,0.708336646595923
"PWY_325","fixed",NA,"(Intercept)",-3.98707853177649,0.0225303518469234,-176.964769963011,131.722535427109,1.69151345970827e-158,1.7516561604979e-157
"PWY_325","fixed",NA,"st131_detectyes",-0.0533723193994987,0.0536430590312504,-0.994952941971598,252.957396916282,0.320709941192363,0.496640544139604
"PWY_328","fixed",NA,"(Intercept)",-4.53416318971396,0.0473869440091901,-95.6838066796335,130.025027436782,2.13094915485346e-122,7.66812591630666e-122
"PWY_328","fixed",NA,"st131_detectyes",0.121073383703809,0.0876043585816741,1.38204748786479,216.819143166038,0.168379284303765,0.291149337608737
"PWY_329","fixed",NA,"(Intercept)",-6.10993691225401,0.0754206591327036,-81.0114494160479,127.774945463722,1.06675068566168e-111,2.95896321141872e-111
"PWY_329","fixed",NA,"st131_detectyes",-0.0363829037676541,0.125591696199328,-0.289691953120137,199.544296455913,0.772352700557118,0.881937233516385
"PWY_331","fixed",NA,"(Intercept)",-3.73755882905419,0.0285481766144884,-130.921105033284,123.184763222032,4.41372824766733e-134,2.23564930805758e-133
"PWY_331","fixed",NA,"st131_detectyes",0.0226692377099782,0.045097979086785,0.502666375944569,189.419282010089,0.615782767820704,0.775553431903913
"PWY_332","fixed",NA,"(Intercept)",-4.18266473273953,0.0497253802870066,-84.1152889851799,129.108299082132,1.2475031126664e-114,3.70277993950663e-114
"PWY_332","fixed",NA,"st131_detectyes",0.00156753458913418,0.0958830170463419,0.0163484070216164,223.755121756697,0.986971007356326,0.990158211901072
"PWY_333","fixed",NA,"(Intercept)",-3.51335427650397,0.0120231545842509,-292.215678662744,115.680462406841,8.73708940906389e-168,1.16328104703536e-166
"PWY_333","fixed",NA,"st131_detectyes",-0.0470118359116534,0.0239214514903551,-1.96525850158415,224.536108037271,0.0506172193720422,0.0976713218524706
"PWY_334","fixed",NA,"(Intercept)",-3.75596300090292,0.0268789456120402,-139.736247660714,121.994000463037,1.73689003642542e-136,9.52224419969702e-136
"PWY_334","fixed",NA,"st131_detectyes",0.0370421106215277,0.0378896257515845,0.97763200049498,176.292802434271,0.329596005239268,0.506068330943983
"PWY_335","fixed",NA,"(Intercept)",-4.26871093245164,0.0520760998824489,-81.9706341697511,128.310830370197,1.08988707445916e-112,3.10634481160838e-112
"PWY_335","fixed",NA,"st131_detectyes",0.0518612155662029,0.0917945038062612,0.564970814327398,208.183946807722,0.572701905462943,0.745678106389058
"PWY_336","fixed",NA,"(Intercept)",-4.87273958600864,0.0710567974985515,-68.5752772084609,125.93433894358,1.37259079332097e-101,2.9750107427329e-101
"PWY_336","fixed",NA,"st131_detectyes",-0.0590969156316035,0.0946012849214198,-0.624694640043126,174.858701340318,0.532985773494049,0.716800491914074
"PWY_337","fixed",NA,"(Intercept)",-6.82309166142029,0.0436448672727987,-156.332052031986,134.856320777865,2.56032616172168e-154,2.31672231332486e-153
"PWY_337","fixed",NA,"st131_detectyes",-0.0873032639378945,0.0767716469242715,-1.13718107446635,211.576589196821,0.256748835297609,0.412568818098916
"PWY_338","fixed",NA,"(Intercept)",-5.53467719135783,0.0731213352603661,-75.6916865870991,133.377281609106,1.8770143297603e-111,5.13480459113086e-111
"PWY_338","fixed",NA,"st131_detectyes",-0.0303664164554213,0.153930367033286,-0.197273722142524,240.601449057675,0.843779893231854,0.912391370932886
"PWY_339","fixed",NA,"(Intercept)",-3.8355717233382,0.0248927858374108,-154.083666986513,123.770263014451,2.74627197913877e-143,1.76518998934989e-142
"PWY_339","fixed",NA,"st131_detectyes",-0.0141869650199714,0.0479619088207147,-0.295796505368529,221.349329250371,0.767662797988103,0.881110502124276
"PWY_340","fixed",NA,"(Intercept)",-6.08876960714334,0.0370847094373442,-164.18544730492,128.40992809237,4.23481042040316e-151,3.49278169187234e-150
"PWY_340","fixed",NA,"st131_detectyes",0.025924550090723,0.0796141582517113,0.3256273841238,243.022778369269,0.744986481511632,0.867909250961052
"PWY_341","fixed",NA,"(Intercept)",-5.19872476962209,0.0758832477190486,-68.5095185813599,132.251954965631,3.51957647500703e-105,8.15981411618544e-105
"PWY_341","fixed",NA,"st131_detectyes",0.0618087007942735,0.143050779762917,0.432075245564624,221.144639609065,0.666107716699548,0.821180412650765
"PWY_342","fixed",NA,"(Intercept)",-4.21764948489497,0.0327375142364603,-128.832307011193,125.661935502219,2.46875211709026e-135,1.29262751299333e-134
"PWY_342","fixed",NA,"st131_detectyes",0.00920233580649888,0.0610204985078405,0.15080728659266,216.083463042608,0.880268424508024,0.937611624733118
"PWY_344","fixed",NA,"(Intercept)",-5.61090614595183,0.0883668168195808,-63.4956236729411,128.240208542018,9.21095054580299e-99,1.91620667604651e-98
"PWY_344","fixed",NA,"st131_detectyes",-0.480275444615296,0.154762983679268,-3.1032966229872,207.146945891593,0.00218090923131752,0.00434317821279472
"PWY_347","fixed",NA,"(Intercept)",-4.91381056350258,0.0754004987770843,-65.1694702714086,129.836496222039,4.68517572477505e-101,1.00151004025008e-100
"PWY_347","fixed",NA,"st131_detectyes",0.0666871168832317,0.14192774778056,0.469866660509114,219.804457038876,0.638916100872629,0.792902537967098
"PWY_348","fixed",NA,"(Intercept)",-4.278434611571,0.0336276430262678,-127.229690413597,128.01285276534,1.24045778818126e-136,6.92279436278401e-136
"PWY_348","fixed",NA,"st131_detectyes",0.0377016102013033,0.0595662551991545,0.6329357129343,208.777167490449,0.527468275149745,0.713498450565402
"PWY_349","fixed",NA,"(Intercept)",-6.46148679236484,0.02225665740615,-290.317035233665,123.3297835637,1.03902193383192e-176,1.89876165163009e-175
"PWY_349","fixed",NA,"st131_detectyes",-0.00212556033676645,0.048111232206628,-0.0441801267454052,243.440810291908,0.964797040118474,0.976556841460771
"PWY_350","fixed",NA,"(Intercept)",-6.7935830342702,0.0753135849911102,-90.2039523821911,127.604717668385,1.92117072214806e-117,6.12240075487166e-117
"PWY_350","fixed",NA,"st131_detectyes",-0.0466750947295658,0.152260123794026,-0.306548382902322,231.983766189877,0.759462107183803,0.875870611962234
"PWY_352","fixed",NA,"(Intercept)",-5.69092054967466,0.0881284998108315,-64.5752572878271,129.059985207866,3.98342423816078e-100,8.41848387747358e-100
"PWY_352","fixed",NA,"st131_detectyes",0.124070128041154,0.170344569495644,0.728348009029585,224.171627693735,0.467160723363871,0.657694553134635
"PWY_353","fixed",NA,"(Intercept)",-3.49764876271216,0.0209495237872578,-166.956003307318,127.784034183329,1.97651192642295e-151,1.64474028163053e-150
"PWY_353","fixed",NA,"st131_detectyes",0.00417449237333664,0.0430465804497621,0.0969761669735536,235.079146275097,0.922827947912043,0.950668715297474
"PWY_354","fixed",NA,"(Intercept)",-4.528282331148,0.0429190191288006,-105.507591344494,121.00727395399,5.80065847693725e-121,1.98757856636232e-120
"PWY_354","fixed",NA,"st131_detectyes",-0.0510258974603216,0.0871386927867926,-0.585571068700442,230.756925850986,0.558736025277299,0.738641100082898
"PWY_355","fixed",NA,"(Intercept)",-4.27520530219963,0.0426213013511425,-100.306775407387,126.391778876267,2.39091244844621e-122,8.40879396962968e-122
"PWY_355","fixed",NA,"st131_detectyes",0.0385644640082852,0.0800355404910709,0.481841738953304,217.771936707454,0.630402251640412,0.789697444259226
"PWY_356","fixed",NA,"(Intercept)",-5.11311615295526,0.0779267970698318,-65.6143502006543,128.819892814985,7.34488338687038e-101,1.56646025550645e-100
"PWY_356","fixed",NA,"st131_detectyes",0.045591334692834,0.134300560492981,0.339472408197556,205.082393151045,0.734601262917578,0.861426425232714
"PWY_358","fixed",NA,"(Intercept)",-6.71232026147522,0.0329697103633647,-203.5905134591,100.934642300175,8.93266068088688e-134,4.45199986876287e-133
"PWY_358","fixed",NA,"st131_detectyes",0.0307025520974567,0.0831832482332029,0.369095373763027,242.292191594112,0.71237897594403,0.845779879719536
"PWY_359","fixed",NA,"(Intercept)",-6.08771533671499,0.0627143017906502,-97.070606909357,134.92943907158,1.03028809387426e-126,4.19313756982886e-126
"PWY_359","fixed",NA,"st131_detectyes",0.152314106220709,0.127210832519716,1.19733597527634,234.681720223316,0.23238362173537,0.381305520171417
"PWY_360","fixed",NA,"(Intercept)",-4.61743673410123,0.059715212508339,-77.3242954373882,126.8024947421,1.49247872078576e-108,3.84251427561416e-108
"PWY_360","fixed",NA,"st131_detectyes",0.120174624248347,0.10355816311939,1.16045534826454,204.772236768563,0.247214586327591,0.400006934821727
"PWY_361","fixed",NA,"(Intercept)",-5.2268902710565,0.0735085906618227,-71.1058425144196,130.488978157475,3.18463303029273e-106,7.61045636982777e-106
"PWY_361","fixed",NA,"st131_detectyes",0.117505772649465,0.146415085553254,0.802552361359827,230.145040255424,0.423061485510465,0.606605083839621
"PWY_362","fixed",NA,"(Intercept)",-5.35344216016025,0.0801918043782578,-66.7579711127153,129.105354797684,5.82240919436615e-102,1.27382285660781e-101
"PWY_362","fixed",NA,"st131_detectyes",0.0352920698461312,0.149199865261897,0.236542236711685,217.454264404416,0.813234602687501,0.904967176499192
"PWY_363","fixed",NA,"(Intercept)",-6.08344832261201,0.0571799118811168,-106.391355328776,132.862295483718,1.84429817999249e-130,8.26387453727405e-130
"PWY_363","fixed",NA,"st131_detectyes",-0.112562390540006,0.129281215304235,-0.870678623148113,250.500614473821,0.384763261203089,0.56561413161085
"PWY_364","fixed",NA,"(Intercept)",-3.94143599295927,0.0197072944437523,-199.998838207281,117.074284314856,3.04640103672591e-150,2.44762566054185e-149
"PWY_364","fixed",NA,"st131_detectyes",0.0117279719375374,0.0383902249579898,0.30549370185695,220.591113000584,0.760278245791253,0.875870611962234
"PWY_365","fixed",NA,"(Intercept)",-4.36118591350632,0.0309930824470923,-140.714816635332,126.508129780912,7.26959813830179e-141,4.39952302915407e-140
"PWY_365","fixed",NA,"st131_detectyes",-0.0575982865343128,0.064850819445319,-0.888165901787543,238.14339715448,0.375347696108074,0.557044670020262
"PWY_366","fixed",NA,"(Intercept)",-3.37672031864277,0.010771736679159,-313.479656922546,132.611068492506,3.2740246344243e-192,1.69521719960191e-190
"PWY_366","fixed",NA,"st131_detectyes",-0.0367134420637994,0.0225591619748348,-1.62742933911969,239.588402639448,0.104960297268463,0.191060541121498
"PWY_367","fixed",NA,"(Intercept)",-5.85300604658368,0.0319580437118527,-183.146568649723,123.737110472363,1.67660002453641e-152,1.43356992923664e-151
"PWY_367","fixed",NA,"st131_detectyes",0.0966767554615118,0.0740832646645563,1.30497428669291,252.335384023251,0.193090376798869,0.327200420320993
"PWY_368","fixed",NA,"(Intercept)",-5.60741889276224,0.094855975460146,-59.1150833203778,129.407443465032,1.62851911071524e-95,3.30670982829325e-95
"PWY_368","fixed",NA,"st131_detectyes",-0.0232549700307321,0.181594297318356,-0.128060023768056,222.588801706718,0.898217095269165,0.942723347737457
"PWY_369","fixed",NA,"(Intercept)",-3.68834501732941,0.0151583374361966,-243.32121071022,128.092620138706,1.302498008951e-172,1.99004613826611e-171
"PWY_369","fixed",NA,"st131_detectyes",-0.00113156796720625,0.0305517937668296,-0.0370376932969088,231.559547083997,0.970486861148095,0.97982923703576
"PWY_370","fixed",NA,"(Intercept)",-5.53367977242136,0.0581496278173973,-95.1627719750561,124.530245613113,3.72035723379703e-118,1.20814388219471e-117
"PWY_370","fixed",NA,"st131_detectyes",8.53317198458037e-07,0.134698769505461,6.33500366477691e-06,252.298624096073,0.99999495040444,0.99999495040444
"PWY_371","fixed",NA,"(Intercept)",-5.06281259184037,0.0689111105982631,-73.4687418021089,131.202219690941,1.84302162793954e-108,4.72549430651767e-108
"PWY_371","fixed",NA,"st131_detectyes",0.11781732628146,0.138329296206687,0.851716371819179,231.77672577015,0.395250678928588,0.574685854542034
"PWY_372","fixed",NA,"(Intercept)",-4.6360615330849,0.0495105832080568,-93.6377887855395,126.003168140401,2.40881398479106e-118,7.84970151687157e-118
"PWY_372","fixed",NA,"st131_detectyes",0.0682816983599008,0.0988497695792675,0.690762342193886,229.082411965091,0.490414219993757,0.68343117492201
"PWY_374","fixed",NA,"(Intercept)",-3.67843617885677,0.0225045428066306,-163.453050811278,126.205527326198,9.20054236502604e-149,6.7518940820506e-148
"PWY_374","fixed",NA,"st131_detectyes",0.0231143688159973,0.0373447431579,0.618945716623775,198.010943726859,0.536663537325074,0.719669664441681
"PWY_375","fixed",NA,"(Intercept)",-3.20054185752173,0.0104161513423226,-307.267219180792,130.927783850128,5.1009036937811e-189,1.98085093441833e-187
"PWY_375","fixed",NA,"st131_detectyes",-0.0422838302565645,0.0204280246332658,-2.0698932479114,227.503479470099,0.039591390392261,0.07687328301164
"PWY_376","fixed",NA,"(Intercept)",-3.67843617885677,0.0225045428066306,-163.453050811278,126.205527326198,9.20054236502604e-149,6.7518940820506e-148
"PWY_376","fixed",NA,"st131_detectyes",0.0231143688159973,0.0373447431579,0.618945716623775,198.010943726859,0.536663537325074,0.719669664441681
"PWY_377","fixed",NA,"(Intercept)",-3.51658640143018,0.0168092808173322,-209.205048071075,127.742111574134,7.35693869825804e-164,8.9047621646448e-163
"PWY_377","fixed",NA,"st131_detectyes",0.00824457982541997,0.0294737130694744,0.279726541613068,207.030932670206,0.779966584607852,0.887581021800389
"PWY_378","fixed",NA,"(Intercept)",-3.38502205311004,0.0136294427535054,-248.361001570621,128.826241047598,1.41432517397936e-174,2.27267424508408e-173
"PWY_378","fixed",NA,"st131_detectyes",0.000863176247359561,0.0240626582065672,0.035872023778486,208.728859314508,0.971418685644895,0.97982923703576
"PWY_379","fixed",NA,"(Intercept)",-4.06041120897237,0.0334373998502979,-121.433222294532,119.542137233612,4.61207980869781e-127,1.9019727352683e-126
"PWY_379","fixed",NA,"st131_detectyes",0.0165104765226406,0.0672730662358618,0.245424765756243,228.37699143409,0.806347958325747,0.901098677649396
"PWY_380","fixed",NA,"(Intercept)",-3.52315797576024,0.0188189489893541,-187.213323005089,119.063710695033,6.28544944649466e-149,4.68643110730642e-148
"PWY_380","fixed",NA,"st131_detectyes",-0.072105329001181,0.0402186593529503,-1.79283273389101,240.634918108177,0.0742555789598784,0.140377686796362
"PWY_381","fixed",NA,"(Intercept)",-3.35590407859323,0.0157830282968793,-212.627387816112,115.739547234361,6.62490927932955e-152,5.61310495303195e-151
"PWY_381","fixed",NA,"st131_detectyes",-0.0389346084854981,0.0365843151067317,-1.0642431974443,252.240189638842,0.288236261099343,0.451489403940483
"PWY_382","fixed",NA,"(Intercept)",-4.15029359294897,0.024074425766172,-172.394292319143,119.013727807257,1.24779841670053e-144,8.42716032148474e-144
"PWY_382","fixed",NA,"st131_detectyes",-0.123499152679115,0.0485227992600916,-2.54517782490527,228.568944594499,0.0115810377209584,0.0229161935370132
"PWY_383","fixed",NA,"(Intercept)",-6.37299487816081,0.0473839194267735,-134.496997193522,132.714964115595,9.776206830328e-144,6.37162571039559e-143
"PWY_383","fixed",NA,"st131_detectyes",0.124683232639975,0.101590781977777,1.22730852359468,243.449062491355,0.220892123601905,0.367627605708885
"PWY_384","fixed",NA,"(Intercept)",-3.4476551955793,0.0125096774899438,-275.59904708581,128.891303977336,1.83254410049103e-180,3.79540244812809e-179
"PWY_384","fixed",NA,"st131_detectyes",0.00457821844922644,0.0246857811654816,0.18545973564848,227.8918095981,0.853033416619683,0.920170305890677
"PWY_385","fixed",NA,"(Intercept)",-5.36242552548514,0.0610428741827005,-87.8468715191141,137.162018359448,1.90459240552248e-122,6.90692654454066e-122
"PWY_385","fixed",NA,"st131_detectyes",0.0683023758980844,0.130128673277646,0.524883364885711,243.224527156831,0.600142363032932,0.766209153899579
"PWY_386","fixed",NA,"(Intercept)",-6.44270139445546,0.0531909330115693,-121.124053098563,128.236737255844,4.19042216204301e-134,2.13413850001316e-133
"PWY_386","fixed",NA,"st131_detectyes",0.131982359497064,0.112987162426706,1.16811818849491,241.189714656249,0.243912457926066,0.395350279629728
"PWY_387","fixed",NA,"(Intercept)",-5.98812626963559,0.0949001707374269,-63.0992149234772,130.427339250476,1.306250640079e-99,2.74813904413912e-99
"PWY_387","fixed",NA,"st131_detectyes",-0.0316130560785179,0.179463035773214,-0.17615357916082,220.874221950488,0.860334690209316,0.924834984169645
"PWY_388","fixed",NA,"(Intercept)",-7.09338559652274,0.0315453537518266,-224.863086092734,127.347717811746,2.00018457903524e-167,2.62559440515612e-166
"PWY_388","fixed",NA,"st131_detectyes",0.065992596309152,0.0690878456543115,0.955198351955467,246.077130056159,0.340414806141608,0.517563783562771
"PWY_389","fixed",NA,"(Intercept)",-3.79681483162117,0.0312498474351376,-121.498667777558,131.121810994888,1.24815786800493e-136,6.92430436297973e-136
"PWY_389","fixed",NA,"st131_detectyes",0.0135727469780227,0.0589349439728006,0.230300498534226,220.714105849899,0.818071584999641,0.905513915937845
"PWY_392","fixed",NA,"(Intercept)",-6.46035640881572,0.0400443522495619,-161.330026480485,133.197580572628,1.31489050040103e-154,1.21334450136016e-153
"PWY_392","fixed",NA,"st131_detectyes",0.327721194852862,0.0934100154844246,3.50841602105833,252.708669710373,0.000533452201307744,0.00106461981074693
"PWY_393","fixed",NA,"(Intercept)",-5.3719028467077,0.086285139413012,-62.2575669837488,122.957731621946,7.85296458088145e-95,1.58419112324275e-94
"PWY_393","fixed",NA,"st131_detectyes",-0.0129554329725671,0.106788788135023,-0.121318288172597,167.128911957039,0.903584673384342,0.943046937955439
"PWY_394","fixed",NA,"(Intercept)",-4.84039643879088,0.0575471512003598,-84.1118341712216,128.414359131478,3.61306628471871e-114,1.05892382935781e-113
"PWY_394","fixed",NA,"st131_detectyes",-0.0877077163059738,0.122118623765902,-0.718217366043257,241.04823901077,0.473318813083953,0.665359176160248
"PWY_395","fixed",NA,"(Intercept)",-5.94769466039127,0.0757059128015468,-78.5631457345,129.108068249536,7.11489286438236e-111,1.92763957837336e-110
"PWY_395","fixed",NA,"st131_detectyes",0.064520744777087,0.144803377886028,0.445574859640845,222.301892610829,0.656337992373521,0.811282505161964
"PWY_397","fixed",NA,"(Intercept)",-4.00193678656504,0.0198358917018375,-201.752300663868,120.617373179798,2.03897063955337e-154,1.86305944712132e-153
"PWY_397","fixed",NA,"st131_detectyes",-0.0395837297498358,0.0425785477461639,-0.929663688527331,241.747746404404,0.353472608032608,0.531349146268372
"PWY_398","fixed",NA,"(Intercept)",-3.91959448647817,0.0198314218124448,-197.645661695245,119.119781509758,8.80465050601703e-152,7.39273357802511e-151
"PWY_398","fixed",NA,"st131_detectyes",-0.0219846937700947,0.0409068323706086,-0.53743329649476,233.464201151614,0.59148022253843,0.759310698906084
"PWY_399","fixed",NA,"(Intercept)",-5.98640444326488,0.0395440762983846,-151.385618369076,130.554148052603,1.50287497493389e-148,1.08579804390573e-147
"PWY_399","fixed",NA,"st131_detectyes",0.123228868372494,0.0840711985111463,1.46576795091313,241.740176497244,0.144011003411136,0.25134504715202
"PWY_400","fixed",NA,"(Intercept)",-5.97943842458381,0.0743348359763944,-80.4392495933217,127.992045039522,1.87872142229144e-111,5.13480459113086e-111
"PWY_400","fixed",NA,"st131_detectyes",-0.175502816577963,0.14936785181459,-1.17497048023302,230.958123649613,0.241216462521841,0.391661573293303
"PWY_401","fixed",NA,"(Intercept)",-3.85867423042009,0.0284119717406959,-135.811560902446,122.926867922928,8.35563661281705e-136,4.44997332751171e-135
"PWY_401","fixed",NA,"st131_detectyes",-0.00379032324688616,0.0440050940053299,-0.0861337382082873,186.84056508053,0.931452337263552,0.954045762686353
"PWY_402","fixed",NA,"(Intercept)",-4.6360820345028,0.0444248223477847,-104.357919502946,118.033282947777,4.17437602079522e-118,1.35087446228512e-117
"PWY_402","fixed",NA,"st131_detectyes",0.035044874589849,0.0910452915837662,0.38491693507957,231.778106629326,0.700651929719004,0.84178799328025
"PWY_403","fixed",NA,"(Intercept)",-3.53906898910984,0.0135684856889632,-260.830063887569,109.721458403282,4.44991684428222e-155,4.18921464532427e-154
"PWY_403","fixed",NA,"st131_detectyes",-0.0610695957656279,0.02774736934157,-2.20091479714208,228.535624615641,0.0287429109642773,0.0561601530790491
"PWY_404","fixed",NA,"(Intercept)",-5.76010709191737,0.0698617247902247,-82.450112836655,125.251273191905,5.35894111215609e-111,1.45613210394445e-110
"PWY_404","fixed",NA,"st131_detectyes",-0.036954212006283,0.109173527837957,-0.338490591429207,189.663934397399,0.735367933929383,0.861426425232714
"PWY_407","fixed",NA,"(Intercept)",-6.17117236275048,0.0173934210746464,-354.7992276083,133.376022587179,2.62305761369987e-200,4.0744828266138e-198
"PWY_407","fixed",NA,"st131_detectyes",-0.0466161091130905,0.0363128833272696,-1.28373472007065,239.214976859122,0.200476862778643,0.337874206346646
"PWY_408","fixed",NA,"(Intercept)",-4.49168537217604,0.0521178934894082,-86.1831718714585,125.205396331275,2.47099804746453e-113,7.1743619322023e-113
"PWY_408","fixed",NA,"st131_detectyes",-0.128280097767165,0.105454517024291,-1.21644953091593,231.404708453458,0.225053038511566,0.373219629702454
"PWY_409","fixed",NA,"(Intercept)",-6.28961174499577,0.0730929881638755,-86.0494543046233,133.522305127799,7.87751026496726e-119,2.59428959962879e-118
"PWY_409","fixed",NA,"st131_detectyes",-0.269359369035944,0.143141000442487,-1.88177648754223,228.179068741476,0.0611393375009852,0.117005877927963
"PWY_410","fixed",NA,"(Intercept)",-5.48892111626579,0.0784520590622733,-69.9652906740003,131.204213085139,9.54282964176078e-106,2.23465256937715e-105
"PWY_410","fixed",NA,"st131_detectyes",-0.137767817371892,0.155665489196246,-0.885024793120386,229.692995688186,0.3770687833076,0.558709230592501
"PWY_411","fixed",NA,"(Intercept)",-6.02406399246399,0.0676716608626899,-89.0190061196695,135.793188787425,2.66683726143664e-122,9.3439561190186e-122
"PWY_411","fixed",NA,"st131_detectyes",0.130745286442379,0.144695983787894,0.903586146758808,243.479489170017,0.367108003334593,0.547431454572546
"PWY_412","fixed",NA,"(Intercept)",-6.15050783279464,0.0689963559293084,-89.1425025271807,133.596613070408,6.80665339582999e-121,2.32373661718445e-120
"PWY_412","fixed",NA,"st131_detectyes",-0.306355090232416,0.134953978414119,-2.27007083327574,227.994970288597,0.0241377855673026,0.0475611335068204
"PWY_414","fixed",NA,"(Intercept)",-4.2661576530599,0.0512872881244317,-83.1815798626256,126.939482560443,1.37892172646251e-112,3.91815563738739e-112
"PWY_414","fixed",NA,"st131_detectyes",0.0936613641366081,0.089749877585998,1.04358208229156,206.243350576989,0.297900445014523,0.464286312296881
"PWY_415","fixed",NA,"(Intercept)",-6.1934523431982,0.0454255094629268,-136.343046372499,133.621058356722,2.69657591945298e-145,1.86163611624458e-144
"PWY_415","fixed",NA,"st131_detectyes",0.135774087776522,0.0951808379727856,1.42648552658617,239.871906506284,0.155028476436459,0.269564440370859
"PWY_416","fixed",NA,"(Intercept)",-6.92470663446851,0.021400077766679,-323.583246283835,131.284355204695,2.13190416281832e-192,1.32462311983112e-190
"PWY_416","fixed",NA,"st131_detectyes",0.0029380790646342,0.0556071125437459,0.0528363896313232,237.97493051455,0.957906593062092,0.972757388536021
"PWY_417","fixed",NA,"(Intercept)",-3.68852448641271,0.0271834755352101,-135.689951847219,124.675631689557,2.76458078692359e-137,1.57109103256877e-136
"PWY_417","fixed",NA,"st131_detectyes",-0.0105305089229547,0.0508931931789049,-0.206913896833646,216.393561649499,0.836271672854626,0.907340161933076
"PWY_418","fixed",NA,"(Intercept)",-6.18521012333036,0.0825046521152678,-74.9680165269827,133.092033114848,9.78215929151395e-111,2.63496313863902e-110
"PWY_418","fixed",NA,"st131_detectyes",0.284433872514845,0.168801278241871,1.68502202991193,235.682384334918,0.0933079353940179,0.171524646523126
"PWY_420","fixed",NA,"(Intercept)",-7.39959172387806,0.0374274051712314,-197.705175927231,124.783432845134,1.10948944504467e-157,1.136312266793e-156
"PWY_420","fixed",NA,"st131_detectyes",-0.0466804743916977,0.0821892556002947,-0.56796322160059,246.216124907167,0.570577508376242,0.745678106389058
"PWY_421","fixed",NA,"(Intercept)",-6.68044039386422,0.0599515198982407,-111.430709433278,120.55814176345,1.90125725829335e-123,7.1739747559895e-123
"PWY_421","fixed",NA,"st131_detectyes",-0.0281750441250644,0.097466003329241,-0.289075607521207,191.191341718352,0.772836723848937,0.881937233516385
"PWY_422","fixed",NA,"(Intercept)",-6.22487785736326,0.0811327930521152,-76.7245601093105,132.449309464167,1.19854690759159e-111,3.31467572069839e-111
"PWY_422","fixed",NA,"st131_detectyes",-0.102510463520005,0.169247638833957,-0.605683271130148,238.884746850112,0.545300117442681,0.727066823256908
"PWY_423","fixed",NA,"(Intercept)",-4.16824703230939,0.0348521276582902,-119.598065093105,133.570835870934,1.03241666945456e-137,5.90314316522487e-137
"PWY_423","fixed",NA,"st131_detectyes",-0.103820288936499,0.0720339377054379,-1.441269105141,237.550139637503,0.15082555878617,0.262746580913478
"PWY_427","fixed",NA,"(Intercept)",-3.45805163139355,0.0168418560373746,-205.32485396619,114.847311870452,3.35464448743247e-149,2.58390798536121e-148
"PWY_427","fixed",NA,"st131_detectyes",-0.0240703685110678,0.029722763682151,-0.80982942126349,199.979641080083,0.419000783439714,0.601708366973519
"PWY_428","fixed",NA,"(Intercept)",-6.39081816332347,0.0563461648267306,-113.420641546338,133.398135653532,1.5679724950815e-134,8.07375892495003e-134
"PWY_428","fixed",NA,"st131_detectyes",0.00951266298981345,0.118490246140212,0.0802822451609808,240.429218281665,0.936079563320851,0.956386532501055
"PWY_429","fixed",NA,"(Intercept)",-3.43532673818091,0.0155435524794268,-221.012972596056,128.813525337151,4.74332906389686e-168,6.4069314312346e-167
"PWY_429","fixed",NA,"st131_detectyes",0.0112455319888867,0.0295521708354002,0.380531503134646,221.10265510344,0.703916247272643,0.84178799328025
"PWY_430","fixed",NA,"(Intercept)",-3.99633048762464,0.0401382044568429,-99.5642565905396,126.977238239336,2.23869823938265e-122,8.02487215040243e-122
"PWY_430","fixed",NA,"st131_detectyes",0.1350763075334,0.075096019192864,1.79871461876685,217.397452711192,0.0734509081297478,0.139422090380703
"PWY_431","fixed",NA,"(Intercept)",-5.96928816449688,0.0640271333186458,-93.2306017011466,123.930678671642,1.23686676350153e-116,3.82976685575888e-116
"PWY_431","fixed",NA,"st131_detectyes",0.0114808297076421,0.119080709544365,0.096412170800551,214.812655308291,0.923283113074265,0.950668715297474
"PWY_432","fixed",NA,"(Intercept)",-6.4668951047936,0.040320153279797,-160.388653781084,121.68054390287,1.87694114271426e-143,1.21479801736784e-142
"PWY_432","fixed",NA,"st131_detectyes",-0.0208886749294968,0.0990174290619405,-0.210959576787535,250.590334645662,0.83309026405817,0.907261733935292
"PWY_435","fixed",NA,"(Intercept)",-4.18102513864083,0.0344824524068059,-121.250805752308,118.104575106482,8.72562775470039e-126,3.47533549888067e-125
"PWY_435","fixed",NA,"st131_detectyes",-0.0729317507026271,0.0665057944526865,-1.09662250188609,218.986299607861,0.274010906437748,0.435798916040923
"PWY_436","fixed",NA,"(Intercept)",-6.68376391716443,0.0266755658819273,-250.557530691137,125.921958296224,8.8304798794868e-172,1.28593863245026e-170
"PWY_436","fixed",NA,"st131_detectyes",0.0796455446310042,0.0647175947695424,1.23066292736341,252.031620045628,0.219596271503005,0.3672314774669
"PWY_438","fixed",NA,"(Intercept)",-3.20801777407144,0.0100563699113623,-319.003557182879,128.495285502657,3.77417129479076e-188,1.30278801731296e-186
"PWY_438","fixed",NA,"st131_detectyes",-0.0375819503487763,0.0210500434904333,-1.78536212363914,238.643353262393,0.0754725158224533,0.14210178736672
"PWY_439","fixed",NA,"(Intercept)",-3.20801777407144,0.0100563699113623,-319.003557182879,128.495285502657,3.77417129479076e-188,1.30278801731296e-186
"PWY_439","fixed",NA,"st131_detectyes",-0.0375819503487763,0.0210500434904333,-1.78536212363914,238.643353262393,0.0754725158224533,0.14210178736672
"PWY_440","fixed",NA,"(Intercept)",-6.2666155144063,0.0833949324490803,-75.1438406432262,130.240439018626,3.97407894805674e-109,1.03171074640359e-108
"PWY_440","fixed",NA,"st131_detectyes",0.000882062120248768,0.162356429781674,0.00543287457992828,225.930283638407,0.995670008598334,0.996739471550642
"PWY_441","fixed",NA,"(Intercept)",-6.19264169308783,0.0862325250310348,-71.8132942397212,129.461348564245,3.68814858008649e-106,8.79118791979695e-106
"PWY_441","fixed",NA,"st131_detectyes",0.0430968613790668,0.171254710437731,0.2516535823681,229.264865345053,0.801534268599455,0.901098677649396
"PWY_442","fixed",NA,"(Intercept)",-6.50683761910894,0.0467048981379124,-139.318098926054,131.659170129021,7.83242217297851e-145,5.32833391621604e-144
"PWY_442","fixed",NA,"st131_detectyes",0.0967817321350279,0.0886899712922532,1.09123648057243,222.128432085788,0.27635107610067,0.438772066313159
"PWY_443","fixed",NA,"(Intercept)",-3.35899453064907,0.0100390797843039,-334.591875233511,127.648344238458,9.57645408035832e-190,3.88054574038867e-188
"PWY_443","fixed",NA,"st131_detectyes",-0.0132488565493808,0.0206540241078723,-0.641466112375217,235.277949940268,0.521844295176275,0.708977963708875
"PWY_445","fixed",NA,"(Intercept)",-5.00927388341806,0.0768273637426974,-65.2016890777956,128.466887818324,2.54272721473763e-100,5.39822725315597e-100
"PWY_445","fixed",NA,"st131_detectyes",-0.0417478355101974,0.140833297729243,-0.296434409925265,214.612476541301,0.767185017770524,0.881110502124276
"PWY_446","fixed",NA,"(Intercept)",-6.57511093845941,0.0719548775682298,-91.3782520472596,133.680668129126,2.29504320680083e-122,8.19532670014704e-122
"PWY_446","fixed",NA,"st131_detectyes",0.122216450554905,0.141262533454976,0.86517243862017,228.664500078053,0.387850903770639,0.56657843622921
"PWY_447","fixed",NA,"(Intercept)",-6.5069456189423,0.0779178977245701,-83.5102820913307,131.952199422497,4.23500110074379e-116,1.28150033308221e-115
"PWY_447","fixed",NA,"st131_detectyes",0.108913865773421,0.152391027817877,0.714699988135685,227.386322958183,0.475527537529419,0.66645363154499
"PWY_448","fixed",NA,"(Intercept)",-4.93507131387741,0.058865205401364,-83.8368146382627,122.258793225706,6.92843811718159e-110,1.82926468136352e-109
"PWY_448","fixed",NA,"st131_detectyes",0.0110426921825566,0.115384286615914,0.0957036049398559,224.077258737979,0.923841511204322,0.950668715297474
"PWY_450","fixed",NA,"(Intercept)",-5.2128618090968,0.0702665732788871,-74.1869364883787,128.110572502022,4.03029056504477e-107,9.91089922591484e-107
"PWY_450","fixed",NA,"st131_detectyes",0.0323615505573712,0.130940209488529,0.247147539199609,217.24511568614,0.805027447797279,0.901098677649396
"PWY_451","fixed",NA,"(Intercept)",-3.25093418103096,0.00939614911540823,-345.985801321516,124.702165118203,7.57022407861172e-188,2.35181628042204e-186
"PWY_451","fixed",NA,"st131_detectyes",-0.0171587504547022,0.0192763834404996,-0.890143657271919,233.942408071156,0.374303227129525,0.556380554521081
"PWY_452","fixed",NA,"(Intercept)",-3.27169660961809,0.0102690043254044,-318.599204552311,126.641463967385,8.66657727953691e-186,2.243680562369e-184
"PWY_452","fixed",NA,"st131_detectyes",-0.0340745076186218,0.0215669957271018,-1.57993760697057,238.854164884473,0.115444486760851,0.208112691800992
"PWY_453","fixed",NA,"(Intercept)",-5.3861708574508,0.0665806552635203,-80.8969337434848,125.087436131895,7.10302319141505e-110,1.87006147299402e-109
"PWY_453","fixed",NA,"st131_detectyes",-0.0236036794391133,0.105665392903387,-0.223381362530822,191.407374855996,0.823476931842283,0.905571720481764
"PWY_454","fixed",NA,"(Intercept)",-4.04695890074537,0.0322284051260251,-125.571181227251,121.582131719717,1.62704786257601e-130,7.36120683456721e-130
"PWY_454","fixed",NA,"st131_detectyes",0.0235495098529431,0.0495395993945071,0.475367385703048,184.905810369952,0.635086201734621,0.79144058858352
"PWY_455","fixed",NA,"(Intercept)",-6.5131865387152,0.0226198673018908,-287.940970289015,131.527004630396,4.84952258305645e-186,1.32933971982606e-184
"PWY_455","fixed",NA,"st131_detectyes",-0.00575007802289522,0.0440317077036267,-0.130589484777617,226.396540823011,0.896216023285933,0.941837713226997
"PWY_456","fixed",NA,"(Intercept)",-5.64875356605,0.0674151218188396,-83.7906008866902,131.745693383239,3.74750723875829e-116,1.13767972199437e-115
"PWY_456","fixed",NA,"st131_detectyes",0.0671677964722387,0.129776564292753,0.517564915039052,224.526313649767,0.605271408531429,0.767404415791136
"PWY_457","fixed",NA,"(Intercept)",-4.04213210170424,0.0406964403064861,-99.3239721032805,127.131947227377,2.33257041969634e-122,8.23468042104921e-122
"PWY_457","fixed",NA,"st131_detectyes",-0.0245581879233597,0.0646801876220604,-0.379686405161009,193.077506673667,0.704595503729217,0.84178799328025
"PWY_458","fixed",NA,"(Intercept)",-6.13742353441866,0.0724322761710139,-84.7332689080223,132.747398118857,1.92474616006158e-117,6.12240075487166e-117
"PWY_458","fixed",NA,"st131_detectyes",-0.310339644501666,0.141074571447667,-2.19982695192371,226.949931569866,0.0288281265766573,0.0562088158356582
"PWY_462","fixed",NA,"(Intercept)",-4.89203845990501,0.0490352399452146,-99.7657697886401,127.660643861076,5.45152726682746e-123,2.03232936507328e-122
"PWY_462","fixed",NA,"st131_detectyes",0.146783247282901,0.0911208560598285,1.61086334819468,216.538334655435,0.108666194634929,0.197420844833829
"PWY_467","fixed",NA,"(Intercept)",-3.45280091714967,0.013306180773667,-259.48850206385,102.692401643283,1.71679191670321e-146,1.20304516268225e-145
"PWY_467","fixed",NA,"st131_detectyes",-0.0107616045940584,0.0276922193619698,-0.388614738796902,230.439689232209,0.697919971733436,0.841490497083825
"PWY_468","fixed",NA,"(Intercept)",-4.07549786695315,0.030016792647488,-135.773928774306,129.303749175661,2.44903347821742e-141,1.50164421164384e-140
"PWY_468","fixed",NA,"st131_detectyes",0.066223620539654,0.0496573261255073,1.33361229262075,199.680001270804,0.183850195167554,0.312679529007592
"PWY_469","fixed",NA,"(Intercept)",-6.79886933364089,0.0535805219488367,-126.890688749412,137.803982557694,1.30836334786815e-144,8.64818893768169e-144
"PWY_469","fixed",NA,"st131_detectyes",-0.0282321708050608,0.127491190919655,-0.221444090383097,252.969719333582,0.824925311898087,0.905571720481764
"PWY_470","fixed",NA,"(Intercept)",-6.79886933364089,0.0535805219488367,-126.890688749412,137.803982557694,1.30836334786815e-144,8.64818893768169e-144
"PWY_470","fixed",NA,"st131_detectyes",-0.0282321708050608,0.127491190919655,-0.221444090383097,252.969719333582,0.824925311898087,0.905571720481764
"PWY_471","fixed",NA,"(Intercept)",-6.02613841221375,0.0709676624046203,-84.9138636954938,126.361149598699,2.57327151112333e-113,7.44810263467996e-113
"PWY_471","fixed",NA,"st131_detectyes",0.108885782050014,0.125672591659471,0.866424258561139,207.770372809492,0.387256984043141,0.56657843622921
"PWY_472","fixed",NA,"(Intercept)",-4.72335391206469,0.0617905913389314,-76.4413126612808,126.66279246018,7.59636806976761e-108,1.90830594097666e-107
"PWY_472","fixed",NA,"st131_detectyes",-0.0682240804994693,0.116461254927621,-0.585809250826549,218.564518520609,0.558608120065526,0.738641100082898
"PWY_473","fixed",NA,"(Intercept)",-6.63879798812441,0.039017308233394,-170.150076689361,124.513392086482,2.57687632419324e-149,2.00137394512341e-148
"PWY_473","fixed",NA,"st131_detectyes",0.0901152866088481,0.091512199229583,0.984735230575867,252.862293466322,0.325695430556782,0.501732464923837
"PWY_474","fixed",NA,"(Intercept)",-3.50431911784735,0.0133570269401146,-262.35771879167,127.220391010863,8.64637663408905e-176,1.46516782235836e-174
"PWY_474","fixed",NA,"st131_detectyes",-0.00107349217410303,0.0244572268458499,-0.04389263676005,213.77325260355,0.965030955992886,0.976556841460771
"PWY_475","fixed",NA,"(Intercept)",-6.63006571670184,0.0496494544934876,-133.537533983812,130.554292848792,1.75445475179623e-141,1.08288200574443e-140
"PWY_475","fixed",NA,"st131_detectyes",0.0959399746274053,0.100882878473974,0.951003540726253,233.778367735418,0.342584731797977,0.519169056968642
"PWY_476","fixed",NA,"(Intercept)",-4.16590538635665,0.0358644775630441,-116.15686800494,126.603334716868,1.74506232240392e-130,7.85699557720024e-130
"PWY_476","fixed",NA,"st131_detectyes",0.0371176215748998,0.0630206007350356,0.588976003750861,206.686053801231,0.55652052796843,0.737805308771803
"PWY_477","fixed",NA,"(Intercept)",-4.45453410077237,0.0476679506318965,-93.4492471717813,117.421426768863,4.53893351642787e-112,1.27035616736059e-111
"PWY_477","fixed",NA,"st131_detectyes",-0.0942722243871053,0.0988882162218717,-0.953321113362893,234.185712530433,0.341410337635753,0.518231978300524
"PWY_478","fixed",NA,"(Intercept)",-6.42887049162722,0.0782053144920831,-82.2050334223517,133.543762996157,3.04910541617975e-116,9.31726638649025e-116
"PWY_478","fixed",NA,"st131_detectyes",-0.258268182446749,0.153750171634338,-1.67979118137822,228.861252244834,0.094362468140464,0.173121693517544
"PWY_479","fixed",NA,"(Intercept)",-4.44786664441854,0.0413584888568684,-107.544225317601,123.731842174523,4.49226303073395e-124,1.71589719042788e-123
"PWY_479","fixed",NA,"st131_detectyes",-0.0441599257296045,0.0809597746467529,-0.545455146364784,224.406160151766,0.585982271809004,0.755374104185327
"PWY_480","fixed",NA,"(Intercept)",-4.18027650909327,0.0388493239237876,-107.602297463243,119.336817524084,1.11126694167089e-120,3.76618468959006e-120
"PWY_480","fixed",NA,"st131_detectyes",-0.01663720547357,0.0609553131578007,-0.2729410220648,185.616579583845,0.785201975642716,0.890534810890546
"PWY_481","fixed",NA,"(Intercept)",-5.32395155159637,0.0725257143806164,-73.4077781523966,130.830904934728,3.42938697377009e-108,8.68529527052641e-108
"PWY_481","fixed",NA,"st131_detectyes",0.0437929260506799,0.136883336959862,0.31992883153865,220.716172784363,0.7493249215395,0.870535457573278
"PWY_482","fixed",NA,"(Intercept)",-3.55528988384247,0.0164539194575113,-216.075561389688,115.596140030909,1.48158632431247e-152,1.27855412431409e-151
"PWY_482","fixed",NA,"st131_detectyes",-0.0373388243832195,0.0398223052252061,-0.937635934737032,252.082453169434,0.349329000389704,0.526819786995475
"PWY_483","fixed",NA,"(Intercept)",-4.53791303175517,0.0530220724685816,-85.585357578094,124.909624383689,9.2248546698472e-113,2.63728973996859e-112
"PWY_483","fixed",NA,"st131_detectyes",0.0587690570341317,0.0925093155009654,0.63527717955624,204.537488576246,0.525957712684056,0.713498450565402
"PWY_484","fixed",NA,"(Intercept)",-4.48945194356757,0.0503441755776696,-89.1752003494697,128.160084306696,3.36620441720012e-117,1.06710969960222e-116
"PWY_484","fixed",NA,"st131_detectyes",0.0125013540699595,0.0881209318394392,0.141865885993325,207.011791404244,0.887323908926104,0.939756685362646
"PWY_485","fixed",NA,"(Intercept)",-3.3933308128267,0.0123530958262827,-274.694769679272,126.595010373746,1.3664251696291e-177,2.57519098202759e-176
"PWY_485","fixed",NA,"st131_detectyes",-0.0122973455532869,0.0236583224572396,-0.519789413451157,221.451078554738,0.603729536557481,0.767404415791136
"PWY_486","fixed",NA,"(Intercept)",-5.6689112709919,0.085902485305981,-65.9924011604493,129.894259500293,8.94105348878027e-102,1.94697706811757e-101
"PWY_486","fixed",NA,"st131_detectyes",0.132110583497975,0.166933183430158,0.791397976024627,225.468564898773,0.429543532024902,0.614010079520259
"PWY_487","fixed",NA,"(Intercept)",-5.5238661293404,0.0831098044544165,-66.464674843148,128.485413645178,2.2647704565401e-101,4.85233578274799e-101
"PWY_487","fixed",NA,"st131_detectyes",-0.0249454607437046,0.151404112037265,-0.16476078759053,213.580987221261,0.869288098118471,0.931467091565086
"PWY_488","fixed",NA,"(Intercept)",-5.16076696561332,0.0737663987899631,-69.9609449596109,127.421678150584,1.56697824208297e-103,3.52759353048631e-103
"PWY_488","fixed",NA,"st131_detectyes",0.0833125051891435,0.122510566703278,0.680043423445482,198.945259809702,0.497267533371735,0.687616233089699
"PWY_489","fixed",NA,"(Intercept)",-4.29707297806996,0.0546612286483963,-78.6128135851192,125.742901434746,9.08638658783887e-109,2.34584828251131e-108
"PWY_489","fixed",NA,"st131_detectyes",0.0515278779466625,0.0935361025640631,0.550887588152082,202.095991724068,0.582319206599209,0.751691829017262
"PWY_490","fixed",NA,"(Intercept)",-4.25577865058891,0.0375197214543585,-113.427778395581,127.101420322901,1.38767678262098e-129,6.07190028827585e-129
"PWY_490","fixed",NA,"st131_detectyes",0.0508344864343267,0.0649383820027963,0.782811102871916,204.657828955707,0.434642906286969,0.618453723144207
"PWY_491","fixed",NA,"(Intercept)",-6.4154951318478,0.0878162892513244,-73.0558668163156,129.364749290692,4.82549235599739e-107,1.17731907743182e-106
"PWY_491","fixed",NA,"st131_detectyes",0.0422771167854187,0.174637408488686,0.24208511309968,229.482124073276,0.808930414859742,0.902901972035066
"PWY_492","fixed",NA,"(Intercept)",-3.29109681224032,0.0109234361656689,-301.287686614937,118.485805522389,9.0534501281237e-173,1.40630258656855e-171
"PWY_492","fixed",NA,"st131_detectyes",-0.0197158309827338,0.0235370009377022,-0.837652640407231,242.105360388642,0.403051964666868,0.583107401886891
"PWY_493","fixed",NA,"(Intercept)",-3.75544714760302,0.0252983948237779,-148.446064414857,112.9765394479,2.41858863251122e-131,1.13272593241229e-130
"PWY_493","fixed",NA,"st131_detectyes",0.017905212933962,0.0476814541137029,0.375517342471659,211.57704740046,0.70765195442271,0.842313692876074
"PWY_494","fixed",NA,"(Intercept)",-4.84735741907638,0.0721387034551161,-67.1949617460529,128.194684177846,8.4686666859856e-102,1.84843029305353e-101
"PWY_494","fixed",NA,"st131_detectyes",0.0599209478566849,0.126709704059989,0.472899438138661,207.567697014579,0.636781817510674,0.79144058858352
"PWY_495","fixed",NA,"(Intercept)",-5.05987992115493,0.0772223373514297,-65.5235271904296,133.693828889976,1.72691533811263e-103,3.8504428112942e-103
"PWY_495","fixed",NA,"st131_detectyes",0.0813100219356141,0.139279123294666,0.583791885045042,214.693894679539,0.559973167798012,0.739228034543551
"PWY_496","fixed",NA,"(Intercept)",-6.33566007932833,0.0835994965379767,-75.7858640506313,131.223279770019,3.33944657490869e-110,8.91794901952694e-110
"PWY_496","fixed",NA,"st131_detectyes",-0.0195719776760403,0.161194142137572,-0.12141866581812,224.602380585708,0.90346799065698,0.943046937955439
"PWY_497","fixed",NA,"(Intercept)",-5.57106188011991,0.0830212598021859,-67.104039295405,131.832619177292,8.71406808752741e-104,1.97124064504261e-103
"PWY_497","fixed",NA,"st131_detectyes",-0.186373422153211,0.163156575725001,-1.14229795106353,228.195590743331,0.254527323219576,0.409705466736866
"PWY_498","fixed",NA,"(Intercept)",-6.24281087117082,0.093028242239514,-67.1066196768272,130.336048672985,6.07259589287066e-103,1.33482532362157e-102
"PWY_498","fixed",NA,"st131_detectyes",-0.214555562145967,0.176560809301615,-1.21519358114997,221.462825597499,0.225586192556664,0.373439309880659
"PWY_499","fixed",NA,"(Intercept)",-4.65979154151335,0.0593518638769101,-78.5112924368693,129.105279890878,7.76604861482764e-111,2.09795864029547e-110
"PWY_499","fixed",NA,"st131_detectyes",0.0730563333044648,0.111714183266092,0.653957547453502,219.461733865931,0.513823812250533,0.702175649585772
"PWY_500","fixed",NA,"(Intercept)",-3.86047573767865,0.0435570059848642,-88.630420075708,128.405843032945,4.94836510251427e-117,1.55282029479572e-116
"PWY_500","fixed",NA,"st131_detectyes",0.0559742191462623,0.0710128215644717,0.788226941460761,197.166450997909,0.431510622293194,0.615877335340363
"PWY_501","fixed",NA,"(Intercept)",-4.02937645991123,0.0403352982847015,-99.8970289365506,128.807676035314,6.61886677535172e-124,2.51787095290931e-123
"PWY_501","fixed",NA,"st131_detectyes",0.134406554542737,0.0766396964833937,1.75374591380148,220.989267800399,0.0808603448786736,0.150123190093474
"PWY_504","fixed",NA,"(Intercept)",-6.73187871630427,0.0222869764604438,-302.054373694539,151.424615342848,1.89986413359059e-212,3.54134674501285e-210
"PWY_504","fixed",NA,"st131_detectyes",-0.0409304290876801,0.0535104296178209,-0.764905633911202,252.796190173939,0.445041200651899,0.632284144828613
"PWY_505","fixed",NA,"(Intercept)",-4.76586190052072,0.0514288304831163,-92.6690701645513,127.482174506843,7.90862533737454e-119,2.59536577972995e-118
"PWY_505","fixed",NA,"st131_detectyes",0.109253349195761,0.101987245853608,1.07124521582418,228.308976186051,0.285190298150246,0.448224886806121
"PWY_507","fixed",NA,"(Intercept)",-4.82511209416587,0.0572576841635494,-84.2701231224012,124.951865710514,5.78913654869032e-112,1.61058963085952e-111
"PWY_507","fixed",NA,"st131_detectyes",0.0143040483934593,0.115735824001876,0.123592228394446,231.12581581542,0.901745557671893,0.943046937955439
"PWY_508","fixed",NA,"(Intercept)",-6.48227937412521,0.0441481392714117,-146.830183131248,133.862805633031,8.78105195000126e-150,6.93554272661117e-149
"PWY_508","fixed",NA,"st131_detectyes",-0.226026059126988,0.100611390720318,-2.24652554257302,251.263659334182,0.0255392913643103,0.0502164969441712
"PWY_509","fixed",NA,"(Intercept)",-3.762187752004,0.0183625963008379,-204.883214245271,105.36129036745,7.00808577538388e-139,4.07329590672754e-138
"PWY_509","fixed",NA,"st131_detectyes",-0.0651314767434002,0.0376080458748629,-1.73184953454159,227.311455203758,0.0846569727510219,0.156572874170949
"PWY_510","fixed",NA,"(Intercept)",-3.7621932708046,0.0183621485824171,-204.888510400528,105.358586924397,7.03648756419671e-139,4.07329590672754e-138
"PWY_510","fixed",NA,"st131_detectyes",-0.0651272074260351,0.0376072028849319,-1.73177483114889,227.310934111868,0.084670309637509,0.156572874170949
"PWY_511","fixed",NA,"(Intercept)",-4.76629570998378,0.0653948402141468,-72.884889608656,126.283757841262,4.71337337715765e-105,1.08734257116607e-104
"PWY_511","fixed",NA,"st131_detectyes",0.0389648804407754,0.11423466671891,0.3410950594941,205.570890844956,0.733380387701328,0.861426425232714
"PWY_512","fixed",NA,"(Intercept)",-6.6999687440007,0.0173362331319519,-386.472003058853,127.458880431062,1.76956286738725e-197,1.49930235673174e-195
"PWY_512","fixed",NA,"st131_detectyes",0.0655013199681487,0.042366406161024,1.54606741292133,251.371190525513,0.123346295946048,0.219806401188752
"PWY_514","fixed",NA,"(Intercept)",-6.41503803870243,0.0539189599365722,-118.97555231497,133.996096680971,9.40254194143877e-138,5.40936363544502e-137
"PWY_514","fixed",NA,"st131_detectyes",0.0269405007378119,0.11829541818858,0.227739173252381,246.990779691898,0.82003742729004,0.905571720481764
"PWY_515","fixed",NA,"(Intercept)",-7.57699755294428,0.0664194589351374,-114.077977665305,121.081676781417,4.36369024999339e-125,1.70880643403102e-124
"PWY_515","fixed",NA,"st131_detectyes",-0.180003322768257,0.114934809193548,-1.56613408967457,200.792613433579,0.118891831617755,0.213501323829958
"PWY_516","fixed",NA,"(Intercept)",-5.44953356013004,0.094536560163568,-57.6447202087871,133.27467935597,4.28523705810831e-96,8.77767239155372e-96
"PWY_516","fixed",NA,"st131_detectyes",0.0911260854549651,0.1795479595373,0.507530610148951,222.84219375252,0.612284495153003,0.773660931297426
"PWY_517","fixed",NA,"(Intercept)",-5.50810790957219,0.0760910248423916,-72.3884048214782,126.800923602395,5.33906231050846e-105,1.22864347491207e-104
"PWY_517","fixed",NA,"st131_detectyes",-0.186544998970283,0.146776670494487,-1.2709444787228,222.86647816604,0.205073372646955,0.344997081781519
"PWY_518","fixed",NA,"(Intercept)",-4.37128206280174,0.0475415579734172,-91.9465463299696,125.338158305705,6.81818268737821e-117,2.12526630924297e-116
"PWY_518","fixed",NA,"st131_detectyes",-0.115614131469683,0.0975218786179474,-1.18551993776303,234.09800516323,0.237013919262945,0.386859847203266
"PWY_519","fixed",NA,"(Intercept)",-4.40274027764504,0.0502639564512042,-87.5923940034283,127.689657746738,6.73227403720766e-116,2.0305758584717e-115
"PWY_519","fixed",NA,"st131_detectyes",-0.0291363858026923,0.101325597094145,-0.287552076062486,231.467715275978,0.773946911736165,0.881937233516385
"PWY_520","fixed",NA,"(Intercept)",-3.36401972998347,0.0178876960362271,-188.063332648905,125.019163852176,3.21420967911293e-155,3.0567790009523e-154
"PWY_520","fixed",NA,"st131_detectyes",0.0343853406108174,0.0304290134891275,1.13001825126876,200.750342686715,0.259816875882789,0.416780255288742
"PWY_521","fixed",NA,"(Intercept)",-6.05933200785189,0.0637675204609742,-95.0222301894302,140.330464805833,2.93239803876161e-129,1.25944468761559e-128
"PWY_521","fixed",NA,"st131_detectyes",0.0595326287037684,0.143475451068391,0.41493250769005,250.331444311268,0.678546693645741,0.827755914237998
"PWY_522","fixed",NA,"(Intercept)",-4.77296083439785,0.0542718704702651,-87.9453903659521,123.201917599561,4.89322423670381e-113,1.41191485715416e-112
"PWY_522","fixed",NA,"st131_detectyes",0.0232551929968813,0.1111613362879,0.209202172027259,233.201601773597,0.83447304709991,0.907261733935292
"PWY_523","fixed",NA,"(Intercept)",-3.4344332945867,0.00871030864015966,-394.295246755315,125.486297303749,5.78722311993598e-196,4.14899380598487e-194
"PWY_523","fixed",NA,"st131_detectyes",0.0024912811571629,0.0191060721920337,0.13039211472265,246.116403164315,0.896362716343719,0.941837713226997
"PWY_524","fixed",NA,"(Intercept)",-3.87302487480437,0.0443722536062356,-87.2848359061054,125.854495884416,1.86193543906789e-114,5.49153110509897e-114
"PWY_524","fixed",NA,"st131_detectyes",0.0243336556864558,0.0677171972732634,0.359342333502975,187.4136047672,0.719743554338823,0.849836073985183
"PWY_525","fixed",NA,"(Intercept)",-5.30701020498915,0.0658666596378686,-80.572025880268,131.460469211833,9.01028823703322e-114,2.62424644903593e-113
"PWY_525","fixed",NA,"st131_detectyes",0.0688704220962139,0.133349730365372,0.516464652065752,233.382630306987,0.606018937792142,0.767404415791136
"PWY_526","fixed",NA,"(Intercept)",-3.69716312431423,0.0222334914060574,-166.288013735304,129.624605672482,5.80807365687833e-153,5.05899499832766e-152
"PWY_526","fixed",NA,"st131_detectyes",0.0134084650016896,0.0328136020122426,0.40862520965199,186.830752943527,0.683282704858238,0.830312465059805
"PWY_527","fixed",NA,"(Intercept)",-3.51917130138649,0.0129897514753887,-270.919063236442,123.36569437853,4.70669611393782e-173,7.43498436981364e-172
"PWY_527","fixed",NA,"st131_detectyes",-0.00620024966652671,0.0264979074273889,-0.233990162563478,232.44100674817,0.815198575176307,0.905216920507048
"PWY_528","fixed",NA,"(Intercept)",-5.88519826712177,0.0604358157716905,-97.3793137723894,126.830853567242,4.61710985861247e-121,1.58787689602466e-120
"PWY_528","fixed",NA,"st131_detectyes",0.0909173854715611,0.124229065884367,0.731852765891258,234.897943988054,0.464987956389397,0.655625983895488
"PWY_529","fixed",NA,"(Intercept)",-4.22905549600156,0.0447304576386156,-94.5453214489501,125.908527121296,8.49403524566862e-119,2.77769854349584e-118
"PWY_529","fixed",NA,"st131_detectyes",-0.0732275117046425,0.0919109361691296,-0.796722509385534,234.578763807502,0.426417822824734,0.610478357715287
"PWY_530","fixed",NA,"(Intercept)",-3.52489841975001,0.0204133678762314,-172.675985712983,123.981872211895,1.36957988433399e-149,1.07264575815065e-148
"PWY_530","fixed",NA,"st131_detectyes",0.0071262713494928,0.0306992329918698,0.232131902167721,184.35261269204,0.816693050750401,0.905216920507048
"PWY_531","fixed",NA,"(Intercept)",-4.48091799574958,0.0576474622716649,-77.7296661322775,123.598879093941,8.44870584321712e-107,2.05057131403082e-106
"PWY_531","fixed",NA,"st131_detectyes",0.046327030851367,0.105626611370601,0.438592417670433,211.958081967198,0.661403602993921,0.816461136411039
"PWY_532","fixed",NA,"(Intercept)",-4.2643489581315,0.049375391507441,-86.3658763594583,122.514615119893,1.29890365985024e-111,3.58159234017877e-111
"PWY_532","fixed",NA,"st131_detectyes",0.0435617053235055,0.0945705509345342,0.460626536411539,219.642017246344,0.645522301328951,0.800035618136413
"PWY_533","fixed",NA,"(Intercept)",-4.89828479916868,0.076812405752689,-63.7694491035676,128.53753316221,3.70628287995438e-99,7.76237223397188e-99
"PWY_533","fixed",NA,"st131_detectyes",0.0430666014853978,0.134880133999587,0.319295364026918,207.725189947568,0.749823413057129,0.870535457573278
"PWY_534","fixed",NA,"(Intercept)",-4.68058122513957,0.0697130393116792,-67.140685176746,127.677959504427,1.84557654853233e-101,3.98166051674105e-101
"PWY_534","fixed",NA,"st131_detectyes",0.027801739225872,0.129901497480106,0.214021699250463,217.024876726339,0.830731078552146,0.907261733935292
"PWY_535","fixed",NA,"(Intercept)",-3.56897114060397,0.0145288750698237,-245.646763665596,117.053376626616,1.20132171799371e-160,1.33289504901207e-159
"PWY_535","fixed",NA,"st131_detectyes",-0.0209325097888176,0.0258265325029054,-0.810504073145044,202.704223322265,0.418601061766394,0.601708366973519
"PWY_536","fixed",NA,"(Intercept)",-3.76952932305859,0.0203925981417254,-184.847918684071,130.177063519815,1.91356146462603e-159,2.04993021267984e-158
"PWY_536","fixed",NA,"st131_detectyes",-0.0398289634537885,0.0410722384331032,-0.969729553909274,232.067968469535,0.333190899679428,0.509071997542994
"PWY_537","fixed",NA,"(Intercept)",-5.66614082576931,0.0780347598685519,-72.6104730163048,130.78781688971,1.46799243061163e-107,3.66801325825747e-107
"PWY_537","fixed",NA,"st131_detectyes",0.0917896357253047,0.153499370496665,0.59798053521854,227.989831003661,0.55044645326051,0.732880134912564
"PWY_538","fixed",NA,"(Intercept)",-3.44982595636508,0.0157312988413312,-219.296956415402,130.35138994842,2.91601349664925e-169,4.05630534160762e-168
"PWY_538","fixed",NA,"st131_detectyes",-0.00741177455381034,0.0282277219588603,-0.262570765172352,212.124340455909,0.793136264555525,0.89709101767688
"PWY_539","fixed",NA,"(Intercept)",-3.22763063516841,0.00810765232327993,-398.096823404815,128.001857957608,7.68473661228195e-200,1.02316778894954e-197
"PWY_539","fixed",NA,"st131_detectyes",-0.0280634516743616,0.0179961519499141,-1.55941402097883,248.060917948712,0.120173278385478,0.215387491260126
"PWY_540","fixed",NA,"(Intercept)",-3.46956660806399,0.0108445004321965,-319.937891999443,126.584634796126,5.9968804590473e-186,1.59688359652345e-184
"PWY_540","fixed",NA,"st131_detectyes",-0.0321559738319392,0.0232230737997393,-1.38465623066229,242.312784144106,0.167431263571624,0.290048211243036
"PWY_541","fixed",NA,"(Intercept)",-6.50258494209209,0.024128842947681,-269.49427107598,122.995587974067,2.44347593962681e-172,3.67309608989063e-171
"PWY_541","fixed",NA,"st131_detectyes",-0.00521442784491733,0.0535417704160742,-0.0973899033296041,247.619572207765,0.922495544663863,0.950668715297474
"PWY_542","fixed",NA,"(Intercept)",-6.17672221090202,0.0683998863073703,-90.3031063991178,131.810272972881,2.08672719312521e-120,6.97071592828923e-120
"PWY_542","fixed",NA,"st131_detectyes",0.0935702559595599,0.136380180501725,0.686098637025757,230.760206205687,0.493339671472031,0.684391217292083
"PWY_543","fixed",NA,"(Intercept)",-6.59815798016971,0.0291907604959498,-226.035836958931,119.765425079055,2.03496551625388e-159,2.15521347857798e-158
"PWY_543","fixed",NA,"st131_detectyes",-0.0654935030576025,0.06201604036636,-1.05607360080875,239.615799873356,0.291998188450933,0.455849768234957
"PWY_544","fixed",NA,"(Intercept)",-3.78567600851227,0.0211416305128603,-179.062632194308,123.433734854443,5.40889068091575e-151,4.42200536369603e-150
"PWY_544","fixed",NA,"st131_detectyes",-0.0172564454107923,0.0439566035037557,-0.392579135676802,236.214301668994,0.69498436852798,0.840110806054575
"PWY_545","fixed",NA,"(Intercept)",-6.54150424405718,0.0776040807309221,-84.2933023939636,131.828154470454,1.52558749172726e-116,4.67713007332173e-116
"PWY_545","fixed",NA,"st131_detectyes",-0.0127645843777769,0.150645586533224,-0.084732547906153,226.022546764025,0.932549023398356,0.954045762686353
"PWY_546","fixed",NA,"(Intercept)",-6.39534824368557,0.0535307317336713,-119.470592621525,132.019931613588,2.1004269647931e-136,1.14479411180536e-135
"PWY_546","fixed",NA,"st131_detectyes",0.246283429150861,0.12203765673967,2.01809372394154,251.243718121427,0.0446443545068746,0.0865042378386842
"PWY_548","fixed",NA,"(Intercept)",-3.16648421558438,0.00801001024690967,-395.315875757592,120.90641914246,5.53598282120614e-190,2.34524363152915e-188
"PWY_548","fixed",NA,"st131_detectyes",-0.0258861715531756,0.018999401001224,-1.36247303541348,252.995142285366,0.174260293151555,0.299650540991235
"UNINTEGRATED","fixed",NA,"(Intercept)",-0.108264399426817,0.00277339415231276,-39.0367879504377,116.938519488395,6.49664885359515e-69,1.29932977071903e-68
"UNINTEGRATED","fixed",NA,"st131_detectyes",0.00352901630607731,0.00420691000287186,0.83886184959227,179.612813302455,0.402661875892412,0.583107401886891
"UNMAPPED","fixed",NA,"(Intercept)",-0.82210684705807,0.0122147248830996,-67.3045733674728,122.599378745435,1.14322757733358e-98,2.36775133794421e-98
"UNMAPPED","fixed",NA,"st131_detectyes",-0.0106658310092389,0.0205627800006662,-0.518695964694137,197.589992730331,0.604553186636392,0.767404415791136
