"PWY","effect","group","term","estimate","std.error","statistic","df","p.value","padj"
"PWY_001","fixed",NA,"(Intercept)",-6.82192603243935,0.039366042860757,-173.294685893866,148.203734133031,5.33073332672852e-173,3.24015877859412e-171
"PWY_001","fixed",NA,"hd_exposurelow_exposure",-0.0435545146310686,0.0581270347348366,-0.749298752805045,120.196627979591,0.455141117728851,0.600837849466416
"PWY_001","fixed",NA,"hd_exposurehigh_exposure",-0.0501477461332021,0.0571781970616748,-0.87704315124016,119.056999957175,0.382229499035421,0.536495605549725
"PWY_003","fixed",NA,"(Intercept)",-3.35181439418979,0.0147627496527862,-227.045399605296,124.271284963087,1.34073010368156e-164,4.46271591654006e-163
"PWY_003","fixed",NA,"hd_exposurelow_exposure",-0.00829779939544328,0.0222626718796889,-0.372722530354216,110.012571806476,0.710072088932192,0.802490525729349
"PWY_003","fixed",NA,"hd_exposurehigh_exposure",-0.00679487645578397,0.0219686103703429,-0.309299329417618,106.458493635087,0.757698385548601,0.833408609753693
"PWY_004","fixed",NA,"(Intercept)",-6.01694874724058,0.110874492512308,-54.2681063146479,132.909573461975,1.43783198605142e-92,6.70029705499964e-92
"PWY_004","fixed",NA,"hd_exposurelow_exposure",-0.0476828666871677,0.167257908543647,-0.285085871887036,118.779101831506,0.776074845498297,0.841048553493504
"PWY_004","fixed",NA,"hd_exposurehigh_exposure",-0.0574839803294981,0.165063719875836,-0.348253270753493,115.16053953493,0.728285792488456,0.813220168000678
"PWY_005","fixed",NA,"(Intercept)",-6.48593833464498,0.102725486755565,-63.138550514521,137.768137049456,1.42064746095186e-103,8.3448115563475e-103
"PWY_005","fixed",NA,"hd_exposurelow_exposure",-0.0789712936168781,0.154232083382624,-0.51202896235904,120.765531460863,0.609565830858722,0.724636931582052
"PWY_005","fixed",NA,"hd_exposurehigh_exposure",0.125689802187557,0.152032091773993,0.826732045326352,117.389948271659,0.410066227585406,0.559073539421489
"PWY_007","fixed",NA,"(Intercept)",-6.0679876651557,0.112041794403546,-54.1582513691307,127.648432189821,6.18886383029783e-90,2.69533695786803e-89
"PWY_007","fixed",NA,"hd_exposurelow_exposure",-0.19604218682793,0.168868335446857,-1.16091738755621,113.014744496739,0.248121776440018,0.423665020904402
"PWY_007","fixed",NA,"hd_exposurehigh_exposure",0.00347843627242911,0.166612963829406,0.0208773446704343,109.458872931544,0.983381508936673,0.987620222337262
"PWY_008","fixed",NA,"(Intercept)",-3.67714366630031,0.0365932163166055,-100.487031106683,114.534024651584,1.55858426414591e-113,1.28170635369175e-112
"PWY_008","fixed",NA,"hd_exposurelow_exposure",-0.0543816914202714,0.0559463856948287,-0.972032254539332,108.031180447469,0.333205892166371,0.497909483737825
"PWY_008","fixed",NA,"hd_exposurehigh_exposure",-0.0628233195476347,0.0554909555430269,-1.1321362000862,105.019415740155,0.26015554559775,0.436611587929958
"PWY_009","fixed",NA,"(Intercept)",-3.30091716160511,0.0118473200354489,-278.621422543519,153.269370073567,3.01392165983476e-209,1.404487493483e-206
"PWY_009","fixed",NA,"hd_exposurelow_exposure",0.0113630512767779,0.017369773639304,0.654185340162737,120.179817099853,0.51424231563976,0.65296163239272
"PWY_009","fixed",NA,"hd_exposurehigh_exposure",-0.0194075150491732,0.0170842649122204,-1.13598771436113,120.520229311636,0.258215599703149,0.43439880672082
"PWY_010","fixed",NA,"(Intercept)",-4.08887732696597,0.0566166746324713,-72.220372416943,130.103968292033,7.46353389406751e-107,4.99235425067291e-106
"PWY_010","fixed",NA,"hd_exposurelow_exposure",-0.135563502780734,0.0858344823576347,-1.57935947252411,118.880030616937,0.116910818426471,0.267936596983945
"PWY_010","fixed",NA,"hd_exposurehigh_exposure",-0.125408466815073,0.0848395540222237,-1.47818394686778,115.227085338818,0.142086882204288,0.31085674698215
"PWY_011","fixed",NA,"(Intercept)",-5.71640056723584,0.128274901178663,-44.5636715733967,132.533137850446,1.2276204860034e-81,4.43466005021383e-81
"PWY_011","fixed",NA,"hd_exposurelow_exposure",-0.349454630041019,0.194024992242086,-1.80108050000591,119.977830603814,0.074202009019461,0.186572677354688
"PWY_011","fixed",NA,"hd_exposurehigh_exposure",-0.245030290770359,0.191630287518862,-1.27866160377305,116.305124911941,0.203561846076658,0.386656876107565
"PWY_012","fixed",NA,"(Intercept)",-3.68434410501819,0.068275647498328,-53.9627852684724,122.225920637272,4.17715460483096e-87,1.71251089077821e-86
"PWY_012","fixed",NA,"hd_exposurelow_exposure",-0.108063513987462,0.104658175185497,-1.03253772384173,117.018202407946,0.303949570470176,0.472660177438606
"PWY_012","fixed",NA,"hd_exposurehigh_exposure",-0.169496541441497,0.103944899101827,-1.63063837577497,114.327908727733,0.105718570275257,0.248394220579512
"PWY_013","fixed",NA,"(Intercept)",-3.51976392286932,0.0268968688017297,-130.861474947707,114.466917504539,1.6901803461722e-126,1.76333740593189e-125
"PWY_013","fixed",NA,"hd_exposurelow_exposure",0.012881008413124,0.040184673445474,0.320545305179649,94.9111054713611,0.749259669568371,0.828035587396508
"PWY_013","fixed",NA,"hd_exposurehigh_exposure",-0.0282764413545788,0.0395751094325774,-0.714500648513742,92.1782569905255,0.476723204767565,0.619385725153398
"PWY_014","fixed",NA,"(Intercept)",-3.56393192961342,0.0321669492662431,-110.79483789759,100.849389739365,3.69537152558895e-107,2.48371605421796e-106
"PWY_014","fixed",NA,"hd_exposurelow_exposure",0.0298241210296967,0.048316983446591,0.617259582495747,85.2603166193856,0.53870853844641,0.67302460835396
"PWY_014","fixed",NA,"hd_exposurehigh_exposure",-0.0141302212383868,0.0476324072259471,-0.296651419932637,82.2270298132951,0.767480674208373,0.835621481731547
"PWY_015","fixed",NA,"(Intercept)",-3.30080965458199,0.0128174335082344,-257.52500705086,132.597543485485,6.84752299079442e-181,7.36372087779276e-179
"PWY_015","fixed",NA,"hd_exposurelow_exposure",-8.24248676172348e-05,0.0191574469253386,-0.0043024975059811,112.740781998567,0.996574718161083,0.997461495524836
"PWY_015","fixed",NA,"hd_exposurehigh_exposure",-0.0105764569501355,0.0188680907107685,-0.560547281241302,109.809048471775,0.576248121317363,0.702349497473124
"PWY_016","fixed",NA,"(Intercept)",-3.44749915412681,0.023959023920486,-143.891469267204,124.959728139444,1.06938568815846e-140,1.67977662027588e-139
"PWY_016","fixed",NA,"hd_exposurelow_exposure",-0.033355609508318,0.0362943900460575,-0.919029344920519,113.311080781511,0.36003246237735,0.522086363027347
"PWY_016","fixed",NA,"hd_exposurehigh_exposure",0.00891731558067593,0.0358639271210338,0.248643032052283,109.676646793972,0.804101911154154,0.861405725512266
"PWY_017","fixed",NA,"(Intercept)",-5.4043568669793,0.141445000129704,-38.2081859523034,126.638843032856,2.24286943958159e-71,6.87616551871724e-71
"PWY_017","fixed",NA,"hd_exposurelow_exposure",-0.196287480426471,0.215312140492593,-0.911641489315941,117.699752301225,0.36382086768684,0.524352137140415
"PWY_017","fixed",NA,"hd_exposurehigh_exposure",-0.227730766182305,0.21314347851011,-1.06843881771172,114.222580754402,0.287575454904646,0.454767138810758
"PWY_018","fixed",NA,"(Intercept)",-3.84456111266141,0.0578878722560364,-66.4139302902175,125.683441902302,9.66253213130272e-100,5.38176092412797e-99
"PWY_018","fixed",NA,"hd_exposurelow_exposure",-0.230580105692521,0.0880083800855947,-2.61997897777762,116.057221893532,0.00996900540660292,0.0292787175597288
"PWY_018","fixed",NA,"hd_exposurehigh_exposure",-0.183726577074204,0.0870782158105159,-2.10990286564894,112.514845474991,0.037083245026588,0.10368475309434
"PWY_019","fixed",NA,"(Intercept)",-3.26150279262094,0.0162823026382361,-200.309677635021,124.98126246861,1.35661873471116e-158,3.57840187004943e-157
"PWY_019","fixed",NA,"hd_exposurelow_exposure",0.0101034119853337,0.0244917097087161,0.412523752138794,109.191071826686,0.68076441476763,0.782408186946553
"PWY_019","fixed",NA,"hd_exposurehigh_exposure",0.0299819157320065,0.0241525262750775,1.24135733838096,105.758979660566,0.21722001082588,0.398521752145118
"PWY_020","fixed",NA,"(Intercept)",-3.36051739028832,0.0140618253085162,-238.981591405001,107.208317047031,4.90674019522122e-148,9.52725387905453e-147
"PWY_020","fixed",NA,"hd_exposurelow_exposure",0.0253286976272088,0.0208741310516527,1.21340129390456,84.2187733103272,0.228368605732054,0.41141663764615
"PWY_020","fixed",NA,"hd_exposurehigh_exposure",-0.0113185950801172,0.0205409255861427,-0.551026536396829,82.3937656030458,0.583106615130871,0.704915770123086
"PWY_021","fixed",NA,"(Intercept)",-6.28321704385259,0.132656024052919,-47.3647321236321,134.345024420004,1.05130244019728e-85,4.21123441660686e-85
"PWY_021","fixed",NA,"hd_exposurelow_exposure",-0.26085946730635,0.2003921670898,-1.30174482912525,121.033813490385,0.195475780163034,0.378073361828668
"PWY_021","fixed",NA,"hd_exposurehigh_exposure",-0.164246601754099,0.197841074713115,-0.830194649883847,117.372787800524,0.408114172564997,0.558320151804987
"PWY_022","fixed",NA,"(Intercept)",-6.05168048435109,0.0912168791510204,-66.3438668443349,135.816549895339,2.28733960956953e-105,1.45350035189918e-104
"PWY_022","fixed",NA,"hd_exposurelow_exposure",-0.140470548188877,0.137481048110623,-1.02174481588072,121.158069139832,0.308937510980918,0.475654890254762
"PWY_022","fixed",NA,"hd_exposurehigh_exposure",-0.0727981078685507,0.135644834133039,-0.536681756690794,117.562754649716,0.592501633105783,0.713270916018723
"PWY_023","fixed",NA,"(Intercept)",-4.87425028956863,0.0705153045077698,-69.1232963339406,134.845488611794,3.64417776218687e-107,2.4611403437378e-106
"PWY_023","fixed",NA,"hd_exposurelow_exposure",0.040580175265017,0.105004678013413,0.38646064187572,112.550389368022,0.699885188861197,0.795567865980405
"PWY_023","fixed",NA,"hd_exposurehigh_exposure",0.0340183224923939,0.103363641322838,0.329113042623408,110.066410978294,0.742695665076745,0.82380670008729
"PWY_024","fixed",NA,"(Intercept)",-6.63934638378412,0.0401496719468778,-165.364897440972,117.595419172537,4.0982880168244e-141,6.5106893721824e-140
"PWY_024","fixed",NA,"hd_exposurelow_exposure",-0.178488024739061,0.0602374411854028,-2.96307448036677,100.452391885188,0.00380290089139875,0.0113357258980287
"PWY_024","fixed",NA,"hd_exposurehigh_exposure",-0.115045115965474,0.0593692041501495,-1.93779110925111,97.2760921561707,0.0555485560301898,0.147278329931604
"PWY_025","fixed",NA,"(Intercept)",-3.83296677993139,0.0584782388497312,-65.5451815124048,120.489694396206,4.31367705623005e-96,2.13848245553532e-95
"PWY_025","fixed",NA,"hd_exposurelow_exposure",-0.0950621627846238,0.0895130532067898,-1.06199218302849,114.556555928488,0.290472951180803,0.456340317764254
"PWY_025","fixed",NA,"hd_exposurehigh_exposure",-0.101942890686666,0.0888373114706918,-1.14752336601606,111.661821668908,0.253618075101225,0.428342460912462
"PWY_026","fixed",NA,"(Intercept)",-3.35641852590895,0.0180182542236012,-186.278786182989,128.814798596096,1.6219082960327e-158,4.19894036639578e-157
"PWY_026","fixed",NA,"hd_exposurelow_exposure",-0.00417935272346159,0.0272075514014513,-0.153610027664549,115.274087280784,0.878185819145712,0.913698401070155
"PWY_026","fixed",NA,"hd_exposurehigh_exposure",-0.0197227962164807,0.0268579907455862,-0.73433625036608,111.646941028576,0.464283303210575,0.609453575482051
"PWY_027","fixed",NA,"(Intercept)",-3.34925229020189,0.0154705879225309,-216.491597279515,133.210406792391,1.4375054800138e-171,8.03853064423717e-170
"PWY_027","fixed",NA,"hd_exposurelow_exposure",-0.0142682521400994,0.023227565348046,-0.61428100303675,116.198626007512,0.540230529357348,0.674323464322833
"PWY_027","fixed",NA,"hd_exposurehigh_exposure",-0.010512913092813,0.0228962475945539,-0.459154411630034,112.840874805243,0.647006556692001,0.75914340219309
"PWY_028","fixed",NA,"(Intercept)",-3.942267121462,0.0423069263468033,-93.1825462607703,116.49089379115,2.99330830676322e-111,2.31195857063811e-110
"PWY_028","fixed",NA,"hd_exposurelow_exposure",-0.023255330857966,0.0640677216542084,-0.362980456578144,104.795231640039,0.717350592798229,0.808754942525745
"PWY_028","fixed",NA,"hd_exposurehigh_exposure",-0.0530960998260032,0.0633009513377193,-0.838788338941829,101.231814448634,0.403564405460689,0.55529826656894
"PWY_029","fixed",NA,"(Intercept)",-3.76956326473151,0.025396841148544,-148.426461491161,121.302277344242,4.95909308799163e-139,7.53566536631771e-138
"PWY_029","fixed",NA,"hd_exposurelow_exposure",-0.0671938112593242,0.0386226349905706,-1.73975212400006,111.874188632237,0.0846527137668883,0.20872044770037
"PWY_029","fixed",NA,"hd_exposurehigh_exposure",-0.0834126072877938,0.0382187756240253,-2.18250338808234,108.372785241113,0.0312308350199933,0.0882034492079812
"PWY_030","fixed",NA,"(Intercept)",-3.33071708685591,0.0138590709082367,-240.327588256756,125.28712128361,8.50997760670021e-169,3.83772538521513e-167
"PWY_030","fixed",NA,"hd_exposurelow_exposure",0.0109635046885969,0.0205837939594046,0.532627984433731,101.470743634568,0.595455608796809,0.714546730556171
"PWY_030","fixed",NA,"hd_exposurehigh_exposure",0.00131270258053585,0.0202562273099654,0.0648048898962562,99.4172031597946,0.948459478731381,0.965435591364319
"PWY_031","fixed",NA,"(Intercept)",-6.32996025996892,0.0541000280862216,-117.00474997685,135.951582801525,2.44223798298232e-138,3.51984402083431e-137
"PWY_031","fixed",NA,"hd_exposurelow_exposure",0.0721044800592521,0.080669034591279,0.893830952912472,114.540127927367,0.373286612458586,0.53085481848728
"PWY_031","fixed",NA,"hd_exposurehigh_exposure",-0.0506778116833873,0.0794223165739281,-0.638080250860162,111.873775013955,0.524725396041614,0.65977523807153
"PWY_032","fixed",NA,"(Intercept)",-4.1096999559654,0.0580647906011343,-70.7778313401016,126.801520225479,8.63939459886113e-104,5.13952070179058e-103
"PWY_032","fixed",NA,"hd_exposurelow_exposure",-0.116280576866878,0.0879619989831802,-1.32194104512237,115.152381735963,0.188807832209484,0.369165523676725
"PWY_032","fixed",NA,"hd_exposurehigh_exposure",-0.105947159049246,0.0869195360003293,-1.21891077569541,111.50665782602,0.225450425972287,0.407735699235779
"PWY_033","fixed",NA,"(Intercept)",-5.90138017034744,0.135766239999213,-43.4672137225105,128.768964165383,8.15499343575002e-79,2.75156933672268e-78
"PWY_033","fixed",NA,"hd_exposurelow_exposure",-0.225563891297537,0.206698831838072,-1.09126834095629,119.905983152693,0.277342786016242,0.452330650690746
"PWY_033","fixed",NA,"hd_exposurehigh_exposure",-0.184104545641103,0.20462960139519,-0.899696546276082,116.430240737352,0.370138804125165,0.528160973226894
"PWY_034","fixed",NA,"(Intercept)",-6.68689591518677,0.0814683454794749,-82.079682308897,130.786337839368,2.2581197538616e-114,1.87907822374912e-113
"PWY_034","fixed",NA,"hd_exposurelow_exposure",-0.0209543001635285,0.120893412409143,-0.173328717801532,106.220809530918,0.862722922916555,0.902084252982306
"PWY_034","fixed",NA,"hd_exposurehigh_exposure",-0.24304321900986,0.118959795437961,-2.04307025003762,104.268933323354,0.0435677298473863,0.119661466260601
"PWY_035","fixed",NA,"(Intercept)",-5.00214993865611,0.13274645277388,-37.681985726404,128.664613010935,2.26559499350617e-71,6.9306385140517e-71
"PWY_035","fixed",NA,"hd_exposurelow_exposure",-0.147567471371536,0.201331146564796,-0.732958977730965,117.668555363891,0.465041096233297,0.609719461028757
"PWY_035","fixed",NA,"hd_exposurehigh_exposure",-0.18285445961681,0.199024803472217,-0.918752117458244,114.029239392335,0.36016458599376,0.522086363027347
"PWY_036","fixed",NA,"(Intercept)",-6.81686505710218,0.0353081877051768,-193.067543257189,166.327251568827,1.44074319537895e-197,2.51769873392471e-195
"PWY_036","fixed",NA,"hd_exposurelow_exposure",0.0346406587377459,0.052421123994,0.66081487954571,143.298171844153,0.509792005581964,0.64907943880108
"PWY_036","fixed",NA,"hd_exposurehigh_exposure",0.0496073222989882,0.0515850639369541,0.961660576007369,141.248197199857,0.337863508446105,0.501948124131408
"PWY_037","fixed",NA,"(Intercept)",-3.14696999884676,0.0238537891122474,-131.927467960677,132.293166097638,2.82509701631808e-142,4.70176860572938e-141
"PWY_037","fixed",NA,"hd_exposurelow_exposure",0.0126179107745616,0.0362305253979794,0.348267397062514,122.111742507688,0.728239059370743,0.813220168000678
"PWY_037","fixed",NA,"hd_exposurehigh_exposure",0.0372847861828642,0.035834367299218,1.04047563813629,118.501858253481,0.300237180506459,0.467928180989999
"PWY_038","fixed",NA,"(Intercept)",-5.50273043229953,0.116528139785207,-47.2223313822956,130.042737881367,1.01320886445041e-83,3.88072874657994e-83
"PWY_038","fixed",NA,"hd_exposurelow_exposure",-0.155955895991001,0.176802841856229,-0.882089305543063,119.265209925676,0.379502870097941,0.534823601206575
"PWY_038","fixed",NA,"hd_exposurehigh_exposure",-0.152710297349099,0.174801867849647,-0.873619368189191,115.629012146383,0.384136327839997,0.537476425051309
"PWY_039","fixed",NA,"(Intercept)",-4.86188406765121,0.13018538443107,-37.3458517551596,128.280376943604,8.80571074089049e-71,2.68200078774835e-70
"PWY_039","fixed",NA,"hd_exposurelow_exposure",-0.263282174117542,0.197993746104015,-1.32974995068394,118.837470792795,0.186147423166846,0.368446504687922
"PWY_039","fixed",NA,"hd_exposurehigh_exposure",-0.192749675925608,0.195928240488295,-0.983776894261058,115.300864505629,0.327285076055039,0.491454926235172
"PWY_040","fixed",NA,"(Intercept)",-3.81337766427837,0.0601700223614274,-63.3767034582818,127.637997320007,2.48072278278678e-98,1.3442056009054e-97
"PWY_040","fixed",NA,"hd_exposurelow_exposure",-0.253421489911157,0.0912627866772176,-2.7768326953183,116.679994508521,0.00639689623817234,0.0190273637041807
"PWY_040","fixed",NA,"hd_exposurehigh_exposure",-0.173725671945158,0.0902191995522576,-1.92559535894054,113.04690616593,0.0566668053717202,0.149190572334585
"PWY_041","fixed",NA,"(Intercept)",-6.14469386115709,0.110142614998073,-55.7885234635529,132.033110080586,1.14000522895923e-93,5.45797024001711e-93
"PWY_041","fixed",NA,"hd_exposurelow_exposure",-0.209247496192239,0.167375162936439,-1.25017053021004,122.133432824092,0.213627338280792,0.395019545591678
"PWY_041","fixed",NA,"hd_exposurehigh_exposure",-0.106730430686909,0.165576566754794,-0.644598645682568,118.544972982523,0.52043272666001,0.656647068475356
"PWY_042","fixed",NA,"(Intercept)",-4.0965939959556,0.063617039738127,-64.3946026539242,110.791428842319,1.26427481588914e-89,5.48899438699693e-89
"PWY_042","fixed",NA,"hd_exposurelow_exposure",-0.0133533328047872,0.0971762202629391,-0.137413585017567,103.881592078113,0.890969879746745,0.924703705928693
"PWY_042","fixed",NA,"hd_exposurehigh_exposure",-0.0510264356564016,0.0963443198656468,-0.529625781027449,100.803503796633,0.597535951618955,0.715814276232475
"PWY_043","fixed",NA,"(Intercept)",-4.81983985550336,0.102536690881493,-47.0060015987244,131.868059774645,3.0150159963334e-84,1.17737216840059e-83
"PWY_043","fixed",NA,"hd_exposurelow_exposure",-0.0908748088009682,0.155734365320793,-0.583524443136091,121.670433753482,0.560620446810322,0.687497705825289
"PWY_043","fixed",NA,"hd_exposurehigh_exposure",-0.0916580065682163,0.154029899698995,-0.595066326390747,118.060634016827,0.552937999156879,0.682868659736146
"PWY_044","fixed",NA,"(Intercept)",-4.28858881084252,0.064462494220589,-66.5284342887366,122.797024886037,3.51346501190413e-98,1.89645717630964e-97
"PWY_044","fixed",NA,"hd_exposurelow_exposure",-0.0486171160014404,0.0978963441204232,-0.496618300083158,112.584408267361,0.620426540110854,0.735047714470316
"PWY_044","fixed",NA,"hd_exposurehigh_exposure",-0.106305775493427,0.0968210828764889,-1.09796102599924,109.014650220818,0.27464067595418,0.450642799276929
"PWY_045","fixed",NA,"(Intercept)",-4.46119011421047,0.066592198317089,-66.9926842325857,123.620700927027,5.12298397810649e-99,2.8086006279972e-98
"PWY_045","fixed",NA,"hd_exposurelow_exposure",-0.0516435325729444,0.101365198294084,-0.509479914626265,114.680317654696,0.61139486776132,0.725577270908595
"PWY_045","fixed",NA,"hd_exposurehigh_exposure",-0.125957999573339,0.100342770202993,-1.25527727925516,111.216154452971,0.212009243090197,0.394572615542513
"PWY_046","fixed",NA,"(Intercept)",-4.39618786357653,0.0602233533948939,-72.9980583238207,135.36234272554,1.39156097720287e-110,1.03478842879235e-109
"PWY_046","fixed",NA,"hd_exposurelow_exposure",-0.101692760600304,0.0901032741250687,-1.12862447661057,116.141234745212,0.261382207332368,0.437096083553409
"PWY_046","fixed",NA,"hd_exposurehigh_exposure",-0.120821458646841,0.0887574986314034,-1.36125353361517,113.087670261916,0.176139796554637,0.357911970324683
"PWY_047","fixed",NA,"(Intercept)",-4.63162043902817,0.0987031724819652,-46.9247372963058,131.879218261529,3.69948706817277e-84,1.43663414480709e-83
"PWY_047","fixed",NA,"hd_exposurelow_exposure",-0.154654519818958,0.150359080930603,-1.02856787140337,123.335113538919,0.305695726808493,0.473845661122886
"PWY_047","fixed",NA,"hd_exposurehigh_exposure",-0.195201063488016,0.148890014335405,-1.31104200882327,119.892003287311,0.192349108281332,0.373997292597082
"PWY_048","fixed",NA,"(Intercept)",-5.37904260141756,0.133135491117157,-40.4027698120261,130.075714365804,1.74804285904298e-75,5.57936967338376e-75
"PWY_048","fixed",NA,"hd_exposurelow_exposure",-0.162022288341002,0.201722602855236,-0.80319352441271,118.513919097916,0.423470813116195,0.572545644812805
"PWY_048","fixed",NA,"hd_exposurehigh_exposure",-0.0747183769838996,0.199344053669616,-0.37482119786595,114.853190754949,0.708484660357495,0.801993162088889
"PWY_049","fixed",NA,"(Intercept)",-4.18286322701912,0.0446096151078954,-93.7659564401577,112.196600513231,2.05761039760591e-108,1.41701445115915e-107
"PWY_049","fixed",NA,"hd_exposurelow_exposure",-0.0440975908364882,0.0678082019623003,-0.65032827239698,102.660280493567,0.516932944919261,0.654002042531336
"PWY_049","fixed",NA,"hd_exposurehigh_exposure",-0.111147579600458,0.0670865682057601,-1.65677843677379,99.2192157755517,0.100723349500215,0.240702978805642
"PWY_050","fixed",NA,"(Intercept)",-3.99726735028825,0.0441852161884542,-90.4661716090633,115.957479242838,2.15689856263427e-109,1.53844091355241e-108
"PWY_050","fixed",NA,"hd_exposurelow_exposure",-0.0199907574946891,0.0673858428781978,-0.296661088454782,108.128203378776,0.767294356150717,0.835621481731547
"PWY_050","fixed",NA,"hd_exposurehigh_exposure",-0.0462834100335927,0.066760232720815,-0.693278141002677,104.855771744153,0.489667836257416,0.632676187696736
"PWY_051","fixed",NA,"(Intercept)",-4.88604189972424,0.107323348314373,-45.5263647329746,130.706605920215,4.80215600761233e-82,1.75743824571781e-81
"PWY_051","fixed",NA,"hd_exposurelow_exposure",-0.19445445744708,0.16342716444465,-1.18985395180701,121.948274328922,0.23641514056154,0.42102976624845
"PWY_051","fixed",NA,"hd_exposurehigh_exposure",-0.165200537907141,0.161804069627339,-1.02099124136756,118.47983422866,0.309338826710589,0.475748822597803
"PWY_052","fixed",NA,"(Intercept)",-4.63162043902817,0.0987031724819652,-46.9247372963058,131.879218261529,3.69948706817277e-84,1.43663414480709e-83
"PWY_052","fixed",NA,"hd_exposurelow_exposure",-0.154654519818958,0.150359080930603,-1.02856787140337,123.335113538919,0.305695726808493,0.473845661122886
"PWY_052","fixed",NA,"hd_exposurehigh_exposure",-0.195201063488016,0.148890014335405,-1.31104200882327,119.892003287311,0.192349108281332,0.373997292597082
"PWY_053","fixed",NA,"(Intercept)",-3.65596379282434,0.0371542908326539,-98.3995040920339,117.063602850835,2.11545454931666e-114,1.77090147302077e-113
"PWY_053","fixed",NA,"hd_exposurelow_exposure",-0.0426554152091632,0.0565901581227993,-0.753760311406128,108.528903720532,0.452625372551117,0.598647370696746
"PWY_053","fixed",NA,"hd_exposurehigh_exposure",-0.115008211111155,0.0560336265192975,-2.05248559222821,105.150123957427,0.0426059782571582,0.11771375020456
"PWY_054","fixed",NA,"(Intercept)",-3.78548680791596,0.0550621904715289,-68.7492955783029,138.810522489199,4.23514420903936e-109,3.00544751484113e-108
"PWY_054","fixed",NA,"hd_exposurelow_exposure",0.0123262743598778,0.0821155130041921,0.150108961253747,117.499035017908,0.88093602261359,0.915649486701709
"PWY_054","fixed",NA,"hd_exposurehigh_exposure",0.0147221169656971,0.0808480505641135,0.182096128020085,114.803445174003,0.855828433844611,0.898909203993063
"PWY_055","fixed",NA,"(Intercept)",-4.04903320395014,0.035847836634669,-112.950559477675,124.419790675064,3.13616529589645e-127,3.34683899516277e-126
"PWY_055","fixed",NA,"hd_exposurelow_exposure",-0.031638576573295,0.0539773749542227,-0.586145150632597,109.254843969535,0.558986976177303,0.687254160002145
"PWY_055","fixed",NA,"hd_exposurehigh_exposure",-0.0726942554683966,0.0532432165295419,-1.36532426488663,105.768989242749,0.175048024178221,0.356211263174896
"PWY_056","fixed",NA,"(Intercept)",-4.69917512321326,0.102488859365941,-45.8505944186055,121.277026759938,1.85510447201334e-78,6.20439246859963e-78
"PWY_056","fixed",NA,"hd_exposurelow_exposure",-0.15133271258549,0.156066909890886,-0.969665592093124,112.569353478461,0.33429204189592,0.498693234364386
"PWY_056","fixed",NA,"hd_exposurehigh_exposure",-0.247102895498424,0.154517527646177,-1.5991900677071,109.144463290129,0.112669290372942,0.262082642165345
"PWY_057","fixed",NA,"(Intercept)",-3.5810881673534,0.025620016063014,-139.776968076269,108.975602215109,9.14736263432112e-125,9.13429497341495e-124
"PWY_057","fixed",NA,"hd_exposurelow_exposure",0.029205066470377,0.0384939975195858,0.758691441581703,93.0670149028702,0.449954324360723,0.596808487150181
"PWY_057","fixed",NA,"hd_exposurehigh_exposure",-0.0146483037459712,0.0379510021928779,-0.385979365486169,89.8877941447088,0.70042399473209,0.795567865980405
"PWY_058","fixed",NA,"(Intercept)",-4.15968569411968,0.0714174109941349,-58.2447002238893,123.054078241334,1.93623947275561e-91,8.81714261534965e-91
"PWY_058","fixed",NA,"hd_exposurelow_exposure",-0.118669250853857,0.109136152972091,-1.08735050322146,116.225349183184,0.279131754321382,0.452330650690746
"PWY_058","fixed",NA,"hd_exposurehigh_exposure",-0.148331727332987,0.108222883740027,-1.37061333247513,113.107424453957,0.17320942438688,0.35349894203337
"PWY_059","fixed",NA,"(Intercept)",-3.44637286099619,0.022699785323474,-151.824028812831,114.127137301683,1.59497967728455e-133,1.99087641861053e-132
"PWY_059","fixed",NA,"hd_exposurelow_exposure",0.0110789915383919,0.0339548133983733,0.326286332615297,95.3196566710359,0.744923028931275,0.824546630598513
"PWY_059","fixed",NA,"hd_exposurehigh_exposure",-0.0250306855147428,0.0334463852592922,-0.748382383348546,92.4620513427447,0.456128980191755,0.60157388142271
"PWY_060","fixed",NA,"(Intercept)",-5.82389341542441,0.132719913643177,-43.8810820136774,129.734213710209,1.07112548504494e-79,3.70651838636838e-79
"PWY_060","fixed",NA,"hd_exposurelow_exposure",-0.255899669718295,0.201867114004279,-1.26766398271722,120.339763043015,0.207365337012022,0.39069641663451
"PWY_060","fixed",NA,"hd_exposurehigh_exposure",-0.203045603541146,0.199768543860039,-1.01640428276537,116.802835244808,0.311537662300434,0.477554442868428
"PWY_061","fixed",NA,"(Intercept)",-3.93947992719785,0.0466869434408441,-84.3807633752993,119.972002042359,1.12244396085625e-108,7.80684904117931e-108
"PWY_061","fixed",NA,"hd_exposurelow_exposure",-0.0638877506736951,0.0714361129114229,-0.894334084959418,113.838503138869,0.373030118043988,0.53085481848728
"PWY_061","fixed",NA,"hd_exposurehigh_exposure",-0.0888283819638223,0.0708828546375068,-1.2531716226454,110.893531967569,0.212779134264049,0.394572615542513
"PWY_062","fixed",NA,"(Intercept)",-5.55723654852934,0.137247211057287,-40.4907065558495,127.660135931481,1.04697706236202e-74,3.28915490602721e-74
"PWY_062","fixed",NA,"hd_exposurelow_exposure",-0.0822146416804464,0.208693787772818,-0.393948677427544,118.112936907447,0.69432924629306,0.792385539851182
"PWY_062","fixed",NA,"hd_exposurehigh_exposure",-0.0942413016680855,0.206501044233879,-0.456372034425888,114.568996271573,0.648986449490387,0.760505495714636
"PWY_063","fixed",NA,"(Intercept)",-3.59814024211782,0.0375186248826204,-95.9027750450567,121.395532419854,2.73580395864219e-116,2.33210605742791e-115
"PWY_063","fixed",NA,"hd_exposurelow_exposure",-0.0813223821447107,0.0573278424721662,-1.41854949772781,114.521197780364,0.158746079165954,0.335237188329312
"PWY_063","fixed",NA,"hd_exposurehigh_exposure",-0.0810492518164204,0.0568452530103971,-1.42578751125615,111.399250149863,0.156725865910937,0.335237188329312
"PWY_064","fixed",NA,"(Intercept)",-4.75875948219343,0.115746994451948,-41.1134604809892,126.818992344351,3.5538272271257e-75,1.12403856640763e-74
"PWY_064","fixed",NA,"hd_exposurelow_exposure",-0.244397218906266,0.176314881344542,-1.38614061979648,118.255624719915,0.168312092035118,0.34487011868752
"PWY_064","fixed",NA,"hd_exposurehigh_exposure",-0.146921057428739,0.174588937750972,-0.841525581868781,114.824430652916,0.401802740505746,0.553418947021707
"PWY_065","fixed",NA,"(Intercept)",-4.9675522585617,0.0809835465125745,-61.3402656771815,130.096110338749,6.93434200021863e-98,3.68601145106679e-97
"PWY_065","fixed",NA,"hd_exposurelow_exposure",-0.00530895251637676,0.122851496002365,-0.0432143904562186,119.220877034475,0.965602927503773,0.978907101269235
"PWY_065","fixed",NA,"hd_exposurehigh_exposure",-0.0815675095779516,0.12145364760033,-0.671593741230129,115.580257000814,0.503182488932352,0.64477462834778
"PWY_066","fixed",NA,"(Intercept)",-5.40737826278668,0.12430006520999,-43.5026180690379,130.83157155582,1.13447975271674e-79,3.89681251670273e-79
"PWY_066","fixed",NA,"hd_exposurelow_exposure",-0.250133681691214,0.188670256759573,-1.32577167163113,120.279309618156,0.187427747083746,0.368446504687922
"PWY_066","fixed",NA,"hd_exposurehigh_exposure",-0.134823945490114,0.186561951305931,-0.722676540132367,116.651334764962,0.471325035498779,0.614657089204565
"PWY_067","fixed",NA,"(Intercept)",-4.95797951389619,0.109560035473834,-45.2535406040489,126.735165712454,4.32593574441408e-80,1.51191454267272e-79
"PWY_067","fixed",NA,"hd_exposurelow_exposure",-0.194539131828207,0.167128841028225,-1.16400694596663,118.947602010366,0.246750670442193,0.423665020904402
"PWY_067","fixed",NA,"hd_exposurehigh_exposure",-0.191528889190547,0.165595437300144,-1.15660728528044,115.633550499602,0.249816719061109,0.425388274357406
"PWY_068","fixed",NA,"(Intercept)",-4.72910046156114,0.0857100703205579,-55.1755522294426,129.934431395945,4.82893507571047e-92,2.22800370819909e-91
"PWY_068","fixed",NA,"hd_exposurelow_exposure",-0.087771414193839,0.130227757967911,-0.673983915283761,119.952327448511,0.50161827154179,0.644009545751436
"PWY_068","fixed",NA,"hd_exposurehigh_exposure",-0.089408989573288,0.128821105975264,-0.694055441430974,116.363949602724,0.489030722364394,0.632437511438875
"PWY_069","fixed",NA,"(Intercept)",-4.56330676890772,0.0743151677002719,-61.4047833049702,129.547818921979,1.1870929853807e-97,6.23893230662488e-97
"PWY_069","fixed",NA,"hd_exposurelow_exposure",-0.078637164944136,0.112983425644636,-0.696006201754506,119.907650728886,0.487771816539603,0.631393518076264
"PWY_069","fixed",NA,"hd_exposurehigh_exposure",-0.101987016892992,0.111789383024737,-0.912313979498609,116.348432717397,0.363489943994743,0.524352137140415
"PWY_070","fixed",NA,"(Intercept)",-4.93426870342037,0.12306097666635,-40.0961282535442,130.05066804724,4.4698473414145e-75,1.41057484950281e-74
"PWY_070","fixed",NA,"hd_exposurelow_exposure",-0.156862026745222,0.186304477707964,-0.841965950980021,118.015217265567,0.401509985941577,0.553418947021707
"PWY_070","fixed",NA,"hd_exposurehigh_exposure",-0.0706658161462572,0.184057413217173,-0.383933550467089,114.349922756875,0.701740664164387,0.795567865980405
"PWY_071","fixed",NA,"(Intercept)",-3.67214313949215,0.0537763212816969,-68.2855028378818,133.157724530703,1.63570243380683e-105,1.05378433293178e-104
"PWY_071","fixed",NA,"hd_exposurelow_exposure",-0.190038577825649,0.0818948454518956,-2.32051940237529,124.448490818721,0.0219404092353447,0.0632426641464164
"PWY_071","fixed",NA,"hd_exposurehigh_exposure",-0.115260585831203,0.0810842578423767,-1.42149153113373,120.9809119139,0.157746605717096,0.335237188329312
"PWY_072","fixed",NA,"(Intercept)",-3.3356085084872,0.0152465617493091,-218.777752212781,130.047278007312,8.38548268397448e-169,3.83772538521513e-167
"PWY_072","fixed",NA,"hd_exposurelow_exposure",-0.000540173254923392,0.0230612029028977,-0.0234234639536309,117.487897585351,0.981352225123028,0.987000295483448
"PWY_072","fixed",NA,"hd_exposurehigh_exposure",0.0305699406318963,0.0227764782634237,1.34217152793933,113.825770330644,0.182211385063809,0.36562843678842
"PWY_073","fixed",NA,"(Intercept)",-4.83641264128962,0.11113605264962,-43.5179451310679,128.613057633955,8.16810640014243e-79,2.75156933672268e-78
"PWY_073","fixed",NA,"hd_exposurelow_exposure",-0.239146390078816,0.169057931705049,-1.41458249055152,119.285411843886,0.159795954008637,0.33593194541966
"PWY_073","fixed",NA,"hd_exposurehigh_exposure",-0.195960465060643,0.167308282337231,-1.17125382152725,115.75879341499,0.243902025933699,0.422034886810478
"PWY_074","fixed",NA,"(Intercept)",-3.65554735198928,0.0264869862903743,-138.012958964598,129.436706079369,2.29545829779055e-142,3.86632614495324e-141
"PWY_074","fixed",NA,"hd_exposurelow_exposure",0.034145798038781,0.0393053387010043,0.86873181016269,104.913423516669,0.386976834247902,0.538751906997196
"PWY_074","fixed",NA,"hd_exposurehigh_exposure",-0.0518846260131644,0.0386767157784532,-1.34149513392937,102.966748980991,0.182711005283611,0.36562843678842
"PWY_075","fixed",NA,"(Intercept)",-3.25950582256623,0.0163756954069857,-199.045337712849,124.546462704765,8.43149283736403e-158,2.10486196189909e-156
"PWY_075","fixed",NA,"hd_exposurelow_exposure",0.0101559602276216,0.0246405971694497,0.41216372143015,108.969316174415,0.681029117162344,0.782408186946553
"PWY_075","fixed",NA,"hd_exposurehigh_exposure",0.0302470049053242,0.0243013455437739,1.24466379241595,105.520340402324,0.216012702270468,0.396827539782015
"PWY_076","fixed",NA,"(Intercept)",-5.65885080029859,0.131679242547138,-42.9745090481732,129.395967359751,1.83211225988729e-78,6.14218930293148e-78
"PWY_076","fixed",NA,"hd_exposurelow_exposure",-0.155123090673245,0.199688172789228,-0.776826631775425,118.328025375078,0.438811225955091,0.58873137608946
"PWY_076","fixed",NA,"hd_exposurehigh_exposure",-0.226700121458049,0.1973921755267,-1.14847572277446,114.682967027452,0.253162084290575,0.428342460912462
"PWY_077","fixed",NA,"(Intercept)",-5.37659137042169,0.140003559648096,-38.4032476312455,128.311563738086,3.19969400947152e-72,9.83114774778282e-72
"PWY_077","fixed",NA,"hd_exposurelow_exposure",-0.128470907419499,0.212450340991839,-0.604710290507063,117.617228921638,0.546536336950886,0.677957230751853
"PWY_077","fixed",NA,"hd_exposurehigh_exposure",-0.107749015862911,0.210056349375831,-0.512952910888342,113.99204085399,0.608976898526975,0.724552939694222
"PWY_078","fixed",NA,"(Intercept)",-4.93880375991666,0.0747414275868641,-66.0785312693795,145.030339929149,3.74102281060704e-110,2.70981859545525e-109
"PWY_078","fixed",NA,"hd_exposurelow_exposure",-0.0528716413038663,0.11133804937667,-0.474874866228305,123.058604296552,0.635717865927579,0.749958795106975
"PWY_078","fixed",NA,"hd_exposurehigh_exposure",-0.0335887171640018,0.109603023609842,-0.306457943017785,120.494768833836,0.75978490981547,0.834227942642008
"PWY_079","fixed",NA,"(Intercept)",-5.43188873530384,0.145805655863784,-37.2543074761001,135.000827570152,6.65387911041862e-73,2.05344878506959e-72
"PWY_079","fixed",NA,"hd_exposurelow_exposure",-0.441500228607918,0.219253626001354,-2.01365075077568,118.947500716901,0.0463031674899294,0.126182900878989
"PWY_079","fixed",NA,"hd_exposurehigh_exposure",-0.360573394090631,0.216201802064181,-1.66776312985398,115.474356813662,0.0980724510599189,0.235576093783104
"PWY_080","fixed",NA,"(Intercept)",-5.93466982946751,0.0924477426872577,-64.1948592465255,135.617306889103,2.23604398332563e-103,1.307945392757e-102
"PWY_080","fixed",NA,"hd_exposurelow_exposure",-0.127979523050853,0.139909930545781,-0.91472794355349,123.387523061979,0.362118596477531,0.522977063921062
"PWY_080","fixed",NA,"hd_exposurehigh_exposure",0.011400131196397,0.13820694051184,0.0824859529787528,119.70371486224,0.934398059652214,0.955925805457253
"PWY_081","fixed",NA,"(Intercept)",-4.58062109878975,0.105888299930429,-43.2589918036206,128.685113445507,1.57008966640352e-78,5.27640710007721e-78
"PWY_081","fixed",NA,"hd_exposurelow_exposure",-0.22618787694765,0.160983761366521,-1.40503535901783,119.042655037767,0.162614949915185,0.338297172591412
"PWY_081","fixed",NA,"hd_exposurehigh_exposure",-0.189772816517499,0.15928198147317,-1.19142676881795,115.486291567696,0.235928892642435,0.420699734584342
"PWY_082","fixed",NA,"(Intercept)",-5.05927333125564,0.0888592102623524,-56.9358349721811,140.266660850296,7.89804600019434e-99,4.29629117053373e-98
"PWY_082","fixed",NA,"hd_exposurelow_exposure",0.0451070226371067,0.132989298531129,0.339177837129117,121.276803153675,0.735062368425176,0.818818478930993
"PWY_082","fixed",NA,"hd_exposurehigh_exposure",-0.054678516139269,0.131010352778439,-0.41736026947229,118.173838824896,0.677172176604551,0.782408186946553
"PWY_084","fixed",NA,"(Intercept)",-5.35270707694123,0.124042111261914,-43.1523377221389,135.59920667902,4.3776867243145e-81,1.54936861787131e-80
"PWY_084","fixed",NA,"hd_exposurelow_exposure",-0.241998668118914,0.187541444437414,-1.29037434282785,122.799681792954,0.199345127360187,0.38228324835328
"PWY_084","fixed",NA,"hd_exposurehigh_exposure",-0.318784867982279,0.185201939094486,-1.72128256076002,119.121775555707,0.0877956094923959,0.214953173503274
"PWY_085","fixed",NA,"(Intercept)",-4.62036899088666,0.107681116933347,-42.9078850820855,128.659282950683,4.28722096406359e-78,1.4236424959052e-77
"PWY_085","fixed",NA,"hd_exposurelow_exposure",-0.232312057466919,0.163737251677337,-1.41881004528351,119.111436947655,0.158565794200133,0.335237188329312
"PWY_085","fixed",NA,"hd_exposurehigh_exposure",-0.190978070644696,0.16201715204468,-1.17875217675737,115.563633793459,0.240918189935807,0.421666265123957
"PWY_086","fixed",NA,"(Intercept)",-5.44442887687497,0.11727807736849,-46.4232446424619,132.655033382201,6.69904812134349e-84,2.57996398722815e-83
"PWY_086","fixed",NA,"hd_exposurelow_exposure",-0.173951734881009,0.177753487511889,-0.978612219180082,121.277286126018,0.329719718543828,0.494579577815741
"PWY_086","fixed",NA,"hd_exposurehigh_exposure",-0.222781843247498,0.175676909830461,-1.26813389114424,117.611059018434,0.20725473887488,0.39069641663451
"PWY_088","fixed",NA,"(Intercept)",-3.95122173260455,0.062541007574795,-63.1780952342212,126.690617445132,1.20469961185772e-97,6.28421663200409e-97
"PWY_088","fixed",NA,"hd_exposurelow_exposure",-0.144377791726354,0.0956187133877798,-1.50993238259579,120.108596457036,0.133686979487234,0.298077188713163
"PWY_088","fixed",NA,"hd_exposurehigh_exposure",-0.167411958022111,0.0948410294075391,-1.76518495284071,117.035719816276,0.0801409156509107,0.200066071571381
"PWY_089","fixed",NA,"(Intercept)",-3.28145414851811,0.0143895794949051,-228.043783328066,129.85198583679,6.29494028269373e-171,3.38474096738686e-169
"PWY_089","fixed",NA,"hd_exposurelow_exposure",0.0137941102562947,0.021708418591018,0.635426767659718,115.764960124681,0.526404175757304,0.660289578269069
"PWY_089","fixed",NA,"hd_exposurehigh_exposure",0.0145932982368498,0.0214239762057845,0.681166656304891,112.159126828817,0.497170018298779,0.640003393721632
"PWY_090","fixed",NA,"(Intercept)",-3.50601829189155,0.0236023023083021,-148.545605682642,114.651207380091,6.19670842956611e-133,7.5991213899416e-132
"PWY_090","fixed",NA,"hd_exposurelow_exposure",0.0182025359007342,0.0356610884817891,0.510431304137832,101.719267403222,0.610855247736157,0.725552792128418
"PWY_090","fixed",NA,"hd_exposurehigh_exposure",-0.0276550337852396,0.0352091800158539,-0.785449526878706,98.2011072675066,0.434081033171188,0.584066683708682
"PWY_091","fixed",NA,"(Intercept)",-3.63051540407164,0.023125020390239,-156.995122287722,119.769197079896,1.57821488715961e-140,2.45149379138793e-139
"PWY_091","fixed",NA,"hd_exposurelow_exposure",-0.0119743341942133,0.0344470097759735,-0.347616070947479,98.0955045366095,0.728873297929077,0.813220168000678
"PWY_091","fixed",NA,"hd_exposurehigh_exposure",-0.0429494155008741,0.0339100803585912,-1.26656778889032,95.6695858841571,0.208384903401575,0.391584844911542
"PWY_092","fixed",NA,"(Intercept)",-5.71640056723584,0.128274901178663,-44.5636715733967,132.533137850446,1.2276204860034e-81,4.43466005021383e-81
"PWY_092","fixed",NA,"hd_exposurelow_exposure",-0.349454630041019,0.194024992242086,-1.80108050000591,119.977830603814,0.074202009019461,0.186572677354688
"PWY_092","fixed",NA,"hd_exposurehigh_exposure",-0.245030290770359,0.191630287518862,-1.27866160377305,116.305124911941,0.203561846076658,0.386656876107565
"PWY_093","fixed",NA,"(Intercept)",-4.80985463640957,0.111505047480778,-43.1357570359201,130.059561633276,6.40187024801982e-79,2.17757046392499e-78
"PWY_093","fixed",NA,"hd_exposurelow_exposure",-0.14164931393493,0.16949085627932,-0.835734251654809,120.308980703244,0.404961133145988,0.556125406815414
"PWY_093","fixed",NA,"hd_exposurehigh_exposure",-0.160741266690633,0.167686787565637,-0.95858039279162,116.738551713563,0.33975126501484,0.502616157133065
"PWY_095","fixed",NA,"(Intercept)",-4.75479469618965,0.105121113262579,-45.2315862020294,127.700861249244,1.82807326697173e-80,6.40512889029194e-80
"PWY_095","fixed",NA,"hd_exposurelow_exposure",-0.214200394110607,0.159872012516807,-1.33982421775098,118.251219565546,0.182871555842216,0.36562843678842
"PWY_095","fixed",NA,"hd_exposurehigh_exposure",-0.159538613183018,0.158203225878528,-1.00844096128302,114.716174347399,0.315365176971778,0.481002358652559
"PWY_096","fixed",NA,"(Intercept)",-5.02147394887441,0.0984559827886096,-51.002222583627,124.630755837933,2.33483409301899e-85,9.27300585806973e-85
"PWY_096","fixed",NA,"hd_exposurelow_exposure",-0.0774871020112966,0.148332339466765,-0.522388457499238,109.798347127115,0.602452293184232,0.71923851910466
"PWY_096","fixed",NA,"hd_exposurehigh_exposure",-0.239826940095216,0.14633588265122,-1.63887992302493,106.282665942252,0.104195247779568,0.246472007437962
"PWY_097","fixed",NA,"(Intercept)",-5.41313734460685,0.141408840377127,-38.2800490419865,124.141652985064,1.3731358395358e-70,4.17313892102401e-70
"PWY_097","fixed",NA,"hd_exposurelow_exposure",-0.0797868876731946,0.215485825603926,-0.37026513205489,115.796184390059,0.711861341497567,0.803862807280774
"PWY_097","fixed",NA,"hd_exposurehigh_exposure",-0.11907014488329,0.213410478332743,-0.557939543613406,112.405201421745,0.577995221722851,0.702948465356904
"PWY_098","fixed",NA,"(Intercept)",-5.11145275572854,0.0893123012347637,-57.2312289019709,132.18260964568,3.76760265417988e-95,1.84164633235786e-94
"PWY_098","fixed",NA,"hd_exposurelow_exposure",-0.210423853661601,0.13422295227909,-1.56771885946947,115.769265343307,0.119676096449797,0.273825176492334
"PWY_098","fixed",NA,"hd_exposurehigh_exposure",0.00348014566844293,0.132336613607614,0.0262976781222601,112.347388794067,0.979066561572561,0.986120355243833
"PWY_099","fixed",NA,"(Intercept)",-6.45063443806295,0.094835596706374,-68.019126383895,137.461809210128,1.01575422281135e-107,6.9609039386778e-107
"PWY_099","fixed",NA,"hd_exposurelow_exposure",-0.0712002057569643,0.142348038050683,-0.500183962715478,120.290097020014,0.617859377489557,0.732627149898559
"PWY_099","fixed",NA,"hd_exposurehigh_exposure",-0.027513648056731,0.140309524552614,-0.196092518625945,116.935884739127,0.844878119084657,0.890148709294417
"PWY_100","fixed",NA,"(Intercept)",-4.77658463667376,0.109919088118618,-43.4554609070186,125.383887178317,1.87871482806519e-77,6.19444181517722e-77
"PWY_100","fixed",NA,"hd_exposurelow_exposure",-0.068227910912929,0.167744744533384,-0.40673650374394,117.820279994987,0.684939439511559,0.783284129455672
"PWY_100","fixed",NA,"hd_exposurehigh_exposure",-0.0368525342704175,0.166236098954732,-0.221687915573939,114.549577055465,0.824951564338366,0.878174097975393
"PWY_101","fixed",NA,"(Intercept)",-6.23224692462112,0.0869468731676614,-71.6787930096504,127.344200302508,8.55084545323337e-105,5.31292530827567e-104
"PWY_101","fixed",NA,"hd_exposurelow_exposure",-0.10118734068061,0.132623178592926,-0.762968749159561,119.512903563828,0.446985405579903,0.595057020591519
"PWY_101","fixed",NA,"hd_exposurehigh_exposure",-0.141596231610905,0.131401808405369,-1.07758206168736,116.189636371563,0.283452487595502,0.453394253613857
"PWY_102","fixed",NA,"(Intercept)",-6.73897268424503,0.0480809582045077,-140.158868206858,127.979485040399,6.03144414841268e-142,9.80460339474527e-141
"PWY_102","fixed",NA,"hd_exposurelow_exposure",-0.136088400190139,0.0724431467320008,-1.87855451245913,113.14439800572,0.0628791438009983,0.161590152635654
"PWY_102","fixed",NA,"hd_exposurehigh_exposure",-0.000122775641485149,0.071469407988503,-0.00171787685025877,109.60117239399,0.998632456145206,0.998632456145206
"PWY_103","fixed",NA,"(Intercept)",-4.43831413313409,0.0725789026105021,-61.1515739904818,142.031735047639,6.45934266525367e-104,3.8756055991522e-103
"PWY_103","fixed",NA,"hd_exposurelow_exposure",-0.0326939375259863,0.107852696254444,-0.303135096862626,118.356701177835,0.762319079882738,0.83520538689347
"PWY_103","fixed",NA,"hd_exposurehigh_exposure",-0.108700162810917,0.106142002765155,-1.02410129806409,116.145966255657,0.3079156829757,0.475442542486252
"PWY_104","fixed",NA,"(Intercept)",-5.18888200450947,0.076748017688215,-67.6093293456653,141.460727756767,1.37198384078379e-109,9.83606876623454e-109
"PWY_104","fixed",NA,"hd_exposurelow_exposure",-0.0108063077914663,0.113559686079398,-0.0951597187747668,114.808081808169,0.924353857587359,0.948090016806403
"PWY_104","fixed",NA,"hd_exposurehigh_exposure",-0.0922465207941673,0.111718586476009,-0.825704331785261,113.30028796194,0.410707099417646,0.559073539421489
"PWY_105","fixed",NA,"(Intercept)",-5.95683675355057,0.165839345360298,-35.9193214409337,127.629091334548,1.37749082958029e-68,4.15028487015786e-68
"PWY_105","fixed",NA,"hd_exposurelow_exposure",-0.32233473509561,0.251964812400619,-1.27928472243618,117.628440067354,0.203314581231453,0.386656876107565
"PWY_105","fixed",NA,"hd_exposurehigh_exposure",-0.209834719950661,0.24923898877651,-0.841901666271075,114.047598274084,0.401604950671239,0.553418947021707
"PWY_106","fixed",NA,"(Intercept)",-5.45224448313965,0.107496081358254,-50.720402216048,134.33063504864,1.7559347991833e-89,7.59999024538159e-89
"PWY_106","fixed",NA,"hd_exposurelow_exposure",-0.142754246618264,0.161419852156312,-0.884366109318612,117.413409492871,0.378305990308304,0.533674848083763
"PWY_106","fixed",NA,"hd_exposurehigh_exposure",-0.110061188222338,0.159122705138772,-0.691674944354125,114.038810727595,0.490547273438098,0.633227228316215
"PWY_109","fixed",NA,"(Intercept)",-4.56629384528381,0.0924393999205121,-49.3977010799544,129.871210450818,4.69413196569474e-86,1.89664638382695e-85
"PWY_109","fixed",NA,"hd_exposurelow_exposure",-0.151751630181987,0.140247975369502,-1.08202367828967,119.069299703319,0.281428482970235,0.452330650690746
"PWY_109","fixed",NA,"hd_exposurehigh_exposure",-0.159937296997997,0.138658545632272,-1.15346152138475,115.432683789054,0.251103762900834,0.426540778293276
"PWY_110","fixed",NA,"(Intercept)",-3.89573741570251,0.0375053283376625,-103.871572077145,102.762830793509,6.84744560199962e-106,4.49423894441102e-105
"PWY_110","fixed",NA,"hd_exposurelow_exposure",0.108444992427718,0.0562236221885714,1.92881547304082,85.9239477428114,0.0570551450910831,0.14964932990119
"PWY_110","fixed",NA,"hd_exposurehigh_exposure",0.037361947171089,0.055404003867741,0.674354641593747,83.0160171874106,0.501959465326798,0.644009545751436
"PWY_111","fixed",NA,"(Intercept)",-4.61386126110665,0.0657492951462036,-70.1735471208782,136.224260004783,8.08479668537496e-109,5.67967123927347e-108
"PWY_111","fixed",NA,"hd_exposurelow_exposure",-0.00271244237368198,0.0991763385775405,-0.0273496926039599,122.050350242356,0.978225491684405,0.985983588590337
"PWY_111","fixed",NA,"hd_exposurehigh_exposure",-0.0686748267849249,0.0978729244527182,-0.701673390970362,118.423511966437,0.484259557795399,0.627428046151963
"PWY_112","fixed",NA,"(Intercept)",-4.21528380501304,0.0675728207558763,-62.3813503396847,123.564074806323,2.88497360635935e-95,1.41515547427733e-94
"PWY_112","fixed",NA,"hd_exposurelow_exposure",0.00750801946113022,0.102955484925569,0.0729249098924463,115.141527610747,0.941992401671823,0.961946952182037
"PWY_112","fixed",NA,"hd_exposurehigh_exposure",-0.0355035191293347,0.101957429578644,-0.348219048636857,111.742341922151,0.728330845803645,0.813220168000678
"PWY_113","fixed",NA,"(Intercept)",-4.37087410610397,0.0786809888710327,-55.5518451003245,130.185488052725,1.55889833406014e-92,7.24033179739561e-92
"PWY_113","fixed",NA,"hd_exposurelow_exposure",-0.174777968488491,0.119466424370467,-1.46298819446125,119.820825790496,0.146088824516382,0.316639033602948
"PWY_113","fixed",NA,"hd_exposurehigh_exposure",-0.129072969539646,0.118145826648074,-1.0924886066786,116.205773280083,0.276878125969791,0.452330650690746
"PWY_114","fixed",NA,"(Intercept)",-6.54795488133108,0.0372591348768504,-175.740926432498,148.025267572497,9.94795732634415e-174,6.95362217111456e-172
"PWY_114","fixed",NA,"hd_exposurelow_exposure",0.000742187159790266,0.0543089738447447,0.0136660133169149,110.216282250147,0.989121145257713,0.992671472412263
"PWY_114","fixed",NA,"hd_exposurehigh_exposure",0.0319823577516796,0.0534265090223964,0.59862338634689,111.955691261167,0.550633316458584,0.680623674985942
"PWY_115","fixed",NA,"(Intercept)",-6.42170819536859,0.055278836699648,-116.169380160084,134.330559269422,1.21559144950705e-136,1.61847318705796e-135
"PWY_115","fixed",NA,"hd_exposurelow_exposure",-0.0340039260142014,0.081698430246928,-0.416212721730721,106.905695340409,0.678088743957945,0.782408186946553
"PWY_115","fixed",NA,"hd_exposurehigh_exposure",-0.0171120841401285,0.0803684601391637,-0.212920393279873,105.624570811819,0.831799454460096,0.882288040466778
"PWY_116","fixed",NA,"(Intercept)",-3.37047602143709,0.0186327494595191,-180.88989114353,123.293566562767,2.14186865452922e-151,4.67864434223727e-150
"PWY_116","fixed",NA,"hd_exposurelow_exposure",-0.0252751288230422,0.0283039406476117,-0.892989747884272,113.217643190166,0.373756836971727,0.53085481848728
"PWY_116","fixed",NA,"hd_exposurehigh_exposure",-0.0377761334041603,0.0279957319833943,-1.34935330237363,109.653577830235,0.180003012307622,0.362838166329356
"PWY_117","fixed",NA,"(Intercept)",-3.37355699338964,0.0162618136739051,-207.452690151228,127.315308901624,6.02712168815491e-163,1.79274811064693e-161
"PWY_117","fixed",NA,"hd_exposurelow_exposure",-0.016993501576984,0.0246457450912136,-0.689510563145535,115.913419689031,0.491880066032731,0.634361930178743
"PWY_117","fixed",NA,"hd_exposurehigh_exposure",-0.022120776121732,0.0243572814560993,-0.908179189110315,112.269060354078,0.365728914760919,0.526017513205519
"PWY_118","fixed",NA,"(Intercept)",-3.66915690036831,0.0440349773879862,-83.3236921649776,121.361511455546,5.78451869517129e-109,4.08422077568155e-108
"PWY_118","fixed",NA,"hd_exposurelow_exposure",-0.108004375242734,0.0676614150564071,-1.59624765684687,117.374647187883,0.113122477965777,0.262264053393295
"PWY_118","fixed",NA,"hd_exposurehigh_exposure",-0.129356289114327,0.0672899025211165,-1.92237296039674,115.116249880578,0.0570299897681755,0.14964932990119
"PWY_119","fixed",NA,"(Intercept)",-3.25143731271135,0.0153691547634277,-211.556026519327,126.447176798564,4.16893948703765e-163,1.29515053397303e-161
"PWY_119","fixed",NA,"hd_exposurelow_exposure",0.0167311012780875,0.0232787544851245,0.718728370488159,114.705317115847,0.473769858159193,0.617269582205546
"PWY_119","fixed",NA,"hd_exposurehigh_exposure",0.0298623933197088,0.0230015894977868,1.29827520496278,111.060637893134,0.19688232395956,0.379643432959263
"PWY_120","fixed",NA,"(Intercept)",-3.65444959886216,0.0229285526255986,-159.384225360224,105.32307629161,2.17162559136623e-127,2.35343610599224e-126
"PWY_120","fixed",NA,"hd_exposurelow_exposure",0.0114139083604294,0.0342947313993223,0.332818129628358,87.0116875069123,0.740072125817228,0.822433093714217
"PWY_120","fixed",NA,"hd_exposurehigh_exposure",0.00434300706004171,0.033780828415123,0.128564255638486,84.2752986445856,0.898008766952281,0.926553213055578
"PWY_122","fixed",NA,"(Intercept)",-5.38930969636064,0.105592568454459,-51.0387215240909,129.059572126392,1.94490958919025e-87,8.06820061035005e-87
"PWY_122","fixed",NA,"hd_exposurelow_exposure",0.100650940088226,0.159822089519959,0.629768640808917,116.895666722543,0.5300749811757,0.664018659214721
"PWY_122","fixed",NA,"hd_exposurehigh_exposure",0.0607670284842261,0.157882715047429,0.384887151617398,113.2351388187,0.701042985160143,0.795567865980405
"PWY_123","fixed",NA,"(Intercept)",-4.27921034956255,0.0620116575601601,-69.0065467998676,129.795007726785,3.61966891430259e-104,2.20012919225871e-103
"PWY_123","fixed",NA,"hd_exposurelow_exposure",-0.149573787805537,0.094072665874765,-1.5899813874166,118.92881606313,0.114493840737677,0.264129355365136
"PWY_123","fixed",NA,"hd_exposurehigh_exposure",-0.131070521982038,0.0930027654620806,-1.40931854371018,115.289753513159,0.161432665439968,0.337478756248912
"PWY_124","fixed",NA,"(Intercept)",-4.08006460787208,0.057112399269056,-71.4392086497879,128.123383839362,4.44993961935926e-105,2.80225927381272e-104
"PWY_124","fixed",NA,"hd_exposurelow_exposure",-0.123571089666042,0.0869944158618307,-1.42044852467663,119.533030440018,0.158080320951543,0.335237188329312
"PWY_124","fixed",NA,"hd_exposurehigh_exposure",-0.173360100435101,0.0861413000255627,-2.0125085224353,116.093807348985,0.0464808649058318,0.126420718168002
"PWY_125","fixed",NA,"(Intercept)",-4.85153933567337,0.0665892912625364,-72.857650887822,129.238590238314,8.09990554307385e-107,5.39222283296059e-106
"PWY_125","fixed",NA,"hd_exposurelow_exposure",0.000408034353374575,0.0998880560326502,0.00408491635117217,111.702638602658,0.996748003754074,0.997461495524836
"PWY_125","fixed",NA,"hd_exposurehigh_exposure",-0.0945093702307342,0.0984447990678656,-0.96002400457521,108.438761293104,0.339178843152163,0.502300871532547
"PWY_126","fixed",NA,"(Intercept)",-6.79763354512303,0.0845100624466066,-80.435788926529,151.424517566595,3.90134127446315e-126,3.95222833456485e-125
"PWY_126","fixed",NA,"hd_exposurelow_exposure",0.0370904794220503,0.124697901377534,0.297442691595552,123.023296748895,0.766630232548306,0.835621481731547
"PWY_126","fixed",NA,"hd_exposurehigh_exposure",-0.0503183982795234,0.122658735952281,-0.410230856276713,122.015915567608,0.682356029505888,0.782408186946553
"PWY_127","fixed",NA,"(Intercept)",-5.99015170432912,0.0984193382040061,-60.8635641494824,135.020397739629,4.93168744146449e-100,2.76887511773789e-99
"PWY_127","fixed",NA,"hd_exposurelow_exposure",-0.119595612194963,0.148561769032817,-0.805022806160472,121.265655284358,0.422382093405005,0.572180393973059
"PWY_127","fixed",NA,"hd_exposurehigh_exposure",-0.088003069565695,0.146638527098164,-0.600136071380362,117.620403396072,0.549570059583407,0.679910569289915
"PWY_128","fixed",NA,"(Intercept)",-4.88201015745638,0.122143860444198,-39.9693454890166,128.794307671034,1.87192766418047e-74,5.86761182628766e-74
"PWY_128","fixed",NA,"hd_exposurelow_exposure",-0.134587546597854,0.185215920730623,-0.726652147757844,117.691305691075,0.468881888573559,0.613186978695823
"PWY_128","fixed",NA,"hd_exposurehigh_exposure",-0.163067879579632,0.183082137786928,-0.890681535352248,114.047719602973,0.374975166180899,0.531658501339652
"PWY_130","fixed",NA,"(Intercept)",-3.192836682921,0.0175178844924105,-182.261544440727,131.623153317538,4.42649484044606e-160,1.2133803503811e-158
"PWY_130","fixed",NA,"hd_exposurelow_exposure",0.0330529001782046,0.026271330246072,1.25813576505691,113.908095039619,0.210915528090574,0.394572615542513
"PWY_130","fixed",NA,"hd_exposurehigh_exposure",-0.005686358543556,0.0258904252458199,-0.219631716727946,110.65080413005,0.826562649650662,0.878174097975393
"PWY_131","fixed",NA,"(Intercept)",-3.69347777835309,0.0289299868949033,-127.66952822242,123.341201325233,7.04322503614233e-133,8.56211182654519e-132
"PWY_131","fixed",NA,"hd_exposurelow_exposure",-0.0264370556557464,0.0435323723278552,-0.607296461048368,107.804714995726,0.544931222057776,0.677167865277129
"PWY_131","fixed",NA,"hd_exposurehigh_exposure",0.0608269475901038,0.0429333217465948,1.41677711193936,104.364161767884,0.159526252219645,0.33593194541966
"PWY_133","fixed",NA,"(Intercept)",-6.14369684407118,0.0337195158916582,-182.200031098046,135.748117464987,4.05003013307109e-164,1.31673072698451e-162
"PWY_133","fixed",NA,"hd_exposurelow_exposure",-0.0863348136824143,0.0509746877157303,-1.69368009008464,122.875338506256,0.0928596129316341,0.224598164149523
"PWY_133","fixed",NA,"hd_exposurehigh_exposure",0.0174138912498374,0.0503368538272369,0.345947152549588,119.198560250341,0.729992275767638,0.81381913997062
"PWY_134","fixed",NA,"(Intercept)",-5.83680384501482,0.0260884552439104,-223.731293801968,130.412415860419,1.8565519297526e-170,9.26949856355046e-169
"PWY_134","fixed",NA,"hd_exposurelow_exposure",-0.0722427381562172,0.0392276776577054,-1.84162668987433,114.331761475332,0.06812172333649,0.173468432102756
"PWY_134","fixed",NA,"hd_exposurehigh_exposure",-0.0108244720449454,0.0386810742219433,-0.279838971969522,110.88495703471,0.780122400421599,0.844780105181561
"PWY_135","fixed",NA,"(Intercept)",-4.88026920104495,0.0952936426511613,-51.2129567647027,132.669620174016,2.88106960871254e-89,1.24312818301856e-88
"PWY_135","fixed",NA,"hd_exposurelow_exposure",-0.0344067401452313,0.143318854736332,-0.240071274700949,116.711488437883,0.810696152420395,0.866174284897265
"PWY_135","fixed",NA,"hd_exposurehigh_exposure",-0.025003242392667,0.141329110924449,-0.176915019341155,113.23894303868,0.859891180564852,0.901045041900708
"PWY_136","fixed",NA,"(Intercept)",-6.2502679272299,0.0220721670776702,-283.174185173377,142.69357850869,3.86185093463339e-198,7.71266800945355e-196
"PWY_136","fixed",NA,"hd_exposurelow_exposure",-0.0400562506804293,0.0311536256621071,-1.28576529470054,77.9667712738734,0.202330699596756,0.386418467262656
"PWY_136","fixed",NA,"hd_exposurehigh_exposure",0.00199317076822606,0.0307924675373883,0.064729166826463,89.0038840731311,0.948534802942678,0.965435591364319
"PWY_137","fixed",NA,"(Intercept)",-4.26393359437453,0.0623942375909054,-68.3385799555959,129.828094087158,1.18410527341578e-103,7.0143185264206e-103
"PWY_137","fixed",NA,"hd_exposurelow_exposure",-0.140596598818222,0.094017775885895,-1.49542570533532,115.034399755712,0.137541753599633,0.303286074972062
"PWY_137","fixed",NA,"hd_exposurehigh_exposure",-0.130060249353723,0.0927563387919565,-1.40217101114174,111.475513919487,0.16364272095808,0.339268396784811
"PWY_138","fixed",NA,"(Intercept)",-3.816418789702,0.0457408782966537,-83.4356254584906,136.812573204987,3.29959312031727e-119,2.95694306551509e-118
"PWY_138","fixed",NA,"hd_exposurelow_exposure",-0.0638051420420645,0.0688795455262115,-0.92632931234693,121.628202975481,0.356109287558806,0.51874301859207
"PWY_138","fixed",NA,"hd_exposurehigh_exposure",-0.0943657184677979,0.0679441561601549,-1.38887174115995,118.070019942078,0.1674859981372,0.344838623557888
"PWY_139","fixed",NA,"(Intercept)",-3.41436140031369,0.0222574398146884,-153.403150979675,145.38109389789,1.10086474523281e-162,3.14083451803157e-161
"PWY_139","fixed",NA,"hd_exposurelow_exposure",0.041139994492645,0.0325491037664493,1.26393632180592,110.106811291639,0.208922187600629,0.391794707222465
"PWY_139","fixed",NA,"hd_exposurehigh_exposure",0.00767308043174759,0.0320158117722907,0.239665340561146,111.035284481046,0.811031572911673,0.866174284897265
"PWY_140","fixed",NA,"(Intercept)",-3.49211515562784,0.0191456291858303,-182.397513381924,135.22006149043,1.15351342264362e-163,3.66502673830858e-162
"PWY_140","fixed",NA,"hd_exposurelow_exposure",-0.0255315669936762,0.0287127267164206,-0.889207327671703,117.499745527306,0.37570852258338,0.53215857606035
"PWY_140","fixed",NA,"hd_exposurehigh_exposure",-0.0319460732695169,0.0282964818755638,-1.12897686044514,114.223872978136,0.261273097723274,0.437096083553409
"PWY_141","fixed",NA,"(Intercept)",-7.06221158316564,0.0523665383124183,-134.861150092308,140.401808866487,2.00545239391674e-150,4.31326530260861e-149
"PWY_141","fixed",NA,"hd_exposurelow_exposure",-0.0573213673986751,0.0780076354610182,-0.734817393962924,118.357015174984,0.463904158115943,0.609453575482051
"PWY_141","fixed",NA,"hd_exposurehigh_exposure",0.0582518293726373,0.076792034239192,0.758566040732745,115.802847711284,0.449653326943059,0.596808487150181
"PWY_142","fixed",NA,"(Intercept)",-6.02533284490635,0.0856573835946165,-70.3422471251508,140.079640507852,3.62338849462044e-111,2.78324017334031e-110
"PWY_142","fixed",NA,"hd_exposurelow_exposure",-0.103017053509618,0.128177381845444,-0.80370695692502,120.987793143678,0.423142486309568,0.572545644812805
"PWY_142","fixed",NA,"hd_exposurehigh_exposure",-0.0103629537800959,0.126266553532855,-0.0820720411712147,117.901001975451,0.934728595178873,0.955925805457253
"PWY_143","fixed",NA,"(Intercept)",-3.27306184256733,0.0126046133378325,-259.671737231582,135.253990533627,2.18696326769382e-184,3.05737464823596e-182
"PWY_143","fixed",NA,"hd_exposurelow_exposure",0.0172863587835399,0.018839155794307,0.917576083147187,115.376940749954,0.360754954709884,0.522086363027347
"PWY_143","fixed",NA,"hd_exposurehigh_exposure",0.0197647787206024,0.0185545746676817,1.06522402558915,112.433154933793,0.289056803222423,0.45558219944188
"PWY_145","fixed",NA,"(Intercept)",-4.01548982725105,0.062855774125307,-63.8841838022058,122.978769121646,3.52369564565321e-96,1.75306993331786e-95
"PWY_145","fixed",NA,"hd_exposurelow_exposure",-0.20241017687899,0.09611071418898,-2.10601053781576,116.469485945106,0.0373511924428347,0.104225483103958
"PWY_145","fixed",NA,"hd_exposurehigh_exposure",-0.200304761145967,0.0953342296941802,-2.10107913798138,113.423606490859,0.0378488314445886,0.105403717847679
"PWY_148","fixed",NA,"(Intercept)",-3.9608926136154,0.0705104368641328,-56.1745578352845,125.676784860238,6.78085100403891e-91,3.02863568806594e-90
"PWY_148","fixed",NA,"hd_exposurelow_exposure",-0.122677857783758,0.107830655446234,-1.13768999433493,119.232290090623,0.257530986778119,0.433769059657603
"PWY_148","fixed",NA,"hd_exposurehigh_exposure",-0.216971056978573,0.106966990427452,-2.02839264815746,116.194282155819,0.0448067725749537,0.122823270705461
"PWY_149","fixed",NA,"(Intercept)",-6.2486654229829,0.0592677739849205,-105.43108004314,132.888269960655,5.79988175979452e-130,6.87138533914638e-129
"PWY_149","fixed",NA,"hd_exposurelow_exposure",-0.032089972588586,0.0886837970125487,-0.361847075447675,113.749457807173,0.718137625648979,0.808989847427295
"PWY_149","fixed",NA,"hd_exposurehigh_exposure",-0.158865166803479,0.0873609853999327,-1.81849101262086,110.696075299821,0.0716929383884833,0.181241822544484
"PWY_150","fixed",NA,"(Intercept)",-4.98860574580404,0.0687543515825844,-72.5569455747389,113.6773315127,4.73255832186873e-97,2.42348590988003e-96
"PWY_150","fixed",NA,"hd_exposurelow_exposure",0.342697185348981,0.102973901535456,3.3280003985377,95.6529598892961,0.0012426737458636,0.00372003832273515
"PWY_150","fixed",NA,"hd_exposurehigh_exposure",0.223399123157236,0.101454909678614,2.20195477838298,92.6760496635773,0.0301501979853815,0.0856351889920392
"PWY_151","fixed",NA,"(Intercept)",-4.92800221089914,0.123041297706708,-40.0516111480387,125.937161522947,1.63909189688673e-73,5.06958068992843e-73
"PWY_151","fixed",NA,"hd_exposurelow_exposure",0.0119583733434868,0.186039077666152,0.0642788251452533,113.196612640718,0.948861589795833,0.965435591364319
"PWY_151","fixed",NA,"hd_exposurehigh_exposure",-0.241358402124861,0.18372158371909,-1.3137182754417,109.561886280962,0.191685282887824,0.373997292597082
"PWY_152","fixed",NA,"(Intercept)",-6.46223644983372,0.0455058294746774,-142.008980485231,128.715291529601,2.53913780890895e-143,4.43714332106838e-142
"PWY_152","fixed",NA,"hd_exposurelow_exposure",-0.0915344938961944,0.0674980225098876,-1.35610630493339,103.910684237782,0.17800491883961,0.360732218070088
"PWY_152","fixed",NA,"hd_exposurehigh_exposure",-0.0202705912280984,0.0664158791525233,-0.30520699999389,102.038868881851,0.760830205199257,0.834227942642008
"PWY_153","fixed",NA,"(Intercept)",-3.84231166603045,0.0914210528173175,-42.0287400726872,127.89630677043,1.01231777600405e-76,3.29888170362158e-76
"PWY_153","fixed",NA,"hd_exposurelow_exposure",-0.243939252312215,0.140086091485694,-1.74135240497538,122.485900431398,0.0841325521513099,0.207804430932034
"PWY_153","fixed",NA,"hd_exposurehigh_exposure",-0.212780070053714,0.139104360614105,-1.52964342105705,119.722776211903,0.128742953913362,0.29076356958139
"PWY_157","fixed",NA,"(Intercept)",-6.27427325597449,0.0907103584086033,-69.1682115036095,139.507579889338,7.53713442528437e-110,5.43139893121008e-109
"PWY_157","fixed",NA,"hd_exposurelow_exposure",-0.100317419543311,0.135933721505913,-0.73798773719991,121.325204960471,0.461946943754602,0.607957459147801
"PWY_157","fixed",NA,"hd_exposurehigh_exposure",-0.013857999586953,0.133942755964453,-0.103462105786675,118.102204508121,0.917771706237434,0.942722149390104
"PWY_158","fixed",NA,"(Intercept)",-3.2974394993526,0.013633332766365,-241.865988006085,128.849182756825,4.02209549449905e-173,2.67756642919509e-171
"PWY_158","fixed",NA,"hd_exposurelow_exposure",0.00442425582588088,0.0205045702930367,0.215769253520194,112.928675354263,0.829556854400686,0.880577435423052
"PWY_158","fixed",NA,"hd_exposurehigh_exposure",0.0164719172921102,0.0202200001843141,0.814634873489687,109.4763701234,0.417049917300142,0.566054159597669
"PWY_159","fixed",NA,"(Intercept)",-3.85771026475841,0.0363094267899834,-106.245419049761,97.5277460654393,1.26482676657402e-102,7.36761591529367e-102
"PWY_159","fixed",NA,"hd_exposurelow_exposure",0.119927003444674,0.0548565261044901,2.18619391275777,85.2892445666102,0.0315410130625247,0.0888998714947772
"PWY_159","fixed",NA,"hd_exposurehigh_exposure",0.0489789253167036,0.0541602074153602,0.904334153321813,82.0302251133683,0.368466521256735,0.527283976827533
"PWY_161","fixed",NA,"(Intercept)",-3.31025085468517,0.0187232487989959,-176.798956752778,123.010377348271,6.7756302029967e-150,1.41322702656374e-148
"PWY_161","fixed",NA,"hd_exposurelow_exposure",0.0159047180352275,0.0282681571376363,0.562637244366097,109.45610703518,0.574832494507689,0.701235451415138
"PWY_161","fixed",NA,"hd_exposurehigh_exposure",0.0349699693242732,0.0279038508548438,1.25323094314786,105.873390429478,0.212882303390227,0.394572615542513
"PWY_162","fixed",NA,"(Intercept)",-5.06398126568297,0.106982171692774,-47.3348146289782,133.554022611096,2.45183831223813e-85,9.7101132025748e-85
"PWY_162","fixed",NA,"hd_exposurelow_exposure",-0.305368661215557,0.161493337179283,-1.89090563455599,119.818322384097,0.061051844117814,0.157764284799822
"PWY_162","fixed",NA,"hd_exposurehigh_exposure",-0.281147621482092,0.159404417919015,-1.76373795125884,116.176948839964,0.0804048713133244,0.200367219422509
"PWY_163","fixed",NA,"(Intercept)",-3.91845845951662,0.0579858054384745,-67.5761667857538,123.07205435627,3.75488492612195e-99,2.0748336469243e-98
"PWY_163","fixed",NA,"hd_exposurelow_exposure",-0.0953405679784353,0.0886803552885742,-1.07510358599927,116.658283904051,0.284546910280676,0.453587891188581
"PWY_163","fixed",NA,"hd_exposurehigh_exposure",-0.0805657252230205,0.0879717553849577,-0.91581354572807,113.634701029095,0.361704095421601,0.522918640537124
"PWY_164","fixed",NA,"(Intercept)",-4.8406179062558,0.0960136039523838,-50.4159588536684,121.017385932407,4.33834440925445e-83,1.63037781831659e-82
"PWY_164","fixed",NA,"hd_exposurelow_exposure",0.124078144577897,0.146220576431181,0.848568290498395,112.364333973593,0.39792568454094,0.549703663031852
"PWY_164","fixed",NA,"hd_exposurehigh_exposure",0.0520191101340051,0.144774725647602,0.35931071463831,108.947539865617,0.720058123024465,0.810498198806823
"PWY_165","fixed",NA,"(Intercept)",-4.42881613156943,0.0898803241340608,-49.2745901201205,124.27399142142,2.02752244518284e-83,7.72336887838041e-83
"PWY_165","fixed",NA,"hd_exposurelow_exposure",-0.151175977587584,0.137305172620727,-1.10102172192137,117.265106199635,0.273142095777583,0.450297936199364
"PWY_165","fixed",NA,"hd_exposurehigh_exposure",-0.173228157555646,0.136135012117305,-1.27247322243875,114.105135253242,0.205791896744436,0.390290618946002
"PWY_166","fixed",NA,"(Intercept)",-5.20326350718403,0.138645778209137,-37.5291882262386,126.595601391395,1.872597558073e-70,5.66643157183128e-70
"PWY_166","fixed",NA,"hd_exposurelow_exposure",-0.220793051540117,0.210973620231605,-1.04654340811772,117.454691165046,0.297459129555342,0.465154209304663
"PWY_166","fixed",NA,"hd_exposurehigh_exposure",-0.132623330784563,0.208817406321651,-0.63511626315422,113.95520172808,0.526625808133055,0.660289578269069
"PWY_167","fixed",NA,"(Intercept)",-3.57080917229636,0.0189883277678333,-188.052850991196,97.3576923784029,1.66735717831946e-126,1.75260551525609e-125
"PWY_167","fixed",NA,"hd_exposurelow_exposure",-0.004921191666265,0.0283221492008409,-0.173757705722378,78.1117674873984,0.862505403868635,0.902084252982306
"PWY_167","fixed",NA,"hd_exposurehigh_exposure",0.00157245626927499,0.0278856039985476,0.056389535953996,75.794120682761,0.955179881631157,0.970451652994445
"PWY_170","fixed",NA,"(Intercept)",-5.93400225498594,0.0721423219964539,-82.2541067541133,139.377856608774,5.15566558678578e-120,4.74185558574113e-119
"PWY_170","fixed",NA,"hd_exposurelow_exposure",-0.101745885045913,0.108472910095512,-0.937984285259095,123.294389199976,0.350086296679713,0.512482348437947
"PWY_170","fixed",NA,"hd_exposurehigh_exposure",0.0443585987621314,0.106960683853269,0.414718728079407,119.814372294181,0.679089430226826,0.782408186946553
"PWY_171","fixed",NA,"(Intercept)",-3.98756227507154,0.0338258543979943,-117.885042256552,130.532549020208,1.87305513507736e-134,2.38048279894377e-133
"PWY_171","fixed",NA,"hd_exposurelow_exposure",-0.0264895697052976,0.0505792350102039,-0.52372420618765,110.973207517023,0.60151473041043,0.71923851910466
"PWY_171","fixed",NA,"hd_exposurehigh_exposure",-0.0512327943284946,0.0498188329207047,-1.02838206607611,108.006485335509,0.306067690982808,0.473845661122886
"PWY_172","fixed",NA,"(Intercept)",-4.9245337043716,0.104032356696113,-47.3365581706137,125.598159198387,6.14360818725634e-82,2.2424971921108e-81
"PWY_172","fixed",NA,"hd_exposurelow_exposure",-0.228584019700079,0.158411307191505,-1.44297792722423,116.836868106814,0.151702374743948,0.326779537584036
"PWY_172","fixed",NA,"hd_exposurehigh_exposure",-0.236396968184018,0.156836180733171,-1.50728592776819,113.385073398418,0.134518558397109,0.299453733501846
"PWY_175","fixed",NA,"(Intercept)",-5.39409065332629,0.0729700725771171,-73.9219581784798,136.065062578794,1.00518867960687e-111,7.93928685926783e-111
"PWY_175","fixed",NA,"hd_exposurelow_exposure",-0.0666342638657747,0.110014853160172,-0.605684250369002,121.600052590619,0.545853295929663,0.677711285710186
"PWY_175","fixed",NA,"hd_exposurehigh_exposure",-0.110556719085705,0.108554719214493,-1.018442310806,117.991198155781,0.310551535891736,0.476565364628592
"PWY_176","fixed",NA,"(Intercept)",-4.1576195355279,0.071692846894215,-57.9921110074287,122.821555451252,4.2824692825962e-91,1.91887565931714e-90
"PWY_176","fixed",NA,"hd_exposurelow_exposure",-0.126232057852462,0.10833045049217,-1.16525000384436,109.75016455494,0.24644416379641,0.423665020904402
"PWY_176","fixed",NA,"hd_exposurehigh_exposure",-0.023480172027394,0.106960184666982,-0.219522545707069,106.149202975918,0.826664601527623,0.878174097975393
"PWY_177","fixed",NA,"(Intercept)",-4.57257320169998,0.106417315866516,-42.9683192483032,128.598255882742,3.82406600035072e-78,1.27286768297388e-77
"PWY_177","fixed",NA,"hd_exposurelow_exposure",-0.23109516324948,0.161797654053005,-1.42829736686895,118.989102792063,0.155825882649183,0.334630697301933
"PWY_177","fixed",NA,"hd_exposurehigh_exposure",-0.188381563004786,0.16009098958998,-1.17671558834924,115.435997986133,0.24172978678315,0.421666265123957
"PWY_178","fixed",NA,"(Intercept)",-5.39781644232384,0.115560433142546,-46.7099014388906,130.353396237359,2.86392946987966e-83,1.08503344143408e-82
"PWY_178","fixed",NA,"hd_exposurelow_exposure",-0.216373329743696,0.174977362028727,-1.23657899076209,118.409768415837,0.218690531547298,0.400169323433407
"PWY_178","fixed",NA,"hd_exposurehigh_exposure",-0.131299563096587,0.172875995133044,-0.759501416003653,114.743474670584,0.449110216654537,0.596808487150181
"PWY_179","fixed",NA,"(Intercept)",-3.9049681111044,0.0423595874298096,-92.1861696026899,128.116950266972,5.46120694540913e-119,4.83213120865947e-118
"PWY_179","fixed",NA,"hd_exposurelow_exposure",-0.0959159394397867,0.0645514478349454,-1.48588362704178,119.769761534565,0.139937448810619,0.307115468504309
"PWY_179","fixed",NA,"hd_exposurehigh_exposure",-0.152197767088808,0.0639305165859517,-2.38067475779246,116.364054803373,0.0189050147414288,0.0548323871546005
"PWY_180","fixed",NA,"(Intercept)",-5.88270544268791,0.101679364518342,-57.8554505189372,132.662433236231,5.44444301628413e-96,2.68951637341527e-95
"PWY_180","fixed",NA,"hd_exposurelow_exposure",-0.145006311334692,0.153246132390708,-0.946231458324783,117.983533723393,0.345964450166742,0.508466239000726
"PWY_180","fixed",NA,"hd_exposurehigh_exposure",-0.141002000084704,0.151198354654131,-0.932563058687038,114.401056562903,0.353009614074838,0.516221172046677
"PWY_181","fixed",NA,"(Intercept)",-6.4332045480127,0.0522723160300328,-123.070968279204,133.015965600512,6.62183375495888e-139,9.84821658450268e-138
"PWY_181","fixed",NA,"hd_exposurelow_exposure",-0.0691989160876176,0.0792918926892236,-0.872711115105244,122.106356806654,0.384533471610263,0.537476425051309
"PWY_181","fixed",NA,"hd_exposurehigh_exposure",0.0248487069500724,0.0783879732141586,0.31699642089463,118.454669346591,0.751804333604107,0.8295362733848
"PWY_182","fixed",NA,"(Intercept)",-5.9924577297817,0.0887931174848968,-67.4878627929804,134.293536175455,1.71695895357607e-105,1.09603133200883e-104
"PWY_182","fixed",NA,"hd_exposurelow_exposure",-0.0815374498805759,0.134275273065077,-0.607240990983193,121.607991182389,0.544823163173884,0.677167865277129
"PWY_182","fixed",NA,"hd_exposurehigh_exposure",-0.058485885866276,0.132608581994461,-0.441041484545239,117.931433654214,0.659990455236993,0.769051598555237
"PWY_185","fixed",NA,"(Intercept)",-5.9924577297817,0.0887931174848968,-67.4878627929804,134.293536175455,1.71695895357607e-105,1.09603133200883e-104
"PWY_185","fixed",NA,"hd_exposurelow_exposure",-0.0815374498805759,0.134275273065077,-0.607240990983193,121.607991182389,0.544823163173884,0.677167865277129
"PWY_185","fixed",NA,"hd_exposurehigh_exposure",-0.058485885866276,0.132608581994461,-0.441041484545239,117.931433654214,0.659990455236993,0.769051598555237
"PWY_186","fixed",NA,"(Intercept)",-6.3453588256878,0.0782979591565926,-81.0411777527605,148.579221239866,7.21390967412618e-125,7.25542857872546e-124
"PWY_186","fixed",NA,"hd_exposurelow_exposure",0.0411546136575675,0.117072491473739,0.351531031239727,129.163466346877,0.72576279824623,0.813220168000678
"PWY_186","fixed",NA,"hd_exposurehigh_exposure",-0.00773317344727974,0.115311588472617,-0.0670632808871256,126.150081059746,0.946637498514464,0.965280250126346
"PWY_187","fixed",NA,"(Intercept)",-3.62238418227708,0.0397728908003402,-91.0767135449481,120.493567453734,5.77691438604496e-113,4.64145190327061e-112
"PWY_187","fixed",NA,"hd_exposurelow_exposure",-0.0886097579289619,0.0608797771780346,-1.45548755327791,114.55297937647,0.148269385456711,0.320371871512337
"PWY_187","fixed",NA,"hd_exposurehigh_exposure",-0.096803300803958,0.0604197528937618,-1.60217968739744,111.656260343163,0.111941248945791,0.260823110043694
"PWY_188","fixed",NA,"(Intercept)",-7.11440481629697,0.0905096723685698,-78.6038069757448,138.136586364011,1.47859940963272e-116,1.26814845071567e-115
"PWY_188","fixed",NA,"hd_exposurelow_exposure",0.0029813593726742,0.134515757555412,0.0221636440730453,114.524953241775,0.982355988155102,0.987299548124251
"PWY_188","fixed",NA,"hd_exposurehigh_exposure",-0.0173151890289854,0.13238397735254,-0.130795201770339,112.306122401779,0.89617132414353,0.926553213055578
"PWY_189","fixed",NA,"(Intercept)",-4.29692074607716,0.0623879044930604,-68.8742598584173,126.250691062059,5.26170499791807e-102,3.03961305251631e-101
"PWY_189","fixed",NA,"hd_exposurelow_exposure",-0.115636723553561,0.094633084469305,-1.22194816117474,115.33918857891,0.224218704877557,0.406707909600716
"PWY_189","fixed",NA,"hd_exposurehigh_exposure",-0.161281699986754,0.0935531730271674,-1.7239575609041,111.715000075425,0.0874816871523072,0.214560348489343
"PWY_190","fixed",NA,"(Intercept)",-4.33522339326574,0.0497873470313137,-87.0748021688944,113.34001461493,1.16478165343388e-105,7.57378954186309e-105
"PWY_190","fixed",NA,"hd_exposurelow_exposure",0.156903165456323,0.0747972304118348,2.0977135729814,97.1637176383179,0.0385256883223878,0.106862921179956
"PWY_190","fixed",NA,"hd_exposurehigh_exposure",0.0144017105799277,0.0737403552417864,0.1953029726085,93.9341453546095,0.845577600817586,0.890148709294417
"PWY_191","fixed",NA,"(Intercept)",-6.80426135252215,0.0267570119319611,-254.29825160688,251.999999999687,8.2939053165209e-306,1.15948796324962e-302
"PWY_191","fixed",NA,"hd_exposurelow_exposure",0.00451863714970675,0.0377273416416472,0.119770886393931,251.999999999247,0.904760074729075,0.93209623026621
"PWY_191","fixed",NA,"hd_exposurehigh_exposure",-0.0501577651217277,0.0372987546354274,-1.34475710012276,251.999999999425,0.179912767671412,0.362838166329356
"PWY_192","fixed",NA,"(Intercept)",-4.72182756530397,0.115843561831625,-40.7603796934958,127.053332163578,8.03277935046618e-75,2.52923998467381e-74
"PWY_192","fixed",NA,"hd_exposurelow_exposure",-0.22343620825552,0.176651172987799,-1.26484418119857,119.072251990605,0.208397084845627,0.391584844911542
"PWY_192","fixed",NA,"hd_exposurehigh_exposure",-0.193488621015523,0.175002776486848,-1.10563172139194,115.725366265396,0.271179193521709,0.447589743262514
"PWY_195","fixed",NA,"(Intercept)",-7.26089178648539,0.0781735786136847,-92.8816604695429,141.50802950045,1.06617545704075e-128,1.20202684592175e-127
"PWY_195","fixed",NA,"hd_exposurelow_exposure",-0.116302929107458,0.115407713275773,-1.00775698440143,113.249615843876,0.315719479741767,0.481002358652559
"PWY_195","fixed",NA,"hd_exposurehigh_exposure",-0.101926598446582,0.113522903463182,-0.897850524758985,112.154972717634,0.371188640535747,0.528972191099872
"PWY_196","fixed",NA,"(Intercept)",-5.45406291979165,0.132796855492092,-41.0707233961307,133.241835678343,1.6251219737606e-77,5.37097049483999e-77
"PWY_196","fixed",NA,"hd_exposurelow_exposure",-0.129777554304241,0.200820768890649,-0.646235720643551,120.559395325642,0.519354986328149,0.655879196826334
"PWY_196","fixed",NA,"hd_exposurehigh_exposure",-0.232271401395483,0.198328661209546,-1.17114389810797,116.886051011724,0.243922881647258,0.422034886810478
"PWY_197","fixed",NA,"(Intercept)",-3.77750503295476,0.0321804712128151,-117.385013040159,120.547637781193,3.86168734574837e-126,3.95222833456485e-125
"PWY_197","fixed",NA,"hd_exposurelow_exposure",-0.0896058027567446,0.0491176128589764,-1.82431102696329,113.100211038056,0.0707449714396519,0.179169329841727
"PWY_197","fixed",NA,"hd_exposurehigh_exposure",-0.116866960232236,0.0486793844452141,-2.400748521456,109.868974392109,0.0180415713472976,0.0524368331466156
"PWY_198","fixed",NA,"(Intercept)",-3.38142659689537,0.0191113626283364,-176.932784053908,128.659975466305,1.69892752125137e-155,3.95850112451569e-154
"PWY_198","fixed",NA,"hd_exposurelow_exposure",-0.00775586121171979,0.0289542220581831,-0.267866330379538,117.049810421554,0.789273673270012,0.85027386511604
"PWY_198","fixed",NA,"hd_exposurehigh_exposure",-0.0359661480265663,0.0286119184110585,-1.25703378256054,113.39476359311,0.211324430682865,0.394572615542513
"PWY_199","fixed",NA,"(Intercept)",-4.88199794126294,0.121107388603369,-40.3113137651052,125.311525985103,1.31606155563502e-73,4.07949901281099e-73
"PWY_199","fixed",NA,"hd_exposurelow_exposure",-0.258990064215431,0.184598844541389,-1.40298854447793,117.10471962076,0.163266061389542,0.339147033911708
"PWY_199","fixed",NA,"hd_exposurehigh_exposure",-0.21222290373164,0.182842038061353,-1.16068988281802,113.729099044453,0.248198606667171,0.423665020904402
"PWY_200","fixed",NA,"(Intercept)",-4.55169044547608,0.0661399617611212,-68.8190667831877,131.425241224852,5.8760943492112e-105,3.68375780277904e-104
"PWY_200","fixed",NA,"hd_exposurelow_exposure",0.038101338262263,0.0993626120484929,0.383457494491671,114.794287326837,0.702089812838474,0.795567865980405
"PWY_200","fixed",NA,"hd_exposurehigh_exposure",0.0399094497447268,0.0979582557296924,0.407412825467754,111.401483741206,0.68448663443817,0.783284129455672
"PWY_201","fixed",NA,"(Intercept)",-5.88567367888516,0.0886901806796689,-66.3621793729683,130.240882846046,2.82119228661748e-102,1.63652565007935e-101
"PWY_201","fixed",NA,"hd_exposurelow_exposure",-0.0602524072982941,0.134640781365404,-0.447504884383982,119.778866296932,0.655318814210846,0.765999751059167
"PWY_201","fixed",NA,"hd_exposurehigh_exposure",-0.0267688290045304,0.133143972795784,-0.201051752042794,116.157931902295,0.84100973692999,0.888534254785203
"PWY_202","fixed",NA,"(Intercept)",-3.2230912247792,0.0157629743377191,-204.472275074805,132.385038941713,2.02502000843729e-167,7.65129181566305e-166
"PWY_202","fixed",NA,"hd_exposurelow_exposure",0.00743275225692554,0.0237565524032299,0.312871671392647,117.690727283343,0.754931897894506,0.83233027859347
"PWY_202","fixed",NA,"hd_exposurehigh_exposure",0.0281265460917727,0.0234389385644198,1.19999231255585,114.110623437935,0.232627774726765,0.416406695349574
"PWY_203","fixed",NA,"(Intercept)",-5.41772159848192,0.0830278748501834,-65.2518399183133,127.464864613525,8.37694420926129e-100,4.68438720181891e-99
"PWY_203","fixed",NA,"hd_exposurelow_exposure",-0.104132482307475,0.125568324764322,-0.829289412779222,114.847965547069,0.408660961679958,0.558320151804987
"PWY_203","fixed",NA,"hd_exposurehigh_exposure",-0.0411129919401227,0.12401320264126,-0.331521088597739,111.200843801713,0.740874887706796,0.822671241472677
"PWY_204","fixed",NA,"(Intercept)",-6.43025007504157,0.120537646930396,-53.3464045366231,133.390842679195,7.54579968075029e-92,3.45869768973407e-91
"PWY_204","fixed",NA,"hd_exposurelow_exposure",-0.215705175264857,0.182514712969071,-1.18185088618806,121.450039044788,0.239573763541559,0.421548564584628
"PWY_204","fixed",NA,"hd_exposurehigh_exposure",-0.154332859898228,0.180323163349563,-0.855868192590702,117.772631181868,0.393808625238248,0.545093522854525
"PWY_205","fixed",NA,"(Intercept)",-3.26703375471075,0.0115676330425728,-282.428889530551,123.88251940914,6.79243026682823e-176,4.99779869106625e-174
"PWY_205","fixed",NA,"hd_exposurelow_exposure",-0.0202306561239106,0.0170668259608409,-1.18537894335648,95.6631725547668,0.238803864962724,0.421548564584628
"PWY_205","fixed",NA,"hd_exposurehigh_exposure",0.000651922269016184,0.0167876708580157,0.0388333959207275,94.733040374206,0.96910493900701,0.979615838562401
"PWY_206","fixed",NA,"(Intercept)",-6.0155151282365,0.138309362898757,-43.493188039915,128.80173320536,7.36464017459695e-79,2.4929217830718e-78
"PWY_206","fixed",NA,"hd_exposurelow_exposure",-0.208837983487745,0.21023422095137,-0.993358657513954,119.05349039934,0.322549885966028,0.48748620603298
"PWY_206","fixed",NA,"hd_exposurehigh_exposure",-0.0938977744757546,0.207996493184855,-0.451439219180987,115.487655064864,0.652519627288426,0.763366057698091
"PWY_207","fixed",NA,"(Intercept)",-4.58747605340309,0.117201080279424,-39.1419263582373,127.210068370258,8.32888022119618e-73,2.56470805049169e-72
"PWY_207","fixed",NA,"hd_exposurelow_exposure",-0.253524118745648,0.178526102908235,-1.4200955188943,118.633819758019,0.158202531996099,0.335237188329312
"PWY_207","fixed",NA,"hd_exposurehigh_exposure",-0.265940036348622,0.176776944499187,-1.50438190399793,115.199534268689,0.135219834141531,0.300536292734276
"PWY_210","fixed",NA,"(Intercept)",-5.72686006081818,0.132612444932806,-43.184936856567,135.651486501977,3.79944735496534e-81,1.34812878229481e-80
"PWY_210","fixed",NA,"hd_exposurelow_exposure",-0.341743442958657,0.199732822100787,-1.71100292562937,120.571942938201,0.0896521051108613,0.218351294329241
"PWY_210","fixed",NA,"hd_exposurehigh_exposure",-0.324472947836763,0.197029570177748,-1.64682360898439,117.008355670457,0.102277532744789,0.242757199961316
"PWY_211","fixed",NA,"(Intercept)",-4.79145093130015,0.10961285445093,-43.7124911608348,128.660344007303,4.56881206719817e-79,1.55785348047391e-78
"PWY_211","fixed",NA,"hd_exposurelow_exposure",-0.197957423245481,0.167239564801988,-1.18367578557061,120.966056373498,0.238862281389379,0.421548564584628
"PWY_211","fixed",NA,"hd_exposurehigh_exposure",-0.222774119585632,0.165718530808149,-1.34429214704742,117.66257105544,0.181440004932442,0.364968527907272
"PWY_212","fixed",NA,"(Intercept)",-4.36648182078849,0.0963026126851125,-45.3412602113494,129.787569084175,1.88651711128091e-81,6.74514302191997e-81
"PWY_212","fixed",NA,"hd_exposurelow_exposure",-0.208621732324103,0.146642442062363,-1.42265587908978,121.018722340569,0.157408500409938,0.335237188329312
"PWY_212","fixed",NA,"hd_exposurehigh_exposure",-0.242140978611287,0.145184875334438,-1.66781132024604,117.551456331777,0.098015011377342,0.235576093783104
"PWY_213","fixed",NA,"(Intercept)",-4.58688469927186,0.100066177956565,-45.8385120021559,127.260889912674,5.61454993988486e-81,1.97711355565719e-80
"PWY_213","fixed",NA,"hd_exposurelow_exposure",-0.191247214241285,0.152782304544584,-1.25176285834513,119.950805122962,0.213091791655649,0.394572615542513
"PWY_213","fixed",NA,"hd_exposurehigh_exposure",-0.119694016853454,0.151441733928369,-0.79036348665995,116.721748312717,0.430918383954706,0.580929508937974
"PWY_214","fixed",NA,"(Intercept)",-4.44964200540307,0.0989804246471235,-44.9547677863229,131.360701916082,1.23248369926693e-81,4.44075312261641e-81
"PWY_214","fixed",NA,"hd_exposurelow_exposure",-0.224921529258525,0.150378756393098,-1.4957001550842,121.333406431125,0.137328336937126,0.303286074972062
"PWY_214","fixed",NA,"hd_exposurehigh_exposure",-0.284673403680073,0.148749949286365,-1.91377143350843,117.737098093915,0.0580770442401197,0.151760201584462
"PWY_215","fixed",NA,"(Intercept)",-4.74241633884548,0.116235339198788,-40.8001247429139,129.654405122456,7.68850526248544e-76,2.46525925618226e-75
"PWY_215","fixed",NA,"hd_exposurelow_exposure",-0.213475423186411,0.176660177317478,-1.20839583899416,119.838453377171,0.229274110144961,0.411616177458918
"PWY_215","fixed",NA,"hd_exposurehigh_exposure",-0.206267843442022,0.174771828505644,-1.18021219555623,116.263992143477,0.240324896977074,0.421548564584628
"PWY_216","fixed",NA,"(Intercept)",-5.72298553123504,0.130055850704991,-44.0040605648463,125.783807863948,2.95334396078539e-78,9.85387794075889e-78
"PWY_216","fixed",NA,"hd_exposurelow_exposure",-0.17870718523431,0.198072854450016,-0.902229564624199,117.11898174638,0.368786704757723,0.527283976827533
"PWY_216","fixed",NA,"hd_exposurehigh_exposure",-0.147165541688608,0.196117936813463,-0.750393075104518,113.678509780213,0.454568364392963,0.600648935180872
"PWY_217","fixed",NA,"(Intercept)",-4.89350502201807,0.119229620579266,-41.0426955838945,129.512376000514,4.25439892952141e-76,1.37359115553601e-75
"PWY_217","fixed",NA,"hd_exposurelow_exposure",-0.220288230064751,0.18128041843406,-1.215179399781,119.910015665837,0.226684951607143,0.409438711042359
"PWY_217","fixed",NA,"hd_exposurehigh_exposure",-0.212922360953116,0.179369348117303,-1.18706101788289,116.354279230272,0.237621445774574,0.421548564584628
"PWY_218","fixed",NA,"(Intercept)",-4.50780864282871,0.0998029360760077,-45.1670944770168,129.368315050357,4.48095063415642e-81,1.58191136024007e-80
"PWY_218","fixed",NA,"hd_exposurelow_exposure",-0.213939314432741,0.152048666837498,-1.40704498686193,120.874602174626,0.16198014695495,0.337478756248912
"PWY_218","fixed",NA,"hd_exposurehigh_exposure",-0.251457577915719,0.150569077334832,-1.670047943221,117.444628549827,0.0975730519281411,0.235184701026795
"PWY_219","fixed",NA,"(Intercept)",-4.59651535556975,0.102058470738296,-45.0380583044046,130.954188362429,1.43403918092721e-81,5.14047891009291e-81
"PWY_219","fixed",NA,"hd_exposurelow_exposure",-0.229446194151597,0.155149211104245,-1.4788743849779,121.265857162039,0.14176682932188,0.310642676162992
"PWY_219","fixed",NA,"hd_exposurehigh_exposure",-0.293133035584354,0.153504484852681,-1.90960567611868,117.697962317582,0.0586180693180661,0.152888173333314
"PWY_222","fixed",NA,"(Intercept)",-4.74241633884548,0.116235339198788,-40.8001247429139,129.654405122456,7.68850526248544e-76,2.46525925618226e-75
"PWY_222","fixed",NA,"hd_exposurelow_exposure",-0.213475423186411,0.176660177317478,-1.20839583899416,119.838453377171,0.229274110144961,0.411616177458918
"PWY_222","fixed",NA,"hd_exposurehigh_exposure",-0.206267843442022,0.174771828505644,-1.18021219555623,116.263992143477,0.240324896977074,0.421548564584628
"PWY_223","fixed",NA,"(Intercept)",-4.3985038064369,0.0991847070725139,-44.3465926982187,128.978779452984,5.97464264036559e-80,2.07259315415163e-79
"PWY_223","fixed",NA,"hd_exposurelow_exposure",-0.200430352800087,0.151206490457005,-1.32554067086874,120.845160614549,0.187492332216794,0.368446504687922
"PWY_223","fixed",NA,"hd_exposurehigh_exposure",-0.210886491951107,0.149777566917077,-1.40799784835511,117.468666254641,0.161772683850369,0.337478756248912
"PWY_224","fixed",NA,"(Intercept)",-4.3985038064369,0.0991847070725139,-44.3465926982187,128.978779452984,5.97464264036559e-80,2.07259315415163e-79
"PWY_224","fixed",NA,"hd_exposurelow_exposure",-0.200430352800087,0.151206490457005,-1.32554067086874,120.845160614549,0.187492332216794,0.368446504687922
"PWY_224","fixed",NA,"hd_exposurehigh_exposure",-0.210886491951107,0.149777566917077,-1.40799784835511,117.468666254641,0.161772683850369,0.337478756248912
"PWY_225","fixed",NA,"(Intercept)",-4.3985038064369,0.0991847070725139,-44.3465926982187,128.978779452984,5.97464264036559e-80,2.07259315415163e-79
"PWY_225","fixed",NA,"hd_exposurelow_exposure",-0.200430352800087,0.151206490457005,-1.32554067086874,120.845160614549,0.187492332216794,0.368446504687922
"PWY_225","fixed",NA,"hd_exposurehigh_exposure",-0.210886491951107,0.149777566917077,-1.40799784835511,117.468666254641,0.161772683850369,0.337478756248912
"PWY_226","fixed",NA,"(Intercept)",-6.48905106698941,0.0745427493227296,-87.0514050789211,133.490374249721,1.81182403316883e-119,1.63414838604517e-118
"PWY_226","fixed",NA,"hd_exposurelow_exposure",0.0359829911829959,0.112242449852744,0.320582731668845,118.24860257448,0.749092462539122,0.828035587396508
"PWY_226","fixed",NA,"hd_exposurehigh_exposure",-0.0142163838502221,0.110716002335952,-0.128404056778391,114.706058208089,0.898054079892925,0.926553213055578
"PWY_227","fixed",NA,"(Intercept)",-4.41444355940426,0.0735713584347524,-60.0022026685733,123.490038315137,3.31139574970946e-93,1.56396326286953e-92
"PWY_227","fixed",NA,"hd_exposurelow_exposure",-0.187188054705779,0.111807678237284,-1.67419677840478,113.659006714292,0.0968416445572238,0.233824903438685
"PWY_227","fixed",NA,"hd_exposurehigh_exposure",-0.120195816299019,0.110608862990131,-1.08667436812675,110.111278579897,0.279553858472826,0.452330650690746
"PWY_228","fixed",NA,"(Intercept)",-4.71363227416733,0.0941881034756477,-50.0448793449381,130.490410428029,4.9683771906776e-87,2.03093313232961e-86
"PWY_228","fixed",NA,"hd_exposurelow_exposure",-0.19040694795313,0.143167172856044,-1.32996233811633,120.733921219474,0.186037719496569,0.368446504687922
"PWY_228","fixed",NA,"hd_exposurehigh_exposure",-0.200975426263346,0.141642745476585,-1.41888965500579,117.161613167574,0.15858599985148,0.335237188329312
"PWY_229","fixed",NA,"(Intercept)",-5.03107036936003,0.108329794361701,-46.4421667095744,127.2250775935,1.20744362155533e-81,4.38443164398533e-81
"PWY_229","fixed",NA,"hd_exposurelow_exposure",-0.214411033816836,0.16480611910907,-1.30098952014602,117.959369809826,0.195797649473502,0.378073361828668
"PWY_229","fixed",NA,"hd_exposurehigh_exposure",-0.188453773485294,0.163107211600308,-1.15539816809019,114.444308602537,0.250333967589383,0.425750470425738
"PWY_230","fixed",NA,"(Intercept)",-3.43627754962404,0.0197654845294539,-173.852431722754,116.01013910172,4.37136094904515e-142,7.1896030667825e-141
"PWY_230","fixed",NA,"hd_exposurelow_exposure",0.010387498497034,0.0289806514097771,0.358428744411509,84.153511311804,0.720920077641491,0.810498198806823
"PWY_230","fixed",NA,"hd_exposurehigh_exposure",-0.0192492239892465,0.0285042736827836,-0.675310102739891,84.4447726486571,0.50132378039689,0.644009545751436
"PWY_231","fixed",NA,"(Intercept)",-4.13488233905871,0.0862933963533257,-47.9165557712963,130.179754115527,1.46831569964496e-84,5.76602625871812e-84
"PWY_231","fixed",NA,"hd_exposurelow_exposure",-0.198697858142351,0.130143001919142,-1.52676559793667,115.903607390655,0.129543658004827,0.290922969849481
"PWY_231","fixed",NA,"hd_exposurehigh_exposure",-0.129142227725433,0.128426649971822,-1.00557187899682,112.307149664437,0.316783224744847,0.481863964994181
"PWY_232","fixed",NA,"(Intercept)",-5.99698864935838,0.0983045626178923,-61.0041740653335,136.757417157331,4.58760336378291e-101,2.60710142380834e-100
"PWY_232","fixed",NA,"hd_exposurelow_exposure",-0.129257371196427,0.147441277594322,-0.876670178836032,119.099719032374,0.382430649800233,0.536495605549725
"PWY_232","fixed",NA,"hd_exposurehigh_exposure",-0.15503461216103,0.145306589380905,-1.06694825624614,115.809986943709,0.288214366943013,0.454767138810758
"PWY_233","fixed",NA,"(Intercept)",-3.3888432395502,0.0225875630484631,-150.031379316096,129.988315534246,1.5704843005233e-147,3.00758500291996e-146
"PWY_233","fixed",NA,"hd_exposurelow_exposure",-0.0198255648715701,0.034255278531843,-0.578759412308988,118.949107959872,0.56384582132379,0.690242082496199
"PWY_233","fixed",NA,"hd_exposurehigh_exposure",-0.0405493559376669,0.0338620468654784,-1.19748685301733,115.302603490537,0.233572850213452,0.417030452871527
"PWY_234","fixed",NA,"(Intercept)",-5.17637422554865,0.11232142728903,-46.0853672401136,134.859004335761,2.0741192493835e-84,8.12218126229169e-84
"PWY_234","fixed",NA,"hd_exposurelow_exposure",-0.1705337887108,0.1690437558207,-1.00881448050456,119.317631085928,0.315105048253291,0.481002358652559
"PWY_234","fixed",NA,"hd_exposurehigh_exposure",-0.269307554605107,0.166724322978995,-1.61528653883954,115.795820927069,0.108970164945282,0.255176366153274
"PWY_235","fixed",NA,"(Intercept)",-3.89498491607194,0.0621367054635197,-62.684123450328,127.989161499011,6.2298690585828e-98,3.34173345125325e-97
"PWY_235","fixed",NA,"hd_exposurelow_exposure",-0.260868964849369,0.0942360045496092,-2.76825154139508,116.970728579552,0.00655455047783026,0.0194136897627261
"PWY_235","fixed",NA,"hd_exposurehigh_exposure",-0.180975978439204,0.0931550207595972,-1.9427399292438,113.333759523983,0.0545281655671127,0.145200715167283
"PWY_236","fixed",NA,"(Intercept)",-6.35120408571176,0.0824340023554574,-77.0459264894747,131.680960553505,2.08963943032943e-111,1.62295329088919e-110
"PWY_236","fixed",NA,"hd_exposurelow_exposure",-0.13318053081672,0.123518185004819,-1.07822609935148,113.423262648564,0.283220606434667,0.453394253613857
"PWY_236","fixed",NA,"hd_exposurehigh_exposure",-0.132956178084196,0.12170659781737,-1.0924319672768,110.242384085416,0.277024842347132,0.452330650690746
"PWY_239","fixed",NA,"(Intercept)",-3.32580087834025,0.0179990826648912,-184.776132220756,126.779393062025,4.96528570592901e-156,1.19680507187737e-154
"PWY_239","fixed",NA,"hd_exposurelow_exposure",-0.00753581481281401,0.0271921346683611,-0.277132152540498,113.547410720847,0.782182524842918,0.846215303018221
"PWY_239","fixed",NA,"hd_exposurehigh_exposure",-0.0332664131439524,0.0268466800907443,-1.23912577017005,109.921185717591,0.217938226974938,0.399315388349886
"PWY_240","fixed",NA,"(Intercept)",-3.25718357726062,0.0133673057439486,-243.667919298931,131.708994896926,1.00416594395078e-176,7.79902216468442e-175
"PWY_240","fixed",NA,"hd_exposurelow_exposure",-0.00693317515576771,0.019854746354591,-0.349194849027349,107.754646518448,0.727624494569592,0.813220168000678
"PWY_240","fixed",NA,"hd_exposurehigh_exposure",0.0208574823973668,0.0195389110452704,1.06748438278067,105.653222106175,0.288186264796306,0.454767138810758
"PWY_241","fixed",NA,"(Intercept)",-3.3668539278687,0.0250060088293443,-134.64179553187,126.332706776707,2.63832232644668e-138,3.76364756364537e-137
"PWY_241","fixed",NA,"hd_exposurelow_exposure",-0.041259229694249,0.0380845845325771,-1.08335774698963,117.677633530045,0.280864409643433,0.452330650690746
"PWY_241","fixed",NA,"hd_exposurehigh_exposure",-0.0819684907404329,0.0377090572110185,-2.17370830253698,114.23627834907,0.0317906202190777,0.0892435483258447
"PWY_242","fixed",NA,"(Intercept)",-3.37958665147986,0.027282806024263,-123.872399652526,125.815922600277,2.45705931794444e-133,3.03979551016489e-132
"PWY_242","fixed",NA,"hd_exposurelow_exposure",-0.0488635266118695,0.0416065043338571,-1.17442037955847,117.87360648225,0.242593884226421,0.421666265123957
"PWY_242","fixed",NA,"hd_exposurehigh_exposure",-0.0905555420161027,0.0412194124538978,-2.19691491520859,114.537026355568,0.0300401432751155,0.0855318132354612
"PWY_243","fixed",NA,"(Intercept)",-3.52546059250961,0.0279862908596868,-125.970983800069,127.053342169955,2.77731674834717e-135,3.5950822353605e-134
"PWY_243","fixed",NA,"hd_exposurelow_exposure",-0.0852370230066185,0.0426444278473575,-1.99878453784673,118.662218626,0.0479173766606493,0.130074742857452
"PWY_243","fixed",NA,"hd_exposurehigh_exposure",-0.0525532340819288,0.0422326700446898,-1.24437394146091,115.25373536037,0.21588659950484,0.396827539782015
"PWY_244","fixed",NA,"(Intercept)",-3.43652304032686,0.0248488662350339,-138.296975315589,127.891982660752,3.93928262480929e-141,6.33001966607286e-140
"PWY_244","fixed",NA,"hd_exposurelow_exposure",-0.0739476984165343,0.0378588131535354,-1.95324925048869,119.427387358412,0.0531288264630591,0.141744464494955
"PWY_244","fixed",NA,"hd_exposurehigh_exposure",-0.0467972999400322,0.0374911825876333,-1.24822149396452,116.00588966934,0.214463401362005,0.395019545591678
"PWY_246","fixed",NA,"(Intercept)",-6.08352988427302,0.112247472235497,-54.1974777971808,120.230230977442,2.43121945826018e-86,9.88036279839457e-86
"PWY_246","fixed",NA,"hd_exposurelow_exposure",-0.0575437832019344,0.172043696658333,-0.334471906379763,114.978662728434,0.738632832701016,0.821486634937169
"PWY_246","fixed",NA,"hd_exposurehigh_exposure",0.00665853269460392,0.170861681437248,0.0389703100109628,112.279493898053,0.968983267299579,0.979615838562401
"PWY_247","fixed",NA,"(Intercept)",-3.58593689939672,0.0354545403266433,-101.141824611444,132.544357139032,2.41774786437846e-127,2.6000088572316e-126
"PWY_247","fixed",NA,"hd_exposurelow_exposure",0.0223204996563096,0.0540318957812693,0.413098584337425,124.228196623047,0.680246546406027,0.782408186946553
"PWY_247","fixed",NA,"hd_exposurehigh_exposure",0.0342701791806129,0.0535134279057821,0.640403362702729,120.816016971695,0.523123130504105,0.658852375175441
"PWY_249","fixed",NA,"(Intercept)",-3.37490442073523,0.0230385530417306,-146.489426424573,128.401150053354,9.14261367232528e-145,1.70418318852143e-143
"PWY_249","fixed",NA,"hd_exposurelow_exposure",0.0378165034547372,0.0350008399510513,1.08044559809489,118.360170057807,0.282140434479493,0.452330650690746
"PWY_249","fixed",NA,"hd_exposurehigh_exposure",0.0133987126927121,0.0346213127743908,0.3870076441071,114.773214727938,0.699467202984343,0.795567865980405
"PWY_251","fixed",NA,"(Intercept)",-3.27035107915187,0.0127157285885057,-257.189437191045,130.640106509468,1.3615276279242e-178,1.18963476489877e-176
"PWY_251","fixed",NA,"hd_exposurelow_exposure",0.000236658895684522,0.0190777128422347,0.0124049930744634,113.197799452389,0.990124338085699,0.992965440920952
"PWY_251","fixed",NA,"hd_exposurehigh_exposure",0.00242692416939793,0.0188027396139073,0.129072902100015,109.910677672059,0.897535863557418,0.926553213055578
"PWY_254","fixed",NA,"(Intercept)",-4.04228046680896,0.0822305418844637,-49.1578964965168,123.094822786665,9.14058313140653e-83,3.41672064644554e-82
"PWY_254","fixed",NA,"hd_exposurelow_exposure",-0.0687348699201061,0.124473199464074,-0.552206179451061,111.037284009451,0.581916901255859,0.704915770123086
"PWY_254","fixed",NA,"hd_exposurehigh_exposure",-0.12902348671894,0.122966359182815,-1.0492584116207,107.414531884372,0.296414267980785,0.464039357936324
"PWY_256","fixed",NA,"(Intercept)",-6.1810897250848,0.0938310027019538,-65.8747060896121,135.015649569269,1.60813926580946e-104,9.81737420786733e-104
"PWY_256","fixed",NA,"hd_exposurelow_exposure",-0.0884181368947946,0.141722640984326,-0.623881521545829,121.623967548051,0.533873789017522,0.668178654473138
"PWY_256","fixed",NA,"hd_exposurehigh_exposure",-0.0580561041165051,0.139912680344094,-0.414945264244278,117.963821524829,0.678935663258283,0.782408186946553
"PWY_257","fixed",NA,"(Intercept)",-6.11395094961605,0.0917720350989908,-66.6210675509286,133.966794856431,1.40934534857146e-104,8.6795806048586e-104
"PWY_257","fixed",NA,"hd_exposurelow_exposure",-0.0744131360694366,0.138801271637423,-0.53611278334552,121.369506718101,0.5928618057323,0.713270916018723
"PWY_257","fixed",NA,"hd_exposurehigh_exposure",-0.036407218455288,0.13708490789631,-0.265581521802721,117.69260703242,0.791026163482361,0.85122427401712
"PWY_258","fixed",NA,"(Intercept)",-7.17552135410975,0.0829459007355522,-86.5084505741486,136.78095919241,2.69242627215359e-121,2.52618250232934e-120
"PWY_258","fixed",NA,"hd_exposurelow_exposure",-0.165640859483939,0.122621038878426,-1.35083555806574,109.507301100128,0.179532759481784,0.362838166329356
"PWY_258","fixed",NA,"hd_exposurehigh_exposure",-0.182846723077335,0.120626631847095,-1.51580724983774,108.170747493013,0.132484967713264,0.296342375781029
"PWY_259","fixed",NA,"(Intercept)",-6.67918189113897,0.0846118462962111,-78.9390869424636,132.697903633587,2.08997995589476e-113,1.70865027973151e-112
"PWY_259","fixed",NA,"hd_exposurelow_exposure",-0.126473242347882,0.127764148259403,-0.989896180351787,119.14527628043,0.324230937390744,0.488969633734909
"PWY_259","fixed",NA,"hd_exposurehigh_exposure",-0.103925324656686,0.12612273470932,-0.82400151642927,115.49916399641,0.411637028472912,0.559794324713162
"PWY_260","fixed",NA,"(Intercept)",-3.9009443135407,0.0462953122042185,-84.2621882823212,122.527590971194,2.48514194400104e-110,1.81896776843636e-109
"PWY_260","fixed",NA,"hd_exposurelow_exposure",-0.108704886558143,0.0707821345865552,-1.53576728355393,115.972169706716,0.127319251246282,0.288948560458283
"PWY_260","fixed",NA,"hd_exposurehigh_exposure",-0.183721439589832,0.0702071287796903,-2.6168487842075,112.916978067143,0.0100893476127623,0.0295700376575298
"PWY_261","fixed",NA,"(Intercept)",-4.94184388958956,0.0971219531835362,-50.8828717669085,132.555201781601,7.34211776546967e-89,3.12935385247762e-88
"PWY_261","fixed",NA,"hd_exposurelow_exposure",-0.209615510144478,0.147432229157723,-1.42177535632478,122.059794674737,0.157641635140169,0.335237188329312
"PWY_261","fixed",NA,"hd_exposurehigh_exposure",-0.248676678513532,0.14579000900928,-1.70571824642458,118.429644668133,0.0906819311442862,0.220092603714778
"PWY_262","fixed",NA,"(Intercept)",-3.58258049334413,0.0342370736947532,-104.640382682389,124.362055816286,4.23681483742003e-123,4.11324107132861e-122
"PWY_262","fixed",NA,"hd_exposurelow_exposure",-0.0493324243948605,0.0520934898196198,-0.946997879498574,115.19030339577,0.345622242668727,0.508466239000726
"PWY_262","fixed",NA,"hd_exposurehigh_exposure",-0.10447582667863,0.0515594147293193,-2.02631909665994,111.697410325386,0.0451147026949708,0.123425351012856
"PWY_263","fixed",NA,"(Intercept)",-3.25718357726062,0.0133673057439486,-243.667919298931,131.708994896926,1.00416594395078e-176,7.79902216468442e-175
"PWY_263","fixed",NA,"hd_exposurelow_exposure",-0.00693317515576771,0.019854746354591,-0.349194849027349,107.754646518448,0.727624494569592,0.813220168000678
"PWY_263","fixed",NA,"hd_exposurehigh_exposure",0.0208574823973668,0.0195389110452704,1.06748438278067,105.653222106175,0.288186264796306,0.454767138810758
"PWY_265","fixed",NA,"(Intercept)",-3.88664250345881,0.0634638817619777,-61.2418023535926,127.728509734441,1.53388522457306e-96,7.76946211577226e-96
"PWY_265","fixed",NA,"hd_exposurelow_exposure",-0.265513408588477,0.0962974875893426,-2.75722051774341,116.997737976106,0.00676534795248112,0.0199534945940266
"PWY_265","fixed",NA,"hd_exposurehigh_exposure",-0.18273928946687,0.0952099902930855,-1.91932893706157,113.373548445419,0.05745625156856,0.150419175454769
"PWY_266","fixed",NA,"(Intercept)",-4.88698031794257,0.112212293267192,-43.5512025969029,129.611056715621,2.99817296534265e-79,1.02731514841888e-78
"PWY_266","fixed",NA,"hd_exposurelow_exposure",-0.214542895986277,0.169860072663915,-1.26305665964698,117.507886215731,0.209069278675221,0.391794707222465
"PWY_266","fixed",NA,"hd_exposurehigh_exposure",-0.130022859435724,0.167804812568998,-0.774845830969604,113.844568430923,0.440037149803002,0.589245148874135
"PWY_267","fixed",NA,"(Intercept)",-4.64567162755518,0.103002576670772,-45.1024797409113,131.649593556551,6.27585509267694e-82,2.2848034946777e-81
"PWY_267","fixed",NA,"hd_exposurelow_exposure",-0.232374387237752,0.155913832808799,-1.49040263491385,119.522935836823,0.138752715539002,0.304994176609316
"PWY_267","fixed",NA,"hd_exposurehigh_exposure",-0.190127848848482,0.154025675488116,-1.23439061861573,115.850829299052,0.21955539648558,0.400649823772483
"PWY_268","fixed",NA,"(Intercept)",-4.70867381449081,0.088161223478575,-53.409805679876,115.363613483751,3.34606585887487e-83,1.26427028938029e-82
"PWY_268","fixed",NA,"hd_exposurelow_exposure",0.208085913329007,0.133973822028673,1.55318337700684,105.621904373816,0.12337068419139,0.280899375406456
"PWY_268","fixed",NA,"hd_exposurehigh_exposure",0.0987076391023103,0.132534937451357,0.744766934669872,102.137715501672,0.458122872347753,0.603634095704202
"PWY_269","fixed",NA,"(Intercept)",-5.36450461633825,0.100507771694368,-53.3740279572713,132.131344146029,2.75877258129533e-91,1.24411744150028e-90
"PWY_269","fixed",NA,"hd_exposurelow_exposure",-0.118101642574651,0.152197368312006,-0.775976903441209,120.231992820223,0.439286365623107,0.58880377674123
"PWY_269","fixed",NA,"hd_exposurehigh_exposure",-0.14459365835075,0.150373534152315,-0.961563211012176,116.558987186477,0.33825959230582,0.502003089218192
"PWY_270","fixed",NA,"(Intercept)",-4.07592585727485,0.0506635188390009,-80.4509033458053,121.757285771793,2.08621241735065e-107,1.42269510217376e-106
"PWY_270","fixed",NA,"hd_exposurelow_exposure",-0.142647094859208,0.0771559155700901,-1.84881604741797,113.094703473137,0.0670962317268282,0.17116885393085
"PWY_270","fixed",NA,"hd_exposurehigh_exposure",-0.168794428323404,0.0763928509945493,-2.20955791184502,109.672842646585,0.029214079113934,0.0833495563291424
"PWY_271","fixed",NA,"(Intercept)",-7.45795568777388,0.0603601530036727,-123.55760077878,130.644258517814,3.4668819199537e-137,4.75166757264242e-136
"PWY_271","fixed",NA,"hd_exposurelow_exposure",-0.157947670519746,0.0902552218714566,-1.75001143695263,111.081319746868,0.0828776837964335,0.205795740581552
"PWY_271","fixed",NA,"hd_exposurehigh_exposure",-0.0588089652756792,0.0888982850632095,-0.661530930927005,108.114275218417,0.509679320016431,0.64907943880108
"PWY_273","fixed",NA,"(Intercept)",-7.33889809281322,0.0588804969555097,-124.640559646745,130.887946826086,7.04315168254653e-138,9.84632605220005e-137
"PWY_273","fixed",NA,"hd_exposurelow_exposure",-0.153779569020024,0.0880185197253401,-1.74712741704689,111.146373304779,0.0833773818658056,0.206669467816305
"PWY_273","fixed",NA,"hd_exposurehigh_exposure",-0.0583784122179364,0.086691241797922,-0.673406113549705,108.207718687541,0.502124753125226,0.644009545751436
"PWY_274","fixed",NA,"(Intercept)",-3.67317541807675,0.0309006908833797,-118.870333091886,107.360806844818,8.82496835566346e-116,7.4771550067985e-115
"PWY_274","fixed",NA,"hd_exposurelow_exposure",0.00960240127794455,0.0461218190196387,0.20819649966225,87.6642518779247,0.835558487897175,0.884932398545645
"PWY_274","fixed",NA,"hd_exposurehigh_exposure",0.0169875891119924,0.0454154396411828,0.374048765050114,85.1272196442524,0.709298087145865,0.802264341286342
"PWY_275","fixed",NA,"(Intercept)",-6.12278086737182,0.0913104019136046,-67.0545823811511,138.22171930161,2.59150357862467e-107,1.75870000141616e-106
"PWY_275","fixed",NA,"hd_exposurelow_exposure",-0.260426499328337,0.1369213600718,-1.90201513621959,120.435977985662,0.0595576017993417,0.155049399097727
"PWY_275","fixed",NA,"hd_exposurehigh_exposure",-0.223484386694428,0.134933064455768,-1.65626110691118,117.159828971772,0.100344873145469,0.240209131262613
"PWY_276","fixed",NA,"(Intercept)",-6.35871134480257,0.123016871727815,-51.689749995202,135.049145668733,7.36466733881629e-91,3.278918770594e-90
"PWY_276","fixed",NA,"hd_exposurelow_exposure",-0.197076674729005,0.185758673838192,-1.06092851901318,121.509927778044,0.290826589204714,0.456340317764254
"PWY_276","fixed",NA,"hd_exposurehigh_exposure",-0.0972593023189997,0.183372996797418,-0.53039053741619,117.855310308668,0.596839126814445,0.715592709508229
"PWY_280","fixed",NA,"(Intercept)",-4.07019312358419,0.0587106769293778,-69.3262850380718,130.011083738258,1.51209887239625e-104,9.27155361232439e-104
"PWY_280","fixed",NA,"hd_exposurelow_exposure",-0.0955267439299809,0.0881136825170792,-1.08413065032737,112.776366390865,0.280619141688691,0.452330650690746
"PWY_280","fixed",NA,"hd_exposurehigh_exposure",-0.0875645854809442,0.0868495635199875,-1.00823287915307,109.466850701449,0.31556612248971,0.481002358652559
"PWY_281","fixed",NA,"(Intercept)",-3.25096028587201,0.0139234681912042,-233.487823667793,125.578512082722,1.49830751781426e-167,5.81842752751205e-166
"PWY_281","fixed",NA,"hd_exposurelow_exposure",0.0112329339857629,0.0210129416991787,0.53457217683148,111.747847072839,0.59400774181178,0.713421669289406
"PWY_281","fixed",NA,"hd_exposurehigh_exposure",0.0263849293512828,0.020739735539238,1.27219217918013,108.157250129515,0.206033245194671,0.390290618946002
"PWY_282","fixed",NA,"(Intercept)",-3.253722923719,0.0150250012182583,-216.553920792039,124.937699752773,9.09687687872462e-163,2.64946539092854e-161
"PWY_282","fixed",NA,"hd_exposurelow_exposure",0.0138872352632509,0.0227679498696224,0.609946672527578,113.471611792819,0.5431166840409,0.677167865277129
"PWY_282","fixed",NA,"hd_exposurehigh_exposure",0.0297955673556301,0.0225003430516294,1.32422724788067,109.839942020401,0.18817654102087,0.368446504687922
"PWY_283","fixed",NA,"(Intercept)",-3.24789968477637,0.0152918550294849,-212.394093359762,126.188960076977,4.76200247475201e-163,1.44723466515289e-161
"PWY_283","fixed",NA,"hd_exposurelow_exposure",0.0154513088965869,0.0231512838688454,0.667406135405719,114.192116341525,0.505859250354352,0.647018510517278
"PWY_283","fixed",NA,"hd_exposurehigh_exposure",0.0268706842793444,0.0228722560025646,1.17481564898239,110.5477023155,0.242592827499008,0.421666265123957
"PWY_284","fixed",NA,"(Intercept)",-6.52186062234761,0.0512221450176195,-127.325019678582,171.598194803836,8.19867706857768e-172,4.7757293924465e-170
"PWY_284","fixed",NA,"hd_exposurelow_exposure",0.0165335282768854,0.0747816255096315,0.221090784858053,136.899269155935,0.825351162985182,0.878174097975393
"PWY_284","fixed",NA,"hd_exposurehigh_exposure",-0.0115654417666474,0.0735608533992813,-0.157222778586748,138.242549925477,0.875298673825618,0.913184735827026
"PWY_285","fixed",NA,"(Intercept)",-6.05958859723513,0.0636994506175983,-95.127799980759,127.047630225466,6.02786255165211e-120,5.50781166484291e-119
"PWY_285","fixed",NA,"hd_exposurelow_exposure",-0.0632055243941887,0.097454179235413,-0.648566586780313,120.813771170897,0.517849429587198,0.654569170490871
"PWY_285","fixed",NA,"hd_exposurehigh_exposure",0.0891758049994869,0.0966930071290652,0.922257024031278,117.824349891549,0.358279179540948,0.520659348231025
"PWY_286","fixed",NA,"(Intercept)",-6.5358074949522,0.0791422665620354,-82.583021422935,137.504245265129,4.7140464941618e-119,4.19760318397338e-118
"PWY_286","fixed",NA,"hd_exposurelow_exposure",-0.0126358143227199,0.119058134372734,-0.106131465853153,121.713859431823,0.915652768369402,0.941237183956194
"PWY_286","fixed",NA,"hd_exposurehigh_exposure",0.172461424109576,0.117412365565802,1.46885230766364,118.207758403851,0.144529081938728,0.313744808307984
"PWY_288","fixed",NA,"(Intercept)",-4.76338457017022,0.0783531839453666,-60.7937588533938,124.805780040036,1.36512820567953e-94,6.60363055896189e-94
"PWY_288","fixed",NA,"hd_exposurelow_exposure",0.114291766481095,0.118250793318965,0.966520082218889,110.996302757921,0.335885198810478,0.500071893436686
"PWY_288","fixed",NA,"hd_exposurehigh_exposure",0.17017883862825,0.116713924113646,1.45808514211676,107.4108659267,0.147734877087057,0.319711080754962
"PWY_290","fixed",NA,"(Intercept)",-5.88174253885289,0.102026682575953,-57.6490618958844,129.977904518259,1.92151447386189e-94,9.2311932455633e-94
"PWY_290","fixed",NA,"hd_exposurelow_exposure",-0.020557585822391,0.155257464828705,-0.132409645134114,120.849995414076,0.89488049493686,0.926012532880629
"PWY_290","fixed",NA,"hd_exposurehigh_exposure",-0.159637416845483,0.153673154352117,-1.03881134944168,117.340028169486,0.301028339225954,0.468638773093412
"PWY_291","fixed",NA,"(Intercept)",-4.23300689114354,0.0438797605003264,-96.4683225905952,113.865543750432,4.98608387052351e-111,3.80904112076058e-110
"PWY_291","fixed",NA,"hd_exposurelow_exposure",-0.0483458702045492,0.0666667158014005,-0.725187518589803,104.031771103061,0.469965077444352,0.61402913856748
"PWY_291","fixed",NA,"hd_exposurehigh_exposure",-0.0780124109533165,0.0659450643141426,-1.1829908995416,100.554374638459,0.239602219040595,0.421548564584628
"PWY_292","fixed",NA,"(Intercept)",-6.56233035977692,0.0279650034144039,-234.662240605945,179.226109409078,5.46670179602375e-225,3.8212245554206e-222
"PWY_292","fixed",NA,"hd_exposurelow_exposure",0.0171484958044472,0.0404692503969713,0.423741374901538,138.650432469503,0.672411082255114,0.779392013453815
"PWY_292","fixed",NA,"hd_exposurehigh_exposure",-0.0565010799805828,0.0398336958161852,-1.41842424668075,142.355042641638,0.158252460318707,0.335237188329312
"PWY_293","fixed",NA,"(Intercept)",-3.87865420881828,0.0606848488023059,-63.914704994221,126.088203122193,6.23885858924963e-98,3.34173345125325e-97
"PWY_293","fixed",NA,"hd_exposurelow_exposure",-0.246790278936062,0.0922194109121574,-2.67612074827868,116.210770899044,0.00852403101380323,0.0250875691732567
"PWY_293","fixed",NA,"hd_exposurehigh_exposure",-0.190370323027004,0.0912289488315446,-2.08673151960268,112.646059892624,0.0391687884071784,0.108431616224229
"PWY_294","fixed",NA,"(Intercept)",-3.75508734111532,0.03618258893304,-103.781610212153,110.312459796,7.90673120082351e-112,6.28046035156322e-111
"PWY_294","fixed",NA,"hd_exposurelow_exposure",0.0500443012192543,0.0541848193893287,0.923585273204954,92.3981272252152,0.358107916760306,0.520659348231025
"PWY_294","fixed",NA,"hd_exposurehigh_exposure",0.0112299074216789,0.0533844086156364,0.210359311133956,89.4742456326687,0.833865551757803,0.883808977526466
"PWY_295","fixed",NA,"(Intercept)",-4.57211530369366,0.0853315195387308,-53.5806150928608,129.187623967255,4.22215671317343e-90,1.85033701724654e-89
"PWY_295","fixed",NA,"hd_exposurelow_exposure",-0.244522369698348,0.129832800254947,-1.88336359701239,119.979447619676,0.0620721427418451,0.159810047059115
"PWY_295","fixed",NA,"hd_exposurehigh_exposure",-0.244147468388201,0.128500307023819,-1.89997575914698,116.463302706682,0.0599090646715539,0.155674484035004
"PWY_296","fixed",NA,"(Intercept)",-4.61215917495838,0.0850855374189946,-54.2061473061667,128.428875997932,2.33097772909622e-90,1.02798323825758e-89
"PWY_296","fixed",NA,"hd_exposurelow_exposure",-0.0994253965623127,0.129090842281376,-0.770197132540182,117.631650334754,0.442727008994823,0.591713535922335
"PWY_296","fixed",NA,"hd_exposurehigh_exposure",-0.143744172485309,0.127627877877815,-1.12627566073709,114.001299855254,0.26241416140064,0.438297488217557
"PWY_297","fixed",NA,"(Intercept)",-4.45056557656964,0.0545830258076717,-81.5375386526137,115.380572560638,7.48188400187766e-104,4.46994608317306e-103
"PWY_297","fixed",NA,"hd_exposurelow_exposure",-0.00320679956151826,0.0821899026405903,-0.03901695291624,100.466087846589,0.968954300077635,0.979615838562401
"PWY_297","fixed",NA,"hd_exposurehigh_exposure",0.0212228909699672,0.0810725851440866,0.261776418406404,97.0686813602981,0.794048498135899,0.853251191694071
"PWY_298","fixed",NA,"(Intercept)",-6.18776871604794,0.0830496285223874,-74.5068801166271,135.177590727251,1.20476998054601e-111,9.46218220676023e-111
"PWY_298","fixed",NA,"hd_exposurelow_exposure",-0.0698703437008406,0.125339514999878,-0.557448652174127,121.31904213962,0.578248022289299,0.702948465356904
"PWY_298","fixed",NA,"hd_exposurehigh_exposure",-0.00363954895178646,0.123710748827887,-0.0294198279961104,117.678263264922,0.976579595405163,0.985034829997415
"PWY_300","fixed",NA,"(Intercept)",-5.20021252272894,0.110166579743037,-47.2031766335889,126.968160472292,2.20396552442428e-82,8.15117408239456e-82
"PWY_300","fixed",NA,"hd_exposurelow_exposure",-0.25304614728754,0.168572076725765,-1.50111544095882,120.820487500588,0.135934603317759,0.301645357838456
"PWY_300","fixed",NA,"hd_exposurehigh_exposure",-0.167723084397223,0.16726910695414,-1.00271405432449,117.853165187864,0.318053184775877,0.48253889769673
"PWY_301","fixed",NA,"(Intercept)",-5.2317279192385,0.0961403173706923,-54.4176268845286,125.368643685535,4.44905081709158e-89,1.90790584119449e-88
"PWY_301","fixed",NA,"hd_exposurelow_exposure",0.0715996382452425,0.146033284169473,0.490296706346413,115.244609811343,0.624856125718149,0.739043031940755
"PWY_301","fixed",NA,"hd_exposurehigh_exposure",0.095592562491106,0.144440128958521,0.661814436059922,111.665872557842,0.509453580832623,0.64907943880108
"PWY_302","fixed",NA,"(Intercept)",-4.76564893704625,0.0695900704782629,-68.4817374705036,134.660631137397,1.57601101674241e-106,1.04420066417341e-105
"PWY_302","fixed",NA,"hd_exposurelow_exposure",0.0442260433632057,0.103614714435848,0.426831687024413,112.288711687523,0.670319180470659,0.777985814748276
"PWY_302","fixed",NA,"hd_exposurehigh_exposure",0.0354756780552454,0.101993917606767,0.347821506298251,109.821683503223,0.728640010243007,0.813220168000678
"PWY_303","fixed",NA,"(Intercept)",-5.5623583130965,0.126742281459774,-43.8871562751686,133.653154538943,2.97659359316784e-81,1.05884932398184e-80
"PWY_303","fixed",NA,"hd_exposurelow_exposure",-0.081254321590642,0.192008663025904,-0.423180497744938,122.010497215661,0.672908555249467,0.779392013453815
"PWY_303","fixed",NA,"hd_exposurehigh_exposure",-0.150770408190607,0.189735615773412,-0.794634194407979,118.335830524756,0.428417122154061,0.578114996883568
"PWY_304","fixed",NA,"(Intercept)",-4.28261948762226,0.0618160772244727,-69.2800268135875,129.178758167571,5.00344969222902e-104,3.015009771438e-103
"PWY_304","fixed",NA,"hd_exposurelow_exposure",-0.150004032653688,0.0935540504884472,-1.60339431452209,116.958040909074,0.111544825911014,0.260333333261432
"PWY_304","fixed",NA,"hd_exposurehigh_exposure",-0.127285069343974,0.0924159155947471,-1.37730680397229,113.297099385672,0.171132365031657,0.349770535547159
"PWY_305","fixed",NA,"(Intercept)",-5.53703424120881,0.126881412528239,-43.6394435629132,134.559382698099,2.67886356102447e-81,9.55370218957197e-81
"PWY_305","fixed",NA,"hd_exposurelow_exposure",-0.0945008381897643,0.192040256303752,-0.492088690197805,122.380910897786,0.623538208834779,0.738108734928892
"PWY_305","fixed",NA,"hd_exposurehigh_exposure",-0.166264814351723,0.189708635815575,-0.876421959585208,118.699496581847,0.382570913685774,0.536495605549725
"PWY_306","fixed",NA,"(Intercept)",-3.89183588093738,0.0531498114902389,-73.223888699062,124.319408081239,4.20048298677656e-104,2.54211048290633e-103
"PWY_306","fixed",NA,"hd_exposurelow_exposure",-0.0983944291487257,0.0810399828311843,-1.21414671759856,116.291642287888,0.227151586156832,0.40975215154484
"PWY_306","fixed",NA,"hd_exposurehigh_exposure",-0.1393053744375,0.0802799508700772,-1.7352448890128,112.947022313899,0.0854249974463181,0.210253778925973
"PWY_307","fixed",NA,"(Intercept)",-3.26210820404681,0.0149274876449324,-218.530290001897,134.063745658036,5.13374285315585e-173,3.24015877859412e-171
"PWY_307","fixed",NA,"hd_exposurelow_exposure",0.0115376649218875,0.0224456071982567,0.514027748056807,117.97026510666,0.608194117802887,0.724237969922007
"PWY_307","fixed",NA,"hd_exposurehigh_exposure",-0.00117557811400681,0.022132852076671,-0.0531146239054261,114.504948369097,0.957733134817203,0.972198434422209
"PWY_308","fixed",NA,"(Intercept)",-4.98319939540785,0.104183365835922,-47.8310463040314,131.744252319561,3.89603271875672e-85,1.53426865938645e-84
"PWY_308","fixed",NA,"hd_exposurelow_exposure",-0.0924992563005714,0.158278380309671,-0.584408660990825,121.699184542949,0.560027195337006,0.68737315108089
"PWY_308","fixed",NA,"hd_exposurehigh_exposure",-0.0917116406684619,0.156562101362955,-0.58578442592469,118.100457683571,0.55913816450181,0.687254160002145
"PWY_309","fixed",NA,"(Intercept)",-3.91715282959297,0.0375707727189372,-104.260640548885,105.738585165829,1.97328470317582e-108,1.36566931437614e-107
"PWY_309","fixed",NA,"hd_exposurelow_exposure",0.0157604226149057,0.0571370974918133,0.275835198264384,96.6329389033073,0.783263663880957,0.846215303018221
"PWY_309","fixed",NA,"hd_exposurehigh_exposure",0.0270595659157367,0.0565399416953778,0.478592037846917,93.2916601121051,0.633348634260716,0.747822120520677
"PWY_310","fixed",NA,"(Intercept)",-3.41759241778267,0.0128537675610569,-265.882543896076,137.479470937808,2.57796561065851e-188,4.00443991522288e-186
"PWY_310","fixed",NA,"hd_exposurelow_exposure",0.0038755084678401,0.0190656481345667,0.203271792308685,112.522938309961,0.839289736242691,0.88821124244306
"PWY_310","fixed",NA,"hd_exposurehigh_exposure",-0.00379361609770647,0.0187599727100863,-0.202218636259893,110.612916216749,0.840117263100679,0.888414473384833
"PWY_311","fixed",NA,"(Intercept)",-4.20678246294551,0.0499568328545692,-84.2083499406776,116.35791000624,4.12940086328576e-106,2.72306717305354e-105
"PWY_311","fixed",NA,"hd_exposurelow_exposure",0.0444709277114503,0.0757492489913646,0.587080773784569,105.380017082053,0.558405176620588,0.687254160002145
"PWY_311","fixed",NA,"hd_exposurehigh_exposure",-0.011484053390917,0.0748751787712545,-0.153375972910878,101.827516311709,0.878405329784183,0.913698401070155
"PWY_314","fixed",NA,"(Intercept)",-5.40737826278668,0.12430006520999,-43.5026180690379,130.83157155582,1.13447975271674e-79,3.89681251670273e-79
"PWY_314","fixed",NA,"hd_exposurelow_exposure",-0.250133681691214,0.188670256759573,-1.32577167163113,120.279309618156,0.187427747083746,0.368446504687922
"PWY_314","fixed",NA,"hd_exposurehigh_exposure",-0.134823945490114,0.186561951305931,-0.722676540132367,116.651334764962,0.471325035498779,0.614657089204565
"PWY_315","fixed",NA,"(Intercept)",-3.31578890235003,0.0184842829591364,-179.384231981317,132.160630714366,1.06014438248426e-159,2.850157397525e-158
"PWY_315","fixed",NA,"hd_exposurelow_exposure",0.0247823851210514,0.0279505615188056,0.886650706619164,119.433342098834,0.377048874243251,0.533516524485896
"PWY_315","fixed",NA,"hd_exposurehigh_exposure",0.027548679112926,0.0276030592226801,0.998029924534256,115.764686015447,0.320346415339273,0.485205079787978
"PWY_316","fixed",NA,"(Intercept)",-3.46563694086791,0.0255366059551349,-135.712511950753,131.981063646315,1.27643692529357e-143,2.28776771994925e-142
"PWY_316","fixed",NA,"hd_exposurelow_exposure",-0.0560175499023343,0.0387497824799999,-1.44562230591222,121.264775916271,0.150862612811448,0.325472118380254
"PWY_316","fixed",NA,"hd_exposurehigh_exposure",-0.0563989784882487,0.0383127415459421,-1.472068461105,117.624746715822,0.143672993787354,0.312371454610762
"PWY_317","fixed",NA,"(Intercept)",-6.13211144625765,0.107660035237062,-56.9581036524374,135.502535471425,1.584331385577e-96,7.99601183045719e-96
"PWY_317","fixed",NA,"hd_exposurelow_exposure",-0.189257556838282,0.162795976447794,-1.16254443732504,122.78479632795,0.247268960432302,0.423665020904402
"PWY_317","fixed",NA,"hd_exposurehigh_exposure",-0.0745664322899136,0.160772114499666,-0.463802025133337,119.105663668666,0.643636107941204,0.756773152987219
"PWY_318","fixed",NA,"(Intercept)",-3.93319117046194,0.0576790467538487,-68.1909877472012,125.424111149903,5.4062486010741e-101,3.04755465496032e-100
"PWY_318","fixed",NA,"hd_exposurelow_exposure",-0.105596436326134,0.0880849828262392,-1.1988018040991,118.240372273318,0.233002095023532,0.416543387267132
"PWY_318","fixed",NA,"hd_exposurehigh_exposure",-0.176530630972277,0.0873212389963235,-2.02162306675137,115.041348642116,0.0455361264669351,0.124334970314014
"PWY_319","fixed",NA,"(Intercept)",-6.80862510965933,0.0305338637213935,-222.986031895101,130.857927029437,9.50329308658215e-171,4.92059397594142e-169
"PWY_319","fixed",NA,"hd_exposurelow_exposure",-0.14451286758535,0.0439623240844709,-3.28719808597193,84.0167031232148,0.00147830870352799,0.0044159734348977
"PWY_319","fixed",NA,"hd_exposurehigh_exposure",-0.0968276468828489,0.0432971418437534,-2.23635193362812,88.8011347425037,0.0278340673657206,0.0795746956590541
"PWY_320","fixed",NA,"(Intercept)",-5.67948325398805,0.116931355607319,-48.5710887767434,127.512325183527,4.07364458555441e-84,1.57754989767453e-83
"PWY_320","fixed",NA,"hd_exposurelow_exposure",0.0516200593350619,0.178668210956967,0.288915745328053,120.60856679512,0.773141853280054,0.838520023960834
"PWY_320","fixed",NA,"hd_exposurehigh_exposure",-0.0438353188057276,0.177163708534631,-0.247428320214684,117.461821625443,0.805008731419333,0.861716850324829
"PWY_321","fixed",NA,"(Intercept)",-6.30483256105117,0.0806618351094925,-78.1637629802598,133.84343771058,1.4514760594732e-113,1.20068847996659e-112
"PWY_321","fixed",NA,"hd_exposurelow_exposure",-0.0531897858169814,0.122044045916502,-0.43582450432176,121.467706319947,0.663737605134813,0.771967697153468
"PWY_321","fixed",NA,"hd_exposurehigh_exposure",-0.017555307282021,0.12054933583095,-0.145627573648679,117.788945572714,0.884464316767344,0.918633814889114
"PWY_323","fixed",NA,"(Intercept)",-4.88254863853212,0.136908168914575,-35.6629460260961,123.956298958558,5.02160407341494e-67,1.50972096658798e-66
"PWY_323","fixed",NA,"hd_exposurelow_exposure",-0.221973264399694,0.208871453193326,-1.0627266723435,116.243677879506,0.290108708790729,0.456340317764254
"PWY_323","fixed",NA,"hd_exposurehigh_exposure",-0.258455126264472,0.206965827638542,-1.24878164290897,112.951905839989,0.214326957909985,0.395019545591678
"PWY_324","fixed",NA,"(Intercept)",-5.57445519593765,0.133748890700318,-41.6785153637494,121.686701644507,6.84226910589045e-74,2.13515451116849e-73
"PWY_324","fixed",NA,"hd_exposurelow_exposure",-0.338545023228102,0.205133675059787,-1.65036297979565,116.764949102687,0.101556131723475,0.241501396528868
"PWY_324","fixed",NA,"hd_exposurehigh_exposure",-0.132981831622186,0.203796362238136,-0.652523088055896,114.167511601783,0.51537550013331,0.653213915853461
"PWY_325","fixed",NA,"(Intercept)",-4.00865105542732,0.035412990614727,-113.19719080038,145.167327311309,1.71429173897887e-143,3.0336453811297e-142
"PWY_325","fixed",NA,"hd_exposurelow_exposure",0.0573952764532821,0.0522091412411509,1.09933385397352,115.966914151092,0.27389945853152,0.45045265193447
"PWY_325","fixed",NA,"hd_exposurehigh_exposure",-0.0102052564807197,0.0513538197578373,-0.198724389516561,115.129624693717,0.842828853529666,0.889263952629791
"PWY_328","fixed",NA,"(Intercept)",-4.44217091309397,0.0742466704980905,-59.8299005638,129.92004558493,1.96449251265342e-96,9.87899472190459e-96
"PWY_328","fixed",NA,"hd_exposurelow_exposure",-0.132361269666267,0.112837313339201,-1.17302748310193,120.071932848961,0.243106587761022,0.421666265123957
"PWY_328","fixed",NA,"hd_exposurehigh_exposure",-0.11830847156081,0.111628731957949,-1.05983889170557,116.493971744462,0.29141039848358,0.456717194035925
"PWY_329","fixed",NA,"(Intercept)",-6.10140891820564,0.117514552173358,-51.920454151115,127.792052394903,9.18509043130377e-88,3.82165369731032e-87
"PWY_329","fixed",NA,"hd_exposurelow_exposure",-0.0986745631944752,0.179436324450139,-0.549914090677301,120.521632773195,0.583395955674113,0.704915770123086
"PWY_329","fixed",NA,"hd_exposurehigh_exposure",0.052454433857044,0.177868128793255,0.294906311844177,117.298905006398,0.768586768201395,0.835877495971237
"PWY_331","fixed",NA,"(Intercept)",-3.68446346969594,0.0442974108119796,-83.175594287771,121.1479943973,9.94358068165016e-109,6.95056289647346e-108
"PWY_331","fixed",NA,"hd_exposurelow_exposure",-0.0614407420992184,0.0677647288692773,-0.90667731022346,114.889785884668,0.366475149020774,0.526196440185672
"PWY_331","fixed",NA,"hd_exposurehigh_exposure",-0.1047013412524,0.0672324105506011,-1.55730458561498,111.90987814926,0.122221760840699,0.278737392586128
"PWY_332","fixed",NA,"(Intercept)",-4.08121452601619,0.0768547670283691,-53.1029457744593,129.994892224331,5.3064506843604e-90,2.31825564272995e-89
"PWY_332","fixed",NA,"hd_exposurelow_exposure",-0.147773497237644,0.116402406478771,-1.26950551717841,118.209201050415,0.206754461339609,0.39069641663451
"PWY_332","fixed",NA,"hd_exposurehigh_exposure",-0.181892464588903,0.115014840753351,-1.58146951643372,114.545703366718,0.116528106806313,0.26749801858001
"PWY_333","fixed",NA,"(Intercept)",-3.53387613473982,0.0190802582824439,-185.211126727325,120.557153180663,6.87406565138299e-150,1.41322702656374e-148
"PWY_333","fixed",NA,"hd_exposurelow_exposure",0.0053329897341851,0.0288824403815638,0.184644706739852,108.54797197573,0.853852252982507,0.897507856894395
"PWY_333","fixed",NA,"hd_exposurehigh_exposure",0.0405266519017716,0.0285329446030214,1.42034593574615,104.946011016684,0.158471116348759,0.335237188329312
"PWY_334","fixed",NA,"(Intercept)",-3.69744364449363,0.0417194826855775,-88.626306139981,119.307291984936,9.94694422886729e-111,7.47625163008412e-110
"PWY_334","fixed",NA,"hd_exposurelow_exposure",-0.0784395916008236,0.0640221771704864,-1.2251940666114,114.684927913469,0.223012435476695,0.405424427563615
"PWY_334","fixed",NA,"hd_exposurehigh_exposure",-0.101080912243726,0.0636245739960449,-1.58870866860357,112.194012340423,0.114940365020834,0.264721409618058
"PWY_335","fixed",NA,"(Intercept)",-4.13953958253828,0.0802724416697455,-51.5686267470106,128.603276440339,8.8652702662963e-88,3.69959636784544e-87
"PWY_335","fixed",NA,"hd_exposurelow_exposure",-0.265787564195428,0.122237534729145,-2.17435311325906,119.856834405278,0.0316435129403256,0.0890093180896885
"PWY_335","fixed",NA,"hd_exposurehigh_exposure",-0.14013914934926,0.121024456821609,-1.15794074214128,116.395955135463,0.24925871423844,0.424955710372364
"PWY_336","fixed",NA,"(Intercept)",-4.82185117860219,0.110554792471577,-43.6150353214391,122.834832790177,1.30920885128097e-76,4.23674531039535e-76
"PWY_336","fixed",NA,"hd_exposurelow_exposure",-0.0228859801457874,0.169863741159831,-0.13473140288517,118.820089090864,0.893052205653019,0.926012532880629
"PWY_336","fixed",NA,"hd_exposurehigh_exposure",-0.171104018772881,0.168926489492865,-1.01289039561855,116.548617595497,0.313210684207945,0.479593139674378
"PWY_337","fixed",NA,"(Intercept)",-6.89796704145863,0.0674896231161146,-102.207816890469,134.423427071731,2.53003153695975e-129,2.89916728579486e-128
"PWY_337","fixed",NA,"hd_exposurelow_exposure",0.0227019185091951,0.102775919627103,0.220887524933499,125.704916893832,0.825538389167566,0.878174097975393
"PWY_337","fixed",NA,"hd_exposurehigh_exposure",0.184217468407115,0.101757566246929,1.81035646980871,122.234043358194,0.0726969943918064,0.183448372129504
"PWY_338","fixed",NA,"(Intercept)",-5.35468632314513,0.111995852695922,-47.8114697486481,137.118281098032,2.15500335507283e-87,8.88700498640655e-87
"PWY_338","fixed",NA,"hd_exposurelow_exposure",-0.210082596155765,0.168162676715796,-1.24928194685445,120.156175962545,0.213990153266449,0.395019545591678
"PWY_338","fixed",NA,"hd_exposurehigh_exposure",-0.377139971252194,0.165766542484848,-2.27512720962173,116.777238720165,0.0247227009823114,0.071115917640476
"PWY_339","fixed",NA,"(Intercept)",-3.82975182439066,0.038521707167836,-99.4180192405477,123.942942351652,4.67790406993807e-120,4.3309337018367e-119
"PWY_339","fixed",NA,"hd_exposurelow_exposure",0.0371823365738205,0.0583498321283713,0.637231251874355,112.25768946194,0.525271702413171,0.65977523807153
"PWY_339","fixed",NA,"hd_exposurehigh_exposure",-0.0600484364927939,0.0576561745665104,-1.04149186005263,108.62975723908,0.299959730757061,0.467928180989999
"PWY_340","fixed",NA,"(Intercept)",-5.99863543300112,0.0569605571124881,-105.312092035103,134.969804344108,1.85952498199184e-131,2.24104821105568e-130
"PWY_340","fixed",NA,"hd_exposurelow_exposure",-0.100309862799869,0.085333651825423,-1.17550181732623,116.584284538932,0.242189043741097,0.421666265123957
"PWY_340","fixed",NA,"hd_exposurehigh_exposure",-0.176159128191579,0.0840792084208074,-2.09515683484936,113.403477783938,0.0383830392260862,0.106678904250633
"PWY_341","fixed",NA,"(Intercept)",-5.08194358253887,0.118192557522497,-42.9971538738516,132.457923311318,1.110617394937e-79,3.83368671141218e-79
"PWY_341","fixed",NA,"hd_exposurelow_exposure",-0.184395732112813,0.179361448464239,-1.02806781329923,121.785098489973,0.305955479921419,0.473845661122886
"PWY_341","fixed",NA,"hd_exposurehigh_exposure",-0.172786021829467,0.177343358278198,-0.974302187051277,118.145790814801,0.331897151465225,0.496779676390134
"PWY_342","fixed",NA,"(Intercept)",-4.180128953729,0.0509600200067953,-82.0276160247111,124.790652195281,2.02568812287406e-110,1.49047999777786e-109
"PWY_342","fixed",NA,"hd_exposurelow_exposure",-0.0403035493597889,0.0773819162235932,-0.520839381171859,114.495543319376,0.603484498417591,0.719658095767605
"PWY_342","fixed",NA,"hd_exposurehigh_exposure",-0.078251692080332,0.0765287352196185,-1.02251385516524,110.909160382541,0.308762902506015,0.475654890254762
"PWY_344","fixed",NA,"(Intercept)",-5.4476289719448,0.136024110249454,-40.048995446134,126.773026912929,8.12554065161451e-74,2.52433462910157e-73
"PWY_344","fixed",NA,"hd_exposurelow_exposure",-0.211117683599791,0.206952724931514,-1.02012516950262,117.547174128039,0.30976407055745,0.475879308394852
"PWY_344","fixed",NA,"hd_exposurehigh_exposure",-0.521049889967585,0.20482500043031,-2.54387837848372,114.038018530762,0.0123010237494035,0.035976634313109
"PWY_347","fixed",NA,"(Intercept)",-4.80110345709213,0.1171058046973,-40.9979972342297,129.573984898885,4.6007049669043e-76,1.481978235883e-75
"PWY_347","fixed",NA,"hd_exposurelow_exposure",-0.098279677273874,0.177697573340302,-0.553072703393997,118.855651466724,0.581252416147662,0.704915770123086
"PWY_347","fixed",NA,"hd_exposurehigh_exposure",-0.239897419184872,0.175692964287849,-1.36543554921091,115.224001567015,0.174775971141471,0.356176104454485
"PWY_348","fixed",NA,"(Intercept)",-4.23418160452714,0.0524734042145612,-80.6919556279174,126.689030868205,8.83513426581331e-111,6.67649605600379e-110
"PWY_348","fixed",NA,"hd_exposurelow_exposure",-0.0585305835081976,0.0799127990640112,-0.732430651832304,117.997513452844,0.465358129411791,0.609719461028757
"PWY_348","fixed",NA,"hd_exposurehigh_exposure",-0.0713802194283327,0.0791227147750889,-0.902145731870239,114.550174422217,0.368872481643295,0.527283976827533
"PWY_349","fixed",NA,"(Intercept)",-6.42757691289455,0.0347009874315267,-185.227493182368,128.714876874108,4.21983673885357e-158,1.07260577471223e-156
"PWY_349","fixed",NA,"hd_exposurelow_exposure",-0.0517866486263792,0.0520174684776506,-0.995562647356231,110.753648953832,0.321632837907284,0.486626306703878
"PWY_349","fixed",NA,"hd_exposurehigh_exposure",-0.0579002823076986,0.0512587379400623,-1.12956901856231,107.553178500287,0.261170836763517,0.437096083553409
"PWY_350","fixed",NA,"(Intercept)",-6.64470405159177,0.116426890239438,-57.0719018426636,129.179268103423,1.70075709712927e-93,8.08727354349226e-93
"PWY_350","fixed",NA,"hd_exposurelow_exposure",-0.279793415669786,0.175662092065678,-1.59279337038281,115.157436924412,0.113947801152479,0.263304175225068
"PWY_350","fixed",NA,"hd_exposurehigh_exposure",-0.224683698045015,0.173365360459334,-1.29601263741333,111.551928194346,0.19764617784184,0.380067890815533
"PWY_352","fixed",NA,"(Intercept)",-5.57726971867448,0.137912319475709,-40.4406926072825,130.082865125034,1.55170609459025e-75,4.96403917674411e-75
"PWY_352","fixed",NA,"hd_exposurelow_exposure",-0.127048818189567,0.20899489797792,-0.607903922147371,118.615866852929,0.544413367777819,0.677167865277129
"PWY_352","fixed",NA,"hd_exposurehigh_exposure",-0.191675267845161,0.206542194428496,-0.928019905935095,114.95693405483,0.355341666834376,0.51874301859207
"PWY_353","fixed",NA,"(Intercept)",-3.50319369917914,0.0328502991794503,-106.641150512583,130.289935493676,1.20614865802825e-128,1.3489566591388e-127
"PWY_353","fixed",NA,"hd_exposurelow_exposure",0.0136975329724542,0.0495405547285869,0.27649131196648,115.98342066882,0.782662836008565,0.846215303018221
"PWY_353","fixed",NA,"hd_exposurehigh_exposure",0.00606727236415417,0.0488865388259256,0.124109264224216,112.388225455751,0.901450461940699,0.929371493947711
"PWY_354","fixed",NA,"(Intercept)",-4.51215850391118,0.067035954180862,-67.309529028817,122.92450504184,7.34271224377963e-99,4.00980926437653e-98
"PWY_354","fixed",NA,"hd_exposurelow_exposure",-0.00240111770922741,0.101164895719975,-0.0237346926731752,109.110388616714,0.981107585741275,0.987000295483448
"PWY_354","fixed",NA,"hd_exposurehigh_exposure",-0.0704920206008813,0.0998484451747871,-0.70599016817421,105.541847435073,0.481749743895399,0.624755233734479
"PWY_355","fixed",NA,"(Intercept)",-4.18105972280525,0.0658699710018979,-63.4744430460548,126.085985822838,1.4571609553426e-97,7.57290340360205e-97
"PWY_355","fixed",NA,"hd_exposurelow_exposure",-0.163302856639908,0.09994424364492,-1.63393959155955,115.341720160729,0.104998203904743,0.247116984947526
"PWY_355","fixed",NA,"hd_exposurehigh_exposure",-0.129143415694631,0.0988140905746436,-1.3069332009596,111.725212572256,0.193919006065321,0.376003842551066
"PWY_356","fixed",NA,"(Intercept)",-4.95814910528745,0.1205126413483,-41.1421494858589,126.98238127558,2.83923769091882e-75,9.00057662563382e-75
"PWY_356","fixed",NA,"hd_exposurelow_exposure",-0.281710801910345,0.183704447816956,-1.53350016974572,118.804686377916,0.127811386897458,0.289595330441891
"PWY_356","fixed",NA,"hd_exposurehigh_exposure",-0.211484669073985,0.181961371334647,-1.16225035853924,115.427510509103,0.247531245889147,0.423665020904402
"PWY_358","fixed",NA,"(Intercept)",-6.63299728187345,0.051711121237611,-128.270227431253,135.221787294734,4.115783831312e-143,7.10353801996812e-142
"PWY_358","fixed",NA,"hd_exposurelow_exposure",-0.181814699369577,0.0748211967096443,-2.42998919243618,91.8858721940217,0.0170426370158193,0.0496366803085737
"PWY_358","fixed",NA,"hd_exposurehigh_exposure",-0.0529099742865806,0.0736473367054608,-0.718423457703359,95.4368580878594,0.47425140022157,0.617321655037016
"PWY_359","fixed",NA,"(Intercept)",-6.05859143835617,0.0988382836665211,-61.2980235350683,137.325558526882,1.23429786836303e-101,7.0719197539816e-101
"PWY_359","fixed",NA,"hd_exposurelow_exposure",-0.023120660355508,0.149269286320147,-0.154892281764647,123.882657591752,0.877158316990074,0.913698401070155
"PWY_359","fixed",NA,"hd_exposurehigh_exposure",-0.00892460117663976,0.147358229210981,-0.0605639822385616,120.219427606365,0.951807025930224,0.967728161636693
"PWY_360","fixed",NA,"(Intercept)",-4.4912305888845,0.0928720325880722,-48.3593441828182,125.952062167193,3.35961037284625e-83,1.26596638847414e-82
"PWY_360","fixed",NA,"hd_exposurelow_exposure",-0.163139163467174,0.141556459321006,-1.15246710923466,117.725286327838,0.251464007205321,0.426634322904173
"PWY_360","fixed",NA,"hd_exposurehigh_exposure",-0.201860497109883,0.140207382815269,-1.43972801614767,114.34435246511,0.152676548119712,0.328372021955934
"PWY_361","fixed",NA,"(Intercept)",-5.09214006762787,0.114749952657334,-44.3759666100605,132.956858883482,1.40692879282827e-81,5.05626337371189e-81
"PWY_361","fixed",NA,"hd_exposurelow_exposure",-0.157087590234822,0.173485131837157,-0.905481573961472,120.124568777198,0.3670228814008,0.52625434687007
"PWY_361","fixed",NA,"hd_exposurehigh_exposure",-0.22934313499207,0.171318753919248,-1.33869252341265,116.454983682766,0.183278299167583,0.36562843678842
"PWY_362","fixed",NA,"(Intercept)",-5.25155265646533,0.124933722853727,-42.0347087760593,128.747942068245,4.68914035364966e-77,1.53522674810357e-76
"PWY_362","fixed",NA,"hd_exposurelow_exposure",-0.14537240406416,0.189742380469283,-0.766156742129067,118.527003325188,0.445106197763401,0.593526001018277
"PWY_362","fixed",NA,"hd_exposurehigh_exposure",-0.174009264524559,0.18766239337073,-0.927246324631491,114.92638242786,0.35574187117097,0.51874301859207
"PWY_363","fixed",NA,"(Intercept)",-6.15355870181195,0.0897798243382545,-68.5405518129307,141.317125486714,2.52213247264223e-110,1.83642770664262e-109
"PWY_363","fixed",NA,"hd_exposurelow_exposure",0.116747127836943,0.133765663788802,0.872773509510418,119.409053064,0.384538212077465,0.537476425051309
"PWY_363","fixed",NA,"hd_exposurehigh_exposure",0.0604074550548094,0.131684407715149,0.458728987758965,116.826989090568,0.64728106968109,0.75914340219309
"PWY_364","fixed",NA,"(Intercept)",-3.91974138687416,0.0306308485618258,-127.967117168252,118.044216275886,1.7704647005708e-128,1.94890523732124e-127
"PWY_364","fixed",NA,"hd_exposurelow_exposure",-0.0617983010787682,0.0463754426588786,-1.33256520122805,106.186644215968,0.185527023619791,0.368446504687922
"PWY_364","fixed",NA,"hd_exposurehigh_exposure",-0.00532578881040438,0.0458169951826352,-0.116240464682915,102.607628803732,0.907689169754888,0.934425227774177
"PWY_365","fixed",NA,"(Intercept)",-4.31670077879611,0.0482855317409462,-89.3994665307899,130.009496273814,1.31333265712993e-118,1.15474154381613e-117
"PWY_365","fixed",NA,"hd_exposurelow_exposure",-0.0861718680634963,0.0726429348491793,-1.18623880274669,114.257219395518,0.237988873664364,0.421548564584628
"PWY_365","fixed",NA,"hd_exposurehigh_exposure",-0.0821980900729225,0.0716397948665772,-1.14738031042676,110.779963103711,0.253696393158454,0.428342460912462
"PWY_366","fixed",NA,"(Intercept)",-3.38168625469785,0.0170325513556593,-198.542554434996,136.810760760424,3.03332114661342e-170,1.4622699872295e-168
"PWY_366","fixed",NA,"hd_exposurelow_exposure",0.00222544517052647,0.025647556295011,0.0867702616548838,121.599149218991,0.930996847770262,0.953504463870202
"PWY_366","fixed",NA,"hd_exposurehigh_exposure",-0.00132593768186788,0.025298974276716,-0.0524107288843013,118.043198565886,0.958290016190131,0.972198434422209
"PWY_367","fixed",NA,"(Intercept)",-5.81278190114413,0.0491943745889561,-118.15948367497,134.947353145707,4.09363395070181e-138,5.78070733644558e-137
"PWY_367","fixed",NA,"hd_exposurelow_exposure",-0.128221017443508,0.0727267766477747,-1.76305101578335,107.711798141315,0.0807279339782149,0.200814326871075
"PWY_367","fixed",NA,"hd_exposurehigh_exposure",0.0372348760117293,0.0715439709991481,0.520447432421283,106.377190475963,0.603833294946638,0.719658095767605
"PWY_368","fixed",NA,"(Intercept)",-5.47984238571886,0.147469519730812,-37.1591525877459,130.471477613854,2.90444695579352e-71,8.86553896113394e-71
"PWY_368","fixed",NA,"hd_exposurelow_exposure",-0.245605640921379,0.223527929633028,-1.09876936329432,119.131287086198,0.274084311355251,0.45045265193447
"PWY_368","fixed",NA,"hd_exposurehigh_exposure",-0.183088754545813,0.220921528122605,-0.828750172523719,115.473697126769,0.408955533224826,0.558320151804987
"PWY_369","fixed",NA,"(Intercept)",-3.67227333294034,0.0235883969032615,-155.681344009969,129.155093903346,7.75368669172941e-149,1.526711830287e-147
"PWY_369","fixed",NA,"hd_exposurelow_exposure",-0.0396697918497617,0.0356137064190654,-1.11389113458084,115.533511365927,0.267637876260763,0.44279023788467
"PWY_369","fixed",NA,"hd_exposurehigh_exposure",-0.0136336729322304,0.0351547914233535,-0.387818342257992,111.90790915511,0.698887160574098,0.795567865980405
"PWY_370","fixed",NA,"(Intercept)",-5.45890048550185,0.0912258273988198,-59.8394187386945,136.289396344736,1.00953568849864e-99,5.60051941476624e-99
"PWY_370","fixed",NA,"hd_exposurelow_exposure",-0.151202949270384,0.13533787748009,-1.11722565837216,111.465657436186,0.266300201447864,0.442672629755189
"PWY_370","fixed",NA,"hd_exposurehigh_exposure",-0.0877025003509234,0.133170173762994,-0.658574648306832,109.530234512234,0.511550955872383,0.650136547147969
"PWY_371","fixed",NA,"(Intercept)",-4.94107847758737,0.107691517708015,-45.8817795751024,133.895207259169,8.99984662439456e-84,3.45653450024824e-83
"PWY_371","fixed",NA,"hd_exposurelow_exposure",-0.134365982763041,0.162720161037246,-0.825748831039348,120.726772646636,0.410575397670204,0.559073539421489
"PWY_371","fixed",NA,"hd_exposurehigh_exposure",-0.209089089935672,0.160660283598338,-1.30143608147992,117.062575683222,0.195664714635616,0.378073361828668
"PWY_372","fixed",NA,"(Intercept)",-4.58511993818254,0.077397555138659,-59.2411469583015,127.638293771533,1.03012076214722e-94,5.01780078565093e-94
"PWY_372","fixed",NA,"hd_exposurelow_exposure",-0.0352595114173189,0.116984257297989,-0.301403900248764,114.677279746869,0.763652372601977,0.835621481731547
"PWY_372","fixed",NA,"hd_exposurehigh_exposure",-0.100632539839567,0.11551455854458,-0.871167592271329,111.036830340889,0.385542310881873,0.537912325960937
"PWY_374","fixed",NA,"(Intercept)",-3.62170833808076,0.034729445842077,-104.283504970092,125.330732710352,1.18507822066231e-123,1.15855898775239e-122
"PWY_374","fixed",NA,"hd_exposurelow_exposure",-0.105661112906242,0.0530270919239317,-1.99258735624829,118.044128271928,0.0486139863144371,0.13145522798372
"PWY_374","fixed",NA,"hd_exposurehigh_exposure",-0.0728490570915819,0.0525626070656927,-1.38594832255058,114.825215900251,0.168448408992986,0.34487011868752
"PWY_375","fixed",NA,"(Intercept)",-3.22034122285565,0.0164140024898766,-196.194756570909,132.46407834824,3.92783072934422e-165,1.37277683990581e-163
"PWY_375","fixed",NA,"hd_exposurelow_exposure",0.0130959992384005,0.0248514319240664,0.526971615897842,120.471069714697,0.599182326010545,0.71717199637221
"PWY_375","fixed",NA,"hd_exposurehigh_exposure",0.0332675231947563,0.0245523195908335,1.35496457154202,116.796327852444,0.178043798618284,0.360732218070088
"PWY_376","fixed",NA,"(Intercept)",-3.62170833808076,0.034729445842077,-104.283504970092,125.330732710352,1.18507822066231e-123,1.15855898775239e-122
"PWY_376","fixed",NA,"hd_exposurelow_exposure",-0.105661112906242,0.0530270919239317,-1.99258735624829,118.044128271928,0.0486139863144371,0.13145522798372
"PWY_376","fixed",NA,"hd_exposurehigh_exposure",-0.0728490570915819,0.0525626070656927,-1.38594832255058,114.825215900251,0.168448408992986,0.34487011868752
"PWY_377","fixed",NA,"(Intercept)",-3.47828290945308,0.0259613276553082,-133.979392565537,127.415918412132,5.6923702201139e-139,8.55691781475186e-138
"PWY_377","fixed",NA,"hd_exposurelow_exposure",-0.0750815128293198,0.0395451904711461,-1.89862564662832,118.834805450604,0.0600387742000786,0.15572208966922
"PWY_377","fixed",NA,"hd_exposurehigh_exposure",-0.0481842126810923,0.0391576087600104,-1.2305197944135,115.399163922579,0.221004877971644,0.402297941932757
"PWY_378","fixed",NA,"(Intercept)",-3.35519907771613,0.021045934517305,-159.42267020537,128.590796659579,1.2344365186761e-149,2.50107572914375e-148
"PWY_378","fixed",NA,"hd_exposurelow_exposure",-0.0585020600737916,0.0320460278386228,-1.82556354155329,119.803776508633,0.0704067698390396,0.178961207699959
"PWY_378","fixed",NA,"hd_exposurehigh_exposure",-0.039756639251858,0.0317270286934898,-1.25308422783429,116.337880487998,0.212687752050733,0.394572615542513
"PWY_379","fixed",NA,"(Intercept)",-3.97559318813338,0.0514626747539728,-77.2519735349837,122.528572758951,8.55149021985749e-106,5.58644080717793e-105
"PWY_379","fixed",NA,"hd_exposurelow_exposure",-0.150257149787963,0.077664019653656,-1.93470735171881,108.728832539228,0.0556244336222369,0.147278329931604
"PWY_379","fixed",NA,"hd_exposurehigh_exposure",-0.118583821253947,0.0766536553374395,-1.54700804197694,105.163244613494,0.124865457029618,0.283840502320984
"PWY_380","fixed",NA,"(Intercept)",-3.54367154819157,0.0300257950557049,-118.020906411212,126.491658000226,2.91606036513019e-131,3.48431828243761e-130
"PWY_380","fixed",NA,"hd_exposurelow_exposure",-0.0103698292207653,0.0451810436050479,-0.229517257534235,110.897127413921,0.818889691945244,0.873899075831642
"PWY_380","fixed",NA,"hd_exposurehigh_exposure",0.043956117067187,0.0445592468765646,0.986464542117411,107.43170098345,0.326121708643185,0.490762269841951
"PWY_381","fixed",NA,"(Intercept)",-3.36246468050974,0.0247548920745503,-135.830310646621,126.171046283959,1.21073795765252e-138,1.78169648926129e-137
"PWY_381","fixed",NA,"hd_exposurelow_exposure",0.0199577763609032,0.036692814369364,0.54391511536838,100.984398102634,0.587698747846809,0.708889430103399
"PWY_381","fixed",NA,"hd_exposurehigh_exposure",-0.0146764879944801,0.0361024571788588,-0.406523243605548,99.2392584164816,0.685233541004497,0.783284129455672
"PWY_382","fixed",NA,"(Intercept)",-4.12767218653704,0.0375732554514589,-109.856655670138,119.712950255749,4.83434978468015e-122,4.59756530543051e-121
"PWY_382","fixed",NA,"hd_exposurelow_exposure",-0.0369132930702931,0.0566790212197848,-0.651269063506831,105.724338994851,0.516285919848666,0.653775105025756
"PWY_382","fixed",NA,"hd_exposurehigh_exposure",-0.0873635748790547,0.0559350638559501,-1.56187494670682,102.199199537951,0.121408825802058,0.277335847175289
"PWY_383","fixed",NA,"(Intercept)",-6.33235604607605,0.0735479898788874,-86.0982884305015,138.13606156766,6.53748231781412e-122,6.17527045966496e-121
"PWY_383","fixed",NA,"hd_exposurelow_exposure",0.060476401337862,0.110287934248503,0.54835011418017,120.358733591765,0.584467190802305,0.705600287341642
"PWY_383","fixed",NA,"hd_exposurehigh_exposure",-0.132775324273933,0.108686707588189,-1.22163351177235,117.081616978764,0.22430028490855,0.406707909600716
"PWY_384","fixed",NA,"(Intercept)",-3.44376403141456,0.0193921596823047,-177.585379237414,129.891611057483,6.58203667674089e-157,1.61433110071645e-155
"PWY_384","fixed",NA,"hd_exposurelow_exposure",0.01766935029655,0.0293237193842881,0.602561703206633,117.175826863884,0.547964658288616,0.678524882451271
"PWY_384","fixed",NA,"hd_exposurehigh_exposure",-0.0274110757390316,0.0289592468146481,-0.946539663634021,113.517042261085,0.345883923985278,0.508466239000726
"PWY_385","fixed",NA,"(Intercept)",-5.26978437472667,0.0949875250561687,-55.478699667251,139.810772695541,4.23106846244964e-97,2.17464474650904e-96
"PWY_385","fixed",NA,"hd_exposurelow_exposure",-0.155408253948385,0.142573068739513,-1.09002531349257,122.646661627085,0.277838984593221,0.452330650690746
"PWY_385","fixed",NA,"hd_exposurehigh_exposure",-0.114955135736752,0.140530703063345,-0.818007262690026,119.287850793198,0.414984020851215,0.563797532701651
"PWY_386","fixed",NA,"(Intercept)",-6.37236543140544,0.0823098620570608,-77.4192213684897,133.010940743277,1.66914929117493e-112,1.33341183375003e-111
"PWY_386","fixed",NA,"hd_exposurelow_exposure",0.0210774570941803,0.123526321338612,0.170631302428269,115.729229139325,0.864811639926265,0.903592430954349
"PWY_386","fixed",NA,"hd_exposurehigh_exposure",-0.185879736758328,0.121753057893396,-1.52669460606961,112.406285062739,0.129645930054526,0.290922969849481
"PWY_387","fixed",NA,"(Intercept)",-5.73415931977871,0.145173535560924,-39.4986544732341,130.096615916494,2.61776837625557e-74,8.18711451902749e-74
"PWY_387","fixed",NA,"hd_exposurelow_exposure",-0.410356178813343,0.220049468990804,-1.86483603298535,118.76156343472,0.0646728329292587,0.165590879917772
"PWY_387","fixed",NA,"hd_exposurehigh_exposure",-0.432664406778328,0.217484202464901,-1.98940613559348,115.105620557493,0.0490278752517512,0.132063525244602
"PWY_388","fixed",NA,"(Intercept)",-7.07378716003208,0.0494635764950045,-143.010021945067,135.070753375292,2.54379778925692e-149,5.08032758483024e-148
"PWY_388","fixed",NA,"hd_exposurelow_exposure",-0.0568884223017741,0.0740502783257786,-0.768240492648762,116.239837332555,0.443902254717891,0.592717623778043
"PWY_388","fixed",NA,"hd_exposurehigh_exposure",0.0199361488859933,0.0729522069355654,0.273276844161847,113.125890605295,0.785138690437004,0.846932013295472
"PWY_389","fixed",NA,"(Intercept)",-3.7144718804574,0.0479994716890443,-77.3856825866943,131.599444999016,1.33230529800233e-111,1.04053788078617e-110
"PWY_389","fixed",NA,"hd_exposurelow_exposure",-0.116171994573304,0.0727919918611661,-1.59594471318872,120.544211563575,0.113119533942607,0.262264053393295
"PWY_389","fixed",NA,"hd_exposurehigh_exposure",-0.147034890689431,0.0719557408257003,-2.04340736405726,116.89120089169,0.0432601825512588,0.119050659855629
"PWY_392","fixed",NA,"(Intercept)",-6.5091181840983,0.065976949097297,-98.6574595090662,147.769716264782,9.19702272793437e-137,1.2482949294808e-135
"PWY_392","fixed",NA,"hd_exposurelow_exposure",0.174869956659488,0.0983622456494292,1.77781582257423,126.414530630743,0.0778384304858421,0.195014562400013
"PWY_392","fixed",NA,"hd_exposurehigh_exposure",0.121217108936508,0.0968398470268052,1.2517275962131,123.741887747518,0.213030146622424,0.394572615542513
"PWY_393","fixed",NA,"(Intercept)",-5.25438395690428,0.13441823973977,-39.0898137565007,120.104266206764,3.7352655329073e-70,1.12784043520614e-69
"PWY_393","fixed",NA,"hd_exposurelow_exposure",-0.221976472903555,0.20681191293801,-1.07332536965648,116.784556371812,0.285337959590739,0.454330828596644
"PWY_393","fixed",NA,"hd_exposurehigh_exposure",-0.178099717268498,0.205838493322393,-0.865240093793106,114.808056985516,0.388711406194238,0.539641058450393
"PWY_394","fixed",NA,"(Intercept)",-4.7898239735385,0.0893588070048958,-53.6021477242424,134.707635363185,9.87723882764218e-93,4.63368452384019e-92
"PWY_394","fixed",NA,"hd_exposurelow_exposure",-0.143292470921176,0.134140964540145,-1.06822305484685,117.589912709925,0.28760796982497,0.454767138810758
"PWY_394","fixed",NA,"hd_exposurehigh_exposure",-0.0585888678633863,0.132222828130429,-0.44310705414342,114.238119150368,0.658526282763663,0.769051598555237
"PWY_395","fixed",NA,"(Intercept)",-5.79429689385202,0.117137137277384,-49.4659253976043,130.042229997219,3.3240824118983e-86,1.3469760034301e-85
"PWY_395","fixed",NA,"hd_exposurelow_exposure",-0.158419013824277,0.177536512919612,-0.892317930655811,118.654948881951,0.374028609592253,0.53085481848728
"PWY_395","fixed",NA,"hd_exposurehigh_exposure",-0.31249896221456,0.175461333391845,-1.78101326470989,114.99795533883,0.0775504291450061,0.194641831139531
"PWY_397","fixed",NA,"(Intercept)",-3.96811854814287,0.0307620284896802,-128.994046978211,127.197541979477,1.05468601816957e-136,1.41774139750102e-135
"PWY_397","fixed",NA,"hd_exposurelow_exposure",-0.0650597492249174,0.046119017529272,-1.41069243688081,109.342914492023,0.1611740191062,0.337478756248912
"PWY_397","fixed",NA,"hd_exposurehigh_exposure",-0.0606068378226085,0.0454475130472438,-1.33355675061045,106.141434515096,0.185203941648641,0.368446504687922
"PWY_398","fixed",NA,"(Intercept)",-3.88649151721634,0.0307024690379226,-126.585634282894,119.838397205451,1.86578922063365e-129,2.1736444420382e-128
"PWY_398","fixed",NA,"hd_exposurelow_exposure",-0.0457193436993528,0.0462339792737283,-0.988868888586711,104.826517826112,0.325004344701898,0.48960783824704
"PWY_398","fixed",NA,"hd_exposurehigh_exposure",-0.069976145668899,0.0456061766790679,-1.53435676402614,101.377414879571,0.128056951996902,0.289682231216293
"PWY_399","fixed",NA,"(Intercept)",-5.87191271751468,0.0607376946178916,-96.6765820542846,138.449720902466,5.6891396349479e-129,6.46619285337981e-128
"PWY_399","fixed",NA,"hd_exposurelow_exposure",-0.11555036788121,0.0910631838791164,-1.26890322695722,120.569402087436,0.206919788830067,0.39069641663451
"PWY_399","fixed",NA,"hd_exposurehigh_exposure",-0.196894621855938,0.089738077881162,-2.19410340075125,117.305717178597,0.0301989614971927,0.0856351889920392
"PWY_400","fixed",NA,"(Intercept)",-5.93615618557732,0.115842398665974,-51.2433811276125,130.841671691558,1.81555217124204e-88,7.6681025238561e-88
"PWY_400","fixed",NA,"hd_exposurelow_exposure",-0.125411526529263,0.17489261351489,-0.717077319669567,117.191773826806,0.474753166741285,0.617399932190061
"PWY_400","fixed",NA,"hd_exposurehigh_exposure",-0.0902260262975654,0.172637272473326,-0.522633525222695,113.558238605271,0.602247463958908,0.71923851910466
"PWY_401","fixed",NA,"(Intercept)",-3.79987217203421,0.0437390431777177,-86.8759784386415,120.373345242507,1.90068989009713e-110,1.40590712505597e-109
"PWY_401","fixed",NA,"hd_exposurelow_exposure",-0.0728185599079111,0.066935112074063,-1.08789778117258,114.312048411912,0.278928658619792,0.452330650690746
"PWY_401","fixed",NA,"hd_exposurehigh_exposure",-0.123370698550585,0.0664215031445035,-1.85739094585357,111.384198763954,0.0658970694859462,0.168417007571029
"PWY_402","fixed",NA,"(Intercept)",-4.62596826969796,0.0695724810532417,-66.4913511731435,120.881012535783,4.77137783113959e-97,2.43444752114348e-96
"PWY_402","fixed",NA,"hd_exposurelow_exposure",-0.040223454756647,0.104932467583536,-0.383327064377146,106.770431420637,0.702239446795293,0.795567865980405
"PWY_402","fixed",NA,"hd_exposurehigh_exposure",0.0202234940812295,0.103550492509496,0.195300800518887,103.240198669384,0.845541321497899,0.890148709294417
"PWY_403","fixed",NA,"(Intercept)",-3.56182290844532,0.0218328392594857,-163.140618868333,116.665578454429,1.57892851771506e-139,2.4256506239183e-138
"PWY_403","fixed",NA,"hd_exposurelow_exposure",0.0116771137393885,0.0330108494755606,0.353735633129754,104.079643680416,0.724252568311851,0.813220168000678
"PWY_403","fixed",NA,"hd_exposurehigh_exposure",0.0350756937916523,0.0325994756732796,1.07595883268768,100.525785411416,0.284521205212781,0.453587891188581
"PWY_404","fixed",NA,"(Intercept)",-5.82040629083689,0.108547046499654,-53.6210470807737,122.941455141852,3.94140544969269e-87,1.62061318196187e-86
"PWY_404","fixed",NA,"hd_exposurelow_exposure",-0.0113763048597755,0.166111702796423,-0.0684858722670349,116.862645053379,0.94551590962344,0.964840322374868
"PWY_404","fixed",NA,"hd_exposurehigh_exposure",0.193427811696841,0.164836611021001,1.1734517623163,113.922729772555,0.243062212085181,0.421666265123957
"PWY_407","fixed",NA,"(Intercept)",-6.16273401623873,0.0267817510180344,-230.109450725938,137.667052459465,6.56640983250593e-180,6.55702924703092e-178
"PWY_407","fixed",NA,"hd_exposurelow_exposure",-0.0611760059820913,0.0402453918590121,-1.52007480002688,121.207421542579,0.131096534691719,0.293706659453562
"PWY_407","fixed",NA,"hd_exposurehigh_exposure",0.0123535013773196,0.0396789991214155,0.311336012773875,117.769541243643,0.756095626863515,0.832956411627418
"PWY_408","fixed",NA,"(Intercept)",-4.55506822310837,0.0819186947100026,-55.6047461355872,127.726208047719,2.24358422360589e-91,1.01835413785748e-90
"PWY_408","fixed",NA,"hd_exposurelow_exposure",0.111300304912726,0.123726566900272,0.899566743837951,114.333329593399,0.37024159782715,0.528160973226894
"PWY_408","fixed",NA,"hd_exposurehigh_exposure",0.0412554295825922,0.122145372186222,0.337756796218971,110.706867102054,0.736186075032359,0.819417303260539
"PWY_409","fixed",NA,"(Intercept)",-6.2076530830235,0.11346208612647,-54.711254613318,134.232693414892,1.18927331782051e-93,5.67441671779204e-93
"PWY_409","fixed",NA,"hd_exposurelow_exposure",-0.185399971717305,0.171557798496853,-1.08068518797591,121.47016883728,0.281978121074051,0.452330650690746
"PWY_409","fixed",NA,"hd_exposurehigh_exposure",-0.193607983688697,0.169421469404959,-1.14275944110676,117.795100627851,0.255455816595679,0.430792800483425
"PWY_410","fixed",NA,"(Intercept)",-5.4237329542518,0.121761013286383,-44.5440852360117,134.472079355022,2.19087534720978e-82,8.12425394005111e-82
"PWY_410","fixed",NA,"hd_exposurelow_exposure",-0.130510375958089,0.18397521523328,-0.709391076361032,121.293252842492,0.479443240854191,0.622341365565607
"PWY_410","fixed",NA,"hd_exposurehigh_exposure",-0.138483386468672,0.181645172976163,-0.762384071096923,117.627591287852,0.447356887440405,0.595057020591519
"PWY_411","fixed",NA,"(Intercept)",-5.88948873245822,0.104723173626411,-56.2386387703295,139.093859820069,1.51417110375978e-97,7.84004149280062e-97
"PWY_411","fixed",NA,"hd_exposurelow_exposure",-0.26806706959294,0.157044745144941,-1.70694708279181,121.358560781666,0.090389274304877,0.219763835614292
"PWY_411","fixed",NA,"hd_exposurehigh_exposure",-0.112653700151324,0.154766350929202,-0.727895304599238,118.074153152054,0.46811868019334,0.61276209261263
"PWY_412","fixed",NA,"(Intercept)",-6.07936562205567,0.107330772942889,-56.6414035356899,134.348073852716,1.20431859240846e-95,5.92830067671488e-95
"PWY_412","fixed",NA,"hd_exposurelow_exposure",-0.188532918537777,0.16228620011324,-1.16173105542075,121.582717900773,0.247620271942448,0.423665020904402
"PWY_412","fixed",NA,"hd_exposurehigh_exposure",-0.171552450412392,0.160265057265853,-1.07042953304422,117.907369251997,0.286612353073219,0.454767138810758
"PWY_414","fixed",NA,"(Intercept)",-4.23667041828398,0.0806189105138295,-52.5518193099027,125.67868160603,2.09631089156626e-87,8.6705403148214e-87
"PWY_414","fixed",NA,"hd_exposurelow_exposure",-0.0217523790257021,0.122883927159261,-0.177015656388572,117.469899044996,0.859800939483057,0.901045041900708
"PWY_414","fixed",NA,"hd_exposurehigh_exposure",-0.0351832518189092,0.12171443263157,-0.289063926587974,114.092620589983,0.773057038279163,0.838520023960834
"PWY_415","fixed",NA,"(Intercept)",-6.11843175084146,0.0708936601559603,-86.3043569394134,136.346330638171,7.1627094409345e-121,6.67564519895096e-120
"PWY_415","fixed",NA,"hd_exposurelow_exposure",-0.118769484629447,0.106611665874494,-1.11403835270022,120.332723925891,0.267482966036221,0.44279023788467
"PWY_415","fixed",NA,"hd_exposurehigh_exposure",-0.0669934545053338,0.105129138711332,-0.637249152105081,116.851222751429,0.525209158715181,0.65977523807153
"PWY_416","fixed",NA,"(Intercept)",-6.88996488656242,0.0342526425126535,-201.151338441031,172.101752382648,3.77275830353419e-206,1.3185790270852e-203
"PWY_416","fixed",NA,"hd_exposurelow_exposure",-0.03748120363689,0.048948768830167,-0.765723112810766,119.032669309991,0.445356777588106,0.593526001018277
"PWY_416","fixed",NA,"hd_exposurehigh_exposure",-0.0650482350209325,0.0482621029036111,-1.34781186702218,126.832861327785,0.180121378707134,0.362838166329356
"PWY_417","fixed",NA,"(Intercept)",-3.64222708379481,0.0420736762617261,-86.567835459344,124.937250548487,2.17345422096218e-113,1.76656337261926e-112
"PWY_417","fixed",NA,"hd_exposurelow_exposure",-0.0712219599119628,0.063850362600619,-1.11545114250099,114.309083971317,0.266996664195626,0.44279023788467
"PWY_417","fixed",NA,"hd_exposurehigh_exposure",-0.0846516652846412,0.0631326812015557,-1.3408533215053,110.704204110621,0.182712901717478,0.36562843678842
"PWY_418","fixed",NA,"(Intercept)",-6.08290767045715,0.130604309219959,-46.5750916396834,136.497505548557,1.14463463399869e-85,4.57199776665762e-85
"PWY_418","fixed",NA,"hd_exposurelow_exposure",-0.156726069826908,0.197159359614943,-0.794920769336019,122.795692974064,0.42819334597686,0.578114996883568
"PWY_418","fixed",NA,"hd_exposurehigh_exposure",-0.0603603290650015,0.194611232099408,-0.310158506340319,119.144434090701,0.756982291782903,0.833276570009841
"PWY_420","fixed",NA,"(Intercept)",-7.34223357774339,0.0580325610543363,-126.519206534221,130.658006135962,1.56898374357762e-138,2.28483257658491e-137
"PWY_420","fixed",NA,"hd_exposurelow_exposure",-0.150230875285926,0.0867551543312937,-1.73166512634208,110.950184482177,0.0861126331438823,0.211573745404477
"PWY_420","fixed",NA,"hd_exposurehigh_exposure",-0.0557908587467057,0.0854476086707132,-0.652924752542873,108.007648262204,0.515192188964162,0.653213915853461
"PWY_421","fixed",NA,"(Intercept)",-6.70440038713683,0.0935478469416046,-71.6681420933388,121.058824807557,5.38370378318072e-101,3.0471327485371e-100
"PWY_421","fixed",NA,"hd_exposurelow_exposure",0.0424142494360702,0.142973280703842,0.29665857303735,114.311510674492,0.767265525621275,0.835621481731547
"PWY_421","fixed",NA,"hd_exposurehigh_exposure",0.0253389724069382,0.141785694822248,0.17871318004757,111.218163207894,0.858488062649171,0.901025759447103
"PWY_422","fixed",NA,"(Intercept)",-6.08541779388571,0.125219195340459,-48.5981224950379,136.302995926143,5.80318359177117e-88,2.44362971725786e-87
"PWY_422","fixed",NA,"hd_exposurelow_exposure",-0.277515005076066,0.188258869286693,-1.47411384190058,120.129667661098,0.143066701410204,0.312023788723034
"PWY_422","fixed",NA,"hd_exposurehigh_exposure",-0.216577420385911,0.185629705567889,-1.16671746972472,116.664600310118,0.245703825679311,0.423665020904402
"PWY_423","fixed",NA,"(Intercept)",-4.13785597788609,0.0548145476135637,-75.488281086574,136.680723466967,2.63000172393714e-113,2.12528463009487e-112
"PWY_423","fixed",NA,"hd_exposurelow_exposure",-0.052955040839946,0.0826297263441126,-0.640871550504888,122.127863817682,0.522806893643766,0.658852375175441
"PWY_423","fixed",NA,"hd_exposurehigh_exposure",-0.0883685723623416,0.0815297384521553,-1.08388146509509,118.523294257094,0.280617300502839,0.452330650690746
"PWY_427","fixed",NA,"(Intercept)",-3.47559981978646,0.0265590273176749,-130.863219432493,116.875446725897,1.33358691538088e-128,1.4796464346845e-127
"PWY_427","fixed",NA,"hd_exposurelow_exposure",0.0224126939149936,0.0404804112863281,0.55366764325745,108.715341602983,0.580943276385393,0.704915770123086
"PWY_427","fixed",NA,"hd_exposurehigh_exposure",0.0247508154952764,0.0400941421192159,0.617317497944771,105.387839762189,0.538356842570961,0.67302460835396
"PWY_428","fixed",NA,"(Intercept)",-6.24753559211103,0.0865317344549193,-72.1993570505146,136.543940741886,1.20272898475594e-110,8.9915247095658e-110
"PWY_428","fixed",NA,"hd_exposurelow_exposure",-0.215809214194946,0.129963351680192,-1.66053900122551,119.74739722466,0.0994223847530281,0.238409080419783
"PWY_428","fixed",NA,"hd_exposurehigh_exposure",-0.240246503134567,0.128119087802074,-1.87518118694158,116.350425542845,0.063274770262143,0.162308493259589
"PWY_429","fixed",NA,"(Intercept)",-3.4056389658218,0.0241233796283943,-141.17586417341,130.558940819177,1.28168062386538e-144,2.32699936644649e-143
"PWY_429","fixed",NA,"hd_exposurelow_exposure",-0.0335737359682188,0.0365843080364608,-0.917708650789798,119.516867417654,0.360619642599291,0.522086363027347
"PWY_429","fixed",NA,"hd_exposurehigh_exposure",-0.0582358411813972,0.0361642984900613,-1.61031303282163,115.868040886577,0.110050565587834,0.257275402494635
"PWY_430","fixed",NA,"(Intercept)",-3.84541631911538,0.0613759673087173,-62.6534535866975,127.976815066237,6.72229995172968e-98,3.58693714981607e-97
"PWY_430","fixed",NA,"hd_exposurelow_exposure",-0.258188962703094,0.0930930104016324,-2.77345164356793,117.023845462367,0.00645674024608309,0.0191645920679918
"PWY_430","fixed",NA,"hd_exposurehigh_exposure",-0.179995307539941,0.092028882260142,-1.95585671714605,113.389307061613,0.0529417748393378,0.141515489914712
"PWY_431","fixed",NA,"(Intercept)",-5.77782277183507,0.0976170894356572,-59.1886400756031,124.623117170187,4.29484337652282e-93,2.02161314490872e-92
"PWY_431","fixed",NA,"hd_exposurelow_exposure",-0.33329309272029,0.148111967265868,-2.25027794089059,113.882956872728,0.0263519443416337,0.0756468545987761
"PWY_431","fixed",NA,"hd_exposurehigh_exposure",-0.290354567195915,0.146436413245056,-1.98280305261244,110.274896637489,0.0498759888744763,0.133575924227046
"PWY_432","fixed",NA,"(Intercept)",-6.41708478807813,0.0636636147108276,-100.79673950695,144.99713046952,3.79177191688728e-136,5.00084635830983e-135
"PWY_432","fixed",NA,"hd_exposurelow_exposure",-0.0823744105219162,0.0930875765246654,-0.884913042075914,109.607581971002,0.378140666282524,0.533674848083763
"PWY_432","fixed",NA,"hd_exposurehigh_exposure",-0.0810327183952178,0.0915628208614297,-0.884995870953473,110.569972104837,0.3780793623259,0.533674848083763
"PWY_435","fixed",NA,"(Intercept)",-4.22318649009821,0.0539673266330865,-78.254506079407,119.914696551331,8.80746331816666e-105,5.44815651274203e-104
"PWY_435","fixed",NA,"hd_exposurelow_exposure",0.105512131797805,0.081803013470405,1.28983184508206,108.683059072315,0.199846918172695,0.382720536445791
"PWY_435","fixed",NA,"hd_exposurehigh_exposure",0.00284750745687014,0.0808497337913738,0.0352197505587081,105.092866891698,0.971971322905889,0.981803402761873
"PWY_436","fixed",NA,"(Intercept)",-6.62865185522591,0.0422880642903868,-156.749947448713,146.623999039151,3.70402609989914e-165,1.32775089427154e-163
"PWY_436","fixed",NA,"hd_exposurelow_exposure",-0.0915879566721809,0.0621490195919614,-1.47368304879949,115.129977501312,0.143295927418714,0.312036926061312
"PWY_436","fixed",NA,"hd_exposurehigh_exposure",-0.0481394114847503,0.0611271140745606,-0.787529596539297,114.939447612105,0.432592911974267,0.582625135780371
"PWY_438","fixed",NA,"(Intercept)",-3.22314510295865,0.0158855819996557,-202.89751442714,133.154733857428,9.02645323771023e-168,3.71146518421144e-166
"PWY_438","fixed",NA,"hd_exposurelow_exposure",0.00729906299430124,0.023922808513341,0.305108950323737,117.992981992196,0.760820728047863,0.834227942642008
"PWY_438","fixed",NA,"hd_exposurehigh_exposure",0.025513515054306,0.0235982545079004,1.08116111069844,114.445254954932,0.281898424023798,0.452330650690746
"PWY_439","fixed",NA,"(Intercept)",-3.22314510295865,0.0158855819996557,-202.89751442714,133.154733857428,9.02645323771023e-168,3.71146518421144e-166
"PWY_439","fixed",NA,"hd_exposurelow_exposure",0.00729906299430124,0.023922808513341,0.305108950323737,117.992981992196,0.760820728047863,0.834227942642008
"PWY_439","fixed",NA,"hd_exposurehigh_exposure",0.025513515054306,0.0235982545079004,1.08116111069844,114.445254954932,0.281898424023798,0.452330650690746
"PWY_440","fixed",NA,"(Intercept)",-6.16222746827751,0.129610999135434,-47.5440163981641,132.66506188432,3.3477008609846e-85,1.32205813662612e-84
"PWY_440","fixed",NA,"hd_exposurelow_exposure",-0.225846291464968,0.196215588359664,-1.15101095357924,120.611957318487,0.252004460058827,0.427033012317866
"PWY_440","fixed",NA,"hd_exposurehigh_exposure",-0.116937967372087,0.19384734345202,-0.60324771693882,116.936302915303,0.547512197143232,0.678524882451271
"PWY_441","fixed",NA,"(Intercept)",-6.06386851631215,0.134320458991713,-45.1447870401208,132.710730624158,2.07603407505959e-82,7.73945503182214e-82
"PWY_441","fixed",NA,"hd_exposurelow_exposure",-0.235984658791773,0.203080399334541,-1.16202577681083,119.899951653884,0.247532872081374,0.423665020904402
"PWY_441","fixed",NA,"hd_exposurehigh_exposure",-0.167365427140769,0.200546730832361,-0.8345457761696,116.230813963586,0.405685495838831,0.556573428049741
"PWY_442","fixed",NA,"(Intercept)",-6.5103486634995,0.0730425112201926,-89.1309533960781,131.850261313283,1.06698441804416e-119,9.68600140536194e-119
"PWY_442","fixed",NA,"hd_exposurelow_exposure",0.00977207670736335,0.110788224923319,0.0882050119868515,120.887844076308,0.929859686099224,0.953038006720465
"PWY_442","fixed",NA,"hd_exposurehigh_exposure",0.0420791922724041,0.10952175338196,0.384208533675058,117.237488681175,0.701519872855651,0.795567865980405
"PWY_443","fixed",NA,"(Intercept)",-3.35355639653886,0.0156866428950934,-213.784199651017,131.160180766304,1.11386354976312e-168,4.86619138302762e-167
"PWY_443","fixed",NA,"hd_exposurelow_exposure",-0.0134099312439002,0.0236427807452608,-0.567189256982316,116.501598379902,0.571676880637302,0.697995003607815
"PWY_443","fixed",NA,"hd_exposurehigh_exposure",-0.00983827072826473,0.0233270178655758,-0.421754327319451,112.925121628954,0.674006137466544,0.780017036571382
"PWY_445","fixed",NA,"(Intercept)",-4.86012490576227,0.1182407283751,-41.1036448485355,127.215760264893,2.58959658323566e-75,8.24659686415365e-75
"PWY_445","fixed",NA,"hd_exposurelow_exposure",-0.290737019857726,0.179607339210089,-1.61873685750473,117.094239136337,0.108194356635683,0.253784749289739
"PWY_445","fixed",NA,"hd_exposurehigh_exposure",-0.216866796162889,0.177649550589544,-1.22075623294964,113.506731219811,0.224708186802135,0.406919747602831
"PWY_446","fixed",NA,"(Intercept)",-6.48909492829422,0.112937093540496,-57.4576051575775,135.907728390173,3.20501504799497e-97,1.65336200630884e-96
"PWY_446","fixed",NA,"hd_exposurelow_exposure",-0.154948864598409,0.17099381273915,-0.906166498753857,123.935320392193,0.366606103534224,0.526196440185672
"PWY_446","fixed",NA,"hd_exposurehigh_exposure",-0.0778458662932277,0.168936601169334,-0.460799292482502,120.251594462894,0.645774893923897,0.758649833366057
"PWY_447","fixed",NA,"(Intercept)",-6.39523809058069,0.121892940847729,-52.466025071704,133.948817285212,3.47233043479824e-91,1.56087393821477e-90
"PWY_447","fixed",NA,"hd_exposurelow_exposure",-0.200375915702846,0.184567412226863,-1.08565165044711,122.011171885223,0.279773481066377,0.452330650690746
"PWY_447","fixed",NA,"hd_exposurehigh_exposure",-0.121832701681023,0.182351393541413,-0.668120486029377,118.332190868155,0.505357779368295,0.646969025235235
"PWY_448","fixed",NA,"(Intercept)",-4.83749631105737,0.091255567348596,-53.0104239292946,122.554424887567,2.33807735374624e-86,9.52953976833016e-86
"PWY_448","fixed",NA,"hd_exposurelow_exposure",-0.195463105764147,0.138062835121676,-1.41575468584203,110.207520396707,0.159667246293883,0.33593194541966
"PWY_448","fixed",NA,"hd_exposurehigh_exposure",-0.119557866633433,0.136368847004094,-0.87672418781867,106.591485041228,0.382608096375591,0.536495605549725
"PWY_450","fixed",NA,"(Intercept)",-5.13043975190843,0.10937760624725,-46.9057600356601,127.732745040335,2.21966400953151e-82,8.18757331220332e-82
"PWY_450","fixed",NA,"hd_exposurelow_exposure",-0.181257344456396,0.166093228009314,-1.09129882433396,117.436563214103,0.277375337128877,0.452330650690746
"PWY_450","fixed",NA,"hd_exposurehigh_exposure",-0.0779018934488934,0.164263865969589,-0.474248508575316,113.835479590562,0.636231138052126,0.749958795106975
"PWY_451","fixed",NA,"(Intercept)",-3.26442921509074,0.0147369636352175,-221.513012849512,128.401040469241,9.86272856917686e-168,3.93945558277407e-166
"PWY_451","fixed",NA,"hd_exposurelow_exposure",0.0127815486784152,0.0222300257176583,0.574967786396317,114.258405154791,0.566443546764721,0.692815466646614
"PWY_451","fixed",NA,"hd_exposurehigh_exposure",0.0236135327798505,0.0219380780991293,1.07637198997791,110.664829642769,0.284101872575699,0.453587891188581
"PWY_452","fixed",NA,"(Intercept)",-3.26595368861205,0.01616495033061,-202.03920345042,130.818388295547,4.06249096557771e-165,1.3852103341165e-163
"PWY_452","fixed",NA,"hd_exposurelow_exposure",-0.0272585363817291,0.0243289017718243,-1.12041787325138,115.300597614511,0.264864063524276,0.440809477151117
"PWY_452","fixed",NA,"hd_exposurehigh_exposure",-0.00610234871761099,0.0239952446254879,-0.254314920012486,111.796053126144,0.799719453529333,0.858025937094403
"PWY_453","fixed",NA,"(Intercept)",-5.42236878940273,0.103430127334519,-52.4254289261913,122.707795842565,7.26681333439762e-86,2.92766715893022e-85
"PWY_453","fixed",NA,"hd_exposurelow_exposure",-0.050336391714889,0.158199580592854,-0.318182839210149,116.359528888116,0.750916601476292,0.829211223431166
"PWY_453","fixed",NA,"hd_exposurehigh_exposure",0.157706964165564,0.156944846863693,1.004855956198,113.352799330977,0.317106471956113,0.481863964994181
"PWY_454","fixed",NA,"(Intercept)",-3.99006206794754,0.0500257167042549,-79.760217960219,119.148211627329,2.97492947457951e-105,1.88187846401003e-104
"PWY_454","fixed",NA,"hd_exposurelow_exposure",-0.0664730983588963,0.0765935488671634,-0.86786810824213,113.351961453575,0.387300190652491,0.538751906997196
"PWY_454","fixed",NA,"hd_exposurehigh_exposure",-0.112291283345634,0.0760248825334697,-1.47703330282949,110.498130146015,0.142511150348708,0.311297794042959
"PWY_455","fixed",NA,"(Intercept)",-6.47856433894859,0.0347186379326003,-186.601915418615,132.410484030472,3.31990638442312e-162,9.28245825084705e-161
"PWY_455","fixed",NA,"hd_exposurelow_exposure",-0.104084560487786,0.0525248682341064,-1.98162439977717,119.970805045657,0.049807974197941,0.133575924227046
"PWY_455","fixed",NA,"hd_exposurehigh_exposure",-0.0132344793883531,0.0518798335160687,-0.255098725100071,116.297276634927,0.79909743012435,0.858017056308634
"PWY_456","fixed",NA,"(Intercept)",-5.55259418810017,0.105041099296145,-52.8611583971108,132.003553970769,1.07116358639536e-90,4.73888194234401e-90
"PWY_456","fixed",NA,"hd_exposurelow_exposure",-0.133116761455402,0.159175527889719,-0.836289115671279,120.514069086765,0.404647404534488,0.556125406815414
"PWY_456","fixed",NA,"hd_exposurehigh_exposure",-0.152803903121338,0.157305570984054,-0.971382654571256,116.847367110825,0.333364289541204,0.497909483737825
"PWY_457","fixed",NA,"(Intercept)",-3.95122173260455,0.062541007574795,-63.1780952342212,126.690617445132,1.20469961185772e-97,6.28421663200409e-97
"PWY_457","fixed",NA,"hd_exposurelow_exposure",-0.144377791726354,0.0956187133877798,-1.50993238259579,120.108596457036,0.133686979487234,0.298077188713163
"PWY_457","fixed",NA,"hd_exposurehigh_exposure",-0.167411958022111,0.0948410294075391,-1.76518495284071,117.035719816276,0.0801409156509107,0.200066071571381
"PWY_458","fixed",NA,"(Intercept)",-6.04661963905421,0.112276604876128,-53.8546711999822,133.489979409581,2.02182539357795e-92,9.35931092788734e-92
"PWY_458","fixed",NA,"hd_exposurelow_exposure",-0.205119823830562,0.169784913008579,-1.20811572828145,120.793136549234,0.22936266254685,0.411616177458918
"PWY_458","fixed",NA,"hd_exposurehigh_exposure",-0.219207388948452,0.167676632389067,-1.30732222984904,117.119209015065,0.193664009762011,0.376003842551066
"PWY_462","fixed",NA,"(Intercept)",-4.79961359427552,0.0770577365999346,-62.2859404655754,128.293868002661,9.40350825168183e-98,4.96079416447215e-97
"PWY_462","fixed",NA,"hd_exposurelow_exposure",-0.129644057153035,0.117085559724387,-1.10725914842283,118.33542406236,0.270427563964908,0.446876754637047
"PWY_462","fixed",NA,"hd_exposurehigh_exposure",-0.11222740822443,0.115822424637405,-0.968960963956427,114.754937026536,0.334602470553501,0.498693234364386
"PWY_467","fixed",NA,"(Intercept)",-3.46356388218239,0.0207880395712901,-166.613300417507,110.231351068778,2.7974095848799e-134,3.52322396365954e-133
"PWY_467","fixed",NA,"hd_exposurelow_exposure",0.0403396094230019,0.0313147058447582,1.2882001709671,95.7459733181361,0.200780760473955,0.383982904435826
"PWY_467","fixed",NA,"hd_exposurehigh_exposure",-0.00916838228682335,0.0308921495428081,-0.296786802553784,92.3934855602618,0.767295446647312,0.835621481731547
"PWY_468","fixed",NA,"(Intercept)",-3.98691856895649,0.0464360043493983,-85.8583468757934,128.31988030417,3.1263792209437e-115,2.63293864510801e-114
"PWY_468","fixed",NA,"hd_exposurelow_exposure",-0.120822428805405,0.0709146274709292,-1.70377301713861,121.125530213993,0.0909877341448056,0.220452083768524
"PWY_468","fixed",NA,"hd_exposurehigh_exposure",-0.144016954183366,0.0702995473123386,-2.0486185144764,117.916556905496,0.0427191956053627,0.117793758296444
"PWY_469","fixed",NA,"(Intercept)",-6.79763354512303,0.0845100624466066,-80.435788926529,151.424517566595,3.90134127446315e-126,3.95222833456485e-125
"PWY_469","fixed",NA,"hd_exposurelow_exposure",0.0370904794220503,0.124697901377534,0.297442691595552,123.023296748895,0.766630232548306,0.835621481731547
"PWY_469","fixed",NA,"hd_exposurehigh_exposure",-0.0503183982795234,0.122658735952281,-0.410230856276713,122.015915567608,0.682356029505888,0.782408186946553
"PWY_470","fixed",NA,"(Intercept)",-6.79763354512303,0.0845100624466066,-80.435788926529,151.424517566595,3.90134127446315e-126,3.95222833456485e-125
"PWY_470","fixed",NA,"hd_exposurelow_exposure",0.0370904794220503,0.124697901377534,0.297442691595552,123.023296748895,0.766630232548306,0.835621481731547
"PWY_470","fixed",NA,"hd_exposurehigh_exposure",-0.0503183982795234,0.122658735952281,-0.410230856276713,122.015915567608,0.682356029505888,0.782408186946553
"PWY_471","fixed",NA,"(Intercept)",-5.90345494606024,0.109850194625944,-53.7409602792456,125.588784386414,1.56766139765548e-88,6.64118373915868e-88
"PWY_471","fixed",NA,"hd_exposurelow_exposure",-0.160530722225853,0.16720495019652,-0.960083550380401,116.613606401644,0.338999599907612,0.502300871532547
"PWY_471","fixed",NA,"hd_exposurehigh_exposure",-0.196484491904437,0.165515734523493,-1.18710461256206,113.136571968789,0.237672924149452,0.421548564584628
"PWY_472","fixed",NA,"(Intercept)",-4.64711730797141,0.0959658255597808,-48.4247103681356,126.308068595412,1.99036076881077e-83,7.60252555955589e-83
"PWY_472","fixed",NA,"hd_exposurelow_exposure",-0.155897860082204,0.145589951993616,-1.07080095808425,115.490101710662,0.286491648105764,0.454767138810758
"PWY_472","fixed",NA,"hd_exposurehigh_exposure",-0.123352965823719,0.143937056940292,-0.856992413530369,111.869286844072,0.393281210008294,0.545093522854525
"PWY_473","fixed",NA,"(Intercept)",-6.63781722243445,0.0618878767336785,-107.255533276717,137.585741682227,1.74184472014758e-134,2.2340357052902e-133
"PWY_473","fixed",NA,"hd_exposurelow_exposure",0.0415259427616211,0.091713018716591,0.452781331840613,112.000926799435,0.651582077724276,0.762907658842997
"PWY_473","fixed",NA,"hd_exposurehigh_exposure",-0.0035595571517634,0.0902358903693209,-0.0394472436321591,110.239996443748,0.968605164578707,0.979615838562401
"PWY_474","fixed",NA,"(Intercept)",-3.47893940076767,0.0206554261058876,-168.427384791449,127.412093881863,1.47298230127077e-151,3.26861786853419e-150
"PWY_474","fixed",NA,"hd_exposurelow_exposure",-0.0500114938878701,0.0313895619957267,-1.5932523650594,117.539349043205,0.113789281848265,0.263304175225068
"PWY_474","fixed",NA,"hd_exposurehigh_exposure",-0.0341184330269336,0.0310526768133639,-1.09872759865424,113.969039084893,0.274202579968694,0.45045265193447
"PWY_475","fixed",NA,"(Intercept)",-6.63354381154669,0.0781504499691946,-84.8817097554973,133.245206420236,7.1961246215928e-118,6.28761388811671e-117
"PWY_475","fixed",NA,"hd_exposurelow_exposure",0.0491564357262252,0.118009719506027,0.416545653459626,119.704283385193,0.677756726637647,0.782408186946553
"PWY_475","fixed",NA,"hd_exposurehigh_exposure",0.00375984965070031,0.116494279684844,0.0322749723065541,116.055578624193,0.9743082091968,0.983453340402257
"PWY_476","fixed",NA,"(Intercept)",-4.10898753483642,0.0558415703349608,-73.5829510199842,125.246376244467,6.26312876243826e-105,3.90886339727174e-104
"PWY_476","fixed",NA,"hd_exposurelow_exposure",-0.0798298514518318,0.0850688702359698,-0.938414383903234,116.732653617381,0.34996911332383,0.512482348437947
"PWY_476","fixed",NA,"hd_exposurehigh_exposure",-0.0920838955420541,0.0842389037878687,-1.09312789461198,113.31405118933,0.276656124588484,0.452330650690746
"PWY_477","fixed",NA,"(Intercept)",-4.51138198904391,0.0742607609415375,-60.7505489015328,122.358718220657,3.05382932800315e-93,1.44720454255878e-92
"PWY_477","fixed",NA,"hd_exposurelow_exposure",0.132106227250142,0.111810034309736,1.18152389511107,107.196294653591,0.24000923838654,0.421548564584628
"PWY_477","fixed",NA,"hd_exposurehigh_exposure",0.0146695228019124,0.110287533216311,0.133011614042908,103.731389215079,0.894441885542134,0.926012532880629
"PWY_478","fixed",NA,"(Intercept)",-6.30099483166805,0.121229797754623,-51.9756276787797,134.284553087021,8.09130408108724e-91,3.59099781122539e-90
"PWY_478","fixed",NA,"hd_exposurelow_exposure",-0.273488196032929,0.183290440074315,-1.49210289375727,121.482749180906,0.138264541965075,0.304399731759331
"PWY_478","fixed",NA,"hd_exposurehigh_exposure",-0.251829430954023,0.181004261743554,-1.39129006426829,117.808269055976,0.166759298759278,0.344356720333044
"PWY_479","fixed",NA,"(Intercept)",-4.42192428875365,0.0643572154925614,-68.7090678941005,126.262806254656,6.95572641892401e-102,4.00168952002295e-101
"PWY_479","fixed",NA,"hd_exposurelow_exposure",-0.0762684473783664,0.0973808330777187,-0.783197729654842,113.94909930699,0.435135781031197,0.584922905655398
"PWY_479","fixed",NA,"hd_exposurehigh_exposure",-0.0281375808933629,0.0961901328556103,-0.292520449426968,110.305506955779,0.770438247955882,0.836886301975387
"PWY_480","fixed",NA,"(Intercept)",-4.12211384814453,0.0602052231364958,-68.4677114940505,117.002187576411,3.03108003798064e-96,1.51337496182033e-95
"PWY_480","fixed",NA,"hd_exposurelow_exposure",-0.0785618544524859,0.092110236037111,-0.852911227160827,110.834768738754,0.395547944078402,0.546959471633636
"PWY_480","fixed",NA,"hd_exposurehigh_exposure",-0.121125449354942,0.0913917418661133,-1.32534348160678,107.891915904977,0.187856952960122,0.368446504687922
"PWY_481","fixed",NA,"(Intercept)",-5.20197349672324,0.112560667507132,-46.2148422884366,130.938439080317,6.05863240417241e-83,2.27076892789089e-82
"PWY_481","fixed",NA,"hd_exposurelow_exposure",-0.236587119005245,0.17076783899575,-1.38543135754697,120.108878160605,0.168488047971085,0.34487011868752
"PWY_481","fixed",NA,"hd_exposurehigh_exposure",-0.14624426179946,0.168829739202865,-0.86622334720149,116.467085526146,0.388148657395149,0.5393954503364
"PWY_482","fixed",NA,"(Intercept)",-3.57496683653255,0.0257736051475359,-138.706510636302,133.230816870313,6.00820917209444e-146,1.13506438143081e-144
"PWY_482","fixed",NA,"hd_exposurelow_exposure",0.060117997595571,0.0378273937189461,1.5892714693019,100.85333302879,0.115129196743762,0.264721409618058
"PWY_482","fixed",NA,"hd_exposurehigh_exposure",-0.01219967842817,0.0372053236671838,-0.327901419089936,100.952681903828,0.743665275758341,0.82380670008729
"PWY_483","fixed",NA,"(Intercept)",-4.45644638080097,0.0826451608686795,-53.922653594711,123.865591566978,7.19181810769388e-88,3.01926778214896e-87
"PWY_483","fixed",NA,"hd_exposurelow_exposure",-0.151386811701382,0.125953124198902,-1.20192978669045,115.583607073975,0.231847507547442,0.415542071219646
"PWY_483","fixed",NA,"hd_exposurehigh_exposure",-0.0941329857715906,0.124746156622187,-0.754596280322182,112.202802682633,0.452072144053494,0.598481872525364
"PWY_484","fixed",NA,"(Intercept)",-4.43108493632772,0.0783774688315414,-56.5351880124064,126.62707770131,1.04034288576411e-91,4.75293906633408e-91
"PWY_484","fixed",NA,"hd_exposurelow_exposure",-0.0692889788960864,0.119419117637964,-0.580216805035736,118.194380543729,0.562872934698015,0.689655006755324
"PWY_484","fixed",NA,"hd_exposurehigh_exposure",-0.117349090202928,0.118262064439817,-0.992280075261548,114.781582846335,0.323148141621109,0.487862961108326
"PWY_485","fixed",NA,"(Intercept)",-3.3814249181347,0.0191098401570884,-176.946792350874,128.668302077093,1.65049361325167e-155,3.91083062936581e-154
"PWY_485","fixed",NA,"hd_exposurelow_exposure",-0.00774840493129598,0.0289516459583705,-0.267632622422829,117.052767483063,0.789453130844507,0.85027386511604
"PWY_485","fixed",NA,"hd_exposurehigh_exposure",-0.0359259892679823,0.0286092831751486,-1.25574587269594,113.3975986051,0.211789373541743,0.394572615542513
"PWY_486","fixed",NA,"(Intercept)",-5.56733605384861,0.134601390590908,-41.3616533187933,131.014828858876,4.57934463910552e-77,1.50279901536843e-76
"PWY_486","fixed",NA,"hd_exposurelow_exposure",-0.112397492162769,0.203913303518756,-0.551202350328412,119.365835046411,0.582525261877723,0.704915770123086
"PWY_486","fixed",NA,"hd_exposurehigh_exposure",-0.163770977429886,0.20149881380662,-0.812763977792237,115.699840516538,0.418022658193905,0.566824128181454
"PWY_487","fixed",NA,"(Intercept)",-5.41096300976346,0.129025573717298,-41.9371358240901,128.171222895575,1.03034914641759e-76,3.34983280625996e-76
"PWY_487","fixed",NA,"hd_exposurelow_exposure",-0.162674202291816,0.196153680474765,-0.829320163139858,118.513055503057,0.408590531925665,0.558320151804987
"PWY_487","fixed",NA,"hd_exposurehigh_exposure",-0.21796562583025,0.194077774041678,-1.12308391265577,114.957266300165,0.26374187876047,0.4394650137153
"PWY_488","fixed",NA,"(Intercept)",-5.03643094573461,0.114779605713588,-43.8791448569892,125.351036068394,6.18235568079689e-78,2.04808844591328e-77
"PWY_488","fixed",NA,"hd_exposurelow_exposure",-0.182985511209192,0.17527683066821,-1.04398003153978,118.138024285778,0.29862616683917,0.466457409208
"PWY_488","fixed",NA,"hd_exposurehigh_exposure",-0.193597783392543,0.17375261397128,-1.11421508412266,114.933425209534,0.267511537221706,0.44279023788467
"PWY_489","fixed",NA,"(Intercept)",-4.24651876633713,0.0856322014245095,-49.590209006605,124.907199933277,4.91855860871805e-84,1.89948755110161e-83
"PWY_489","fixed",NA,"hd_exposurelow_exposure",-0.0764731461862293,0.130645450795399,-0.585348710733082,117.198808266125,0.55943865098887,0.687254160002145
"PWY_489","fixed",NA,"hd_exposurehigh_exposure",-0.0701857797138865,0.129454512340463,-0.542165571867431,113.904308655255,0.588763557485931,0.709561597728735
"PWY_490","fixed",NA,"(Intercept)",-4.18818579434522,0.0582865231300223,-71.8551316743058,125.123334225879,1.36058464278982e-103,8.02572713341841e-103
"PWY_490","fixed",NA,"hd_exposurelow_exposure",-0.0774986645366128,0.0888465046704366,-0.872275896773689,116.934791513602,0.384845423087525,0.537476425051309
"PWY_490","fixed",NA,"hd_exposurehigh_exposure",-0.123329700319202,0.0880021790698509,-1.40143916460648,113.562593621436,0.16380984823301,0.339268396784811
"PWY_491","fixed",NA,"(Intercept)",-6.28404628331811,0.136773004531183,-45.9450774285317,132.725664515858,2.28444314932347e-83,8.67840087704947e-83
"PWY_491","fixed",NA,"hd_exposurelow_exposure",-0.242552639215585,0.206764160274626,-1.17308840610202,119.846228625924,0.243086615603875,0.421666265123957
"PWY_491","fixed",NA,"hd_exposurehigh_exposure",-0.169859740417662,0.20417720449088,-0.831923136773324,116.178497007686,0.407159045883226,0.558047398181127
"PWY_492","fixed",NA,"(Intercept)",-3.28818479925316,0.0170977880406185,-192.316385689281,122.972027167682,2.46589182746228e-154,5.56018834643913e-153
"PWY_492","fixed",NA,"hd_exposurelow_exposure",-0.022586387098699,0.0256472673635126,-0.880654721556489,105.5439772545,0.380505687357688,0.535696828727137
"PWY_492","fixed",NA,"hd_exposurehigh_exposure",0.00404364573855829,0.0252766013475294,0.159975848135673,102.330239107714,0.873215455610471,0.911691715417056
"PWY_493","fixed",NA,"(Intercept)",-3.76220204433295,0.0395706631568194,-95.0755368800178,114.749641930217,5.68415263514852e-111,4.31872031735741e-110
"PWY_493","fixed",NA,"hd_exposurelow_exposure",0.0464627022016217,0.0600700123760528,0.773475822025038,104.443280092529,0.440987972912663,0.5899532881645
"PWY_493","fixed",NA,"hd_exposurehigh_exposure",-0.0157410994541526,0.0594013732669501,-0.264995547887622,100.930797567122,0.791553330631085,0.85122427401712
"PWY_494","fixed",NA,"(Intercept)",-4.75494487705426,0.112517078309264,-42.25976134916,126.886440201643,1.2946990749209e-76,4.19951115252764e-76
"PWY_494","fixed",NA,"hd_exposurelow_exposure",-0.117478276792411,0.171424504785962,-0.685306204845644,118.417403602639,0.494490059286332,0.637140186988288
"PWY_494","fixed",NA,"hd_exposurehigh_exposure",-0.161754168630174,0.16975888512527,-0.952846553573973,114.998684380663,0.342666316920954,0.505324378750521
"PWY_495","fixed",NA,"(Intercept)",-4.89238389496833,0.119587688616347,-40.9104310951584,133.019734211634,3.17764586573652e-77,1.04525856948227e-76
"PWY_495","fixed",NA,"hd_exposurelow_exposure",-0.240776990079073,0.181902288204437,-1.32366113948203,123.656341943284,0.188057521321563,0.368446504687922
"PWY_495","fixed",NA,"hd_exposurehigh_exposure",-0.274986821062226,0.180014930681009,-1.52757785158116,120.113771655522,0.129246495032715,0.290922969849481
"PWY_496","fixed",NA,"(Intercept)",-6.22656771234181,0.129670529402837,-48.018371954033,132.660409474762,9.68113789501766e-86,3.88914677506744e-85
"PWY_496","fixed",NA,"hd_exposurelow_exposure",-0.260798164976026,0.196421486812007,-1.32774763702728,120.947468295701,0.186761973886974,0.368446504687922
"PWY_496","fixed",NA,"hd_exposurehigh_exposure",-0.107010238145878,0.194088478089767,-0.551347711101043,117.27468698223,0.582444297458016,0.704915770123086
"PWY_497","fixed",NA,"(Intercept)",-5.41828858896451,0.127808038483011,-42.3939577922929,133.062227044513,3.7469122045048e-79,1.28072940388697e-78
"PWY_497","fixed",NA,"hd_exposurelow_exposure",-0.289281153065673,0.193167834573054,-1.4975637828371,120.050471864625,0.136871337938859,0.3032426789834
"PWY_497","fixed",NA,"hd_exposurehigh_exposure",-0.285272144945568,0.190737900920644,-1.49562380401918,116.384711393738,0.137458433307145,0.303286074972062
"PWY_498","fixed",NA,"(Intercept)",-6.1566393365949,0.144103138982635,-42.7238391894905,131.308127926326,6.76520598570214e-79,2.29557232233291e-78
"PWY_498","fixed",NA,"hd_exposurelow_exposure",-0.208847546520065,0.218408889764977,-0.956222737750277,119.923988041676,0.340883365448623,0.503757869870164
"PWY_498","fixed",NA,"hd_exposurehigh_exposure",-0.163298441323975,0.215856608548192,-0.756513513402659,116.26212295897,0.450871637215179,0.597458340120208
"PWY_499","fixed",NA,"(Intercept)",-4.56337199517009,0.0924006204364177,-49.3868111882454,128.63401227272,1.71108013659309e-85,6.8150713132682e-85
"PWY_499","fixed",NA,"hd_exposurelow_exposure",-0.137948296206298,0.140224818250809,-0.983765198822086,117.979592230482,0.327244133055299,0.491454926235172
"PWY_499","fixed",NA,"hd_exposurehigh_exposure",-0.147131053917506,0.138648347952479,-1.06118144276724,114.354893410133,0.2908435072446,0.456340317764254
"PWY_500","fixed",NA,"(Intercept)",-3.7330537543162,0.0670094526165953,-55.7093605237372,127.455890000305,2.42401049432192e-91,1.09668824306215e-90
"PWY_500","fixed",NA,"hd_exposurelow_exposure",-0.197162748230569,0.10237423763229,-1.92590199244015,120.476499649471,0.0564728118256041,0.148960360249424
"PWY_500","fixed",NA,"hd_exposurehigh_exposure",-0.201331762956169,0.101505340733941,-1.98345980123239,117.313786041162,0.0496519329715532,0.133487312104291
"PWY_501","fixed",NA,"(Intercept)",-3.87282507534098,0.061492784651245,-62.9801544572363,129.703830795901,4.08018651273925e-99,2.2457089546494e-98
"PWY_501","fixed",NA,"hd_exposurelow_exposure",-0.257492836395137,0.0931540137439604,-2.76416255238204,118.033085990505,0.00662345096738561,0.019576288482886
"PWY_501","fixed",NA,"hd_exposurehigh_exposure",-0.198139301676256,0.0920496767828234,-2.15252577305333,114.372265796647,0.0334572212881188,0.093733858438457
"PWY_504","fixed",NA,"(Intercept)",-6.72883843174743,0.0351687486953958,-191.330049585425,167.884817026594,2.08461989031443e-198,4.85716434443262e-196
"PWY_504","fixed",NA,"hd_exposurelow_exposure",-0.047940552011943,0.0517900856690389,-0.92567045203022,139.280287643623,0.356218381865799,0.51874301859207
"PWY_504","fixed",NA,"hd_exposurehigh_exposure",0.0186964255707302,0.0509400300762202,0.367028161207507,138.672598446357,0.714157488937219,0.805804818026015
"PWY_505","fixed",NA,"(Intercept)",-4.76162270733196,0.080706540787824,-58.999216926546,128.034947115635,1.0629649875686e-94,5.15980921048924e-94
"PWY_505","fixed",NA,"hd_exposurelow_exposure",-0.0215105167025206,0.122075354262603,-0.176206875109681,115.498182775199,0.860440007823638,0.901045041900708
"PWY_505","fixed",NA,"hd_exposurehigh_exposure",0.0514196438215267,0.12056895431038,0.426474991971461,111.846393971225,0.670581478377448,0.777985814748276
"PWY_507","fixed",NA,"(Intercept)",-4.71233114898351,0.0886414839368328,-53.1616906632743,126.811609867648,1.50225067127631e-88,6.3834238250586e-88
"PWY_507","fixed",NA,"hd_exposurelow_exposure",-0.156967171221999,0.133757464395961,-1.17352083437624,112.887179439117,0.24305704077531,0.421666265123957
"PWY_507","fixed",NA,"hd_exposurehigh_exposure",-0.201667842504297,0.132013392279796,-1.52763169722108,109.292228763331,0.129493000309769,0.290922969849481
"PWY_508","fixed",NA,"(Intercept)",-6.56838058323046,0.0692297668774798,-94.87798210927,141.012854158483,1.21542671523983e-129,1.4278710486599e-128
"PWY_508","fixed",NA,"hd_exposurelow_exposure",0.168819867773627,0.102896339144608,1.64067904822515,117.461746257532,0.103539226576924,0.245335319922949
"PWY_508","fixed",NA,"hd_exposurehigh_exposure",0.0135672375365139,0.101266365151644,0.133975753116025,115.22391703009,0.893655475299081,0.926012532880629
"PWY_509","fixed",NA,"(Intercept)",-3.7940774219864,0.0288640773759405,-131.446343237319,109.738010876683,1.50096892783867e-122,1.44152120005433e-121
"PWY_509","fixed",NA,"hd_exposurelow_exposure",0.0474194515000557,0.0435362572555325,1.08919448958901,96.0033900525907,0.278794691453437,0.452330650690746
"PWY_509","fixed",NA,"hd_exposurehigh_exposure",0.0284605798443849,0.0429634475441341,0.662437059203615,92.6006693395395,0.509336548579436,0.64907943880108
"PWY_510","fixed",NA,"(Intercept)",-3.79407851630401,0.0288635004490146,-131.449008515305,109.735465766862,1.50545132480639e-122,1.44152120005433e-121
"PWY_510","fixed",NA,"hd_exposurelow_exposure",0.0474182326663977,0.0435354033013185,1.08918785794185,96.0011591874256,0.278797663563033,0.452330650690746
"PWY_510","fixed",NA,"hd_exposurehigh_exposure",0.028449223763283,0.0429626092142683,0.662185660591459,92.5984591805888,0.509496940405461,0.64907943880108
"PWY_511","fixed",NA,"(Intercept)",-4.73685749419474,0.102430284728441,-46.244697129886,125.497166632037,1.08560349581154e-80,3.8132504702124e-80
"PWY_511","fixed",NA,"hd_exposurelow_exposure",-0.0511749185450438,0.156125908589244,-0.327779796495412,117.274782214865,0.743662603042724,0.82380670008729
"PWY_511","fixed",NA,"hd_exposurehigh_exposure",-0.0309941615403297,0.154638266896002,-0.200430088635009,113.896164556961,0.841501683358804,0.888534254785203
"PWY_512","fixed",NA,"(Intercept)",-6.68993215960525,0.0275419698406013,-242.899552875961,153.302518451586,3.59592812336993e-200,1.00542150329423e-197
"PWY_512","fixed",NA,"hd_exposurelow_exposure",0.0189762994395127,0.0403577687162509,0.470201897754359,119.787101023973,0.639065731877153,0.752665453381853
"PWY_512","fixed",NA,"hd_exposurehigh_exposure",-0.02123860846027,0.0396947058837427,-0.535048893484016,120.255265001899,0.593604051542503,0.713421669289406
"PWY_514","fixed",NA,"(Intercept)",-6.46500600068034,0.0843656191465176,-76.6308131924282,142.110476756058,1.79462463341263e-117,1.55831381211854e-116
"PWY_514","fixed",NA,"hd_exposurelow_exposure",0.0195712361001667,0.126282527512759,0.154979762328477,123.239853183449,0.877090810173613,0.913698401070155
"PWY_514","fixed",NA,"hd_exposurehigh_exposure",0.147821531284139,0.124406637772396,1.18821257395108,120.118456106868,0.237093689888456,0.421548564584628
"PWY_515","fixed",NA,"(Intercept)",-7.42515679845023,0.101876144184048,-72.8841561282104,119.884296099747,3.89457159674994e-101,2.22229024173732e-100
"PWY_515","fixed",NA,"hd_exposurelow_exposure",-0.270761430613022,0.1551757279384,-1.74486973066114,111.337737593906,0.0837668079257346,0.207267252177304
"PWY_515","fixed",NA,"hd_exposurehigh_exposure",-0.30626835098024,0.153652545554718,-1.99325269799174,107.940540218808,0.0487568247518483,0.131586951743405
"PWY_516","fixed",NA,"(Intercept)",-5.18995811604076,0.144566915909544,-35.900040361158,133.627833806063,1.70689533595762e-70,5.17622490166758e-70
"PWY_516","fixed",NA,"hd_exposurelow_exposure",-0.512553004787419,0.21906677298511,-2.33971130264587,122.128391712735,0.0209216251834543,0.0605557598477621
"PWY_516","fixed",NA,"hd_exposurehigh_exposure",-0.30123049213315,0.216491628565804,-1.39141866190724,118.456519751475,0.16670609707712,0.344356720333044
"PWY_517","fixed",NA,"(Intercept)",-5.52110766738373,0.118675817651683,-46.5226006159769,128.33237901893,3.33156245596409e-82,1.22244732636163e-81
"PWY_517","fixed",NA,"hd_exposurelow_exposure",-0.0193314596942919,0.179742364818299,-0.107550936663341,116.549551526133,0.914536841441842,0.940781828061586
"PWY_517","fixed",NA,"hd_exposurehigh_exposure",-0.0170955355383982,0.177599362299906,-0.0962589916822424,112.894030910423,0.923485548617889,0.947894858272987
"PWY_518","fixed",NA,"(Intercept)",-4.40316324296744,0.0747527217543323,-58.9030491416489,127.989640339058,1.3722540506923e-94,6.61521090644081e-94
"PWY_518","fixed",NA,"hd_exposurelow_exposure",0.0461962152811051,0.112753235336587,0.409710773648329,113.809696166939,0.682788260425461,0.782408186946553
"PWY_518","fixed",NA,"hd_exposurehigh_exposure",0.00849841406787514,0.111270336051463,0.0763762775367601,110.221142415321,0.939258204914407,0.959855972566039
"PWY_519","fixed",NA,"(Intercept)",-4.30213798099397,0.077636823068038,-55.4136273353655,130.54753647672,1.41640816418456e-92,6.62253716899671e-92
"PWY_519","fixed",NA,"hd_exposurelow_exposure",-0.191631721855693,0.117158235244409,-1.63566582797975,116.627789955074,0.104605591791513,0.246790728393885
"PWY_519","fixed",NA,"hd_exposurehigh_exposure",-0.147900727493778,0.115632395632003,-1.27905961547721,113.008921118765,0.203496231988882,0.386656876107565
"PWY_520","fixed",NA,"(Intercept)",-3.32980032455543,0.0276836151581191,-120.280545208304,122.934255302305,2.24425833013035e-129,2.59295301282829e-128
"PWY_520","fixed",NA,"hd_exposurelow_exposure",-0.0186030418521474,0.0422257056580789,-0.440562012220348,115.109632743637,0.660356352335389,0.769051598555237
"PWY_520","fixed",NA,"hd_exposurehigh_exposure",-0.078910003217007,0.0418363488624865,-1.88615893505381,111.803086109917,0.0618682575816802,0.159579011253116
"PWY_521","fixed",NA,"(Intercept)",-5.95645804686632,0.0988233455190599,-60.2737947757244,147.15636081709,1.26178248221868e-105,8.16653662102646e-105
"PWY_521","fixed",NA,"hd_exposurelow_exposure",-0.242694106909645,0.147139695229753,-1.64941286938707,124.912566053248,0.101575694677378,0.241501396528868
"PWY_521","fixed",NA,"hd_exposurehigh_exposure",-0.063735245658096,0.144837899208088,-0.440045361100743,122.412403958773,0.660680235954821,0.769051598555237
"PWY_522","fixed",NA,"(Intercept)",-4.68303252747627,0.0843328616775621,-55.5303405377296,125.388914118539,3.79899150488419e-90,1.67012268044909e-89
"PWY_522","fixed",NA,"hd_exposurelow_exposure",-0.11581026789054,0.127131312785501,-0.910949988268721,110.90308754491,0.364297461435734,0.524498301840532
"PWY_522","fixed",NA,"hd_exposurehigh_exposure",-0.164655528936109,0.125440079071431,-1.3126229683126,107.354645643177,0.192109296371113,0.373997292597082
"PWY_523","fixed",NA,"(Intercept)",-3.42136691889135,0.0135370256544008,-252.741407620741,132.192225639141,2.3439068198178e-179,2.18452115607019e-177
"PWY_523","fixed",NA,"hd_exposurelow_exposure",-0.033462696114096,0.020249474291865,-1.652521721393,112.860323222027,0.101207642800461,0.241447584701441
"PWY_523","fixed",NA,"hd_exposurehigh_exposure",-0.00807722833371796,0.0199463515859779,-0.404947656662994,109.842986457242,0.686303529424582,0.783866286058469
"PWY_524","fixed",NA,"(Intercept)",-3.75256259449037,0.0682188642098018,-55.0076967413245,124.450703483952,3.4512105976482e-89,1.48455151246529e-88
"PWY_524","fixed",NA,"hd_exposurelow_exposure",-0.190500284935957,0.104450673908527,-1.82383011815499,118.63632027508,0.0706948664043466,0.179169329841727
"PWY_524","fixed",NA,"hd_exposurehigh_exposure",-0.199849282835995,0.103676149557742,-1.92763025718552,115.763165097028,0.0563510775975193,0.148920239095146
"PWY_525","fixed",NA,"(Intercept)",-5.18839063416588,0.102343907582039,-50.6956472226437,133.061081776596,6.92487671340466e-89,2.96054362242805e-88
"PWY_525","fixed",NA,"hd_exposurelow_exposure",-0.15808178678364,0.154443901672065,-1.02355473458123,119.141292724029,0.308119415946026,0.475442542486252
"PWY_525","fixed",NA,"hd_exposurehigh_exposure",-0.196890927964121,0.152432827580855,-1.29165699468301,115.51074161168,0.199054499027621,0.382250260495349
"PWY_526","fixed",NA,"(Intercept)",-3.6215324655763,0.0337327075547189,-107.35967338826,127.66879937643,5.13593272360952e-127,5.43941965727735e-126
"PWY_526","fixed",NA,"hd_exposurelow_exposure",-0.127219607820871,0.0516809506878048,-2.46163443450145,122.17527801774,0.0152261847004856,0.0444388438648829
"PWY_526","fixed",NA,"hd_exposurehigh_exposure",-0.11944105797661,0.0513144419425066,-2.3276304575315,119.38762793064,0.0216155748837304,0.06243506960218
"PWY_527","fixed",NA,"(Intercept)",-3.51351762948251,0.0197278205231067,-178.099634745116,122.703872536695,5.55913088163767e-150,1.1775249958378e-148
"PWY_527","fixed",NA,"hd_exposurelow_exposure",0.0285950643588855,0.0296965936329491,0.962907217990099,107.405429189807,0.337756997455864,0.501948124131408
"PWY_527","fixed",NA,"hd_exposurehigh_exposure",-0.0479447862413971,0.029290642131221,-1.6368636107944,103.949141675073,0.104683048596262,0.246790728393885
"PWY_528","fixed",NA,"(Intercept)",-5.77129615764066,0.0944093355283122,-61.1305664354551,130.381920065702,7.53554017205523e-98,3.99041104565652e-97
"PWY_528","fixed",NA,"hd_exposurelow_exposure",-0.146237957103978,0.142351250826546,-1.02730363277361,115.971707140934,0.306415432620873,0.473859264163695
"PWY_528","fixed",NA,"hd_exposurehigh_exposure",-0.182221350166505,0.14046540329191,-1.29726855080336,112.382617567867,0.197195599116852,0.379723756977079
"PWY_529","fixed",NA,"(Intercept)",-4.1728268999745,0.069401461287561,-60.1259227480043,129.735409317452,1.32065388080197e-96,6.7137240922224e-96
"PWY_529","fixed",NA,"hd_exposurelow_exposure",-0.101922906728649,0.10454427985848,-0.974925714411345,114.757434648585,0.331647733138587,0.496779676390134
"PWY_529","fixed",NA,"hd_exposurehigh_exposure",-0.110474827378734,0.103133382221763,-1.07118398523172,111.213383058586,0.286405843420259,0.454767138810758
"PWY_530","fixed",NA,"(Intercept)",-3.47206645223502,0.0313858483572466,-110.625222320408,122.113113087484,2.66465362261903e-124,2.6419757194478e-123
"PWY_530","fixed",NA,"hd_exposurelow_exposure",-0.0825012006567659,0.0480749349274055,-1.7160959402513,116.521581074788,0.0888019986103937,0.216658279332165
"PWY_530","fixed",NA,"hd_exposurehigh_exposure",-0.0903315002901676,0.0477285684652125,-1.89260862403629,113.716682544956,0.06095241197056,0.157764284799822
"PWY_531","fixed",NA,"(Intercept)",-4.40987896211313,0.0895458472264525,-49.2471633102202,122.093919032245,2.10321734389579e-82,7.8199410818253e-82
"PWY_531","fixed",NA,"hd_exposurelow_exposure",-0.167929113076737,0.136095348221662,-1.23390781000999,112.321483432903,0.219812886146992,0.400649823772483
"PWY_531","fixed",NA,"hd_exposurehigh_exposure",-0.0481689572898518,0.134640287625866,-0.357760356422457,108.786393518408,0.721215850726529,0.810498198806823
"PWY_532","fixed",NA,"(Intercept)",-4.19294597361366,0.0766389406564726,-54.710385317148,122.299818353123,7.63245453537536e-88,3.19466210792058e-87
"PWY_532","fixed",NA,"hd_exposurelow_exposure",-0.161502905179721,0.116153124296914,-1.3904310035336,110.9583960758,0.167180680709065,0.344717686771789
"PWY_532","fixed",NA,"hd_exposurehigh_exposure",-0.055704425200044,0.114794383600573,-0.485253924912107,107.347233129453,0.628485097591864,0.742706818625043
"PWY_533","fixed",NA,"(Intercept)",-4.76753366926923,0.119238769267629,-39.9830835101005,127.098688455409,7.48847258543285e-74,2.33160015020827e-73
"PWY_533","fixed",NA,"hd_exposurelow_exposure",-0.210961224315835,0.181630680562888,-1.16148452267012,118.524850616046,0.247778637375977,0.423665020904402
"PWY_533","fixed",NA,"hd_exposurehigh_exposure",-0.202187060334306,0.179851386381147,-1.12418961233818,115.091274522943,0.263271859887946,0.439205322342898
"PWY_534","fixed",NA,"(Intercept)",-4.58654857518719,0.108522937782572,-42.263402271476,127.384688831122,8.2148031740733e-77,2.68324645732581e-76
"PWY_534","fixed",NA,"hd_exposurelow_exposure",-0.143383433351494,0.16479600701803,-0.870066186347624,117.092235460205,0.386044390765504,0.538075830797782
"PWY_534","fixed",NA,"hd_exposurehigh_exposure",-0.153440891740596,0.162981160210217,-0.941463979902246,113.492944442097,0.348466769781692,0.511182102995599
"PWY_535","fixed",NA,"(Intercept)",-3.55506279088503,0.0225223020586541,-157.846333009241,116.40530471324,1.28864928595444e-137,1.78369475422209e-136
"PWY_535","fixed",NA,"hd_exposurelow_exposure",-0.020245791752963,0.0342760954227011,-0.590667971461948,107.441331766429,0.55598336495566,0.68602360477318
"PWY_535","fixed",NA,"hd_exposurehigh_exposure",-0.0341949111035841,0.0339275919581795,-1.00787910753389,104.017566616662,0.315851334222496,0.481002358652559
"PWY_536","fixed",NA,"(Intercept)",-3.75638062187271,0.0316955710648179,-118.514369537336,131.348423510799,2.07843981621765e-135,2.71556903090867e-134
"PWY_536","fixed",NA,"hd_exposurelow_exposure",-0.0115541182445983,0.047837821016887,-0.241526850491782,117.518336355395,0.809567737356558,0.86593396849615
"PWY_536","fixed",NA,"hd_exposurehigh_exposure",-0.0473335733301518,0.0472168667036088,-1.00247171476404,113.890821143783,0.318240961141906,0.48253889769673
"PWY_537","fixed",NA,"(Intercept)",-5.51050435166451,0.120919296956453,-45.5717531474651,131.275442503493,2.48089134395078e-82,9.1270686811663e-82
"PWY_537","fixed",NA,"hd_exposurelow_exposure",-0.225780142590985,0.182877662538079,-1.23459661206011,118.652589540725,0.219420110388399,0.400649823772483
"PWY_537","fixed",NA,"hd_exposurehigh_exposure",-0.241772195549946,0.180613930725178,-1.33861322091387,114.985807133339,0.183337291980459,0.36562843678842
"PWY_538","fixed",NA,"(Intercept)",-3.42178485622783,0.0241761851010941,-141.535351500638,130.460114806509,1.12593258307283e-144,2.07112335675764e-143
"PWY_538","fixed",NA,"hd_exposurelow_exposure",-0.0242074359428534,0.0367688619268475,-0.658367832842219,121.017757289229,0.511552361847472,0.650136547147969
"PWY_538","fixed",NA,"hd_exposurehigh_exposure",-0.0705384789120785,0.0363853879568946,-1.93864853098845,117.47391063584,0.0549428826685308,0.146026901084802
"PWY_539","fixed",NA,"(Intercept)",-3.2340456121799,0.0128683319085293,-251.318168910171,136.126176743418,1.90700308439155e-183,2.4236275563449e-181
"PWY_539","fixed",NA,"hd_exposurelow_exposure",0.00429359111277583,0.0192508234177857,0.223034153895412,116.833680966126,0.823898398710293,0.878174097975393
"PWY_539","fixed",NA,"hd_exposurehigh_exposure",0.00476479678158238,0.0189629257379564,0.251269073529361,113.788442367728,0.802059289033961,0.859876446372299
"PWY_540","fixed",NA,"(Intercept)",-3.46587197607178,0.0171555465129143,-202.026322709262,131.137883947262,1.91628724123405e-165,7.04991990327685e-164
"PWY_540","fixed",NA,"hd_exposurelow_exposure",-0.0144215362228255,0.0257784907042503,-0.559440674331167,114.641609458515,0.576952353523433,0.702595287653101
"PWY_540","fixed",NA,"hd_exposurehigh_exposure",-0.0109946504002975,0.0254153771449728,-0.43259835719071,111.235243909861,0.666144136386796,0.774122612359718
"PWY_541","fixed",NA,"(Intercept)",-6.46054598831445,0.0370085951930685,-174.568798264585,129.326510165364,2.13849645519323e-155,4.90101318747563e-154
"PWY_541","fixed",NA,"hd_exposurelow_exposure",-0.123473200971107,0.0551848419628531,-2.2374477588288,107.999247222701,0.0273102010172349,0.0782370102911771
"PWY_541","fixed",NA,"hd_exposurehigh_exposure",-0.0160039196761946,0.0543321105525609,-0.294557297948372,105.366228956435,0.768911630771825,0.835877495971237
"PWY_542","fixed",NA,"(Intercept)",-6.08492749739919,0.107098598218786,-56.8161264349011,135.50801386721,2.17856286005389e-96,1.09162397073668e-95
"PWY_542","fixed",NA,"hd_exposurelow_exposure",-0.188791572245765,0.161944371637704,-1.1657803870339,122.78076845206,0.245962886849849,0.423665020904402
"PWY_542","fixed",NA,"hd_exposurehigh_exposure",-0.0747144280287807,0.159930292484289,-0.467168707492487,119.101781237998,0.641232725969954,0.754581945207066
"PWY_543","fixed",NA,"(Intercept)",-6.62626990560934,0.0446796078379799,-148.306357782681,125.481475395174,8.3964082235921e-143,1.43148520690021e-141
"PWY_543","fixed",NA,"hd_exposurelow_exposure",0.115184680926664,0.0669961012944348,1.71927438613853,107.766810262067,0.088435439080455,0.216141160549783
"PWY_543","fixed",NA,"hd_exposurehigh_exposure",-0.0487132996385,0.0660228934558078,-0.737824368014195,104.563416765662,0.462273804774043,0.607957459147801
"PWY_544","fixed",NA,"(Intercept)",-3.76917665039607,0.0329745465711803,-114.305640026308,125.13175185943,1.94742385854664e-128,2.12695199550641e-127
"PWY_544","fixed",NA,"hd_exposurelow_exposure",-0.0136301585734848,0.0496450347858824,-0.274552301801606,109.883426684202,0.784175726610151,0.846546460077985
"PWY_544","fixed",NA,"hd_exposurehigh_exposure",-0.0463279394391829,0.048968337228749,-0.946079488522719,106.398198370858,0.346251687788763,0.508466239000726
"PWY_545","fixed",NA,"(Intercept)",-6.43025007504157,0.120537646930396,-53.3464045366231,133.390842679195,7.54579968075029e-92,3.45869768973407e-91
"PWY_545","fixed",NA,"hd_exposurelow_exposure",-0.215705175264857,0.182514712969071,-1.18185088618806,121.450039044788,0.239573763541559,0.421548564584628
"PWY_545","fixed",NA,"hd_exposurehigh_exposure",-0.154332859898228,0.180323163349563,-0.855868192590702,117.772631181868,0.393808625238248,0.545093522854525
"PWY_546","fixed",NA,"(Intercept)",-6.23559444508072,0.0829186195376175,-75.2013779275695,142.546718006859,1.34560351765333e-116,1.1612059985675e-115
"PWY_546","fixed",NA,"hd_exposurelow_exposure",-0.268785605984421,0.123039654456435,-2.18454454518637,117.888338530945,0.0309012740598768,0.0874493545257243
"PWY_546","fixed",NA,"hd_exposurehigh_exposure",-0.137180142128505,0.121071191230906,-1.13305354257955,115.900019743915,0.259530231943996,0.436085654155898
"PWY_548","fixed",NA,"(Intercept)",-3.17136985635041,0.0126701185835784,-250.303091911135,135.561803078871,1.41154373417201e-182,1.64444845031039e-180
"PWY_548","fixed",NA,"hd_exposurelow_exposure",-0.0107165433060552,0.0187190340906904,-0.572494459603816,107.87031097907,0.568178343606562,0.694329828987739
"PWY_548","fixed",NA,"hd_exposurehigh_exposure",0.0144081564682804,0.0184139728628077,0.782457787660904,106.64918995566,0.435679473136989,0.585091165653709
"UNINTEGRATED","fixed",NA,"(Intercept)",-0.110886783915868,0.00433443085230151,-25.5827783841536,114.667211842333,3.27699837227247e-49,9.83099511681742e-49
"UNINTEGRATED","fixed",NA,"hd_exposurelow_exposure",0.003897268905516,0.00663998983757181,0.586938986482123,109.189761281527,0.558456315628365,0.687254160002145
"UNINTEGRATED","fixed",NA,"hd_exposurehigh_exposure",0.00629255972630216,0.00659255084419247,0.95449544114558,106.440125544493,0.34199562699039,0.504867884406088
"UNMAPPED","fixed",NA,"(Intercept)",-0.825041269185165,0.0191489179340912,-43.0855295335684,121.050246212147,2.80608235404459e-75,8.91568893398713e-75
"UNMAPPED","fixed",NA,"hd_exposurelow_exposure",0.00552720476367813,0.0292343911561072,0.189065157340329,113.727473543953,0.850378743366479,0.894529332751195
"UNMAPPED","fixed",NA,"hd_exposurehigh_exposure",-0.000196926900706246,0.028976771569332,-0.00679602626659302,110.517134831187,0.994589849631189,0.996728752533621
