"PWY","effect","group","term","estimate","std.error","statistic","df","p.value","padj"
"PWY_001","fixed",NA,"(Intercept)",-6.88209468621884,0.032670901759091,-210.649058203722,103.000000000796,1.50518781203518e-137,4.67611680272264e-135
"PWY_001","fixed",NA,"carrierper",0.0559037934635926,0.0713747221882759,0.783243587500443,103.000000001217,0.435281343555166,0.548801449773922
"PWY_003","fixed",NA,"(Intercept)",-3.35438086192237,0.0180235375865192,-186.111125289372,34.1262497239013,6.69242170304405e-53,1.38607489494157e-51
"PWY_003","fixed",NA,"carrierper",0.0225421637205328,0.038002966752117,0.593168524646225,35.8984070807413,0.556787286375262,0.648329650114005
"PWY_004","fixed",NA,"(Intercept)",-6.13520637792883,0.113411388624448,-54.0969161240501,34.985155671283,2.57189168473643e-35,8.29588463105335e-35
"PWY_004","fixed",NA,"carrierper",0.140298991981815,0.241184407922832,0.581708383183312,38.026618703173,0.56419592400715,0.653292890045708
"PWY_005","fixed",NA,"(Intercept)",-6.61545673275099,0.104356264807253,-63.3930003624583,25.6565488858874,1.00544225045263e-29,2.12970949414057e-29
"PWY_005","fixed",NA,"carrierper",1.00377661209829,0.222769037465718,4.50590721007517,28.719807904583,0.000101777724577602,0.00020311957024909
"PWY_007","fixed",NA,"(Intercept)",-6.12242707795612,0.129268617697165,-47.3620526545662,35.7696870483209,7.19894645153138e-34,2.07721922378552e-33
"PWY_007","fixed",NA,"carrierper",-0.116712287493243,0.27240485865171,-0.428451563128941,37.496773738527,0.670773651915738,0.740408274258028
"PWY_008","fixed",NA,"(Intercept)",-3.69789530910098,0.0342930220241253,-107.832296217566,37.7708607420065,1.23358691259101e-48,1.29180112644361e-47
"PWY_008","fixed",NA,"carrierper",0.067546560154603,0.0721869467583774,0.935717095511649,39.3814384364096,0.355121650897422,0.483879208532745
"PWY_009","fixed",NA,"(Intercept)",-3.31322109289798,0.0133134259492825,-248.863148037154,38.8852498174496,6.93666563608071e-64,6.46497237282723e-62
"PWY_009","fixed",NA,"carrierper",0.012112640855268,0.0287443234062041,0.421392449705519,44.5327056091831,0.675495617532693,0.744163020733416
"PWY_010","fixed",NA,"(Intercept)",-4.21832541004665,0.0730361370835358,-57.7566883804642,35.9892175266092,4.39752882538491e-37,1.67285586337091e-36
"PWY_010","fixed",NA,"carrierper",0.112215252889507,0.153636560406176,0.730394201698076,37.4711286326315,0.469691517808658,0.573236520614504
"PWY_011","fixed",NA,"(Intercept)",-6.12339122993752,0.136587509869164,-44.8312677769956,36.9616627201023,7.95770457496808e-34,2.28202481965238e-33
"PWY_011","fixed",NA,"carrierper",0.413139549549778,0.288980230355388,1.42964641228813,39.2962834421318,0.160721206492543,0.265588944062146
"PWY_012","fixed",NA,"(Intercept)",-3.74543563316263,0.0747859585220626,-50.0820703134759,37.178097045765,9.93832131311823e-36,3.33184009490151e-35
"PWY_012","fixed",NA,"carrierper",0.161259871834519,0.156500607074713,1.03041051947827,37.9397653248528,0.309341694907475,0.439491554350254
"PWY_013","fixed",NA,"(Intercept)",-3.53412148374249,0.0284933029597058,-124.033408437776,38.1112745670795,2.6862925466309e-51,3.85173023609231e-50
"PWY_013","fixed",NA,"carrierper",0.0251188328389634,0.0607408370229489,0.413541104635636,41.6376224547497,0.681332491928962,0.748822974620039
"PWY_014","fixed",NA,"(Intercept)",-3.55734390731767,0.0318383505646667,-111.731413349833,38.1658578422429,1.24800038045421e-49,1.44074170097933e-48
"PWY_014","fixed",NA,"carrierper",-0.00430151246240846,0.0678884717249412,-0.0633614567114809,41.7332586626762,0.949781193175006,0.961124942496315
"PWY_015","fixed",NA,"(Intercept)",-3.31080630615699,0.0157508565725585,-210.198492437875,31.2304674800626,8.86975396877838e-51,1.2156780439561e-49
"PWY_015","fixed",NA,"carrierper",0.0356113271846748,0.0334721436738371,1.06390936689573,34.0059739453808,0.294866429653366,0.423517922115765
"PWY_016","fixed",NA,"(Intercept)",-3.50869313099521,0.02627493952821,-133.53762916288,35.5603610177594,1.25214675728891e-49,1.44074170097933e-48
"PWY_016","fixed",NA,"carrierper",0.043704792072591,0.05542619787206,0.788522282792598,37.4308704337658,0.435357112133713,0.548801449773922
"PWY_017","fixed",NA,"(Intercept)",-5.57845525064238,0.158620978820654,-35.1684581202195,35.9847828825657,1.83217593987605e-29,3.854600397211e-29
"PWY_017","fixed",NA,"carrierper",0.276373365629256,0.33374694770892,0.828092563921505,37.4991139783552,0.41285753647303,0.535909782719866
"PWY_018","fixed",NA,"(Intercept)",-4.06834673467766,0.0607890312209736,-66.9256715062434,34.8596559078924,2.05808010481046e-38,8.8503033184424e-38
"PWY_018","fixed",NA,"carrierper",0.328814436821401,0.128637231350507,2.55613739015772,37.1642708546531,0.0148037137490298,0.0283307211788415
"PWY_019","fixed",NA,"(Intercept)",-3.28790686890883,0.0183704597396238,-178.977930629415,35.1565595167695,1.23923532203568e-53,3.29990662896357e-52
"PWY_019","fixed",NA,"carrierper",0.0487237835776463,0.0389769427039658,1.25006683945708,37.8577867446178,0.218947527328034,0.340666269565488
"PWY_020","fixed",NA,"(Intercept)",-3.37491643234223,0.0151845813986559,-222.259431704911,22.0399995096674,1.9987449338789e-38,8.6643268761634e-38
"PWY_020","fixed",NA,"carrierper",-0.0112101571468893,0.0325420830875732,-0.344481854979042,25.2935436857571,0.733331739838595,0.793803927444333
"PWY_021","fixed",NA,"(Intercept)",-6.54811037593832,0.151218137504996,-43.30241387692,35.5036483021645,2.51775596499349e-32,6.39386528439764e-32
"PWY_021","fixed",NA,"carrierper",0.686760370003607,0.319182416581098,2.15162344266892,37.4589508349984,0.0379405391411856,0.0708628907406514
"PWY_022","fixed",NA,"(Intercept)",-6.19131632251079,0.0966740510416225,-64.0432076219207,38.6421141559109,7.70204135860321e-41,4.03275423944842e-40
"PWY_022","fixed",NA,"carrierper",0.142057338154577,0.204976297661602,0.693042755553627,41.3438127854286,0.492157779154059,0.589577185310518
"PWY_023","fixed",NA,"(Intercept)",-4.77544513978266,0.0811004987920654,-58.883055109519,35.9214484528292,2.49820529585426e-37,9.7013638989007e-37
"PWY_023","fixed",NA,"carrierper",-0.21619169633547,0.171885093512504,-1.25776873327147,38.4855599688962,0.216053832239394,0.338423817894312
"PWY_024","fixed",NA,"(Intercept)",-6.75234778074151,0.0355152982398357,-190.125047948147,23.6028365051134,4.15696497563759e-39,1.87163833685712e-38
"PWY_024","fixed",NA,"carrierper",0.00880120535734807,0.0771408109466999,0.114092725359463,28.8280319435735,0.90995520191729,0.930931117658523
"PWY_025","fixed",NA,"(Intercept)",-3.88330024571143,0.0652027777654939,-59.5572823550245,36.2197702581278,9.68836021171979e-38,3.99537686607205e-37
"PWY_025","fixed",NA,"carrierper",0.259396744174516,0.136676054679905,1.89789458571966,37.209377494046,0.0654886786710345,0.119209860393368
"PWY_026","fixed",NA,"(Intercept)",-3.35979344661799,0.020203877230065,-166.294489337836,36.1242729698122,1.04627506944984e-53,3.04285972588817e-52
"PWY_026","fixed",NA,"carrierper",0.0245047099453274,0.0427451226174711,0.573274994778273,38.4349962585846,0.569797747246427,0.657871482476917
"PWY_027","fixed",NA,"(Intercept)",-3.35634093237148,0.0183489128723992,-182.917699577731,33.3029351747023,1.38758880539079e-51,2.0858593010068e-50
"PWY_027","fixed",NA,"carrierper",0.0110893830240273,0.0389345659659943,0.284821025967333,35.9496345867373,0.777415664609772,0.830907568137967
"PWY_028","fixed",NA,"(Intercept)",-3.91930998923691,0.0427305452859981,-91.7215065477104,33.6628571476933,5.60419064095661e-42,3.22413930701948e-41
"PWY_028","fixed",NA,"carrierper",-0.0432597395369046,0.0902767066692745,-0.479190492575068,35.7002154478775,0.634725470329951,0.711870202584253
"PWY_029","fixed",NA,"(Intercept)",-3.82485853919148,0.0253370815670184,-150.95892275811,36.4209844895393,1.52329169477724e-52,2.83941571906478e-51
"PWY_029","fixed",NA,"carrierper",0.0150024287775106,0.0535021298354391,0.280408066438753,38.4579269096764,0.780667379094927,0.832565184140324
"PWY_030","fixed",NA,"(Intercept)",-3.33137493939539,0.0149286806410004,-223.15266965026,31.8246245702318,2.05079323024197e-52,3.67565248189522e-51
"PWY_030","fixed",NA,"carrierper",0.0320838446341536,0.0319243418303149,1.00499627540284,35.5525245643777,0.32169009398125,0.451701545156984
"PWY_031","fixed",NA,"(Intercept)",-6.29314280717132,0.0628884802751794,-100.068291992978,34.9229958803134,1.54982077013092e-44,1.08603981786618e-43
"PWY_031","fixed",NA,"carrierper",-0.138046958157835,0.133678385758454,-1.03267972136704,37.8918692661821,0.308300207867193,0.4386806011179
"PWY_032","fixed",NA,"(Intercept)",-4.25516303625435,0.0711861058163872,-59.7751905017791,36.3832393135702,6.31372423554635e-38,2.62696026228982e-37
"PWY_032","fixed",NA,"carrierper",0.215293734285713,0.149716491766505,1.43800947875189,37.8453069685636,0.158649659365302,0.263098723360252
"PWY_033","fixed",NA,"(Intercept)",-6.12433503486175,0.158197761573297,-38.7131586057506,35.5094255990965,1.2300361477678e-30,2.71657272445401e-30
"PWY_033","fixed",NA,"carrierper",0.405753885299309,0.333081664752951,1.21818138984101,37.1100256099556,0.230843523265541,0.354605546842274
"PWY_034","fixed",NA,"(Intercept)",-6.82254833001093,0.0766861638518173,-88.9671354951895,36.1405900609222,6.19797303950913e-44,4.09681622185993e-43
"PWY_034","fixed",NA,"carrierper",-0.203145093982278,0.163531502392035,-1.24223829054831,39.6483938893357,0.221446351804954,0.343979999803695
"PWY_035","fixed",NA,"(Intercept)",-5.13833131325399,0.151446058356406,-33.9284585483346,35.3999052367393,1.35894839430251e-28,2.76537096831865e-28
"PWY_035","fixed",NA,"carrierper",0.260655197957794,0.319029419835032,0.817025583698762,37.0704932421554,0.419133806425695,0.53949459922275
"PWY_036","fixed",NA,"(Intercept)",-6.82314252461987,0.040588767401579,-168.104206198546,42.8739139650199,4.36014676017673e-62,3.69423343680428e-60
"PWY_036","fixed",NA,"carrierper",0.143389721325377,0.085998843513643,1.66734476263776,45.5509009999142,0.102307793442063,0.179568481145014
"PWY_037","fixed",NA,"(Intercept)",-3.14237521168538,0.0265335227140586,-118.430381278412,37.8165887833558,3.22591093412628e-50,4.00873198747426e-49
"PWY_037","fixed",NA,"carrierper",-0.0253869489323971,0.0559271706322119,-0.45392871917921,39.6198635724672,0.652357034196506,0.723805661751362
"PWY_038","fixed",NA,"(Intercept)",-5.71042589628014,0.125543300185188,-45.4857080215092,35.3239432103773,5.9941423214702e-33,1.59160702097158e-32
"PWY_038","fixed",NA,"carrierper",0.416699612694155,0.265501564373362,1.56948081898369,37.55265730227,0.124924798133858,0.214025573273448
"PWY_039","fixed",NA,"(Intercept)",-5.02400348087015,0.143751006972573,-34.9493446110517,35.6156250739267,3.69381073535891e-29,7.59962826789075e-29
"PWY_039","fixed",NA,"carrierper",0.268090453952981,0.303271913569475,0.883993676821529,37.5031938434582,0.382331804494021,0.511973048546592
"PWY_040","fixed",NA,"(Intercept)",-4.06154771858087,0.0653079542389219,-62.1907050360535,34.3396924199292,6.92129024489858e-37,2.55977877311328e-36
"PWY_040","fixed",NA,"carrierper",0.385105937236332,0.138107073744212,2.78845917733068,36.5320212656815,0.0083578214598597,0.0163989254749247
"PWY_041","fixed",NA,"(Intercept)",-6.38002039648178,0.153863258792367,-41.4655223511896,37.4236664209154,6.89588500464716e-33,1.82584227963953e-32
"PWY_041","fixed",NA,"carrierper",0.353411936004466,0.322097124100354,1.09722164391122,38.2387157395727,0.279406178852711,0.408801505008991
"PWY_042","fixed",NA,"(Intercept)",-4.11581644918506,0.0736598844066084,-55.8759558522442,33.3615631785916,1.51713670971142e-34,4.60577007638776e-34
"PWY_042","fixed",NA,"carrierper",-0.00414632786160335,0.154450163351428,-0.0268457330936517,34.3540153679957,0.97873812014648,0.982956818940215
"PWY_043","fixed",NA,"(Intercept)",-4.95721106121064,0.105871650398742,-46.8228372991299,35.3632317079155,2.05647590275696e-33,5.70427244455205e-33
"PWY_043","fixed",NA,"carrierper",0.439982105998409,0.223333547509259,1.97006724204821,37.229397252841,0.0563030863848424,0.103093274087766
"PWY_044","fixed",NA,"(Intercept)",-4.30972701905845,0.0655226957187402,-65.7745682130996,37.9978095860499,9.33930960999007e-41,4.8356869758393e-40
"PWY_044","fixed",NA,"carrierper",0.0965859712687816,0.138058717040742,0.699600672373905,39.7522016992014,0.488250620509561,0.58791935182805
"PWY_045","fixed",NA,"(Intercept)",-4.48980374122005,0.0720385368634395,-62.3250268079595,37.3073647399801,2.53102216753854e-39,1.16202594095858e-38
"PWY_045","fixed",NA,"carrierper",0.0609792423524744,0.151487866976498,0.402535487293743,38.764697682725,0.689501237513061,0.755129439908547
"PWY_046","fixed",NA,"(Intercept)",-4.45879190633554,0.0740520507089743,-60.2115925709966,35.5087734983405,2.4074982271183e-37,9.38823576432744e-37
"PWY_046","fixed",NA,"carrierper",0.0149879855417933,0.156890321850181,0.0955316131998614,38.007263181083,0.924394505804948,0.940541134727305
"PWY_047","fixed",NA,"(Intercept)",-4.72642413179671,0.110360955121341,-42.8269592864617,36.7268566402961,5.93033731567924e-33,1.5836889335854e-32
"PWY_047","fixed",NA,"carrierper",0.19106486473476,0.231871366912859,0.824012327518495,38.0500211280177,0.415067992703094,0.536910402457071
"PWY_048","fixed",NA,"(Intercept)",-5.41638962865849,0.150227549840961,-36.054569447432,35.1157223466908,2.45603391169993e-29,5.12085817830947e-29
"PWY_048","fixed",NA,"carrierper",0.370475591864871,0.316211095009424,1.17160845306149,36.6685453308749,0.248911024819131,0.377825855262916
"PWY_049","fixed",NA,"(Intercept)",-4.2297369487598,0.0546756855572586,-77.3604739593115,33.5772503426377,2.01816987221212e-39,9.31155604406778e-39
"PWY_049","fixed",NA,"carrierper",-0.0527647968267536,0.115271268508864,-0.457744566441516,35.3193572890991,0.64993962903173,0.723708165182285
"PWY_050","fixed",NA,"(Intercept)",-4.02505778777811,0.0418953722933991,-96.0740427269645,39.2293499047541,3.53942126385907e-48,3.40076352362541e-47
"PWY_050","fixed",NA,"carrierper",0.147753305669123,0.0883128230750568,1.67306740430603,41.0676632596949,0.101916112592845,0.179568481145014
"PWY_051","fixed",NA,"(Intercept)",-4.98590514245834,0.112230101156799,-44.4257386482475,37.173582017479,8.02154657444623e-34,2.29196891850518e-33
"PWY_051","fixed",NA,"carrierper",0.236909996084297,0.23606091050545,1.00359689190823,38.6622597973248,0.321813118008838,0.451701545156984
"PWY_052","fixed",NA,"(Intercept)",-4.72642413179671,0.110360955121341,-42.8269592864617,36.7268566402961,5.93033731567924e-33,1.5836889335854e-32
"PWY_052","fixed",NA,"carrierper",0.19106486473476,0.231871366912859,0.824012327518495,38.0500211280177,0.415067992703094,0.536910402457071
"PWY_053","fixed",NA,"(Intercept)",-3.73405546692509,0.0434393501298461,-85.9602055685339,36.1133774265084,2.26560673569076e-43,1.45623826045778e-42
"PWY_053","fixed",NA,"carrierper",0.0153675012857351,0.0912302854968818,0.16844736593815,37.3699021492539,0.86713975452108,0.897971390237385
"PWY_054","fixed",NA,"(Intercept)",-3.7785803687457,0.0380388268479004,-99.3348292221127,24.5153079506169,1.82711223559012e-33,5.09840899272453e-33
"PWY_054","fixed",NA,"carrierper",0.00884494510361662,0.0825429232304814,0.107155704661915,29.7301757326597,0.915385307158596,0.935459546350671
"PWY_055","fixed",NA,"(Intercept)",-4.07807929756114,0.0407481483917285,-100.080113048497,34.7756604074582,2.18141600631967e-44,1.49491155727201e-43
"PWY_055","fixed",NA,"carrierper",-0.0731168728072951,0.086112040163032,-0.849090007261078,36.88368870731,0.401308753489087,0.527686182562641
"PWY_056","fixed",NA,"(Intercept)",-4.87936791443302,0.122963096667109,-39.6815633851727,35.4014076190312,6.08801892530481e-31,1.38729428811347e-30
"PWY_056","fixed",NA,"carrierper",-0.216373834361102,0.258560226321203,-0.836841139256685,36.8176287398667,0.40808095412849,0.532050496999611
"PWY_057","fixed",NA,"(Intercept)",-3.5822124731256,0.0285539161603403,-125.454331833512,36.5544193936167,9.05354325375768e-50,1.06808890031673e-48
"PWY_057","fixed",NA,"carrierper",-0.0193956205273715,0.0604727170204491,-0.320733406451919,39.0272562272399,0.75012359402877,0.80729236678385
"PWY_058","fixed",NA,"(Intercept)",-4.25585852206328,0.0976660465621584,-43.575619899334,36.0925981685753,8.27172422044309e-33,2.15945293374033e-32
"PWY_058","fixed",NA,"carrierper",0.257801982439826,0.204063185737928,1.26334390746459,36.6252216109653,0.214448730959011,0.33704252487993
"PWY_059","fixed",NA,"(Intercept)",-3.45168315434727,0.0246002061460679,-140.311147551054,31.9405751252061,3.80964734172923e-46,3.08747071521012e-45
"PWY_059","fixed",NA,"carrierper",-0.0595656635331365,0.052406805537827,-1.13660168601847,35.1075378769793,0.263403764011363,0.390911318564635
"PWY_060","fixed",NA,"(Intercept)",-6.05847945580223,0.157806591341122,-38.3918022961788,35.8546147119017,1.01390806759737e-30,2.25527999761515e-30
"PWY_060","fixed",NA,"carrierper",0.368811144314403,0.331955848194658,1.11102469295294,37.3335532363251,0.273662007024506,0.401026714696288
"PWY_061","fixed",NA,"(Intercept)",-4.00119777540367,0.0524114959493174,-76.3419876294482,36.3214060339553,1.04756736599158e-41,5.84630410242008e-41
"PWY_061","fixed",NA,"carrierper",0.119960234453418,0.109907311856596,1.09146727753599,37.3685080122209,0.282054885285626,0.410634069406711
"PWY_062","fixed",NA,"(Intercept)",-5.66930202012086,0.157924378014021,-35.898840264025,34.3045731661918,8.49608448628617e-29,1.73648042570586e-28
"PWY_062","fixed",NA,"carrierper",0.559152459470422,0.332968293714162,1.67929640757456,36.0734760301457,0.101736936954043,0.179568481145014
"PWY_063","fixed",NA,"(Intercept)",-3.64567779011163,0.0395703613108317,-92.1315264592667,36.6339829135366,5.82392976218427e-45,4.20767638632228e-44
"PWY_063","fixed",NA,"carrierper",0.0827805979763762,0.0831637564247424,0.995392723166456,37.998925257518,0.325841964494678,0.454617830702156
"PWY_064","fixed",NA,"(Intercept)",-4.90866822620257,0.129046919786456,-38.0378565743789,36.591970347894,5.06326850661758e-31,1.16230695767675e-30
"PWY_064","fixed",NA,"carrierper",0.234150960303858,0.271520625353508,0.86236896368003,38.1168299662677,0.393877884814858,0.523672166401494
"PWY_065","fixed",NA,"(Intercept)",-4.89107638045074,0.0807588984190197,-60.5639313586629,36.46815961874,3.37049520321006e-38,1.4214034069646e-37
"PWY_065","fixed",NA,"carrierper",-0.125011545161046,0.170958008020778,-0.731241236420186,38.8721368902015,0.469017096041901,0.573236520614504
"PWY_066","fixed",NA,"(Intercept)",-5.61195278655185,0.137407506255775,-40.8416755348545,36.4383505945652,4.96587826805026e-32,1.24080389968441e-31
"PWY_066","fixed",NA,"carrierper",0.464901854444268,0.289758474715275,1.60444609912133,38.2798350063784,0.116835648658778,0.202776209590282
"PWY_067","fixed",NA,"(Intercept)",-5.09735451436905,0.129593731757688,-39.3333415531237,35.5432420071168,6.75088277315151e-31,1.53085711546891e-30
"PWY_067","fixed",NA,"carrierper",0.221961823878047,0.271955036837338,0.816171034959749,36.6807277679756,0.419671227936152,0.53949459922275
"PWY_068","fixed",NA,"(Intercept)",-4.80750469089473,0.0973226970030719,-49.3975695180641,34.9641715074983,6.14706961635346e-34,1.79033402576295e-33
"PWY_068","fixed",NA,"carrierper",0.250557261091406,0.204579358224973,1.22474360690814,36.3276907826891,0.228554495035738,0.3530701148276
"PWY_069","fixed",NA,"(Intercept)",-4.66375372946933,0.0821029425883286,-56.8037342200243,36.1029191911612,6.50138296458734e-37,2.44326166249814e-36
"PWY_069","fixed",NA,"carrierper",0.280459586025085,0.172435455295376,1.62646124919419,37.3632119391553,0.112257518497578,0.195667151839436
"PWY_070","fixed",NA,"(Intercept)",-4.97146884585466,0.136428354211155,-36.4401438000209,34.8094852663845,2.58665646827884e-29,5.38116925990152e-29
"PWY_070","fixed",NA,"carrierper",0.337474118450351,0.287366991245225,1.17436632853342,36.4541625023643,0.247863141698737,0.376849018047672
"PWY_071","fixed",NA,"(Intercept)",-3.7878225118988,0.0797688686090954,-47.4849722447599,37.3652508134559,5.19660763306958e-35,1.64735997075539e-34
"PWY_071","fixed",NA,"carrierper",0.00559991512121438,0.167151866838376,0.0335019597874376,38.3194831680362,0.973448206416435,0.979755646198831
"PWY_072","fixed",NA,"(Intercept)",-3.33731947921303,0.0187395594558838,-178.089537647332,37.5760181751924,1.32308033707031e-56,8.80793481535377e-55
"PWY_072","fixed",NA,"carrierper",0.0458190389916751,0.0395844611893369,1.1575006357297,39.6901719613572,0.253986405365197,0.38241571857894
"PWY_073","fixed",NA,"(Intercept)",-5.01834585589297,0.130983939964867,-38.3126806022098,36.3365063462792,5.5774893888427e-31,1.27407355647093e-30
"PWY_073","fixed",NA,"carrierper",0.230735653234978,0.275875306434039,0.836376608756557,38.0008051338558,0.408171786861289,0.532050496999611
"PWY_074","fixed",NA,"(Intercept)",-3.65225902253934,0.021898918799014,-166.778052197891,37.4480880448044,2.22728546466389e-55,9.02534805681193e-54
"PWY_074","fixed",NA,"carrierper",-0.0565123868164446,0.0464613612502895,-1.21633084558177,40.2145295525208,0.23095017911294,0.354605546842274
"PWY_075","fixed",NA,"(Intercept)",-3.28773079411745,0.0189185011472775,-173.783893793857,35.4032460202606,1.70826266087766e-53,4.42250222204993e-52
"PWY_075","fixed",NA,"carrierper",0.0532434310907204,0.0401025706904773,1.32768124771022,37.9753731504969,0.192209485859551,0.307271425079077
"PWY_076","fixed",NA,"(Intercept)",-5.82837811967928,0.147212486315211,-39.591601674328,34.9367527743327,1.2825130807882e-30,2.82577350187849e-30
"PWY_076","fixed",NA,"carrierper",0.388862008803847,0.310652864076883,1.25175735932571,36.8437416043184,0.218547305347163,0.340666269565488
"PWY_077","fixed",NA,"(Intercept)",-5.41260102185741,0.159307229944994,-33.9758655255401,35.1401082217445,1.80980890990521e-28,3.67481896303192e-28
"PWY_077","fixed",NA,"carrierper",0.391884474362841,0.33534750878287,1.16859217408583,36.7037842905008,0.250102241379851,0.37792243567036
"PWY_078","fixed",NA,"(Intercept)",-5.09355476300648,0.0843758052553066,-60.367480317305,41.2068179947605,7.69449212734519e-42,4.34622221980953e-41
"PWY_078","fixed",NA,"carrierper",0.244961331359352,0.178949205101089,1.3688875076085,44.0076943530517,0.1779814293059,0.28798384047413
"PWY_079","fixed",NA,"(Intercept)",-5.96956927699619,0.139715432449478,-42.7266277771771,34.0742495075451,3.48984948510947e-31,8.13134930030507e-31
"PWY_079","fixed",NA,"carrierper",0.730751795367605,0.298527184507438,2.44785678923455,37.7963659925623,0.019128262165657,0.0363827353844742
"PWY_080","fixed",NA,"(Intercept)",-6.0264064826027,0.0986264555813375,-61.1033464305397,31.8292385416669,1.43878844225704e-34,4.39066924152469e-34
"PWY_080","fixed",NA,"carrierper",0.712288530723513,0.209214151766213,3.40459058199591,34.3750003461294,0.00170025714904485,0.0033859821857047
"PWY_081","fixed",NA,"(Intercept)",-4.75019452534931,0.124643423697567,-38.1102699559595,36.3378661150274,6.71797580194633e-31,1.52711059693024e-30
"PWY_081","fixed",NA,"carrierper",0.196413684383327,0.262607420588375,0.747936535621346,38.0491532175055,0.459096526174062,0.566725778005597
"PWY_082","fixed",NA,"(Intercept)",-4.94216943816505,0.102371545594733,-48.2767883346223,39.7340727817426,6.70055762668162e-37,2.49796788322691e-36
"PWY_082","fixed",NA,"carrierper",-0.54994691717868,0.215792933739828,-2.54849363066599,41.5806996569509,0.0146037975712921,0.0280056364947412
"PWY_084","fixed",NA,"(Intercept)",-5.6299606993717,0.14466999764237,-38.915882982795,35.4921780166591,1.05138954004324e-30,2.33308345552452e-30
"PWY_084","fixed",NA,"carrierper",0.216155636781337,0.305084248949552,0.708511296553629,37.3177697711341,0.483030416789421,0.583896690593697
"PWY_085","fixed",NA,"(Intercept)",-4.79503601840978,0.126810465818868,-37.8126204918989,36.3064180800642,9.26376467670352e-31,2.06550925327457e-30
"PWY_085","fixed",NA,"carrierper",0.212650666247777,0.267154516595152,0.795983796036772,38.0071361808872,0.430985186541456,0.545200789626769
"PWY_086","fixed",NA,"(Intercept)",-5.65572113359991,0.14226529985725,-39.7547479200825,35.5178622386346,4.83300018249921e-31,1.11218670866402e-30
"PWY_086","fixed",NA,"carrierper",0.252644050574469,0.299535542397754,0.843452661918104,37.1183041619568,0.404378228494707,0.528584164035157
"PWY_088","fixed",NA,"(Intercept)",-4.03612949049257,0.0692720242265294,-58.2649278053988,36.1838945389164,2.26896391727371e-37,8.88518643234915e-37
"PWY_088","fixed",NA,"carrierper",0.124352830494863,0.14518108895654,0.856536008846778,37.1490791718916,0.397192983821232,0.524531322503156
"PWY_089","fixed",NA,"(Intercept)",-3.28170579276589,0.017574291325261,-186.733321533644,34.8832797482844,6.2843453943351e-54,2.01965858880011e-52
"PWY_089","fixed",NA,"carrierper",0.023079669976251,0.0371430063384429,0.621373234195199,37.0085736808088,0.538162970063943,0.634093410998224
"PWY_090","fixed",NA,"(Intercept)",-3.54940058116566,0.0275943657204608,-128.627728468998,33.3635615666804,1.44161636692498e-46,1.19963076247686e-45
"PWY_090","fixed",NA,"carrierper",0.0450746327235191,0.0583669423669261,0.77226304643741,35.5573079571836,0.445061546605772,0.555284285725006
"PWY_091","fixed",NA,"(Intercept)",-3.6730711214511,0.0268690933747068,-136.70245848,33.2215328030688,2.77777218648009e-47,2.53812125274455e-46
"PWY_091","fixed",NA,"carrierper",-0.00152893395906332,0.0569680766045867,-0.0268384339123049,35.7497580040924,0.978737859199539,0.982956818940215
"PWY_092","fixed",NA,"(Intercept)",-6.12339122993752,0.136587509869164,-44.8312677769956,36.9616627201023,7.95770457496808e-34,2.28202481965238e-33
"PWY_092","fixed",NA,"carrierper",0.413139549549778,0.288980230355388,1.42964641228813,39.2962834421318,0.160721206492543,0.265588944062146
"PWY_093","fixed",NA,"(Intercept)",-5.02246412777572,0.139211038694505,-36.0780594331847,36.536152844987,3.59699453052291e-30,7.76018264455405e-30
"PWY_093","fixed",NA,"carrierper",0.234157924199879,0.292940150471265,0.79933707900122,38.0764154096234,0.429053418160417,0.544792623604235
"PWY_095","fixed",NA,"(Intercept)",-4.91266749022025,0.122108295610983,-40.2320535688352,35.596338945899,2.84964075188759e-31,6.68983672735324e-31
"PWY_095","fixed",NA,"carrierper",0.163995641464593,0.256978670401372,0.63816830092727,37.1342462719614,0.527280330226434,0.62363612661299
"PWY_096","fixed",NA,"(Intercept)",-5.13947452019449,0.107010238220268,-48.0278766375182,35.3275350573593,8.9915144563093e-34,2.55490593697569e-33
"PWY_096","fixed",NA,"carrierper",-0.120204638953336,0.226691022878371,-0.530257605383124,37.8034718937677,0.599034452817107,0.679197214142997
"PWY_097","fixed",NA,"(Intercept)",-5.44356887691595,0.161259560364963,-33.7565652826787,34.9046532806116,3.05481458748496e-28,6.16252639726403e-28
"PWY_097","fixed",NA,"carrierper",0.13041868331394,0.33892686841103,0.384798891646962,36.2456067917217,0.702635143631659,0.765018637692414
"PWY_098","fixed",NA,"(Intercept)",-5.28479198861492,0.111583633174895,-47.3617128090067,35.2779437385148,1.58310479704609e-33,4.44413756279205e-33
"PWY_098","fixed",NA,"carrierper",0.0797462821133711,0.235311886369601,0.338896106540554,37.099243625654,0.736598769678178,0.795492529942134
"PWY_099","fixed",NA,"(Intercept)",-6.42956614018342,0.114194348585461,-56.3037157252282,36.208192943502,7.40604403690436e-37,2.72823440410864e-36
"PWY_099","fixed",NA,"carrierper",0.0942750704343262,0.240894047268042,0.391354919324456,38.0962105222057,0.697715337351756,0.762127506780266
"PWY_100","fixed",NA,"(Intercept)",-4.79344209508588,0.12022992394596,-39.8689605529518,34.6080369137287,1.62511239157646e-30,3.55541020880108e-30
"PWY_100","fixed",NA,"carrierper",0.251997907319909,0.252242518816293,0.999030252720547,35.6973747836241,0.324504234994472,0.453430205419562
"PWY_101","fixed",NA,"(Intercept)",-6.43212383009045,0.0909803306441098,-70.6979605872302,36.8902051795523,5.43232063876665e-41,2.89309876304601e-40
"PWY_101","fixed",NA,"carrierper",-0.0155067977966848,0.191020602004267,-0.0811786667719663,38.1181571590977,0.935724614145483,0.94798151414533
"PWY_102","fixed",NA,"(Intercept)",-6.79226585554925,0.0590622565099186,-115.001800759316,30.9335848262403,2.78735901837985e-42,1.67601200330969e-41
"PWY_102","fixed",NA,"carrierper",0.0870052394553222,0.124692938917875,0.697755945207332,32.7892833249483,0.490248538070425,0.588803656548501
"PWY_103","fixed",NA,"(Intercept)",-4.51262079131006,0.0916603156177268,-49.2320014490255,37.5640039737074,9.98076913928755e-36,3.33407771964731e-35
"PWY_103","fixed",NA,"carrierper",0.0531211166667403,0.193735467192616,0.274194072136136,39.7670122756126,0.78535481558991,0.833656820193389
"PWY_104","fixed",NA,"(Intercept)",-5.22346655465193,0.0827130079225693,-63.1516938610407,38.1174009040257,3.46670005392202e-40,1.69160442421744e-39
"PWY_104","fixed",NA,"carrierper",-0.180357871128506,0.177070553397405,-1.01856501641875,42.3220784280017,0.314197084830452,0.44368436827573
"PWY_105","fixed",NA,"(Intercept)",-6.19437900287538,0.182094992834625,-34.0172945255062,36.4538922220621,3.22368054477344e-29,6.676600594953e-29
"PWY_105","fixed",NA,"carrierper",0.314638453524274,0.384142598259898,0.819066812557454,38.351685210254,0.417809136235421,0.539332569212482
"PWY_106","fixed",NA,"(Intercept)",-5.65449701014422,0.128418917592602,-44.0316513808551,38.3761517458805,1.82601320976106e-34,5.50758676859969e-34
"PWY_106","fixed",NA,"carrierper",0.0596536439374223,0.271504432349784,0.219715175259347,40.6384727318303,0.82719292764457,0.866228998387347
"PWY_109","fixed",NA,"(Intercept)",-4.72015498114301,0.11438890400906,-41.2640983147208,35.6736989993293,1.05177708577832e-31,2.56611582184658e-31
"PWY_109","fixed",NA,"carrierper",0.183000717674252,0.240741940532143,0.760153038850404,37.2182816382254,0.451951847081261,0.560301722056298
"PWY_110","fixed",NA,"(Intercept)",-3.82555322735208,0.0326182312794083,-117.2826691485,35.9167859901639,5.15087403416469e-48,4.80061459984149e-47
"PWY_110","fixed",NA,"carrierper",0.0315691892566456,0.0699190291711707,0.451510692165936,40.2358606667574,0.654045921891869,0.724816645901571
"PWY_111","fixed",NA,"(Intercept)",-4.70101995762067,0.0792268509075024,-59.3361960468317,38.013874891204,4.38317678531844e-39,1.96400036726769e-38
"PWY_111","fixed",NA,"carrierper",0.223815935772576,0.16678261630316,1.34196201458878,39.6370104786072,0.187245486745722,0.299850160905521
"PWY_112","fixed",NA,"(Intercept)",-4.21779563944847,0.0809163799010063,-52.1253625608134,35.8299372422752,2.21339647036514e-35,7.21288639993114e-35
"PWY_112","fixed",NA,"carrierper",0.0785548553567063,0.169610059743128,0.463149741682047,36.8111665312427,0.6459836938536,0.721026110983898
"PWY_113","fixed",NA,"(Intercept)",-4.49156315850275,0.0822690245090845,-54.5960424996503,34.9977889056987,1.83108349489622e-35,6.03028203972889e-35
"PWY_113","fixed",NA,"carrierper",0.273827796713262,0.173184882734266,1.58112990227572,36.5630682573376,0.122461503682129,0.2102446792144
"PWY_114","fixed",NA,"(Intercept)",-6.55722394571188,0.0414098528843774,-158.349365886922,24.0643945617435,7.77073999845328e-38,3.21881319047042e-37
"PWY_114","fixed",NA,"carrierper",0.256237767909498,0.0900710402327486,2.8448407750967,29.5535928103978,0.0079904287493974,0.0157777110051661
"PWY_115","fixed",NA,"(Intercept)",-6.48974793760155,0.0600008921161139,-108.160857425962,38.0897399229816,5.14697033074167e-49,5.57787947471074e-48
"PWY_115","fixed",NA,"carrierper",0.149455148282535,0.128174873798669,1.16602532035484,41.948432934957,0.250191140352588,0.37792243567036
"PWY_116","fixed",NA,"(Intercept)",-3.39930803651647,0.0238964767458001,-142.251431986262,37.1086066874835,2.10604460537693e-52,3.70345957020999e-51
"PWY_116","fixed",NA,"carrierper",0.013787505072946,0.0502531005729754,0.274361281507882,38.5680017369974,0.785271240681673,0.833656820193389
"PWY_117","fixed",NA,"(Intercept)",-3.38998419038083,0.0219396403760089,-154.514118384903,36.379001938135,7.33559902719852e-53,1.48625615072805e-51
"PWY_117","fixed",NA,"carrierper",0.00384793186629503,0.0461721803740514,0.0833387514975912,37.9313574825585,0.934020455852064,0.94798151414533
"PWY_118","fixed",NA,"(Intercept)",-3.76508665183629,0.0500907624540531,-75.1652893143702,37.4441243853194,1.86707397662759e-42,1.13732872301759e-41
"PWY_118","fixed",NA,"carrierper",0.162853104830364,0.104705850013445,1.5553391220209,38.0489708284231,0.128144890646389,0.218338278030045
"PWY_119","fixed",NA,"(Intercept)",-3.25366154706018,0.0180290750039208,-180.467469703943,35.1450800337073,9.57976808486469e-54,2.97611461836463e-52
"PWY_119","fixed",NA,"carrierper",0.0192648022335685,0.0380564957073796,0.50621587393904,37.0981457555817,0.615700353331053,0.693872707744307
"PWY_120","fixed",NA,"(Intercept)",-3.67110819729226,0.0216312300470454,-169.713335270719,29.219036364234,2.64049433020969e-45,1.96875257260434e-44
"PWY_120","fixed",NA,"carrierper",0.0432254993854605,0.0465620437422349,0.928341969367895,33.7536765644501,0.35982168421962,0.487432862925415
"PWY_122","fixed",NA,"(Intercept)",-5.3247387083332,0.119439031858833,-44.5812279743409,37.5350359974235,4.07831842722589e-34,1.20284581461219e-33
"PWY_122","fixed",NA,"carrierper",-0.489614834195811,0.251979192624466,-1.94307644649653,39.4637821655117,0.0591646041230435,0.10812041380917
"PWY_123","fixed",NA,"(Intercept)",-4.41942354424988,0.0805038174333227,-54.8970680540742,35.7206593178124,4.27835843267086e-36,1.46059709130009e-35
"PWY_123","fixed",NA,"carrierper",0.113455742068802,0.16928200445225,0.670217383329749,37.1450265771865,0.506864904034955,0.6033181233213
"PWY_124","fixed",NA,"(Intercept)",-4.16241088183592,0.0673494788307483,-61.8031639457257,36.8062056646887,8.68672378721138e-39,3.83697941691043e-38
"PWY_124","fixed",NA,"carrierper",0.146154300050255,0.141372397595216,1.03382486635567,37.9995985325832,0.307752970549833,0.43857151154808
"PWY_125","fixed",NA,"(Intercept)",-4.92785897621404,0.0665126171957551,-74.089085409325,37.7977716214076,1.5676049743102e-42,9.67554858315968e-42
"PWY_125","fixed",NA,"carrierper",-0.0202401451805568,0.141342989837014,-0.143198790430967,40.8216875895878,0.886837716316241,0.912287805305449
"PWY_126","fixed",NA,"(Intercept)",-6.77472983144111,0.095645090741374,-70.8319661670885,36.035795896941,2.75816998165656e-40,1.36011345127191e-39
"PWY_126","fixed",NA,"carrierper",-0.122075747283661,0.203606785120783,-0.599566204098959,39.2703007123049,0.552239226521399,0.644163903777151
"PWY_127","fixed",NA,"(Intercept)",-6.14859399207551,0.106216775621861,-57.887221261215,37.6879396364951,1.97484937711706e-38,8.6007458853883e-38
"PWY_127","fixed",NA,"carrierper",0.16259212130392,0.224531095470261,0.724140774191585,39.9127376778946,0.473202796666269,0.576503276461389
"PWY_128","fixed",NA,"(Intercept)",-5.00112304459691,0.139455388947285,-35.8618127441985,35.4040206465874,2.00567438284272e-29,4.2101092901113e-29
"PWY_128","fixed",NA,"carrierper",0.235824099014996,0.293804401210745,0.802656794939704,37.0910408850915,0.427286536388991,0.54403149168653
"PWY_130","fixed",NA,"(Intercept)",-3.20091691288913,0.0185553948915324,-172.505997937551,28.1435765895396,4.08786227468873e-44,2.76078814493471e-43
"PWY_130","fixed",NA,"carrierper",-0.0406756542083516,0.039661211897215,-1.02557769323251,31.5649860718086,0.312886403542818,0.442503988015033
"PWY_131","fixed",NA,"(Intercept)",-3.72288049476949,0.0285223718126027,-130.524926861956,32.6025762624392,6.60296257444834e-46,5.12830093282154e-45
"PWY_131","fixed",NA,"carrierper",0.0660925372651553,0.0608163347873036,1.08675633768961,35.9344736162735,0.284380766489462,0.411557258335681
"PWY_133","fixed",NA,"(Intercept)",-6.19827524293486,0.0401132102043046,-154.51955132401,37.0672878867627,1.10099921610688e-53,3.04285972588817e-52
"PWY_133","fixed",NA,"carrierper",0.208265356833505,0.0849445100623874,2.45178124731715,39.538387530327,0.0187316226168901,0.0357011703045841
"PWY_134","fixed",NA,"(Intercept)",-5.88116147049241,0.0249079249654236,-236.116074649191,31.4818425528352,1.03800520914797e-52,2.01546011442897e-51
"PWY_134","fixed",NA,"carrierper",0.0607515000167074,0.0535945376542442,1.13353902609693,36.1351892711603,0.264452732046117,0.391222136931715
"PWY_135","fixed",NA,"(Intercept)",-4.8799696468765,0.0968036165972764,-50.4110261414944,35.858666943676,6.88544235202425e-35,2.15343364835121e-34
"PWY_135","fixed",NA,"carrierper",0.367627921783074,0.204316421094539,1.7993067802072,37.8148240392937,0.0799541483747792,0.144133977340995
"PWY_136","fixed",NA,"(Intercept)",-6.25523782165742,0.0219155164894697,-285.425069706344,28.070084169329,3.73432575807458e-50,4.57946264016514e-49
"PWY_136","fixed",NA,"carrierper",-0.0303567096111304,0.047388363952249,-0.64059416868072,33.1815627608853,0.526185959729441,0.623132546973112
"PWY_137","fixed",NA,"(Intercept)",-4.43081131241424,0.0767241065832818,-57.7499238470078,35.7510847211724,6.76374027398704e-37,2.51147646826929e-36
"PWY_137","fixed",NA,"carrierper",0.104161932992359,0.161678516041836,0.644253395827845,37.477358258154,0.523334922004819,0.62054471667747
"PWY_138","fixed",NA,"(Intercept)",-3.86887711265948,0.0550321998754049,-70.3020617278389,37.2608694431241,3.2186041149396e-41,1.74403432274634e-40
"PWY_138","fixed",NA,"carrierper",0.000175069460246566,0.115558777824358,0.00151498192991154,38.5114741759386,0.998799040376548,0.998799040376548
"PWY_139","fixed",NA,"(Intercept)",-3.38626543187869,0.0259129405722338,-130.678547362824,30.8740728201047,6.3234709471966e-44,4.15033445266706e-43
"PWY_139","fixed",NA,"carrierper",-0.0571759594193534,0.0557881912517764,-1.02487566161294,35.5684525869992,0.312341895968295,0.442448721892146
"PWY_140","fixed",NA,"(Intercept)",-3.54583422595994,0.0218508028548431,-162.274779993909,38.524223305237,3.09532760716393e-56,1.78840892720859e-54
"PWY_140","fixed",NA,"carrierper",0.098913394304773,0.0462633162547254,2.1380523990143,41.0046800315989,0.0385205031474096,0.0718022178667715
"PWY_141","fixed",NA,"(Intercept)",-7.08041288358204,0.0491565661378804,-144.037988001888,20.3647954266066,4.06087767806337e-32,1.02567425364636e-31
"PWY_141","fixed",NA,"carrierper",0.13498652294923,0.106652029534555,1.26567233214717,24.9586888921178,0.217318280170863,0.339833283757121
"PWY_142","fixed",NA,"(Intercept)",-6.15433119192891,0.083588794178172,-73.6262707512058,38.5738041764183,4.20881806582718e-43,2.63262982372546e-42
"PWY_142","fixed",NA,"carrierper",0.276103655415188,0.177820093143788,1.55271347874014,41.7863086771808,0.128033514373131,0.218338278030045
"PWY_143","fixed",NA,"(Intercept)",-3.27110736488163,0.0158003669867199,-207.02730307663,34.5497777644324,4.80758135136061e-55,1.86694409144504e-53
"PWY_143","fixed",NA,"carrierper",0.0189220575912763,0.0335351058795176,0.564246245688266,37.2791783172197,0.57596588129557,0.66108399183186
"PWY_145","fixed",NA,"(Intercept)",-4.21358074830614,0.0745579689163057,-56.5141568305871,35.6444535811888,1.75606686770727e-36,6.17605404038933e-36
"PWY_145","fixed",NA,"carrierper",0.336541559706064,0.156183414969748,2.1547842309073,36.5352133537899,0.0378425232183848,0.07082175028019
"PWY_148","fixed",NA,"(Intercept)",-4.0577788238982,0.0924885344686656,-43.8733173491137,37.4756423207265,8.04156476771668e-34,2.29196891850518e-33
"PWY_148","fixed",NA,"carrierper",0.101725938332261,0.1936278342461,0.525368363119571,38.3003571273575,0.602355621559059,0.68213297605473
"PWY_149","fixed",NA,"(Intercept)",-6.33737363722816,0.0607754116176503,-104.275289439384,37.9963248116088,2.56957379537739e-48,2.52088713399129e-47
"PWY_149","fixed",NA,"carrierper",-0.1396852880209,0.128943048392613,-1.08330995553617,40.7783427929753,0.285034922958647,0.411864415810015
"PWY_150","fixed",NA,"(Intercept)",-4.68126655222102,0.0677906365499116,-69.0547661220791,30.1863454361068,8.60718250739844e-35,2.67396469896511e-34
"PWY_150","fixed",NA,"carrierper",-0.0767499463436161,0.143542279960194,-0.534685295265616,32.4124839881163,0.596516649803705,0.678819923830346
"PWY_151","fixed",NA,"(Intercept)",-4.91211957960227,0.136950255783784,-35.8679109541606,35.0339221564467,3.27351295954106e-29,6.76477622681212e-29
"PWY_151","fixed",NA,"carrierper",-0.353252302790803,0.28865369984401,-1.22379274189696,36.774939989629,0.228813679566385,0.3530701148276
"PWY_152","fixed",NA,"(Intercept)",-6.5437648424677,0.0479541473759863,-136.458788249556,27.6296786988117,1.23508754182909e-40,6.35967728720836e-40
"PWY_152","fixed",NA,"carrierper",0.107685773668556,0.103014748739389,1.04534326381734,31.7301716165134,0.303762938238193,0.434213279812876
"PWY_153","fixed",NA,"(Intercept)",-4.00688270353357,0.145945316690295,-27.4546850450599,37.8295980885392,1.38060250818329e-26,2.77310676212677e-26
"PWY_153","fixed",NA,"carrierper",-0.0262238644361692,0.304796004453684,-0.0860374284865472,38.305887407948,0.93188481566734,0.947128296839652
"PWY_157","fixed",NA,"(Intercept)",-6.31922679513788,0.109545135845258,-57.686055582279,35.6429634075643,8.53741287485993e-37,3.10815187475369e-36
"PWY_157","fixed",NA,"carrierper",0.260975768472589,0.231378832267072,1.12791548784097,37.6994831375448,0.266482967451836,0.392978046938467
"PWY_158","fixed",NA,"(Intercept)",-3.30728078287581,0.0160914353198511,-205.530502229084,33.142334246922,4.71403675749501e-53,9.98518694996671e-52
"PWY_158","fixed",NA,"carrierper",0.0392006083870559,0.0341344198489152,1.14841876793467,35.7404158219617,0.258424186309162,0.385979714166889
"PWY_159","fixed",NA,"(Intercept)",-3.79865250023071,0.032341885227367,-117.453032608513,34.9158776106987,5.96413022672578e-47,5.19492464608264e-46
"PWY_159","fixed",NA,"carrierper",0.0269568429790977,0.0690380365056219,0.390463639227377,38.5291496562557,0.698344303423119,0.762127506780266
"PWY_161","fixed",NA,"(Intercept)",-3.33929843919927,0.0213085263457723,-156.711843184867,35.4241794269902,6.23865003409135e-52,9.89524378043865e-51
"PWY_161","fixed",NA,"carrierper",0.0482885798679016,0.0451081852304681,1.07050593193196,37.7994042353676,0.291179806605095,0.420092228724379
"PWY_162","fixed",NA,"(Intercept)",-5.33303188978547,0.12176316115358,-43.7984020721908,35.5692565422899,1.53130356087265e-32,3.92081021630031e-32
"PWY_162","fixed",NA,"carrierper",0.194867146543272,0.257556916676991,0.756598382436995,37.8328591447431,0.453976532811618,0.561893929057674
"PWY_163","fixed",NA,"(Intercept)",-3.94785686388188,0.0746714336299586,-52.869707624014,37.7102904037784,5.56679590554801e-37,2.1023825827739e-36
"PWY_163","fixed",NA,"carrierper",0.095844881297693,0.156291041528884,0.613246161520907,38.5040722399069,0.543319364144463,0.637537107456814
"PWY_164","fixed",NA,"(Intercept)",-4.76572453947862,0.102966742221491,-46.2841150128562,36.7495459436677,3.47861676030126e-34,1.03580537399386e-33
"PWY_164","fixed",NA,"carrierper",0.353529705409151,0.216776288526693,1.63085043946409,38.3625419571488,0.111105967444575,0.194279102548488
"PWY_165","fixed",NA,"(Intercept)",-4.54369711702943,0.0942734637030395,-48.1969892539648,37.4013469745811,2.83792824011162e-35,9.12051420615184e-35
"PWY_165","fixed",NA,"carrierper",0.208826611417389,0.198453594259899,1.05226923299714,39.01108658712,0.299150563082231,0.428276996609277
"PWY_166","fixed",NA,"(Intercept)",-5.28391161543534,0.150940864725724,-35.0065015530206,34.6956062987059,1.17290058606367e-28,2.39199856939024e-28
"PWY_166","fixed",NA,"carrierper",0.279545962398056,0.318707196158958,0.877124726919031,36.6795868065545,0.386127841918731,0.515192405517088
"PWY_167","fixed",NA,"(Intercept)",-3.58392147747947,0.0178158690228564,-201.164561373996,32.1525040394855,2.01832242661606e-51,2.98583571683518e-50
"PWY_167","fixed",NA,"carrierper",0.036949624617574,0.0380321844678845,0.971535691008634,35.6367630983827,0.337830006563708,0.467841851585997
"PWY_170","fixed",NA,"(Intercept)",-6.00750698643649,0.0818717344430592,-73.3770577514104,35.7446400562026,1.40604885149706e-40,7.20020620656734e-40
"PWY_170","fixed",NA,"carrierper",0.438083509391345,0.173665575107905,2.52256965215557,38.4283023958341,0.0159067758023827,0.0303793341143866
"PWY_171","fixed",NA,"(Intercept)",-4.02930685879641,0.0369740728001531,-108.976549069264,36.0272139080502,5.47819178041691e-47,4.8166742824043e-46
"PWY_171","fixed",NA,"carrierper",0.0755936156794826,0.0782814502358642,0.965664476727461,38.440111469353,0.340248416356738,0.469099887639763
"PWY_172","fixed",NA,"(Intercept)",-5.12028926986604,0.112067762545992,-45.6892254609321,35.4872804542614,3.97250132955177e-33,1.08573936631738e-32
"PWY_172","fixed",NA,"carrierper",0.26785637790069,0.235829307566598,1.13580615006914,37.0117826333637,0.263339151905111,0.390911318564635
"PWY_175","fixed",NA,"(Intercept)",-5.44521043070933,0.0970253004722987,-56.121551844758,37.0191682358322,2.00848912375106e-37,8.03395649500422e-37
"PWY_175","fixed",NA,"carrierper",0.194388136707391,0.203675035871562,0.954403350786554,38.2228086436682,0.345876807422626,0.474752849069054
"PWY_176","fixed",NA,"(Intercept)",-4.18762796005237,0.0673914507573493,-62.1388605378212,32.0850742644814,5.1780931001093e-35,1.64709309532487e-34
"PWY_176","fixed",NA,"carrierper",0.0712667060524285,0.143182649662585,0.497732834392791,34.8684155953139,0.621797001160368,0.699052840870281
"PWY_177","fixed",NA,"(Intercept)",-4.74585119836179,0.124986129882856,-37.9710228871784,36.2166295940179,9.04158699342844e-31,2.02080553426266e-30
"PWY_177","fixed",NA,"carrierper",0.207402350395523,0.26334812723799,0.787559617646686,37.9355752917978,0.435847665898215,0.548801449773922
"PWY_178","fixed",NA,"(Intercept)",-5.62621116825226,0.132397764224293,-42.4947596450418,36.2060577043417,1.70066227914411e-32,4.34251299770496e-32
"PWY_178","fixed",NA,"carrierper",0.460179132642452,0.278780922377286,1.65068372942562,37.8309432793978,0.107082241324828,0.187595204726954
"PWY_179","fixed",NA,"(Intercept)",-4.0200960858661,0.0478440530140896,-84.0249902047851,37.47335757226,2.77003595290963e-44,1.88443321759984e-43
"PWY_179","fixed",NA,"carrierper",0.058282448683079,0.100396977976045,0.580519950480833,38.6305245311089,0.564935374781008,0.653292890045708
"PWY_180","fixed",NA,"(Intercept)",-6.10914530658236,0.113952732370284,-53.6112226491507,37.4038152279379,5.57176499941151e-37,2.1023825827739e-36
"PWY_180","fixed",NA,"carrierper",0.110775201937072,0.240914421125077,0.459811419423333,39.6406207549153,0.648163649025367,0.722593924511534
"PWY_181","fixed",NA,"(Intercept)",-6.47835810247823,0.0658079283608834,-98.4434286846355,37.7916102485684,3.6278798574799e-47,3.25113848766468e-46
"PWY_181","fixed",NA,"carrierper",0.320164828014273,0.13869146308874,2.30846817016718,39.5755274820095,0.0262813644719788,0.0496840399348564
"PWY_182","fixed",NA,"(Intercept)",-6.10833686967945,0.0949036828661232,-64.3635387500845,38.1898703993758,1.4770388941693e-40,7.44108242900425e-40
"PWY_182","fixed",NA,"carrierper",0.144612682198786,0.200665459499456,0.720665542338534,40.462370571243,0.47525852040374,0.576826591947724
"PWY_185","fixed",NA,"(Intercept)",-6.10833686967945,0.0949036828661232,-64.3635387500845,38.1898703993758,1.4770388941693e-40,7.44108242900425e-40
"PWY_185","fixed",NA,"carrierper",0.144612682198786,0.200665459499456,0.720665542338534,40.462370571243,0.47525852040374,0.576826591947724
"PWY_186","fixed",NA,"(Intercept)",-6.33791434445224,0.0919670118928443,-68.9150839415864,43.5113683739757,4.54173152962191e-46,3.61785793641677e-45
"PWY_186","fixed",NA,"carrierper",-0.0381763631461923,0.195317265489137,-0.195458210264138,46.5691020963416,0.845884590679176,0.883816635104251
"PWY_187","fixed",NA,"(Intercept)",-3.67232267559332,0.0414985280272617,-88.4928417986502,36.7397997189653,2.00645609447032e-44,1.38519783707136e-43
"PWY_187","fixed",NA,"carrierper",0.0904053298052682,0.0871425506136642,1.03744186013179,37.986773270292,0.306089016652081,0.436868244287503
"PWY_188","fixed",NA,"(Intercept)",-7.07962599838533,0.109895645030702,-64.4213516960336,34.4136555094683,1.80857464472226e-37,7.29693319861968e-37
"PWY_188","fixed",NA,"carrierper",-0.163676635330371,0.232520623070237,-0.703923089355087,36.6846207869288,0.48592515740014,0.586635034581516
"PWY_189","fixed",NA,"(Intercept)",-4.40608701360267,0.0737024247315555,-59.7821174764718,36.9563566536827,2.22411336262974e-38,9.50859474298588e-38
"PWY_189","fixed",NA,"carrierper",0.0920070022191089,0.155383490592004,0.592128557986222,38.7746161478731,0.55720177010871,0.648329650114005
"PWY_190","fixed",NA,"(Intercept)",-4.20455560101933,0.0499214093436707,-84.2234956163632,34.2763045813407,2.55041379781771e-41,1.3982268585683e-40
"PWY_190","fixed",NA,"carrierper",-0.286488815468673,0.106021099165266,-2.70218680738344,37.0886227892166,0.0103279425036132,0.0200534216945157
"PWY_191","fixed",NA,"(Intercept)",-6.84780273364171,0.0189941293216754,-360.522065406138,5.10093901509902,1.94540457552008e-12,3.89080915104015e-12
"PWY_191","fixed",NA,"carrierper",0.0149278070836924,0.0414626668123083,0.360030076002277,6.77897754417602,0.729779266265919,0.790877065302136
"PWY_192","fixed",NA,"(Intercept)",-4.89074872181469,0.132355716858982,-36.951548734578,36.6204151289741,1.37036510735378e-30,3.01221764163614e-30
"PWY_192","fixed",NA,"carrierper",0.225848033286177,0.278278532200909,0.811589853877487,38.0416232173374,0.422076298740625,0.541838995077496
"PWY_195","fixed",NA,"(Intercept)",-7.39235889847823,0.0754321513516116,-98.0001069308,34.7673641067097,4.60504837746122e-44,3.08770150200997e-43
"PWY_195","fixed",NA,"carrierper",0.240877605975991,0.162430803105845,1.48295521151261,39.7598841738095,0.145970206127706,0.244244581886934
"PWY_196","fixed",NA,"(Intercept)",-5.64367990428735,0.146901194249258,-38.4182030182226,35.7152940486127,1.20245973697258e-30,2.66197737496069e-30
"PWY_196","fixed",NA,"carrierper",0.473053132678718,0.310322015340846,1.52439436873061,37.7925000741668,0.135735658309004,0.228762447638321
"PWY_197","fixed",NA,"(Intercept)",-3.83775535132643,0.036865374722958,-104.101894532933,35.4420753000184,1.13717258275038e-45,8.75904832333354e-45
"PWY_197","fixed",NA,"carrierper",-0.0179251458481325,0.0775228652554495,-0.231223985195419,36.866854537259,0.818419310943155,0.858005396849292
"PWY_198","fixed",NA,"(Intercept)",-3.38917519660661,0.0224189342153284,-151.174679583535,37.3615171093951,1.11005612317809e-53,3.04285972588817e-52
"PWY_198","fixed",NA,"carrierper",0.0536170092215438,0.0472994080675387,1.13356617793153,39.2941896576593,0.263845477657424,0.390944332554403
"PWY_199","fixed",NA,"(Intercept)",-5.06827357852069,0.128408407835595,-39.4699511032779,36.6712935680594,1.20810489952347e-31,2.91924061561123e-31
"PWY_199","fixed",NA,"carrierper",0.267887096474212,0.270547157317436,0.990167847743812,38.3931673945391,0.328291715202177,0.456668475475267
"PWY_200","fixed",NA,"(Intercept)",-4.41814468246323,0.0695451500635575,-63.5291559285655,37.0924381688391,1.86299189622717e-39,8.6383504839986e-39
"PWY_200","fixed",NA,"carrierper",0.0230312973539444,0.147127183397798,0.15654005481552,39.4197849095326,0.876406333565839,0.904552273403502
"PWY_201","fixed",NA,"(Intercept)",-5.7915201579285,0.106503610274828,-54.3786275693726,36.0073032378986,3.64089266837123e-36,1.25214463724059e-35
"PWY_201","fixed",NA,"carrierper",-0.0230667609506659,0.224292909138425,-0.102842131921477,37.6507909405821,0.918634083778333,0.93775133196211
"PWY_202","fixed",NA,"(Intercept)",-3.23132523080802,0.0179819477232394,-179.698288558137,35.3770258912271,5.64731591828402e-54,1.87974944137168e-52
"PWY_202","fixed",NA,"carrierper",0.0181992484214982,0.0381369918576309,0.477207234630297,38.0247574742148,0.635946045034512,0.712381867755006
"PWY_203","fixed",NA,"(Intercept)",-5.58851636801787,0.0915834068332532,-61.021057866879,33.5753454894851,5.52488442144136e-36,1.87243355664849e-35
"PWY_203","fixed",NA,"carrierper",-0.107248115315017,0.194349726720109,-0.551830543448459,36.2465868436039,0.58445097166155,0.668484551812719
"PWY_204","fixed",NA,"(Intercept)",-6.66510295806822,0.142059102914898,-46.9178167488571,37.0692746378717,1.28631531977533e-34,3.95658705620662e-34
"PWY_204","fixed",NA,"carrierper",0.532258657045862,0.299441263138786,1.77750605065798,38.8630263955042,0.0833115918998003,0.149607714163032
"PWY_205","fixed",NA,"(Intercept)",-3.29334223963932,0.012969273448001,-253.934212494142,23.5779342353135,4.91305458705048e-42,2.8618542969569e-41
"PWY_205","fixed",NA,"carrierper",0.0437031749251196,0.0279173162828626,1.56545043521778,27.5663985789341,0.128886068982735,0.219200394693264
"PWY_206","fixed",NA,"(Intercept)",-6.14781188493156,0.163283113958356,-37.6512410615803,35.8232785225949,2.09359688765085e-30,4.55895397030513e-30
"PWY_206","fixed",NA,"carrierper",0.454578063277664,0.343602058526399,1.32297828839329,37.353386001776,0.193884740123357,0.309418797594125
"PWY_207","fixed",NA,"(Intercept)",-4.78029435833202,0.131671072908154,-36.3048181559702,35.3736643167369,1.36813579063223e-29,2.88484741373132e-29
"PWY_207","fixed",NA,"carrierper",0.243328644417248,0.27736590132939,0.877283917204658,37.0404203892873,0.385987249286831,0.515192405517088
"PWY_210","fixed",NA,"(Intercept)",-6.07713291573649,0.151711823662892,-40.0570817027421,37.0283556551314,4.28096538671218e-32,1.07834047038264e-31
"PWY_210","fixed",NA,"carrierper",0.139637282983744,0.321087463353728,0.434888617341971,39.4148038027346,0.666015231477221,0.736330006805184
"PWY_211","fixed",NA,"(Intercept)",-4.95755117087312,0.131762067849351,-37.6250255615395,36.8273141786865,5.42194704870392e-31,1.24158590894154e-30
"PWY_211","fixed",NA,"carrierper",0.207148438483732,0.276269815796796,0.749804816303547,37.8621442138401,0.458006261972846,0.566129756178637
"PWY_212","fixed",NA,"(Intercept)",-4.54371485374135,0.114020506563782,-39.8499795403,36.6227598430407,9.17953217501002e-32,2.2514010492393e-31
"PWY_212","fixed",NA,"carrierper",0.182285299548083,0.239408550383504,0.761398451542702,37.8547176205389,0.451136652586582,0.560301722056298
"PWY_213","fixed",NA,"(Intercept)",-4.67746093247078,0.111925071338962,-41.7910024672238,37.1727069421141,7.4636083564137e-33,1.95945999666974e-32
"PWY_213","fixed",NA,"carrierper",0.205720532880334,0.234791029459699,0.876185659025127,38.2806844956711,0.386394304137816,0.515192405517088
"PWY_214","fixed",NA,"(Intercept)",-4.68326575384302,0.116040558155817,-40.358869590703,36.4075729875988,7.93243416906975e-32,1.96101555585491e-31
"PWY_214","fixed",NA,"carrierper",0.258574528059292,0.244360814977884,1.05816690815462,38.0492747324259,0.296651246126541,0.42535224829221
"PWY_215","fixed",NA,"(Intercept)",-4.9015508275369,0.13688058480485,-35.8089559196801,36.0064326439615,9.46360906265169e-30,2.01371772748661e-29
"PWY_215","fixed",NA,"carrierper",0.198280091107637,0.287842602724648,0.688849007168384,37.441994040863,0.495164936133845,0.591658615995825
"PWY_216","fixed",NA,"(Intercept)",-5.82152990355895,0.149641282471175,-38.9032345046919,34.7397785571027,3.09103560813405e-30,6.68409556097666e-30
"PWY_216","fixed",NA,"carrierper",0.270423277432778,0.314704556491089,0.859292539161044,36.1643698456754,0.395839446706524,0.524531322503156
"PWY_217","fixed",NA,"(Intercept)",-5.06100618669137,0.140435291471452,-36.0379939662118,36.0570211147142,7.07470829776212e-30,1.51230003062254e-29
"PWY_217","fixed",NA,"carrierper",0.215998428049358,0.295264438880506,0.731542304479046,37.4680195148404,0.468998876799681,0.573236520614504
"PWY_218","fixed",NA,"(Intercept)",-4.69355333454778,0.118242970958069,-39.6941424637594,36.5784836656351,1.12465048070634e-31,2.72962043754769e-31
"PWY_218","fixed",NA,"carrierper",0.199609772673818,0.248225861491675,0.804145754492676,37.7821436438136,0.426343778144937,0.54403149168653
"PWY_219","fixed",NA,"(Intercept)",-4.83900270500614,0.119535882413215,-40.4815910278601,36.4652668965136,6.5521591784175e-32,1.6284299611427e-31
"PWY_219","fixed",NA,"carrierper",0.274379404370532,0.251647660664557,1.09033163132113,38.066327350948,0.282421071340882,0.410634069406711
"PWY_222","fixed",NA,"(Intercept)",-4.9015508275369,0.13688058480485,-35.8089559196801,36.0064326439615,9.46360906265169e-30,2.01371772748661e-29
"PWY_222","fixed",NA,"carrierper",0.198280091107637,0.287842602724648,0.688849007168384,37.441994040863,0.495164936133845,0.591658615995825
"PWY_223","fixed",NA,"(Intercept)",-4.54997974183569,0.118513300922231,-38.3921442270975,36.8167340238238,2.6638789509047e-31,6.26953328849288e-31
"PWY_223","fixed",NA,"carrierper",0.15214051564473,0.248585702325904,0.612024401328073,37.9055273890519,0.544175540094803,0.637537107456814
"PWY_224","fixed",NA,"(Intercept)",-4.54997974183569,0.118513300922231,-38.3921442270975,36.8167340238238,2.6638789509047e-31,6.26953328849288e-31
"PWY_224","fixed",NA,"carrierper",0.15214051564473,0.248585702325904,0.612024401328073,37.9055273890519,0.544175540094803,0.637537107456814
"PWY_225","fixed",NA,"(Intercept)",-4.54997974183569,0.118513300922231,-38.3921442270975,36.8167340238238,2.6638789509047e-31,6.26953328849288e-31
"PWY_225","fixed",NA,"carrierper",0.15214051564473,0.248585702325904,0.612024401328073,37.9055273890519,0.544175540094803,0.637537107456814
"PWY_226","fixed",NA,"(Intercept)",-6.49713860443753,0.0900070156178609,-72.1848020383452,34.9375402566621,1.28160864093143e-39,6.03262249165704e-39
"PWY_226","fixed",NA,"carrierper",0.0714161490818871,0.189401857509954,0.377061503096051,36.4482174552288,0.708314434565518,0.770072982771796
"PWY_227","fixed",NA,"(Intercept)",-4.60080154225475,0.0875206380403923,-52.5681901465503,34.4221236274942,1.81987835241513e-34,5.50690462484059e-34
"PWY_227","fixed",NA,"carrierper",0.259211942671549,0.184163242422173,1.40751183168971,35.9173597273452,0.167871577969481,0.274967154073034
"PWY_228","fixed",NA,"(Intercept)",-4.86905850478625,0.105541998020708,-46.1338480993216,34.9128458196572,7.02532622388216e-33,1.84960566120287e-32
"PWY_228","fixed",NA,"carrierper",0.242659356615305,0.222228151029806,1.09193797226328,36.5086329577431,0.282014056267503,0.410634069406711
"PWY_229","fixed",NA,"(Intercept)",-5.19739584946259,0.121086929780045,-42.9228477334728,35.7237240269833,2.45685366758646e-32,6.25625032292507e-32
"PWY_229","fixed",NA,"carrierper",0.242269446646471,0.254904149030432,0.950433516158842,37.3056137568445,0.348009231635029,0.476276951371288
"PWY_230","fixed",NA,"(Intercept)",-3.45618645842631,0.0217074809936729,-159.216376116312,29.9724560659856,1.92319760118812e-45,1.44550013250591e-44
"PWY_230","fixed",NA,"carrierper",0.008713318821892,0.0465287905134661,0.187267253795695,33.9305725243604,0.852566428878196,0.884937962055319
"PWY_231","fixed",NA,"(Intercept)",-4.29895341672445,0.0974651078110699,-44.1076146456197,34.2116520002204,9.71714156875226e-32,2.37700155960029e-31
"PWY_231","fixed",NA,"carrierper",0.344511025842947,0.205375518031222,1.67746881003885,35.8965472363482,0.10213877760898,0.179568481145014
"PWY_232","fixed",NA,"(Intercept)",-6.04461917267886,0.107924704959128,-56.0077433148229,37.4514005383898,1.01902832072517e-37,4.18385195998174e-37
"PWY_232","fixed",NA,"carrierper",0.0437806460839161,0.2294096634256,0.190840461688374,40.5075863681792,0.849603874610697,0.884937962055319
"PWY_233","fixed",NA,"(Intercept)",-3.41700458774056,0.0254384015742066,-134.324657851351,37.6685252959716,4.09587593864879e-52,6.9406479542194e-51
"PWY_233","fixed",NA,"carrierper",0.0728287974322468,0.0536064165635088,1.35858358198528,39.4352602149629,0.181999631478473,0.292959683139787
"PWY_234","fixed",NA,"(Intercept)",-5.33336308285267,0.131975775837678,-40.4116819848241,36.7843526356045,4.41020262862417e-32,1.10789995953577e-31
"PWY_234","fixed",NA,"carrierper",0.110711746617495,0.278928597406536,0.39691787664258,38.9590864530131,0.693594090067994,0.758720295708181
"PWY_235","fixed",NA,"(Intercept)",-4.15305294717392,0.0684655441691426,-60.6590219587519,34.1185167745093,2.44175908166958e-36,8.45992365842397e-36
"PWY_235","fixed",NA,"carrierper",0.3925834379619,0.144735727082788,2.71241555816654,36.2562078707223,0.0101512063959936,0.0197514078519124
"PWY_236","fixed",NA,"(Intercept)",-6.50875084391134,0.102590532292045,-63.4439718607061,36.1230527556089,1.20204850444588e-38,5.25966763447681e-38
"PWY_236","fixed",NA,"carrierper",0.183826648068249,0.216637429819937,0.848545185478984,38.1567880709368,0.401426505833597,0.527686182562641
"PWY_239","fixed",NA,"(Intercept)",-3.34187558849018,0.0186736024999325,-178.962553610224,36.9490073905737,6.75374130205841e-56,3.31288783869392e-54
"PWY_239","fixed",NA,"carrierper",0.0713829173937249,0.0395948273011034,1.80283441700314,39.6109375315327,0.079026001077493,0.1427368856671
"PWY_240","fixed",NA,"(Intercept)",-3.28036419205611,0.0144692459500093,-226.712864194143,32.3183039729716,2.54676074427829e-53,5.81785232485705e-52
"PWY_240","fixed",NA,"carrierper",0.0541343325383208,0.0309846014730646,1.74713664093374,36.2855902824334,0.0890736652060445,0.159035739410026
"PWY_241","fixed",NA,"(Intercept)",-3.39936930542445,0.02947562096277,-115.32816593476,37.5001422045746,1.90564248895164e-49,2.11435571393206e-48
"PWY_241","fixed",NA,"carrierper",0.0478723185213021,0.062037649947852,0.771665570206848,39.0860284976799,0.444953089738514,0.555284285725006
"PWY_242","fixed",NA,"(Intercept)",-3.4173046180725,0.0319008187844584,-107.122787072079,37.3161850085379,4.66230514335859e-48,4.43394734041858e-47
"PWY_242","fixed",NA,"carrierper",0.0644629809529345,0.0670547025486766,0.961349144843932,38.712558831494,0.342343162879759,0.470595616229993
"PWY_243","fixed",NA,"(Intercept)",-3.57610523134488,0.035241317558349,-101.47478809281,36.2459636607103,4.25041676371063e-46,3.41499002049854e-45
"PWY_243","fixed",NA,"carrierper",0.057177061892035,0.0739793834490753,0.772878324018387,37.440597381702,0.444446483450559,0.555284285725006
"PWY_244","fixed",NA,"(Intercept)",-3.48188114152745,0.0314046912523431,-110.871369934824,36.3106152693745,1.48089127021263e-47,1.36652540974076e-46
"PWY_244","fixed",NA,"carrierper",0.0530755762483357,0.0659275811605316,0.80505875255909,37.5107371370089,0.425859468221629,0.54403149168653
"PWY_246","fixed",NA,"(Intercept)",-5.92770803407737,0.165102148115615,-35.9032762549305,36.6025431378997,3.91577954763898e-30,8.42842156674256e-30
"PWY_246","fixed",NA,"carrierper",-0.145011819405938,0.345062261417213,-0.420248272906914,37.1790599535258,0.676723084449818,0.744635082298973
"PWY_247","fixed",NA,"(Intercept)",-3.62093206941497,0.0541615983166014,-66.8542321858529,38.4410932016881,2.17614719869161e-41,1.20724356498844e-40
"PWY_247","fixed",NA,"carrierper",0.106599118179446,0.113627786184477,0.938143052495803,39.5770640911844,0.353861156427748,0.482867639517805
"PWY_249","fixed",NA,"(Intercept)",-3.36746787279153,0.0253376107031598,-132.903923429985,32.8369044149108,1.9656327411035e-46,1.60699097781444e-45
"PWY_249","fixed",NA,"carrierper",-0.0808074032184291,0.0535890919952442,-1.50790767691306,35.0018558897128,0.140552061211945,0.236026164053213
"PWY_251","fixed",NA,"(Intercept)",-3.27826434016448,0.0158838281995273,-206.390065353517,32.9019173871474,8.64402208092244e-53,1.71409118711058e-51
"PWY_251","fixed",NA,"carrierper",0.0286757562814436,0.033691089656463,0.851137691711396,35.4781704435965,0.40040129292039,0.527686182562641
"PWY_254","fixed",NA,"(Intercept)",-4.0536653713345,0.0901042194561211,-44.9886297867388,35.7179442777182,4.76317031754455e-33,1.29048684184637e-32
"PWY_254","fixed",NA,"carrierper",0.211274080091173,0.189383682913164,1.11558755665369,37.0785927823341,0.27177690223896,0.399520619695127
"PWY_256","fixed",NA,"(Intercept)",-6.3012819148578,0.1009854113758,-62.3979427227234,37.4933434554875,1.71982135481252e-39,8.01436751342632e-39
"PWY_256","fixed",NA,"carrierper",0.200654704961951,0.213600908245603,0.939390691781303,39.8027143455956,0.353196295128314,0.482667077799983
"PWY_257","fixed",NA,"(Intercept)",-6.22723092205408,0.0972644039128785,-64.0237401509387,37.9299507123724,2.92789655547608e-40,1.43621031037037e-39
"PWY_257","fixed",NA,"carrierper",0.175862415476052,0.205559818325434,0.855529144307926,40.1264079291868,0.397338104814623,0.524531322503156
"PWY_258","fixed",NA,"(Intercept)",-7.3442667845901,0.0844688231140129,-86.9464793498671,30.6808545659957,2.7547564600611e-38,1.16701500944407e-37
"PWY_258","fixed",NA,"carrierper",0.168352908793313,0.18072673097594,0.931532971819903,34.4166418874102,0.358066837408758,0.485864939869531
"PWY_259","fixed",NA,"(Intercept)",-6.83421681537279,0.0946182767027937,-72.2293520187417,34.4414691450589,3.42950040243926e-39,1.55916798784068e-38
"PWY_259","fixed",NA,"carrierper",0.114032736522533,0.200285683848503,0.569350411529104,36.7776664562833,0.57257959780475,0.659634345060602
"PWY_260","fixed",NA,"(Intercept)",-4.0403878725034,0.0513629392150781,-78.6634864407702,35.9901840818369,7.09824822274531e-42,4.03388252658453e-41
"PWY_260","fixed",NA,"carrierper",0.0764281038254846,0.107763179797182,0.709222797335117,37.1042077627006,0.482619221054209,0.583896690593697
"PWY_261","fixed",NA,"(Intercept)",-5.28731124822549,0.136886912394931,-38.6253963634677,37.3070636536361,1.08647747462921e-31,2.64385641345802e-31
"PWY_261","fixed",NA,"carrierper",0.260577879194749,0.286626350851035,0.9091204574215,38.1546004351461,0.368993740607859,0.496251322145057
"PWY_262","fixed",NA,"(Intercept)",-3.62533586726925,0.0387382098607956,-93.5855291273593,37.4580990203039,5.14896820882617e-46,4.03263728624033e-45
"PWY_262","fixed",NA,"carrierper",0.0347981600527555,0.0813761172136287,0.427621287968352,38.767758309222,0.671292909600894,0.740408274258028
"PWY_263","fixed",NA,"(Intercept)",-3.28036419205611,0.0144692459500093,-226.712864194143,32.3183039729716,2.54676074427829e-53,5.81785232485705e-52
"PWY_263","fixed",NA,"carrierper",0.0541343325383208,0.0309846014730646,1.74713664093374,36.2855902824334,0.0890736652060445,0.159035739410026
"PWY_265","fixed",NA,"(Intercept)",-4.1487142969641,0.069538434742748,-59.6607374369577,34.3126223811448,2.99038388727291e-36,1.03223621590309e-35
"PWY_265","fixed",NA,"carrierper",0.40989758626022,0.14695522546474,2.78926853375874,36.4089123024516,0.0083520769174598,0.0163989254749247
"PWY_266","fixed",NA,"(Intercept)",-5.09733354032368,0.127234573434519,-40.0624877557123,35.8063762900855,2.44071976784291e-31,5.78817003468089e-31
"PWY_266","fixed",NA,"carrierper",0.423410804015748,0.267963495058045,1.58010628994084,37.4521114760853,0.122492339928561,0.2102446792144
"PWY_267","fixed",NA,"(Intercept)",-4.87421634187582,0.120482138502868,-40.4559248569429,35.7995013735482,1.75010374832039e-31,4.20385745730568e-31
"PWY_267","fixed",NA,"carrierper",0.329906575514268,0.253679647736925,1.3004849953765,37.4100250731635,0.201389555441901,0.319753093137737
"PWY_268","fixed",NA,"(Intercept)",-4.53501043676214,0.0960618276673198,-47.2092874650244,35.8830558116912,6.73244098218733e-34,1.95471495183757e-33
"PWY_268","fixed",NA,"carrierper",-0.316845332077346,0.202962723523566,-1.56110110554639,37.9905721701287,0.126792592645519,0.216826965771787
"PWY_269","fixed",NA,"(Intercept)",-5.50983594757885,0.121020481654826,-45.5281277370385,37.0257694537787,4.11626948601404e-34,1.21020919904261e-33
"PWY_269","fixed",NA,"carrierper",0.179039727856097,0.255228002312382,0.701489359451101,38.8941863461909,0.487174077191274,0.587381940416904
"PWY_270","fixed",NA,"(Intercept)",-4.19850464998189,0.0620915774104788,-67.6179415160636,35.0169560576186,1.05930155500966e-38,4.65692947768398e-38
"PWY_270","fixed",NA,"carrierper",0.10178506005242,0.130351447375889,0.780851015477465,36.2008967112228,0.439966701874972,0.551882861571298
"PWY_271","fixed",NA,"(Intercept)",-7.57183446017701,0.0526154437986513,-143.908972604182,102.999999998633,1.45421299464213e-120,2.2588775183441e-118
"PWY_271","fixed",NA,"carrierper",0.153414644157971,0.114946710428542,1.33465884831339,102.999999998685,0.184930877402126,0.297164789204795
"PWY_273","fixed",NA,"(Intercept)",-7.45100547613656,0.0511792963803134,-145.58632109297,102.999999998152,4.43375666661784e-121,8.26452242657566e-119
"PWY_273","fixed",NA,"carrierper",0.150740296589074,0.111809220567958,1.34819199904406,102.999999997923,0.180554033223726,0.291640136853575
"PWY_274","fixed",NA,"(Intercept)",-3.6760602978486,0.0312499426206481,-117.634145523828,38.2182205217159,1.54640333810154e-50,1.97431220700087e-49
"PWY_274","fixed",NA,"carrierper",-0.00986407873931757,0.0668633207785691,-0.147526007150982,42.3392975465763,0.883417161143283,0.910779639585774
"PWY_275","fixed",NA,"(Intercept)",-6.3889097155356,0.0964232166259731,-66.2590394626459,36.8036181742265,6.88423464663303e-40,3.2903111234164e-39
"PWY_275","fixed",NA,"carrierper",0.284806561605834,0.20560199741293,1.38523246461381,40.3229681127653,0.173597243521103,0.281868695055171
"PWY_276","fixed",NA,"(Intercept)",-6.50224043695373,0.13737066567356,-47.3335439198154,37.9942615309904,2.17396689837677e-35,7.10925315539352e-35
"PWY_276","fixed",NA,"carrierper",0.147920797308247,0.291163094049876,0.508034157937985,40.6263833899986,0.614176853519588,0.692993737869559
"PWY_280","fixed",NA,"(Intercept)",-4.1488416433891,0.0653318461168056,-63.5041237924221,33.8835631166851,8.11489617527985e-37,2.97759182494521e-36
"PWY_280","fixed",NA,"carrierper",0.131624325548179,0.138321680198721,0.951581309300757,36.2318007496592,0.347614558295949,0.476276951371288
"PWY_281","fixed",NA,"(Intercept)",-3.25544168123253,0.015922666849334,-204.453293662218,34.2806304003918,1.69010020062279e-54,6.05835918069402e-53
"PWY_281","fixed",NA,"carrierper",0.026822517175624,0.0336936813620513,0.796069651380803,36.5645922721051,0.431129808964516,0.545200789626769
"PWY_282","fixed",NA,"(Intercept)",-3.25551955141678,0.0168569449593474,-193.126308430612,34.820383767874,2.34846162660604e-54,8.10654161480309e-53
"PWY_282","fixed",NA,"carrierper",0.0189550919978508,0.035620545299521,0.532139298780069,36.9183411427202,0.59781767975583,0.679197214142997
"PWY_283","fixed",NA,"(Intercept)",-3.25041874674058,0.0177148687583246,-183.485341668882,34.6148314513216,2.55935563647145e-53,5.81785232485705e-52
"PWY_283","fixed",NA,"carrierper",0.0170318197854771,0.0374331286840665,0.454993220823852,36.7059186005162,0.651793924939481,0.723805661751362
"PWY_284","fixed",NA,"(Intercept)",-6.5290507141492,0.0569880426167606,-114.568783456145,39.9561709432785,6.26415647044936e-52,9.89524378043865e-51
"PWY_284","fixed",NA,"carrierper",0.121213557187383,0.121629886414994,0.99657708117731,43.731036681519,0.324452449174319,0.453430205419562
"PWY_285","fixed",NA,"(Intercept)",-6.0274057256215,0.0872539140786905,-69.0789151325136,36.8174881133763,1.46254307255942e-40,7.44108242900425e-40
"PWY_285","fixed",NA,"carrierper",-0.0425470920466196,0.18246572723592,-0.23317854093009,37.4780033681827,0.816891656106613,0.857368269697481
"PWY_286","fixed",NA,"(Intercept)",-6.48026319606349,0.113535569512701,-57.0769427050662,37.655283483383,3.53674575566076e-38,1.48479596589001e-37
"PWY_286","fixed",NA,"carrierper",0.119761019992339,0.238452847259219,0.502241937426518,38.9391219078469,0.618325831397137,0.695989945485667
"PWY_288","fixed",NA,"(Intercept)",-4.63765039259224,0.0839980598448843,-55.2113989436945,38.5959514162659,2.42544055619149e-38,1.03219662026049e-37
"PWY_288","fixed",NA,"carrierper",0.00846716647917169,0.178057755105272,0.0475529216582883,41.260617652035,0.962301983648316,0.970633602554362
"PWY_290","fixed",NA,"(Intercept)",-5.74716625993818,0.121679672536608,-47.2319339798447,37.8399879562359,2.99999513911786e-35,9.6082318544943e-35
"PWY_290","fixed",NA,"carrierper",-0.511039022180196,0.255567161561427,-1.99962710020303,39.1317816771705,0.0525171655202928,0.0967312218674167
"PWY_291","fixed",NA,"(Intercept)",-4.24761611165748,0.0486973535437419,-87.2247833312359,34.9501563640359,1.73577335717559e-42,1.06430313742608e-41
"PWY_291","fixed",NA,"carrierper",-0.0588276657305496,0.102723379120676,-0.57268039889382,36.8030113600828,0.570343516997156,0.657871482476917
"PWY_292","fixed",NA,"(Intercept)",-6.53961288662881,0.0340519514590013,-192.048109034295,46.4155373311324,5.5935757125776e-69,5.79245840458036e-67
"PWY_292","fixed",NA,"carrierper",-0.105465756679248,0.0731967745220538,-1.44085251526311,51.5110447646505,0.155677700122133,0.259862497137321
"PWY_293","fixed",NA,"(Intercept)",-4.11701978095063,0.0645671620916301,-63.7633689879073,34.644663232305,1.65281988539986e-37,6.69751362257681e-37
"PWY_293","fixed",NA,"carrierper",0.354450870677331,0.136592692511454,2.59494753460262,36.9010033776298,0.0134944326930612,0.0259851472519277
"PWY_294","fixed",NA,"(Intercept)",-3.74305325318144,0.0375265163543761,-99.7442239997571,37.2325099461252,8.03923277432061e-47,6.87391279418974e-46
"PWY_294","fixed",NA,"carrierper",-0.0285394111911921,0.0801026551438205,-0.356285458202989,40.9360833797715,0.723456589299299,0.784937766271183
"PWY_295","fixed",NA,"(Intercept)",-4.78127184267758,0.095466907531832,-50.0830284157192,36.147704394649,5.38438522862463e-35,1.69535372739127e-34
"PWY_295","fixed",NA,"carrierper",0.319079412154305,0.200355009037973,1.59257017673978,37.3049175435638,0.119695876343573,0.206204356288743
"PWY_296","fixed",NA,"(Intercept)",-4.63285026740142,0.098049051019917,-47.2503325550834,37.4633013582806,5.34315711779761e-35,1.68807540128386e-34
"PWY_296","fixed",NA,"carrierper",-0.0511327746756362,0.205818875798649,-0.248435788395128,38.6693062373393,0.805111927148117,0.850753192859461
"PWY_297","fixed",NA,"(Intercept)",-4.47112112170301,0.0677707106817481,-65.9742398556131,35.9152231028934,4.41297139862721e-39,1.96788963804811e-38
"PWY_297","fixed",NA,"carrierper",-0.0416667111851784,0.142813645697893,-0.291755812139407,37.6473434370273,0.772075004191663,0.827096441271988
"PWY_298","fixed",NA,"(Intercept)",-6.27132676970727,0.0948943539465565,-66.0874594629646,38.1130268864754,6.27972024848679e-41,3.30660975796028e-40
"PWY_298","fixed",NA,"carrierper",0.0380783891692989,0.200120429472434,0.190277370829569,39.9968441780177,0.850054259908512,0.884937962055319
"PWY_300","fixed",NA,"(Intercept)",-5.25510712862084,0.142707771358756,-36.8242533576529,37.6354033701623,3.9828422896017e-31,9.21094048116324e-31
"PWY_300","fixed",NA,"carrierper",-0.138747897348424,0.29837733140773,-0.465008171679189,38.276251521661,0.644560296879475,0.720299996033178
"PWY_301","fixed",NA,"(Intercept)",-5.04067854307684,0.0930618285430439,-54.1648345190786,35.6815461356793,7.35482517091378e-36,2.4835858910477e-35
"PWY_301","fixed",NA,"carrierper",0.227619850883098,0.195613961277023,1.16361761398385,37.0515323407101,0.252017916795249,0.38006585510222
"PWY_302","fixed",NA,"(Intercept)",-4.6663283638371,0.0798087441343357,-58.4688860155805,35.9735788459381,2.92316687603413e-37,1.13045291637502e-36
"PWY_302","fixed",NA,"carrierper",-0.211494847813189,0.169169354923986,-1.25019598205728,38.5586164680467,0.218762401727529,0.340666269565488
"PWY_303","fixed",NA,"(Intercept)",-5.73814330458441,0.17249763551108,-33.2650548373217,37.0506565016182,3.37455491287191e-29,6.95815305043499e-29
"PWY_303","fixed",NA,"carrierper",-0.100494059828355,0.362550393753415,-0.277186458930465,38.4290734189448,0.783122576033123,0.833185206464464
"PWY_304","fixed",NA,"(Intercept)",-4.40279313292067,0.0749667293276849,-58.7299615763647,34.7655124629289,2.23197088266959e-36,7.76192859197035e-36
"PWY_304","fixed",NA,"carrierper",0.168149358595737,0.15824808980259,1.06256801459972,36.7136578018743,0.294917523018381,0.423517922115765
"PWY_305","fixed",NA,"(Intercept)",-5.7335810094302,0.174815541845785,-32.7978905587704,37.0691820310618,5.47784576131571e-29,1.12452692721283e-28
"PWY_305","fixed",NA,"carrierper",-0.0882490914125146,0.367375890345062,-0.240214705787104,38.4299693199241,0.811440614305497,0.85377455645961
"PWY_306","fixed",NA,"(Intercept)",-3.96084298266231,0.0598058526014983,-66.22835074444,35.5242280661383,8.17467336194579e-39,3.62799789206356e-38
"PWY_306","fixed",NA,"carrierper",0.10453682142261,0.125456447235893,0.833251887215104,36.6088500379061,0.41010630482104,0.533080998735299
"PWY_307","fixed",NA,"(Intercept)",-3.27322357345422,0.018907470581314,-173.118004302972,33.7827596305386,2.14159702860209e-51,3.11870067290179e-50
"PWY_307","fixed",NA,"carrierper",-0.00979987905027503,0.0399565155342822,-0.245263605177655,35.8616439474251,0.807650480797861,0.852469137150177
"PWY_308","fixed",NA,"(Intercept)",-5.12453707249907,0.107997569495551,-47.4504851955043,35.3439736788711,1.33405241415403e-33,3.76768742421685e-33
"PWY_308","fixed",NA,"carrierper",0.453168667175924,0.227751232607623,1.98975286318936,37.167919731771,0.0540133183307267,0.0992907548012569
"PWY_309","fixed",NA,"(Intercept)",-3.91600855971044,0.0383853879886952,-102.018209659982,36.9597664881482,6.58585718708351e-47,5.68335083181651e-46
"PWY_309","fixed",NA,"carrierper",0.114461193733656,0.0809548073622395,1.41389001423337,38.8292896211463,0.165362228583532,0.272292574275357
"PWY_310","fixed",NA,"(Intercept)",-3.43073636915906,0.0157500992298721,-217.823159021895,34.267711459941,2.00969552474023e-55,8.51380104117224e-54
"PWY_310","fixed",NA,"carrierper",0.0110780155050837,0.033612788218539,0.329577404678785,37.8151177216987,0.743537989296246,0.801129949160811
"PWY_311","fixed",NA,"(Intercept)",-4.1663317268053,0.0591995166311459,-70.3777997507048,35.8840905716728,4.69105478791112e-40,2.25364075377998e-39
"PWY_311","fixed",NA,"carrierper",-0.0582264960646627,0.124714820757804,-0.466877117818568,37.5737119378546,0.643283825022219,0.719736524514655
"PWY_314","fixed",NA,"(Intercept)",-5.61195278655185,0.137407506255775,-40.8416755348545,36.4383505945652,4.96587826805026e-32,1.24080389968441e-31
"PWY_314","fixed",NA,"carrierper",0.464901854444268,0.289758474715275,1.60444609912133,38.2798350063784,0.116835648658778,0.202776209590282
"PWY_315","fixed",NA,"(Intercept)",-3.30903121609998,0.0229255676372021,-144.338027675716,35.1534230012041,2.38092826647008e-50,2.99868262750015e-49
"PWY_315","fixed",NA,"carrierper",-0.0575518495080289,0.0484210644004909,-1.18857051617076,37.1919200959878,0.242142885324609,0.368753544317868
"PWY_316","fixed",NA,"(Intercept)",-3.51541650320976,0.032821358947882,-107.107585301145,38.6313649060428,2.07136722690368e-49,2.27119324173438e-48
"PWY_316","fixed",NA,"carrierper",0.0526163589615902,0.0692451942021899,0.759855749814999,40.5865040645644,0.451732193067434,0.560301722056298
"PWY_317","fixed",NA,"(Intercept)",-6.32892260652225,0.124445224456875,-50.8570950323244,35.0277881730605,2.02320015565678e-34,6.0826533712004e-34
"PWY_317","fixed",NA,"carrierper",0.69131473810583,0.262213974188775,2.63645269190777,36.7243114406502,0.0122037898870278,0.0236464286376505
"PWY_318","fixed",NA,"(Intercept)",-4.0253825105839,0.0644637200490629,-62.4441547512338,37.826730335487,9.05238509179407e-40,4.28265122109242e-39
"PWY_318","fixed",NA,"carrierper",0.0379598926519402,0.135445494594195,0.280259544739165,39.1718921681197,0.780753187702407,0.832565184140324
"PWY_319","fixed",NA,"(Intercept)",-6.9322938711,0.0217170404220873,-319.209880184664,103.000000001012,4.10526157057514e-156,3.82610378377603e-153
"PWY_319","fixed",NA,"carrierper",0.0273913083371414,0.0474442896712125,0.577336251147659,103.000000001698,0.564972177442962,0.653292890045708
"PWY_320","fixed",NA,"(Intercept)",-5.40760315145766,0.152332071185447,-35.4987830820899,37.6947079674802,1.41127321900833e-30,3.09483915321356e-30
"PWY_320","fixed",NA,"carrierper",-0.36659873010254,0.319341098140431,-1.14798481071587,38.7134721267788,0.258019376184926,0.385979714166889
"PWY_321","fixed",NA,"(Intercept)",-6.40124341749642,0.082316645875273,-77.7636570274699,36.4806503305293,3.86626986858038e-42,2.29513599841842e-41
"PWY_321","fixed",NA,"carrierper",0.267684554417239,0.174348692661903,1.53534018712909,38.9641522823439,0.132781460825381,0.225414064643452
"PWY_323","fixed",NA,"(Intercept)",-5.0540207465002,0.157195594309592,-32.151160270729,36.0443799339357,3.89886820671813e-28,7.84826170337212e-28
"PWY_323","fixed",NA,"carrierper",0.13471319671914,0.330169222514746,0.408012581224536,37.312951708432,0.685596317010606,0.75173619700457
"PWY_324","fixed",NA,"(Intercept)",-5.74816989767508,0.178400348031978,-32.2206204252736,36.4899886073156,2.09566967389721e-28,4.2460089914613e-28
"PWY_324","fixed",NA,"carrierper",0.0989402898873274,0.37246091783113,0.265639386981766,36.9148747139832,0.791994902044252,0.839748860870584
"PWY_325","fixed",NA,"(Intercept)",-3.99112155304943,0.040635142041957,-98.2184718076901,37.900682153874,3.08112577984747e-47,2.78797012312412e-46
"PWY_325","fixed",NA,"carrierper",-0.00869467717253469,0.0868121042419641,-0.100155125238075,41.7648381626464,0.920700408103249,0.938126066081088
"PWY_328","fixed",NA,"(Intercept)",-4.53863906891525,0.0986688548991496,-45.99870013242,37.7406408020762,9.35894732043594e-35,2.89785345602867e-34
"PWY_328","fixed",NA,"carrierper",0.177622578252806,0.207217872154575,0.857177889175062,39.0179208336935,0.396581042838101,0.524531322503156
"PWY_329","fixed",NA,"(Intercept)",-5.91752829492546,0.151818086176329,-38.9777558390015,36.6172371204527,2.04300583954242e-31,4.86977351011135e-31
"PWY_329","fixed",NA,"carrierper",0.0386515136694961,0.318787357241398,0.121245440860529,37.8559157136818,0.904137930874804,0.925996210522327
"PWY_331","fixed",NA,"(Intercept)",-3.70080521079905,0.0462689571998406,-79.9846254328765,37.1622373116756,3.33188892138462e-43,2.09818950995302e-42
"PWY_331","fixed",NA,"carrierper",0.0284932503824425,0.0968767263401545,0.294118633637523,38.0003825519618,0.770267876760193,0.826110081864787
"PWY_332","fixed",NA,"(Intercept)",-4.22136572298195,0.0885500133771015,-47.6721071176435,33.1746541691793,3.86463395731534e-32,9.78760556580949e-32
"PWY_332","fixed",NA,"carrierper",0.114369386368182,0.186886822453508,0.611971378541863,35.0539315374206,0.544505941561829,0.637537107456814
"PWY_333","fixed",NA,"(Intercept)",-3.54600162804944,0.0218400478326745,-162.362356310609,33.9306280037593,1.22474952724186e-50,1.63066651341345e-49
"PWY_333","fixed",NA,"carrierper",0.011067703882076,0.0460999855760293,0.240080419630997,35.8492289416254,0.811635468909029,0.85377455645961
"PWY_334","fixed",NA,"(Intercept)",-3.75156763277371,0.0438569031775495,-85.5410975459422,37.5092450180314,1.31624343037334e-44,9.29347634172692e-44
"PWY_334","fixed",NA,"carrierper",0.11389484744344,0.0918129477540051,1.24050964738219,38.329688911977,0.222326864032605,0.344773106952392
"PWY_335","fixed",NA,"(Intercept)",-4.26057114466895,0.096018251745556,-44.372513217167,36.8559859087751,1.35744013781135e-33,3.82215772942653e-33
"PWY_335","fixed",NA,"carrierper",0.202848112720525,0.201651616851773,1.00593348016461,38.121074037177,0.320790331680363,0.451626267562082
"PWY_336","fixed",NA,"(Intercept)",-4.74323344115729,0.139147978069534,-34.087692160263,37.5950156464795,7.05654536053701e-30,1.51188512092425e-29
"PWY_336","fixed",NA,"carrierper",-0.221208689492988,0.290938008431351,-0.760329290372468,38.2373503503919,0.451720824338814,0.560301722056298
"PWY_337","fixed",NA,"(Intercept)",-6.71250716542573,0.107716371625257,-62.3164990070254,37.656683351197,1.3363159236724e-39,6.25852482845566e-39
"PWY_337","fixed",NA,"carrierper",-0.12400646960862,0.225450322854558,-0.550038997675861,38.446557436949,0.58547418887849,0.668703362787688
"PWY_338","fixed",NA,"(Intercept)",-5.60612940568958,0.131758907128302,-42.5483902976709,36.4785980966321,1.08425798397682e-32,2.79924775918669e-32
"PWY_338","fixed",NA,"carrierper",-0.0226141918934885,0.278829330387887,-0.0811040641313784,38.8350316438334,0.935775743576935,0.94798151414533
"PWY_339","fixed",NA,"(Intercept)",-3.83760973920351,0.0414024235954288,-92.6904612324971,35.4097254454424,7.38523490142056e-44,4.81331393575102e-43
"PWY_339","fixed",NA,"carrierper",-0.0471843040074519,0.087194279024758,-0.541139906599312,37.0445953961133,0.591650756979246,0.674930851290891
"PWY_340","fixed",NA,"(Intercept)",-6.08678550523076,0.0592906858847483,-102.660062274579,42.4231055853008,1.75178998620095e-52,3.2013103277241e-51
"PWY_340","fixed",NA,"carrierper",-0.11475765408608,0.125372183667965,-0.91533584826124,44.7823815422204,0.364918041521131,0.492903789416949
"PWY_341","fixed",NA,"(Intercept)",-5.22693477414629,0.137210535288714,-38.0942670557179,36.1456915294983,8.89433269708435e-31,1.99267261386601e-30
"PWY_341","fixed",NA,"carrierper",0.314384418351697,0.288630580628807,1.08922768220465,37.6298097675215,0.28298014268959,0.41078241507531
"PWY_342","fixed",NA,"(Intercept)",-4.27698568973839,0.0623453067823991,-68.6015661879113,36.0345925403789,8.68522565121149e-40,4.1299134219026e-39
"PWY_342","fixed",NA,"carrierper",0.167882658381382,0.131150597538449,1.28007543642463,37.5204908679001,0.208376611947297,0.329164410737087
"PWY_344","fixed",NA,"(Intercept)",-5.78605427791127,0.165934741392208,-34.8694566874045,36.5349487397569,1.20896104510327e-29,2.55499250348356e-29
"PWY_344","fixed",NA,"carrierper",-0.243054851333613,0.34873339738311,-0.696964653106049,37.895743835516,0.49007862097528,0.588803656548501
"PWY_347","fixed",NA,"(Intercept)",-4.87414188299735,0.146024045689903,-33.3790360345726,35.3502791372665,2.53603111318252e-28,5.12707374725838e-28
"PWY_347","fixed",NA,"carrierper",-0.103033231583059,0.307040986310388,-0.335568331841218,36.7607502885268,0.739104079548316,0.797274308031285
"PWY_348","fixed",NA,"(Intercept)",-4.27358600184197,0.0603486362476684,-70.8149556901889,37.2249031946557,2.64052259531446e-41,1.4391620227094e-40
"PWY_348","fixed",NA,"carrierper",0.115699390367922,0.126732281185997,0.91294332655558,38.4860637127866,0.366956216035057,0.494733062989826
"PWY_349","fixed",NA,"(Intercept)",-6.41932381654616,0.048213906093981,-133.1425793221,32.1047924390248,1.3071650253178e-45,9.9858836360343e-45
"PWY_349","fixed",NA,"carrierper",-0.11757165303942,0.101522701815655,-1.15808238883267,33.6409324094424,0.254986278066163,0.382607704133587
"PWY_350","fixed",NA,"(Intercept)",-7.0920068149118,0.101349039612296,-69.9760633355957,32.033043099985,1.30866188147935e-36,4.67307614382665e-36
"PWY_350","fixed",NA,"carrierper",0.520527773534944,0.216227672847669,2.40731339647564,35.4239648067303,0.021411822931272,0.0406432158288095
"PWY_352","fixed",NA,"(Intercept)",-5.73376416321219,0.154225874965413,-37.1777055211914,34.3706410891992,2.4024740356427e-29,5.02041659466142e-29
"PWY_352","fixed",NA,"carrierper",0.449807366963294,0.326076891890941,1.37945183528594,36.535203511304,0.176141022040648,0.285501621811972
"PWY_353","fixed",NA,"(Intercept)",-3.53716076768658,0.037479737248105,-94.3752818828905,39.8685759617288,1.71319305008474e-48,1.73553904639019e-47
"PWY_353","fixed",NA,"carrierper",0.114718902007245,0.0794032541097159,1.44476323160171,42.4746370667036,0.155861733798028,0.259862497137321
"PWY_354","fixed",NA,"(Intercept)",-4.63716510970074,0.0754646161266025,-61.4482037770026,36.1332082756539,3.70441446815256e-38,1.54821268355075e-37
"PWY_354","fixed",NA,"carrierper",0.194790621225324,0.159812604450037,1.21886894901473,38.5852005908614,0.230293509173968,0.354605546842274
"PWY_355","fixed",NA,"(Intercept)",-4.37088369738112,0.080871647677033,-54.0471700890351,34.8627433989187,3.28491364895254e-35,1.04847243863828e-34
"PWY_355","fixed",NA,"carrierper",0.239850480688942,0.170204373141052,1.40919105815321,36.393303423455,0.167266554219447,0.274458500937544
"PWY_356","fixed",NA,"(Intercept)",-5.15255155575855,0.133527179506826,-38.5880355953685,36.6308407002432,2.87185105496764e-31,6.71207158489605e-31
"PWY_356","fixed",NA,"carrierper",0.224640989780016,0.280983536962897,0.799480966778771,38.1747620278172,0.428958322402149,0.544792623604235
"PWY_358","fixed",NA,"(Intercept)",-6.72711073896926,0.0535592714720164,-125.601236799571,102.999999998623,1.64074949148296e-114,2.18454075151731e-112
"PWY_358","fixed",NA,"carrierper",0.0956902008851414,0.117008650392023,0.817804500475332,102.999999998766,0.415356652544579,0.536910402457071
"PWY_359","fixed",NA,"(Intercept)",-6.10433867311267,0.113057034872963,-53.9934439282955,36.7836290371752,1.23603448074885e-36,4.46505479092221e-36
"PWY_359","fixed",NA,"carrierper",0.212833351813861,0.23850382246408,0.892368724387697,38.6897035290568,0.377712157197576,0.506514720155599
"PWY_360","fixed",NA,"(Intercept)",-4.59055155508814,0.107541888721594,-42.686171961999,36.6990698005589,6.95851678972761e-33,1.83720613258531e-32
"PWY_360","fixed",NA,"carrierper",0.0572623979254626,0.225499743553966,0.253935534573053,37.7406012600177,0.800923758619258,0.847288244078488
"PWY_361","fixed",NA,"(Intercept)",-5.13336343987609,0.127253137671755,-40.3397789146655,38.5036021870224,4.10111688120385e-33,1.11761430797719e-32
"PWY_361","fixed",NA,"carrierper",-0.15233355818203,0.268359813723758,-0.567646683265467,40.394006235752,0.573416615565372,0.659783068773984
"PWY_362","fixed",NA,"(Intercept)",-5.39095686965934,0.143184680736952,-37.6503746204749,35.7081665510026,2.4554710497717e-30,5.33449654635716e-30
"PWY_362","fixed",NA,"carrierper",0.299123607955422,0.301397540067797,0.992455372688631,37.2778835678109,0.327374104285766,0.456072743190335
"PWY_363","fixed",NA,"(Intercept)",-6.01838639285397,0.115733822322268,-52.0019668588791,38.3487188646411,3.5737656822267e-37,1.3706788542532e-36
"PWY_363","fixed",NA,"carrierper",-0.100564078858984,0.244049790013372,-0.412063779499559,40.2258506957474,0.682480374797561,0.749201071038077
"PWY_364","fixed",NA,"(Intercept)",-3.96138510929253,0.0299597705223312,-132.223479693872,35.6845728671773,1.28554731097269e-49,1.46113426076408e-48
"PWY_364","fixed",NA,"carrierper",0.121051873251943,0.0635871739213917,1.90371525870281,38.4527539816352,0.0644511313364896,0.117550791400408
"PWY_365","fixed",NA,"(Intercept)",-4.39122018346495,0.0561986096387184,-78.1375235382975,36.3878048465109,3.94112968623618e-42,2.32476763770387e-41
"PWY_365","fixed",NA,"carrierper",0.0187700860968658,0.118186525840656,0.158817479093788,37.8395044552224,0.874657304776234,0.903747902496065
"PWY_366","fixed",NA,"(Intercept)",-3.39956554952249,0.0244802745032162,-138.869584533288,37.2143371976541,3.8837622257376e-52,6.7030859155323e-51
"PWY_366","fixed",NA,"carrierper",-0.00284029145583196,0.0515906189029051,-0.0550544171834314,38.9816226358356,0.956376318054071,0.965701764275616
"PWY_367","fixed",NA,"(Intercept)",-5.89457012860858,0.0444815307039599,-132.517250088334,32.8770979913145,1.9435266297755e-46,1.60297948579714e-45
"PWY_367","fixed",NA,"carrierper",0.174516711932807,0.0956563636079174,1.82441298571758,37.5375159273817,0.0760572242895877,0.137641423374555
"PWY_368","fixed",NA,"(Intercept)",-5.68697449305867,0.160759734011273,-35.3756152187953,35.7284938113835,2.09101794725977e-29,4.37939039740699e-29
"PWY_368","fixed",NA,"carrierper",0.505995704143189,0.339158813186501,1.49191377157269,37.620198318472,0.144060696908484,0.24148303870271
"PWY_369","fixed",NA,"(Intercept)",-3.71193924518251,0.0267364289507058,-138.834518702039,36.0144431448351,9.40677732636526e-51,1.27059658959021e-49
"PWY_369","fixed",NA,"carrierper",0.0693069156982885,0.0566230099414912,1.2240062082518,38.4704557788592,0.228393448272432,0.3530701148276
"PWY_370","fixed",NA,"(Intercept)",-5.64399711056551,0.109626221880793,-51.4840064150233,34.3534241345822,4.15416826720712e-34,1.21751095126951e-33
"PWY_370","fixed",NA,"carrierper",0.111341359041508,0.232287836411866,0.479324964928815,36.832696788839,0.634541262415247,0.711870202584253
"PWY_371","fixed",NA,"(Intercept)",-4.96251636662842,0.121497540292537,-40.8445829823376,38.4677578129132,2.70196899021195e-33,7.45039970082112e-33
"PWY_371","fixed",NA,"carrierper",-0.13779470299637,0.256223293823006,-0.53779147453922,40.3582272623974,0.593674437399147,0.676411461682157
"PWY_372","fixed",NA,"(Intercept)",-4.56821067870395,0.0863589005491059,-52.8979717163762,38.5951657037243,1.24084577610929e-37,5.0722292251485e-37
"PWY_372","fixed",NA,"carrierper",-0.102856751028351,0.18189831483224,-0.565462913294239,40.3093800745819,0.574893146756327,0.660666353608997
"PWY_374","fixed",NA,"(Intercept)",-3.68217692556629,0.042839112875503,-85.9536222486038,35.9424175442618,3.29798488934584e-43,2.09096729038798e-42
"PWY_374","fixed",NA,"carrierper",0.0666288030378189,0.0898929277275875,0.741201835585236,37.0766012667199,0.463240076934372,0.56957750884279
"PWY_375","fixed",NA,"(Intercept)",-3.23228760652276,0.0186733414284864,-173.096369436692,37.2070170505248,1.10421464339661e-55,4.90060975069354e-54
"PWY_375","fixed",NA,"carrierper",0.0151749172103878,0.0394374251883506,0.384784684545539,39.2862762984419,0.702472198527359,0.765018637692414
"PWY_376","fixed",NA,"(Intercept)",-3.68217692556629,0.042839112875503,-85.9536222486038,35.9424175442618,3.29798488934584e-43,2.09096729038798e-42
"PWY_376","fixed",NA,"carrierper",0.0666288030378189,0.0898929277275875,0.741201835585236,37.0766012667199,0.463240076934372,0.56957750884279
"PWY_377","fixed",NA,"(Intercept)",-3.52361557700717,0.0324876846516965,-108.460040005441,36.2497248628322,3.80120843094493e-47,3.37402500727683e-46
"PWY_377","fixed",NA,"carrierper",0.0548553037079417,0.0682212037927903,0.804079973061673,37.4904627198535,0.426420210377947,0.54403149168653
"PWY_378","fixed",NA,"(Intercept)",-3.39435281888869,0.0261953287329716,-129.578554004412,36.2262457941562,6.49468603362663e-50,7.76031715812823e-49
"PWY_378","fixed",NA,"carrierper",0.0506734794941462,0.055017009700651,0.921051139817704,37.4901446995126,0.362912972452935,0.490906952577846
"PWY_379","fixed",NA,"(Intercept)",-4.15542563940352,0.0658465547013509,-63.1077154795811,34.6983219393291,2.12958708059882e-37,8.4458517409281e-37
"PWY_379","fixed",NA,"carrierper",0.238058408439313,0.138706874062784,1.71626972381743,36.3510813287011,0.0946245752182052,0.168301725388105
"PWY_380","fixed",NA,"(Intercept)",-3.56056698928214,0.0318394189755505,-111.828893360658,33.5580846060926,9.39060306436251e-45,6.68094813434035e-44
"PWY_380","fixed",NA,"carrierper",0.000635948110246911,0.0675693037197377,0.0094117901952147,36.2344356439233,0.992542218255419,0.99373058938571
"PWY_381","fixed",NA,"(Intercept)",-3.36758040686516,0.0247437438458677,-136.098256910608,31.3308585709327,5.23541730735859e-45,3.81203822692047e-44
"PWY_381","fixed",NA,"carrierper",0.0335615338854863,0.0531690532508462,0.631223086240531,35.7630153848829,0.531908609722443,0.627517499064958
"PWY_382","fixed",NA,"(Intercept)",-4.16102163145799,0.042901226821791,-96.9907375549565,34.3780457604186,1.62715059549315e-43,1.05312802430529e-42
"PWY_382","fixed",NA,"carrierper",-0.0885638831486561,0.0907628761915668,-0.975772109311858,36.6338600836785,0.335577163081499,0.465413565464222
"PWY_383","fixed",NA,"(Intercept)",-6.38582806011994,0.0739754480229201,-86.3236145341276,35.2842779046769,1.19552186543057e-42,7.42817585720863e-42
"PWY_383","fixed",NA,"carrierper",-0.112301156145604,0.15669304909939,-0.716695199889638,37.7430362079485,0.47797394199376,0.579287014223907
"PWY_384","fixed",NA,"(Intercept)",-3.44894996703739,0.0219268660480989,-157.293338659148,38.887058638773,3.79425802687758e-56,1.96458248947217e-54
"PWY_384","fixed",NA,"carrierper",0.0587255394348421,0.0462928382813265,1.26856640497955,40.9506283097187,0.211759857086313,0.333378693926426
"PWY_385","fixed",NA,"(Intercept)",-5.42568263218777,0.118261250291115,-45.8787863212317,39.124581190893,1.23699874986965e-35,4.10278588924737e-35
"PWY_385","fixed",NA,"carrierper",0.0606561200614493,0.249611073582283,0.2430025206452,41.1530204942421,0.809210604638417,0.853149641994349
"PWY_386","fixed",NA,"(Intercept)",-6.47003121479533,0.0806427991934109,-80.2307370218862,34.7998521241451,4.37472447634301e-41,2.34324322525959e-40
"PWY_386","fixed",NA,"carrierper",-0.137532955392728,0.170990425769832,-0.804331323075711,37.3932043592005,0.426289983946378,0.54403149168653
"PWY_387","fixed",NA,"(Intercept)",-6.18304600492421,0.162010772378696,-38.1644128605937,36.6182628045371,4.33666730523057e-31,1.00043909120666e-30
"PWY_387","fixed",NA,"carrierper",0.249636342886561,0.342055390962028,0.729812625330829,38.6391043458865,0.469906332349229,0.573236520614504
"PWY_388","fixed",NA,"(Intercept)",-7.10179839604203,0.0447617562347287,-158.657724661216,19.63938770788,5.35904356456074e-32,1.33546219309375e-31
"PWY_388","fixed",NA,"carrierper",0.123632076276139,0.0970835692049448,1.27346035264886,24.0748703791694,0.21501347934666,0.337361216752672
"PWY_389","fixed",NA,"(Intercept)",-3.81536468750664,0.0581555652263216,-65.6061835640071,38.0506207163794,9.31095229079259e-41,4.8356869758393e-40
"PWY_389","fixed",NA,"carrierper",0.148347570874897,0.122470609307819,1.21129119642117,39.7285116170537,0.232939863995691,0.35707229151971
"PWY_392","fixed",NA,"(Intercept)",-6.37773708069715,0.0928674430211941,-68.6757045657178,33.2066138567142,2.25035548461089e-37,8.88518643234915e-37
"PWY_392","fixed",NA,"carrierper",0.313286411117511,0.196391217571101,1.59521599281337,35.3666979681116,0.119562574561286,0.206204356288743
"PWY_393","fixed",NA,"(Intercept)",-5.39687170703516,0.16568227011253,-32.5736224121606,37.2060950954106,5.92561200422742e-29,1.21377371163515e-28
"PWY_393","fixed",NA,"carrierper",-0.0960485588120528,0.346411295168339,-0.277267399047649,37.8431432667323,0.783083815983657,0.833185206464464
"PWY_394","fixed",NA,"(Intercept)",-4.98397975021189,0.107820449470558,-46.2248096227132,34.7316416657196,8.75527982914125e-33,2.27930748624571e-32
"PWY_394","fixed",NA,"carrierper",0.458475962872916,0.228482802810365,2.00661037607036,37.2369972322847,0.0520935233940735,0.0961409184223296
"PWY_395","fixed",NA,"(Intercept)",-5.86188692795178,0.131687471691505,-44.5136264874459,38.3213836568478,1.31593988548574e-34,4.0343946489234e-34
"PWY_395","fixed",NA,"carrierper",-0.269109945761229,0.277914059118476,-0.968320734168062,40.3157048877106,0.338657696750159,0.468292245357786
"PWY_397","fixed",NA,"(Intercept)",-4.00374607292478,0.0294086309909756,-136.141871893098,34.5620522903961,8.89907978951872e-49,9.42493450435391e-48
"PWY_397","fixed",NA,"carrierper",0.0125736403012472,0.0625369286291985,0.201059447223581,37.5764015633784,0.841736481472079,0.880469585557775
"PWY_398","fixed",NA,"(Intercept)",-3.95507982153648,0.0302916390685163,-130.566715541227,32.7076947662979,4.94795449326014e-46,3.90804541332072e-45
"PWY_398","fixed",NA,"carrierper",0.0512182981671676,0.064135877717497,0.79859043003624,35.0199407659791,0.429910750897889,0.545138530390248
"PWY_399","fixed",NA,"(Intercept)",-5.97472258343642,0.0641816501100628,-93.0908222707048,40.1765764544309,1.49619366742078e-48,1.53386196548364e-47
"PWY_399","fixed",NA,"carrierper",-0.0697606812158351,0.136682910917475,-0.510383344542279,43.6048609745479,0.612357049046743,0.691777902680684
"PWY_400","fixed",NA,"(Intercept)",-5.84704732744711,0.127768287243339,-45.762899805577,35.3693642429347,4.51898726228373e-33,1.22789974590333e-32
"PWY_400","fixed",NA,"carrierper",-0.122990657633381,0.270528083083813,-0.45463175664198,37.772384285952,0.651976297504109,0.723805661751362
"PWY_401","fixed",NA,"(Intercept)",-3.87856965145978,0.0481601219249083,-80.5348802377885,36.0083543048336,2.94431727285536e-42,1.75904083224436e-41
"PWY_401","fixed",NA,"carrierper",0.0745271169369177,0.101039346850388,0.737604896113115,37.1169531985,0.465392379774774,0.571469957773504
"PWY_402","fixed",NA,"(Intercept)",-4.70574901438269,0.0841652717828092,-55.9108158828977,35.7869724792842,1.99478986300055e-36,6.98926373051321e-36
"PWY_402","fixed",NA,"carrierper",0.173888714809197,0.177345283182066,0.980509386486922,37.5029621075081,0.33311803243303,0.462691514497144
"PWY_403","fixed",NA,"(Intercept)",-3.57153296169649,0.0244250257687081,-146.224327274697,33.3495890877513,2.09352595075359e-48,2.07570870861952e-47
"PWY_403","fixed",NA,"carrierper",-0.00846759788645555,0.0516545099325191,-0.16392756213383,35.5190060622181,0.870717434430036,0.900675525958706
"PWY_404","fixed",NA,"(Intercept)",-5.8545710225152,0.135584747566676,-43.1801594765377,36.6079571063863,5.27061723892315e-33,1.41971539499317e-32
"PWY_404","fixed",NA,"carrierper",0.323817326889595,0.283766565947796,1.1411398161303,37.3823094932208,0.261069540927078,0.389306899430459
"PWY_407","fixed",NA,"(Intercept)",-6.17645572644511,0.0325123075578029,-189.972849988089,36.4503588890939,3.26211928782682e-56,1.78840892720859e-54
"PWY_407","fixed",NA,"carrierper",-0.00296074958345634,0.0690749340800571,-0.0428628651317259,39.3974554974669,0.966027354910497,0.9733378321909
"PWY_408","fixed",NA,"(Intercept)",-4.41782322452015,0.0870554499142233,-50.7472332734261,36.6471005884051,1.47150685640727e-35,4.86327797933182e-35
"PWY_408","fixed",NA,"carrierper",-0.418273739159281,0.183751748579823,-2.27629800745858,38.629483278568,0.02845295167869,0.0536804675395528
"PWY_409","fixed",NA,"(Intercept)",-6.41409923574674,0.127910372013713,-50.1452629272244,38.4118092002978,1.27564223132122e-36,4.57268676765914e-36
"PWY_409","fixed",NA,"carrierper",0.261642983955907,0.271056496081724,0.965271032932638,41.0236972465658,0.340065164612656,0.469099887639763
"PWY_410","fixed",NA,"(Intercept)",-5.47791459116588,0.127860644220755,-42.84285148531,37.2536046583331,2.67626498616701e-33,7.40142126738176e-33
"PWY_410","fixed",NA,"carrierper",0.327768532180585,0.271678682347915,1.2064565734342,40.2426363363992,0.234686239674378,0.359158580257012
"PWY_411","fixed",NA,"(Intercept)",-6.15206096213649,0.110144195623894,-55.8546088360728,36.2055041338157,9.91222373752477e-37,3.5946274410012e-36
"PWY_411","fixed",NA,"carrierper",0.32463447990662,0.233655705224045,1.3893710816748,38.9158461375385,0.17261883765143,0.280769208885049
"PWY_412","fixed",NA,"(Intercept)",-6.26094584414127,0.122772287978985,-50.9964092647107,38.2782750040227,8.39195293995219e-37,3.0671765255041e-36
"PWY_412","fixed",NA,"carrierper",0.180243906499578,0.259933397566565,0.693423423796168,40.7502592083231,0.491977616099141,0.589577185310518
"PWY_414","fixed",NA,"(Intercept)",-4.21674386841685,0.0962090544391452,-43.8289711191794,38.0918911653059,3.31868968057482e-34,9.91352173812735e-34
"PWY_414","fixed",NA,"carrierper",0.0626718992348847,0.202367789972269,0.309693055616572,39.5987867712619,0.758418282562589,0.815277784715494
"PWY_415","fixed",NA,"(Intercept)",-6.29355049158996,0.0608086032200705,-103.497698653152,38.0944136461255,2.71278097231234e-48,2.63365819395323e-47
"PWY_415","fixed",NA,"carrierper",0.280095214326277,0.129472747995967,2.16335266426106,41.4297251991903,0.0363330892401798,0.0682710467174346
"PWY_416","fixed",NA,"(Intercept)",-6.89684556900561,0.0377066672947508,-182.907853274154,37.1555337454228,1.65333077656537e-56,1.02726952250595e-54
"PWY_416","fixed",NA,"carrierper",-0.0747345508712457,0.0820493122262298,-0.910849205721365,44.0360521689975,0.367333990975279,0.494733062989826
"PWY_417","fixed",NA,"(Intercept)",-3.70978231094922,0.044676335410099,-83.0368533340053,37.3468663473172,5.63432578235305e-44,3.75085116368074e-43
"PWY_417","fixed",NA,"carrierper",0.122888770006887,0.0942282565444252,1.30416049827845,39.233287861558,0.199778603140241,0.31773661796366
"PWY_418","fixed",NA,"(Intercept)",-6.29784082967929,0.150512069686732,-41.8427627949524,35.1422367306745,1.42216396554403e-31,3.42495301262799e-31
"PWY_418","fixed",NA,"carrierper",0.882969533573691,0.317497334590659,2.7810297516736,37.0013136348007,0.00847351832171289,0.0165910064618412
"PWY_420","fixed",NA,"(Intercept)",-7.45138009542495,0.0505497455707052,-147.406876361079,102.9999999985,1.24020453737355e-121,2.88967657208036e-119
"PWY_420","fixed",NA,"carrierper",0.148733979483544,0.110433867831431,1.34681490745734,102.999999999459,0.180995807828718,0.291847911585407
"PWY_421","fixed",NA,"(Intercept)",-6.53930711789624,0.132420093779824,-49.3830424917929,34.8818269035793,7.11409701573694e-34,2.05911131014498e-33
"PWY_421","fixed",NA,"carrierper",-0.0801954188748135,0.277086363451935,-0.289423910566154,35.610841918192,0.773935417894639,0.82813755393548
"PWY_422","fixed",NA,"(Intercept)",-6.433637397502,0.124698862896563,-51.5933926585895,32.8606837446389,4.98611017734807e-33,1.34697237254736e-32
"PWY_422","fixed",NA,"carrierper",0.692812384789123,0.265604233522216,2.60843878729506,36.0463441499454,0.0131555686348503,0.0253850723968539
"PWY_423","fixed",NA,"(Intercept)",-4.14816283116906,0.0675527109611333,-61.4063117845222,38.6565118978515,3.75126366919138e-40,1.82092590608665e-39
"PWY_423","fixed",NA,"carrierper",-0.226548524037201,0.14221049001126,-1.59305072374945,40.2935840479218,0.118964308708135,0.205704518953583
"PWY_427","fixed",NA,"(Intercept)",-3.49823125720916,0.0270387007450743,-129.378674300629,34.9544043683298,1.85725028223072e-48,1.86124436885917e-47
"PWY_427","fixed",NA,"carrierper",-0.0145680284740392,0.0570237817808624,-0.255472857447843,36.7768070027243,0.79978133664089,0.847041142896942
"PWY_428","fixed",NA,"(Intercept)",-6.56830233550655,0.0849083740210461,-77.3575328845477,35.2692603871578,5.79479326769155e-41,3.06860643493666e-40
"PWY_428","fixed",NA,"carrierper",0.39184492227517,0.180844199662638,2.16675416190373,38.5535432884923,0.0364973283318122,0.0684416700306821
"PWY_429","fixed",NA,"(Intercept)",-3.44567753289863,0.0252313509227602,-136.563339134982,36.0744632058092,1.45255600656212e-50,1.88025305293875e-49
"PWY_429","fixed",NA,"carrierper",0.0899435514494078,0.0532267128865582,1.68981976476932,37.962011816599,0.099259979625139,0.176210097163104
"PWY_430","fixed",NA,"(Intercept)",-4.10113951158762,0.0673401068373698,-60.901886025992,34.4084974835711,1.24184815906914e-36,4.46873546043413e-36
"PWY_430","fixed",NA,"carrierper",0.395781679059295,0.14235510849478,2.78024219323191,36.553258461792,0.00853172709580372,0.0166699573444215
"PWY_431","fixed",NA,"(Intercept)",-5.95182927499763,0.10757097106099,-55.3293255261503,36.8826292389147,4.28169275688637e-37,1.63546624976152e-36
"PWY_431","fixed",NA,"carrierper",-0.31519893363206,0.226138047165965,-1.39383415388182,38.2889847116315,0.171405180661795,0.279282567092295
"PWY_432","fixed",NA,"(Intercept)",-6.53915575984689,0.0677193860254464,-96.5625376076169,33.2469796674867,2.63493723251658e-42,1.59465032513341e-41
"PWY_432","fixed",NA,"carrierper",0.174295489003384,0.14513616653992,1.20091010503192,37.3981092160794,0.237337148678173,0.362091255355691
"PWY_435","fixed",NA,"(Intercept)",-4.29629197299907,0.0638176184931088,-67.3214086398883,36.7939621138082,3.92397990645458e-40,1.89489599627755e-39
"PWY_435","fixed",NA,"carrierper",0.105809334373337,0.134518115636149,0.786580557369202,38.5813930104235,0.436332483135704,0.548801449773922
"PWY_436","fixed",NA,"(Intercept)",-6.6970716508335,0.0454020416992564,-147.505957886101,37.4397087276449,2.247540051388e-53,5.66137115646924e-52
"PWY_436","fixed",NA,"carrierper",0.123855048523399,0.0974131274336776,1.27144104481939,41.9807103872774,0.210571119042411,0.332068160655714
"PWY_438","fixed",NA,"(Intercept)",-3.23128592376172,0.0182027054376487,-177.516794678138,34.9564315604665,2.96208681155328e-53,6.42015094969223e-52
"PWY_438","fixed",NA,"carrierper",0.007215652814702,0.0386367439928463,0.186756234325491,37.7112368563242,0.852852858280634,0.884937962055319
"PWY_439","fixed",NA,"(Intercept)",-3.23128592376172,0.0182027054376487,-177.516794678138,34.9564315604665,2.96208681155328e-53,6.42015094969223e-52
"PWY_439","fixed",NA,"carrierper",0.007215652814702,0.0386367439928463,0.186756234325491,37.7112368563242,0.852852858280634,0.884937962055319
"PWY_440","fixed",NA,"(Intercept)",-6.47776872472995,0.144385823233441,-44.8642988602613,35.3315836284783,9.5523286334527e-33,2.47988030261223e-32
"PWY_440","fixed",NA,"carrierper",0.848897049988744,0.304641856799081,2.78654108436785,37.2267576335287,0.00833555573042551,0.0163989254749247
"PWY_441","fixed",NA,"(Intercept)",-6.39450729924279,0.145656168935927,-43.9013832778732,35.8210924376668,9.60495435923159e-33,2.48661596188996e-32
"PWY_441","fixed",NA,"carrierper",0.862394281546935,0.307757075563911,2.80219156608097,37.9316018856667,0.0079497356179784,0.015730687040246
"PWY_442","fixed",NA,"(Intercept)",-6.35845099516239,0.0877486467184821,-72.4620975131589,37.3348748675915,9.06439927836341e-42,5.08916875146669e-41
"PWY_442","fixed",NA,"carrierper",-0.260394093398256,0.185037170472537,-1.40725289266625,39.1926013497488,0.167233943995652,0.274458500937544
"PWY_443","fixed",NA,"(Intercept)",-3.36156706371168,0.018488743408468,-181.816956915096,34.2080634770111,1.16492419274456e-52,2.21573336252638e-51
"PWY_443","fixed",NA,"carrierper",0.013331948741794,0.0391139386173496,0.340849048013805,36.4539006439319,0.735173914309698,0.794874812223478
"PWY_445","fixed",NA,"(Intercept)",-5.09595381785559,0.137244709452189,-37.1304208242054,36.3345395957799,1.6991591564214e-30,3.70870335780971e-30
"PWY_445","fixed",NA,"carrierper",0.23633430086824,0.289001583286768,0.817761266843066,37.9692001720361,0.418595856556227,0.53949459922275
"PWY_446","fixed",NA,"(Intercept)",-6.6909630574168,0.130341527699233,-51.3340849652796,37.1548863385937,4.1771545593196e-36,1.43128972400216e-35
"PWY_446","fixed",NA,"carrierper",0.641992055095661,0.274891954006202,2.33543414326771,39.0292295124753,0.0247537221066439,0.0468911971613661
"PWY_447","fixed",NA,"(Intercept)",-6.61566118232438,0.141095377981408,-46.887866044741,36.3632515389907,4.00548757088651e-34,1.18511568764007e-33
"PWY_447","fixed",NA,"carrierper",0.620752478642724,0.297375037363449,2.08743976678865,38.1258244964381,0.0435836001384782,0.0805950700973447
"PWY_448","fixed",NA,"(Intercept)",-5.03033920722396,0.105854110367586,-47.5214348290846,33.9472473349345,1.21318806694875e-32,3.12345657015536e-32
"PWY_448","fixed",NA,"carrierper",0.338398670834668,0.223000057746618,1.51748243589771,35.593188097858,0.137977655146029,0.232121253783573
"PWY_450","fixed",NA,"(Intercept)",-5.25845942923003,0.116271964493904,-45.2255146123872,34.949872745572,1.31272542853198e-32,3.37041349694712e-32
"PWY_450","fixed",NA,"carrierper",0.321524715622783,0.245319934642084,1.31063427883217,36.8333686702075,0.198095046076408,0.315597577680705
"PWY_451","fixed",NA,"(Intercept)",-3.26678130328086,0.0175844775120888,-185.776421337231,34.4913732135241,2.40399130112459e-53,5.81785232485705e-52
"PWY_451","fixed",NA,"carrierper",0.00543127140579194,0.0372275824486505,0.14589374459874,36.8492836880588,0.884800450828022,0.911197812344438
"PWY_452","fixed",NA,"(Intercept)",-3.29915136136066,0.0207705670376383,-158.837809068104,35.2680168201534,5.99807545466382e-52,9.89524378043865e-51
"PWY_452","fixed",NA,"carrierper",-0.00107083678092867,0.0438695284188604,-0.0244095803972284,37.3096299291018,0.980655996033891,0.983822807646487
"PWY_453","fixed",NA,"(Intercept)",-5.49273625928577,0.128334146006285,-42.8002712467246,36.5591938164471,7.78468943057825e-33,2.03801419924127e-32
"PWY_453","fixed",NA,"carrierper",0.349294914644902,0.268804934077238,1.29943639555566,37.4452016737415,0.201737888603042,0.319761415268768
"PWY_454","fixed",NA,"(Intercept)",-4.06161957889778,0.0558627841473622,-72.7070739650839,36.5243560470782,4.05280869270815e-41,2.1833628332971e-40
"PWY_454","fixed",NA,"carrierper",0.124982861479329,0.117047245991022,1.06779839560613,37.4566490141039,0.292445363771234,0.421265964505085
"PWY_455","fixed",NA,"(Intercept)",-6.55290538719505,0.035777983615916,-183.154686903036,36.5497798382025,9.22900586729159e-56,4.30071673415788e-54
"PWY_455","fixed",NA,"carrierper",0.170450686949132,0.0760919528834043,2.24006193152006,39.6586874518817,0.0307601189289578,0.0579160219026033
"PWY_456","fixed",NA,"(Intercept)",-5.71407860846359,0.125798833199515,-45.4223498194227,37.1494709992525,3.70274609151411e-34,1.09903164244941e-33
"PWY_456","fixed",NA,"carrierper",0.206308500451353,0.265233627807379,0.777836891033973,38.9812482836407,0.441360807734331,0.552887463452145
"PWY_457","fixed",NA,"(Intercept)",-4.03612949049257,0.0692720242265294,-58.2649278053988,36.1838945389164,2.26896391727371e-37,8.88518643234915e-37
"PWY_457","fixed",NA,"carrierper",0.124352830494863,0.14518108895654,0.856536008846778,37.1490791718916,0.397192983821232,0.524531322503156
"PWY_458","fixed",NA,"(Intercept)",-6.2656248834906,0.125467796774031,-49.9381119664919,38.3184800580215,1.73472680995064e-36,6.12411131391664e-36
"PWY_458","fixed",NA,"carrierper",0.208655082781987,0.265784723862003,0.785052954699993,40.8734970307255,0.436949444527149,0.548836768597443
"PWY_462","fixed",NA,"(Intercept)",-4.82692427006694,0.0896761058089867,-53.8262029391471,35.7638745109384,7.96127160615228e-36,2.67866611441658e-35
"PWY_462","fixed",NA,"carrierper",0.109588242587617,0.188614299383972,0.581017679706893,37.2225635693754,0.564730295319385,0.653292890045708
"PWY_467","fixed",NA,"(Intercept)",-3.4814974027772,0.0250851434294243,-138.78722330499,32.4835561930705,1.23651632539607e-46,1.03822812186408e-45
"PWY_467","fixed",NA,"carrierper",0.000491205634112115,0.0530421856747233,0.00926065975343459,34.6026675964816,0.992664354847742,0.99373058938571
"PWY_468","fixed",NA,"(Intercept)",-4.09252232274263,0.0557523371641155,-73.4053948392452,37.270699009701,6.3822507475406e-42,3.64923785074101e-41
"PWY_468","fixed",NA,"carrierper",0.219993683810309,0.117025759204496,1.87987401496692,38.4664685459465,0.0677147983074017,0.123021816807989
"PWY_469","fixed",NA,"(Intercept)",-6.77472983144111,0.095645090741374,-70.8319661670885,36.035795896941,2.75816998165656e-40,1.36011345127191e-39
"PWY_469","fixed",NA,"carrierper",-0.122075747283661,0.203606785120783,-0.599566204098959,39.2703007123049,0.552239226521399,0.644163903777151
"PWY_470","fixed",NA,"(Intercept)",-6.77472983144111,0.095645090741374,-70.8319661670885,36.035795896941,2.75816998165656e-40,1.36011345127191e-39
"PWY_470","fixed",NA,"carrierper",-0.122075747283661,0.203606785120783,-0.599566204098959,39.2703007123049,0.552239226521399,0.644163903777151
"PWY_471","fixed",NA,"(Intercept)",-6.13413489864489,0.131192504269472,-46.7567482822439,35.1821187093501,2.88262383052308e-33,7.92508970515489e-33
"PWY_471","fixed",NA,"carrierper",-0.0275190780989858,0.275618330404259,-0.0998448762773599,36.4698156856856,0.921014324532398,0.938126066081088
"PWY_472","fixed",NA,"(Intercept)",-4.73619374989762,0.112193470220771,-42.214522294193,35.4222291839638,6.89936358230472e-32,1.71016139859255e-31
"PWY_472","fixed",NA,"carrierper",0.0457103536815243,0.236566446225759,0.193224163488943,37.2279613541674,0.847833771780009,0.884861226538598
"PWY_473","fixed",NA,"(Intercept)",-6.53777223673229,0.0744200951354153,-87.8495549466326,34.3749705234638,4.8590479886113e-42,2.84819668263254e-41
"PWY_473","fixed",NA,"carrierper",-0.202820366818644,0.157967697288487,-1.28393570521095,37.1135279667484,0.20712244558205,0.32773874241506
"PWY_474","fixed",NA,"(Intercept)",-3.51370188863049,0.0235746676001732,-149.045659867742,36.0796511364952,6.13842730146214e-52,9.89524378043865e-51
"PWY_474","fixed",NA,"carrierper",0.0717059341798312,0.0496987571590541,1.44281141579348,37.8718931653421,0.157294082233852,0.261782294003483
"PWY_475","fixed",NA,"(Intercept)",-6.62510192771958,0.0985046859615601,-67.2567184296687,35.7212789665469,3.23783212066492e-39,1.47924487081358e-38
"PWY_475","fixed",NA,"carrierper",0.114034980482034,0.206743782871322,0.551576346810918,36.8814542139592,0.584565353784727,0.668484551812719
"PWY_476","fixed",NA,"(Intercept)",-4.13990144793925,0.0620979369499945,-66.6672944589605,37.3659581846976,1.87447603771797e-40,9.39253584490939e-40
"PWY_476","fixed",NA,"carrierper",0.0871572180303884,0.130529735537189,0.667719257008353,38.7647005247377,0.508268843280552,0.604217553491676
"PWY_477","fixed",NA,"(Intercept)",-4.55559098492585,0.0827399610546743,-55.0591386176207,34.6981313334684,2.31519829729657e-35,7.51834429644738e-35
"PWY_477","fixed",NA,"carrierper",0.294756559745743,0.175672763241293,1.67787284896797,37.4863270887251,0.101691666176049,0.179568481145014
"PWY_478","fixed",NA,"(Intercept)",-6.6107401637158,0.129937573143741,-50.8762785372542,37.9782043290736,1.49881358375142e-36,5.33165748113102e-36
"PWY_478","fixed",NA,"carrierper",0.25595453133232,0.275244374578658,0.929917393313242,40.5198688068013,0.357921098323226,0.485864939869531
"PWY_479","fixed",NA,"(Intercept)",-4.49977212210518,0.0731690515376863,-61.4982978122593,35.2228434693035,1.94706215196183e-37,7.82181864495012e-37
"PWY_479","fixed",NA,"carrierper",0.327262480255018,0.154073151381219,2.12407208732482,36.8334827676831,0.040442536129844,0.0752344185090113
"PWY_480","fixed",NA,"(Intercept)",-4.20407474043273,0.073358772600193,-57.3084116789281,36.2714153476825,3.51279719160328e-37,1.3528623894935e-36
"PWY_480","fixed",NA,"carrierper",0.170919712255697,0.153645219119384,1.11243104884956,37.1452721842574,0.273100731869215,0.40083446000332
"PWY_481","fixed",NA,"(Intercept)",-5.41518751164956,0.123305221219241,-43.9169360235051,36.1747281306245,5.53689364150455e-33,1.48714261495166e-32
"PWY_481","fixed",NA,"carrierper",0.42292721297099,0.260198440035213,1.62540256933806,38.1089678698932,0.112319663341307,0.195667151839436
"PWY_482","fixed",NA,"(Intercept)",-3.54274682736761,0.0286637267493084,-123.596867160795,36.5124955761091,1.73466582508968e-49,1.94784162528143e-48
"PWY_482","fixed",NA,"carrierper",-0.0613077572124848,0.0614603303222801,-0.997517535148359,40.9069486162431,0.324377666524082,0.453430205419562
"PWY_483","fixed",NA,"(Intercept)",-4.55344265336209,0.101112069178575,-45.0336215088253,32.8858243143356,3.93256418504431e-31,9.14002448992842e-31
"PWY_483","fixed",NA,"carrierper",0.139926849493549,0.2121059609237,0.659702579240024,33.930577061465,0.513897970866614,0.610131094073483
"PWY_484","fixed",NA,"(Intercept)",-4.48809072795727,0.0859019553572362,-52.2466655071223,36.6642363493535,4.98833553465206e-36,1.69676230594734e-35
"PWY_484","fixed",NA,"carrierper",0.123203176695759,0.180733981128538,0.68168241482014,38.1843352288729,0.499553819173966,0.596138488438075
"PWY_485","fixed",NA,"(Intercept)",-3.38917609462305,0.0224153896304789,-151.198625163075,37.3615996492415,1.10326917436384e-53,3.04285972588817e-52
"PWY_485","fixed",NA,"carrierper",0.0537073419441135,0.0472920808434001,1.135651910136,39.2947394757636,0.262981657087234,0.390911318564635
"PWY_486","fixed",NA,"(Intercept)",-5.70573860085547,0.150835575320577,-37.8275389524575,34.6046282539601,9.67609426028617e-30,2.05424142382385e-29
"PWY_486","fixed",NA,"carrierper",0.446304277562942,0.318908210151721,1.3994756590011,36.7757447846571,0.170049308236974,0.277558590677513
"PWY_487","fixed",NA,"(Intercept)",-5.60408791669717,0.14361441752053,-39.021764064155,35.6143759991059,8.04849057368086e-31,1.80751643727002e-30
"PWY_487","fixed",NA,"carrierper",0.34012781349748,0.303193110672192,1.12181907017413,37.6008679424408,0.269052467843225,0.396140442385285
"PWY_488","fixed",NA,"(Intercept)",-5.19311138651258,0.1338462787184,-38.7990718624191,35.8198859380203,7.35605551418689e-31,1.6600105906107e-30
"PWY_488","fixed",NA,"carrierper",0.25137427458908,0.280892841286687,0.894911644731168,36.9682252112843,0.376624261812737,0.505783590791744
"PWY_489","fixed",NA,"(Intercept)",-4.2276609731213,0.096898053573337,-43.6299886036576,33.8844505212455,2.32233800294192e-31,5.52147708862721e-31
"PWY_489","fixed",NA,"carrierper",0.0260809003826363,0.203259130238793,0.128313549074012,34.9404481351013,0.898636562542297,0.921374341352498
"PWY_490","fixed",NA,"(Intercept)",-4.27622808043139,0.0607247711221741,-70.4198303494288,37.3863834534071,2.36402875175842e-41,1.30371289741944e-40
"PWY_490","fixed",NA,"carrierper",0.204226001688801,0.127588696497559,1.60065904970436,38.7242416784334,0.117580233801102,0.203689178257672
"PWY_491","fixed",NA,"(Intercept)",-6.62076188790061,0.148339197451123,-44.6325853291886,35.7536979589225,5.95818160434093e-33,1.58657864435593e-32
"PWY_491","fixed",NA,"carrierper",0.884038925108053,0.313444527195259,2.82039993812795,37.8710056954956,0.00759211652389284,0.0150550055324854
"PWY_492","fixed",NA,"(Intercept)",-3.3219139384077,0.0186714058886458,-177.914505111143,33.0430807526381,7.50717575661706e-51,1.04428176196524e-49
"PWY_492","fixed",NA,"carrierper",0.0533135036314211,0.0395503276145962,1.34799145410228,35.4309625994783,0.186216902873651,0.29871627104689
"PWY_493","fixed",NA,"(Intercept)",-3.74576211300825,0.0358920263784327,-104.361956984938,38.5584232210688,6.67618990623287e-49,7.15196435932073e-48
"PWY_493","fixed",NA,"carrierper",0.133257727122987,0.075527104879192,1.76436959070703,40.1323383411633,0.0852803624458658,0.152848649614513
"PWY_494","fixed",NA,"(Intercept)",-4.86113763271031,0.126875820373408,-38.3141375433358,36.5818902862079,3.96481337204878e-31,9.19205488246136e-31
"PWY_494","fixed",NA,"carrierper",0.269417449985232,0.266995651199406,1.00907055517552,38.1295654581507,0.31930169915225,0.450210565219209
"PWY_495","fixed",NA,"(Intercept)",-5.13326854794628,0.132895778115572,-38.6262725628661,37.4393632267926,9.04312513747769e-32,2.22379752721087e-31
"PWY_495","fixed",NA,"carrierper",0.426824873922657,0.280212112149564,1.52322064399142,39.2848489594926,0.135713657675884,0.228762447638321
"PWY_496","fixed",NA,"(Intercept)",-6.48120987270047,0.146226241595681,-44.3231652675666,36.2041825045159,3.81617831690981e-33,1.04608182098822e-32
"PWY_496","fixed",NA,"carrierper",0.64794533823242,0.308813026187711,2.0981800743035,38.254576432841,0.0425463699290594,0.0789489643567959
"PWY_497","fixed",NA,"(Intercept)",-5.68081551447712,0.143902906435311,-39.476725350442,36.6663839269837,1.20904171419092e-31,2.91924061561123e-31
"PWY_497","fixed",NA,"carrierper",0.156705599138225,0.304163887644289,0.515201197459336,38.8514766330369,0.609331590185503,0.689195439384574
"PWY_498","fixed",NA,"(Intercept)",-6.39228022593238,0.159265943302029,-40.135889025629,35.9799101559039,1.78373787092438e-31,4.26496034969908e-31
"PWY_498","fixed",NA,"carrierper",0.514640116645082,0.336467856910896,1.52953723832636,38.0749422904041,0.134397838285139,0.227329918841651
"PWY_499","fixed",NA,"(Intercept)",-4.70296666168997,0.113322305477191,-41.5008028815348,35.6686644012422,8.6753152757173e-32,2.1389930785631e-31
"PWY_499","fixed",NA,"carrierper",0.17500272519813,0.238508989695321,0.73373639048861,37.2201292592146,0.467706374161653,0.573236520614504
"PWY_500","fixed",NA,"(Intercept)",-3.86258757449926,0.0812232444782352,-47.5551992451408,37.7763828046794,2.57243632872792e-35,8.29588463105335e-35
"PWY_500","fixed",NA,"carrierper",0.185292747774428,0.170344186323926,1.08775504332197,38.8564524155713,0.283404606108825,0.41078241507531
"PWY_501","fixed",NA,"(Intercept)",-4.14777956927183,0.0697511800468494,-59.4653677039717,34.5519238303339,2.15254126614051e-36,7.51373955072266e-36
"PWY_501","fixed",NA,"carrierper",0.40726425721577,0.14739341942538,2.76311017685531,36.6439899495465,0.00890088589525175,0.017354865385721
"PWY_504","fixed",NA,"(Intercept)",-6.72108915701704,0.043459113686029,-154.653157576421,43.0286021709755,1.02379673978691e-60,7.95148801234498e-59
"PWY_504","fixed",NA,"carrierper",-0.0742540627294776,0.0926434710342081,-0.801503461609936,46.6810987926543,0.426901379951065,0.54403149168653
"PWY_505","fixed",NA,"(Intercept)",-4.77673668745722,0.0863425653183538,-55.3230804510488,36.1155690093345,1.63289262387707e-36,5.78652443138187e-36
"PWY_505","fixed",NA,"carrierper",0.154173261810376,0.182497269017281,0.844797638017128,38.2845481900892,0.403472428415425,0.528536296081949
"PWY_507","fixed",NA,"(Intercept)",-4.97801230113384,0.10501383032148,-47.4033971134525,36.0405341714459,4.52902082373533e-34,1.32321235351766e-33
"PWY_507","fixed",NA,"carrierper",0.3105956723149,0.22156919673607,1.40179987511927,37.9517007748136,0.169101037399042,0.276495029571767
"PWY_508","fixed",NA,"(Intercept)",-6.42960977614717,0.0781179353746538,-82.3064478766719,32.3593587247602,3.63226661444304e-39,1.64333615760238e-38
"PWY_508","fixed",NA,"carrierper",-0.256714213633539,0.16758959936554,-1.53180277657687,36.6120719090426,0.134167236008198,0.227329918841651
"PWY_509","fixed",NA,"(Intercept)",-3.77799352484673,0.0294929756168808,-128.09807914683,32.0726874007205,4.90496744237506e-45,3.59955091046736e-44
"PWY_509","fixed",NA,"carrierper",0.00825669326891612,0.062819919753804,0.131434317351482,35.2224473046278,0.896179637103404,0.920245540365534
"PWY_510","fixed",NA,"(Intercept)",-3.77799350069391,0.029491130384368,-128.106093305141,32.0723432667616,4.89959694159351e-45,3.59955091046736e-44
"PWY_510","fixed",NA,"carrierper",0.00822670408898315,0.0628160830384837,0.130964932721818,35.2223056116578,0.896548230313202,0.920245540365534
"PWY_511","fixed",NA,"(Intercept)",-4.74362060745411,0.110490548532017,-42.9323654419141,34.0962077108384,2.8735156248643e-31,6.71207158489605e-31
"PWY_511","fixed",NA,"carrierper",0.196571185289785,0.231944006452213,0.847494135746441,35.2572382302412,0.402436386722254,0.528268609049494
"PWY_512","fixed",NA,"(Intercept)",-6.71568382408844,0.0235008147818631,-285.763871866745,40.8840588147919,4.17882533080388e-69,4.86833151038652e-67
"PWY_512","fixed",NA,"carrierper",0.0553155366523041,0.0508297456508471,1.08825129742474,46.9146673761764,0.282043275717471,0.410634069406711
"PWY_514","fixed",NA,"(Intercept)",-6.28387951408491,0.102480818433237,-61.3176164101253,35.2373629280998,2.10022352245655e-37,8.36499283303206e-37
"PWY_514","fixed",NA,"carrierper",-0.0120679497657966,0.217575832650162,-0.0554654881417851,38.0375103727451,0.956057944599497,0.965701764275616
"PWY_515","fixed",NA,"(Intercept)",-7.66410214254095,0.106074860199077,-72.2518241189031,33.5563199327743,2.06063929195494e-38,8.8503033184424e-38
"PWY_515","fixed",NA,"carrierper",-0.0659865383927278,0.223435562221338,-0.295326928876974,35.1747358241095,0.76948045047571,0.826110081864787
"PWY_516","fixed",NA,"(Intercept)",-5.58933919751611,0.166284648966886,-33.6130799339702,36.8314792458957,3.05807821105517e-29,6.34772581893856e-29
"PWY_516","fixed",NA,"carrierper",0.359050968697235,0.350770579427658,1.02360628215481,38.7296652412505,0.312372595498961,0.442448721892146
"PWY_517","fixed",NA,"(Intercept)",-5.26160716510671,0.13606445220392,-38.6699617709198,35.944268608311,6.94368405537876e-31,1.5707557134983e-30
"PWY_517","fixed",NA,"carrierper",-0.334636536857496,0.286481213539563,-1.16809242994666,37.5539144968204,0.250131936612421,0.37792243567036
"PWY_518","fixed",NA,"(Intercept)",-4.29605620006799,0.0778346622272675,-55.1946404999362,36.6896762129631,6.53832919384661e-37,2.44727823641166e-36
"PWY_518","fixed",NA,"carrierper",-0.344793595999659,0.164466043368697,-2.09644245667604,38.829878321916,0.042608722179687,0.0789489643567959
"PWY_519","fixed",NA,"(Intercept)",-4.47361086776351,0.0948432091507992,-47.1684890022072,32.4525301222332,1.78469370856507e-31,4.26496034969908e-31
"PWY_519","fixed",NA,"carrierper",0.149570385225594,0.200227775841902,0.747001182012297,34.3515521406092,0.460145570961226,0.56726940758712
"PWY_520","fixed",NA,"(Intercept)",-3.33934663732537,0.0299673507517044,-111.432827846333,38.6914453010446,3.90383669159688e-50,4.72516337216662e-49
"PWY_520","fixed",NA,"carrierper",0.0275696850243056,0.0629379050475281,0.438045800912599,39.9867830366729,0.663710398937016,0.734653315688003
"PWY_521","fixed",NA,"(Intercept)",-6.19881941168652,0.106412199666128,-58.2529017456226,36.3909927354949,1.57674998700799e-37,6.41716588598885e-37
"PWY_521","fixed",NA,"carrierper",0.388367296602045,0.225745524710423,1.72037650403138,39.1115740008301,0.0932681351197043,0.166206313444674
"PWY_522","fixed",NA,"(Intercept)",-4.91418051559151,0.09799264011494,-50.1484653319621,36.0438540241913,6.09985253149971e-35,1.91416247789822e-34
"PWY_522","fixed",NA,"carrierper",0.293562183148308,0.206929654986983,1.41865690138407,38.0766887059986,0.164132916277562,0.270746686673784
"PWY_523","fixed",NA,"(Intercept)",-3.45185961594261,0.0169495317050933,-203.655161452356,36.7783067412078,9.59265186144718e-58,6.87719348836059e-56
"PWY_523","fixed",NA,"carrierper",0.0414629590001049,0.0359210195035811,1.15428124182197,39.3595003363249,0.255345484947522,0.382607704133587
"PWY_524","fixed",NA,"(Intercept)",-3.86389079823538,0.0794792271365188,-48.6151028066555,37.4472865688337,1.918210708131e-35,6.29497316893693e-35
"PWY_524","fixed",NA,"carrierper",0.140448813815502,0.16635716970391,0.844260659552452,38.2415010000415,0.403774509453162,0.528536296081949
"PWY_525","fixed",NA,"(Intercept)",-5.40588718462112,0.114469771983764,-47.2254560390656,35.6254232343441,1.00344492178112e-33,2.84258561428574e-33
"PWY_525","fixed",NA,"carrierper",0.233375411190994,0.242482452675361,0.96244247208865,38.1038650628434,0.341895709165359,0.470595616229993
"PWY_526","fixed",NA,"(Intercept)",-3.70928019869077,0.0406092185113709,-91.3408416774174,37.3481842974367,1.62563359431096e-45,1.23178090235595e-44
"PWY_526","fixed",NA,"carrierper",0.0984365731664426,0.085137984548709,1.15620041616237,38.3746414934826,0.254746746317556,0.382607704133587
"PWY_527","fixed",NA,"(Intercept)",-3.52770573306692,0.0231583841469091,-152.329528290416,31.5558631189344,8.1784632573578e-47,6.92938886896134e-46
"PWY_527","fixed",NA,"carrierper",0.00913426298241502,0.0491284493322744,0.185926140689614,34.0990726749272,0.853604321767952,0.884937962055319
"PWY_528","fixed",NA,"(Intercept)",-5.95277952893649,0.104322899847229,-57.0611010396928,34.4475162825302,1.06592381431444e-35,3.54800355336093e-35
"PWY_528","fixed",NA,"carrierper",0.25030340142682,0.22148086574421,1.13013555634146,37.2154510965738,0.26565048152089,0.392371234195673
"PWY_529","fixed",NA,"(Intercept)",-4.28676550668531,0.0803557371033272,-53.3473484434979,34.2679512882869,1.44157166084394e-34,4.39066924152469e-34
"PWY_529","fixed",NA,"carrierper",0.148475067332466,0.169652278181102,0.875172847216179,36.226708778925,0.387245628732523,0.515589894255302
"PWY_530","fixed",NA,"(Intercept)",-3.53352438478888,0.0331081312543295,-106.726784355333,37.852714076255,1.49765492337994e-48,1.53386196548364e-47
"PWY_530","fixed",NA,"carrierper",0.0999043725797722,0.0694329958446384,1.438860175403,38.9284757091771,0.158182530673795,0.262791655237035
"PWY_531","fixed",NA,"(Intercept)",-4.48765887140352,0.0872772882840445,-51.4184040273846,33.5404247571101,1.73440682322336e-33,4.85425573346597e-33
"PWY_531","fixed",NA,"carrierper",0.125619166735188,0.184640730554287,0.68034374841392,35.7659092265719,0.50066749418373,0.596703458541223
"PWY_532","fixed",NA,"(Intercept)",-4.25297620883808,0.0725515333265897,-58.6200733993225,32.854090059544,7.94204458133897e-35,2.47558045144078e-34
"PWY_532","fixed",NA,"carrierper",0.0894399906119772,0.153885046574652,0.581213006739992,35.4251614873571,0.564776897498388,0.653292890045708
"PWY_533","fixed",NA,"(Intercept)",-4.93765151445534,0.135399412852855,-36.4673037380251,35.924115257843,5.58086241266867e-30,1.19847091442562e-29
"PWY_533","fixed",NA,"carrierper",0.237374169117506,0.284946897393348,0.833047038900824,37.466763045336,0.410097369353725,0.533080998735299
"PWY_534","fixed",NA,"(Intercept)",-4.69004459143436,0.120105146746434,-39.0494888727456,35.6454233054969,7.51445747638404e-31,1.69166047535989e-30
"PWY_534","fixed",NA,"carrierper",0.159751693029231,0.252967368801865,0.631511067162008,37.2984194024126,0.531557983149637,0.627517499064958
"PWY_535","fixed",NA,"(Intercept)",-3.56557464866921,0.0232353962375243,-153.454437024446,35.6714378988514,6.62287894735136e-52,1.02875386315524e-50
"PWY_535","fixed",NA,"carrierper",0.0274798461414533,0.0489277014922982,0.561641877777132,37.2929939348682,0.57772000770633,0.662281730851537
"PWY_536","fixed",NA,"(Intercept)",-3.76543513140639,0.0308860511313631,-121.913776396711,35.3881627003376,4.90571049531528e-48,4.61830523397358e-47
"PWY_536","fixed",NA,"carrierper",0.0348669728781098,0.065676604954703,0.53088878303252,38.4294124548843,0.59855087276723,0.679197214142997
"PWY_537","fixed",NA,"(Intercept)",-5.79272770949264,0.127605252826875,-45.3956838074039,36.0838979559035,1.96452698445546e-33,5.46548999854475e-33
"PWY_537","fixed",NA,"carrierper",0.251369074023705,0.270281457695109,0.930027076838037,38.5617252895418,0.358142933144172,0.485864939869531
"PWY_538","fixed",NA,"(Intercept)",-3.46747588983984,0.0281177822867722,-123.319679143795,38.5425717277844,1.13459683626801e-51,1.73351516623244e-50
"PWY_538","fixed",NA,"carrierper",0.071023500705342,0.0592146695463745,1.19942408273881,40.2312868938351,0.237379567620523,0.362091255355691
"PWY_539","fixed",NA,"(Intercept)",-3.25338607915065,0.0148808836840305,-218.628553803027,33.5586673169368,1.64200179594271e-54,6.05835918069402e-53
"PWY_539","fixed",NA,"carrierper",0.0119116986023696,0.0316621426658534,0.376212650169629,36.6177321317487,0.708929848946568,0.770072982771796
"PWY_540","fixed",NA,"(Intercept)",-3.5027502809129,0.0223730857186871,-156.560893072842,34.3460271761379,1.3111771416419e-50,1.72115083945105e-49
"PWY_540","fixed",NA,"carrierper",0.0112276604491344,0.0473482705747286,0.237129261805119,36.6471337731039,0.813877134650048,0.855167406419216
"PWY_541","fixed",NA,"(Intercept)",-6.57265464696085,0.0234770161007864,-279.961244595333,102.999999997335,2.98817415695519e-150,1.39248915714112e-147
"PWY_541","fixed",NA,"carrierper",0.157775491490262,0.0512892332865297,3.07619126628083,102.999999996609,0.00268557373401013,0.00533679044796896
"PWY_542","fixed",NA,"(Intercept)",-6.2813668364487,0.123732460694319,-50.7657150047863,35.0232628612357,2.16937982984489e-34,6.50116399168952e-34
"PWY_542","fixed",NA,"carrierper",0.686774361537192,0.260714483788832,2.63420102925103,36.7209533765567,0.0122721869624705,0.0237296229232832
"PWY_543","fixed",NA,"(Intercept)",-6.5826692573196,0.0630872832059299,-104.342252872618,34.677348684705,6.50128044816868e-45,4.66091798284093e-44
"PWY_543","fixed",NA,"carrierper",-0.0952370045340302,0.13199340323523,-0.72152851733283,35.3881275522106,0.475324916969798,0.576826591947724
"PWY_544","fixed",NA,"(Intercept)",-3.82726786276887,0.041119596303807,-93.0764941000775,35.9611182429759,1.83050609036273e-44,1.27315796732692e-43
"PWY_544","fixed",NA,"carrierper",0.0658397645864413,0.0866519080029253,0.759818982684358,37.6947403171307,0.452088943118387,0.560301722056298
"PWY_545","fixed",NA,"(Intercept)",-6.66510295806822,0.142059102914898,-46.9178167488571,37.0692746378717,1.28631531977533e-34,3.95658705620662e-34
"PWY_545","fixed",NA,"carrierper",0.532258657045862,0.299441263138786,1.77750605065798,38.8630263955042,0.0833115918998003,0.149607714163032
"PWY_546","fixed",NA,"(Intercept)",-6.51786515692714,0.0800108506257066,-81.4622655046867,35.5643432711652,5.03153644695988e-42,2.91266581898547e-41
"PWY_546","fixed",NA,"carrierper",0.311431895946791,0.17069736878338,1.8244680522405,39.1180936699468,0.0757261153774034,0.137308831773813
"PWY_548","fixed",NA,"(Intercept)",-3.19989990592564,0.0159859326485005,-200.169735246933,31.9808498536203,4.01676506302585e-51,5.6721591496062e-50
"PWY_548","fixed",NA,"carrierper",0.0572645870472082,0.0341149852443724,1.67857575306015,35.4086718465851,0.102040395561827,0.179568481145014
"UNINTEGRATED","fixed",NA,"(Intercept)",-0.111288457726332,0.00421851778684137,-26.3809383650032,35.1269557221594,9.58877222307491e-25,1.92187864772168e-24
"UNINTEGRATED","fixed",NA,"carrierper",0.0175078105349094,0.00886028728126106,1.97598678001528,36.3781270634967,0.055777898463196,0.102332679857675
"UNMAPPED","fixed",NA,"(Intercept)",-0.792656667759512,0.0202161597348111,-39.209062361859,34.6853164263404,2.56082205947749e-30,5.550432928914e-30
"UNMAPPED","fixed",NA,"carrierper",-0.109709604267575,0.0424953865726019,-2.58168269819454,36.0422695069617,0.0140443261621347,0.0269882721301228
