"PWY","effect","group","term","estimate","std.error","statistic","df","p.value","padj"
"PWY_001","fixed",NA,"(Intercept)",-6.83866546564129,0.0301116386363429,-227.110372445406,131.843863063404,7.44055320274813e-173,3.71496192051496e-171
"PWY_001","fixed",NA,"carrierper",-0.00954767454244739,0.088055504781097,-0.108427912214944,103.551441985055,0.913866083907051,0.960152268137407
"PWY_001","fixed",NA,"carrierint",-0.0421098594440437,0.0532274983430795,-0.791129787325777,99.943837586506,0.430741707936638,0.725265959699941
"PWY_003","fixed",NA,"(Intercept)",-3.36027787856549,0.0113751256503466,-295.405781162786,116.827693201969,9.85222731853591e-170,3.53164456187518e-168
"PWY_003","fixed",NA,"carrierper",0.0281844171922663,0.0341602943605441,0.825063651231879,98.2358369880367,0.411334482625119,0.708595000733392
"PWY_003","fixed",NA,"carrierint",0.00558604607675684,0.0207192663555179,0.269606364477726,96.4348665621387,0.78803915794174,0.918410538199632
"PWY_004","fixed",NA,"(Intercept)",-6.01548453601998,0.0854972808204441,-70.3587819202498,125.28233988329,1.43041423802787e-102,6.55645608119002e-102
"PWY_004","fixed",NA,"carrierper",-0.0120576147393895,0.25689566147844,-0.046935844186693,106.602422413766,0.962652177053577,0.982078918133932
"PWY_004","fixed",NA,"carrierint",-0.118986842815452,0.155824357614111,-0.763595914254399,104.782591799136,0.446824011923833,0.725265959699941
"PWY_005","fixed",NA,"(Intercept)",-6.50853292119238,0.0730901428031333,-89.0480257881417,119.698736285404,3.02372726376497e-111,1.7613211311431e-110
"PWY_005","fixed",NA,"carrierper",0.873022229779978,0.216012042680696,4.04154425348617,95.5032393542396,0.000107462991002666,0.000321698632594704
"PWY_005","fixed",NA,"carrierint",-0.105007479824721,0.130767858047042,-0.803006804523368,92.7669796481444,0.424023430055065,0.719292066540286
"PWY_007","fixed",NA,"(Intercept)",-6.11473077749517,0.0873139841824686,-70.0315171131879,120.6479376889,1.45705372888133e-99,6.26757265531106e-99
"PWY_007","fixed",NA,"carrierper",-0.114253983350789,0.262326353445416,-0.435541385187448,102.064249519886,0.664089216333826,0.852522244659954
"PWY_007","fixed",NA,"carrierint",-0.00960267614122665,0.159116606315324,-0.060349930554683,100.262742381808,0.951997066646607,0.977159984707751
"PWY_008","fixed",NA,"(Intercept)",-3.72762381895019,0.0284945506943569,-130.81883125423,111.156161086994,1.41653099264507e-123,1.20750629738891e-122
"PWY_008","fixed",NA,"carrierper",0.0916159566717813,0.0874420688474557,1.04773317785524,100.751583816951,0.297268515573078,0.590314467004493
"PWY_008","fixed",NA,"carrierint",0.0300438095586957,0.0531462941140976,0.565303941874026,99.921625937039,0.573134173715396,0.799642290273576
"PWY_009","fixed",NA,"(Intercept)",-3.29995766770768,0.00918505124409347,-359.27482384268,138.667475615848,9.00727346232891e-208,4.19738943344527e-205
"PWY_009","fixed",NA,"carrierper",0.00223588526849911,0.0267467275170426,0.0835947226468898,108.802186334653,0.933532273467564,0.967441155157639
"PWY_009","fixed",NA,"carrierint",-0.0129274937132084,0.0161573598428268,-0.800099387459494,104.788203963791,0.425463358499848,0.719612517215662
"PWY_010","fixed",NA,"(Intercept)",-4.15587895470288,0.0442758998343437,-93.863229663359,123.643484961676,8.69425911274976e-117,6.10782625106742e-116
"PWY_010","fixed",NA,"carrierper",0.0530081297389996,0.134131976621963,0.395193831284522,108.00860908935,0.693479255826038,0.86704101539015
"PWY_010","fixed",NA,"carrierint",-0.0625504387193541,0.0814284104879608,-0.768164800768181,106.601507334485,0.444087612232386,0.725265959699941
"PWY_011","fixed",NA,"(Intercept)",-5.82251753991083,0.0994795524693387,-58.5297922576143,125.967385363069,3.31940050973608e-93,1.18683424874963e-92
"PWY_011","fixed",NA,"carrierper",0.0892636257756633,0.300196836817531,0.297350320949319,108.840755549631,0.766765845781169,0.913065291654237
"PWY_011","fixed",NA,"carrierint",-0.301545853982879,0.182171564898576,-1.65528497353999,107.237992995563,0.10079044718956,0.259493637515664
"PWY_012","fixed",NA,"(Intercept)",-3.79808985947705,0.0533402908454855,-71.2048959477789,119.209645224046,1.53948285976883e-99,6.60183140477552e-99
"PWY_012","fixed",NA,"carrierper",0.214022246229132,0.164432905614751,1.30157796232443,110.47793679018,0.195768295477627,0.442854493653273
"PWY_012","fixed",NA,"carrierint",0.0520869668625251,0.0999781451240415,0.520983528929262,109.800987828702,0.603427354190013,0.816050279666162
"PWY_013","fixed",NA,"(Intercept)",-3.52265906485483,0.0208157274728314,-169.230648770388,105.278911585692,4.46416038308382e-130,4.4261675287597e-129
"PWY_013","fixed",NA,"carrierper",0.0125916652337692,0.0618017911339722,0.203742723353653,83.6283172251473,0.839049525212696,0.940029742682737
"PWY_013","fixed",NA,"carrierint",-0.0118055453991748,0.0374350520461901,-0.315360731557371,81.3350629225966,0.753295495633772,0.907068994742475
"PWY_014","fixed",NA,"(Intercept)",-3.55954444480352,0.0249172614884269,-142.854560741227,93.430552011312,3.48995013753358e-111,2.02446070218753e-110
"PWY_014","fixed",NA,"carrierper",-0.00528949891786124,0.0744766552870048,-0.0710222404252382,75.0070182958787,0.943569081753009,0.972077801245915
"PWY_014","fixed",NA,"carrierint",0.00178943716459189,0.0451486747292732,0.0396343231627942,73.2009871637881,0.968492562519949,0.984500477586305
"PWY_015","fixed",NA,"(Intercept)",-3.30516057287245,0.00981583761444301,-336.717120096734,122.341754135626,2.17551825380154e-183,2.5344787656788e-181
"PWY_015","fixed",NA,"carrierper",0.030059657768923,0.0291158253710176,1.03241647406104,99.2429410612219,0.304386447088353,0.601034255691409
"PWY_015","fixed",NA,"carrierint",-0.00541554562810461,0.017634190229116,-0.30710486604386,96.7073606930274,0.7594238795503,0.909746858278765
"PWY_016","fixed",NA,"(Intercept)",-3.43058312055974,0.0181915716660377,-188.580908980194,118.381250022401,1.32528548652369e-148,2.34525203817736e-147
"PWY_016","fixed",NA,"carrierper",-0.0341903132461398,0.0549159373986053,-0.622593637944677,101.585538476491,0.534946680035073,0.775783670839245
"PWY_016","fixed",NA,"carrierint",-0.0780472455692532,0.0333264291219472,-2.34190243676167,100.032862299121,0.0211676831807514,0.0615227049619345
"PWY_017","fixed",NA,"(Intercept)",-5.54155253955306,0.110161812203535,-50.303752531907,121.8361740937,2.33950253238872e-83,7.1724222374549e-83
"PWY_017","fixed",NA,"carrierper",0.228644972169024,0.335697536745393,0.68110411052089,108.465872827283,0.497257157433459,0.759394023299174
"PWY_017","fixed",NA,"carrierint",-0.036731696693724,0.203907378464852,-0.180139124784322,107.326458819669,0.857383035927425,0.944600431417407
"PWY_018","fixed",NA,"(Intercept)",-3.95804766550263,0.0453026463433012,-87.369016712815,118.38669716855,2.32736135672689e-109,1.27594163792321e-108
"PWY_018","fixed",NA,"carrierper",0.205904012209179,0.137788957769851,1.49434334609817,104.366879597238,0.13810328651352,0.336747751528101
"PWY_018","fixed",NA,"carrierint",-0.105772934819926,0.083680231575819,-1.2640134094764,103.155989652236,0.20907402300891,0.459582369181523
"PWY_019","fixed",NA,"(Intercept)",-3.2329263414183,0.0122706530570315,-263.468156616631,115.5109798177,2.16509852428761e-162,5.50328679446195e-161
"PWY_019","fixed",NA,"carrierper",-0.00528921923492367,0.0366323128579065,-0.144386712775687,94.940875718309,0.885501163930218,0.948662805028504
"PWY_019","fixed",NA,"carrierint",-0.0553917551281397,0.0222038751464853,-2.49468864163145,92.8380537635278,0.0143743851382355,0.0422172067715403
"PWY_020","fixed",NA,"(Intercept)",-3.34343254291911,0.0106163012749255,-314.933841489213,89.3646565024511,6.88612817404441e-138,8.44456770817025e-137
"PWY_020","fixed",NA,"carrierper",-0.0430197685866072,0.0311398766818447,-1.38150092969664,66.061905838367,0.171779689662712,0.401585294562661
"PWY_020","fixed",NA,"carrierint",-0.032117385272444,0.0188317099968459,-1.70549489546213,63.3918485194902,0.0929981357790965,0.243923815795829
"PWY_021","fixed",NA,"(Intercept)",-6.42266221917912,0.100994737929672,-63.5940282715675,125.145545991837,3.82195181319209e-97,1.53097095554227e-96
"PWY_021","fixed",NA,"carrierper",0.561976116988282,0.303629818829195,1.85085944178762,106.669370024217,0.0669565935557232,0.184262436596262
"PWY_021","fixed",NA,"carrierint",-0.125374539779822,0.184182711165148,-0.680707428980153,104.879262506701,0.497556704312105,0.759394023299174
"PWY_022","fixed",NA,"(Intercept)",-6.09224853003407,0.070603381409556,-86.2883392892213,127.866095115835,3.36690526049899e-115,2.20982795970779e-114
"PWY_022","fixed",NA,"carrierper",0.0226503557751873,0.211959044011194,0.106861945338794,108.817526679238,0.915095268169864,0.960152268137407
"PWY_022","fixed",NA,"carrierint",-0.0958490576355396,0.128555198601945,-0.745586788227246,106.939827198563,0.457552738927752,0.728540693645783
"PWY_023","fixed",NA,"(Intercept)",-4.86755920851046,0.053663519720111,-90.7051798670277,122.158062736307,6.25777418999521e-114,3.87095943257226e-113
"PWY_023","fixed",NA,"carrierper",-0.123567914075312,0.158324602914475,-0.780471965826195,97.2525150562505,0.437008655298232,0.725265959699941
"PWY_023","fixed",NA,"carrierint",0.0934961943215364,0.0958234790503948,0.975712792397838,94.3782821537052,0.331701123680367,0.624957103645759
"PWY_024","fixed",NA,"(Intercept)",-6.72185551435336,0.0321231115520129,-209.252939381962,108.95582846689,9.08891342568866e-144,1.36626892140997e-142
"PWY_024","fixed",NA,"carrierper",-0.0217255892664723,0.0961593309795746,-0.22593324064502,89.6949687480143,0.821767378678316,0.938179812259973
"PWY_024","fixed",NA,"carrierint",-0.0210257418750495,0.0583029534340237,-0.360629104301595,87.792608690293,0.7192429857505,0.886685797247971
"PWY_025","fixed",NA,"(Intercept)",-3.92763713594407,0.0448801503129161,-87.5139033305273,117.203970724326,1.28304151352384e-108,6.87238327933459e-108
"PWY_025","fixed",NA,"carrierper",0.303634133581368,0.137911148896614,2.20166488359103,107.201890939762,0.0298318772432777,0.0859896172909325
"PWY_025","fixed",NA,"carrierint",0.0445027191242652,0.0838303643571482,0.530866344975756,106.408861464503,0.596617675746631,0.81336470491997
"PWY_026","fixed",NA,"(Intercept)",-3.36945857083178,0.0139102865439117,-242.22783335161,121.808947448786,2.57732711497617e-165,7.50646522236809e-164
"PWY_026","fixed",NA,"carrierper",0.0343250734343186,0.0418559922129794,0.820075492647728,103.734462109168,0.414053444458555,0.711113900925134
"PWY_026","fixed",NA,"carrierint",0.0102107395691448,0.0253923006060997,0.402119513609253,102.004953119993,0.688437431719435,0.866283808191811
"PWY_027","fixed",NA,"(Intercept)",-3.35889069833751,0.0119305293232854,-281.537441241756,124.008098027259,7.12256720526599e-176,4.74159473950564e-174
"PWY_027","fixed",NA,"carrierper",0.0142057302666922,0.0356177892669639,0.398838068253389,103.07600554765,0.690837577485518,0.86704101539015
"PWY_027","fixed",NA,"carrierint",0.00297133780978386,0.0215890050480127,0.137631993840187,100.910214723385,0.890805520050492,0.950645890863044
"PWY_028","fixed",NA,"(Intercept)",-3.98474905541565,0.0326954494651974,-121.874729376552,110.278412502969,1.9688472149565e-119,1.4718975435878e-118
"PWY_028","fixed",NA,"carrierper",0.0167051446778691,0.0988031095521654,0.169075090385179,94.1945407383782,0.866100130710085,0.944600431417407
"PWY_028","fixed",NA,"carrierint",0.0642825537484176,0.0599662708935577,1.07197851042833,92.7353905260415,0.286511507429837,0.578384374177396
"PWY_029","fixed",NA,"(Intercept)",-3.81195835112667,0.0201876434503694,-188.826316479099,117.035715234607,2.73670212037277e-147,4.60952959551944e-146
"PWY_029","fixed",NA,"carrierper",-0.00216455128824932,0.0615102555089736,-0.0351900877396541,103.723899887883,0.971995799343524,0.98681926469299
"PWY_029","fixed",NA,"carrierint",-0.0124593534184717,0.0373617551940533,-0.33347880349194,102.593197956329,0.739453488367518,0.89850945542882
"PWY_030","fixed",NA,"(Intercept)",-3.32889309654085,0.010573244707878,-314.841204238897,112.015333216008,6.30655477234404e-167,1.91664425472543e-165
"PWY_030","fixed",NA,"carrierper",0.0294896464202026,0.0311050867883323,0.948065074400125,86.861648685559,0.345726531304001,0.63649722017985
"PWY_030","fixed",NA,"carrierint",-0.00163532228283568,0.0188184981464659,-0.0868997233524075,83.9351129778346,0.93095819644394,0.967441155157639
"PWY_031","fixed",NA,"(Intercept)",-6.32471084020408,0.0417286974149838,-151.56741599926,124.084783154586,1.07031234049237e-142,1.52683331837585e-141
"PWY_031","fixed",NA,"carrierper",-0.107202323580786,0.12351692451811,-0.867916068984281,100.196997872242,0.387514257039791,0.68749356769242
"PWY_031","fixed",NA,"carrierint",0.0317081249279007,0.0747888791234769,0.423968446907064,97.5146492781951,0.672522613747587,0.860189033869283
"PWY_032","fixed",NA,"(Intercept)",-4.16210774061281,0.0447405586672901,-93.0276211248058,119.085392255114,4.80727134769963e-113,2.90933564678965e-112
"PWY_032","fixed",NA,"carrierper",0.128854889098786,0.135213953441935,0.952970354158899,102.678292310706,0.342843120476145,0.633987675166204
"PWY_032","fixed",NA,"carrierint",-0.0938246934484863,0.0820656927324001,-1.14328765559111,101.17613250417,0.255617172600816,0.532567522050583
"PWY_033","fixed",NA,"(Intercept)",-6.02028647372598,0.10531182749896,-57.1662900236486,123.496407736583,1.05645446651341e-90,3.59348745543978e-90
"PWY_033","fixed",NA,"carrierper",0.286156336446559,0.320895160054003,0.891744008848256,110.070379561361,0.374475421106803,0.672036763424018
"PWY_033","fixed",NA,"carrierint",-0.103114226678246,0.194914932902457,-0.529021687270358,108.923757795505,0.597866832026122,0.81336470491997
"PWY_034","fixed",NA,"(Intercept)",-6.71558088990077,0.063077060000689,-106.466295192379,119.152879043568,5.41254268608859e-120,4.18051639511152e-119
"PWY_034","fixed",NA,"carrierper",-0.310031943221104,0.185832671702018,-1.66833926661851,93.9430238961028,0.0985782708424484,0.254736455892316
"PWY_034","fixed",NA,"carrierint",-0.108956923545927,0.112450641688356,-0.968931096435074,91.0108388729541,0.335147503798774,0.626902084812083
"PWY_035","fixed",NA,"(Intercept)",-5.11570982524453,0.102940623760379,-49.6957336993866,122.477734397902,4.88654892166267e-83,1.49157104639398e-82
"PWY_035","fixed",NA,"carrierper",0.234181984468478,0.311843951155493,0.750958880557888,106.855171099173,0.454328017120714,0.726435397609762
"PWY_035","fixed",NA,"carrierint",-0.0227950647212928,0.189312613149904,-0.120409645939665,105.450507636616,0.904387774058525,0.959362560423284
"PWY_036","fixed",NA,"(Intercept)",-6.79077756008546,0.026657625724921,-254.740524537302,150.621672553615,2.21288969955577e-200,7.73404949994742e-198
"PWY_036","fixed",NA,"carrierper",0.124660610420471,0.0782624410620891,1.59285359271597,123.786875216606,0.113743402300363,0.286978939744031
"PWY_036","fixed",NA,"carrierint",-0.0319693553251885,0.0473349315811466,-0.67538611036932,120.3642582329,0.500725932811676,0.7617136605775
"PWY_037","fixed",NA,"(Intercept)",-3.12288564460711,0.0184971001062158,-168.831093883613,126.354262438473,1.13288162382136e-150,2.08390593434508e-149
"PWY_037","fixed",NA,"carrierper",-0.0427069639077924,0.0561546374741031,-0.760524256389111,111.470934927576,0.448546957865245,0.725773897101403
"PWY_037","fixed",NA,"carrierint",-0.0197538342946655,0.0340971254760275,-0.57934016486386,110.153450768108,0.563542596665537,0.796595096196584
"PWY_038","fixed",NA,"(Intercept)",-5.58305302094015,0.0898742207135792,-62.1207391464658,123.56861117809,4.73630459040849e-95,1.80911306486095e-94
"PWY_038","fixed",NA,"carrierper",0.260915464599741,0.272299228537794,0.95819391777501,107.975160118165,0.340105603206978,0.630593678094635
"PWY_038","fixed",NA,"carrierint",-0.126447204205709,0.165308265177146,-0.764917616612861,106.573277493342,0.446011117999273,0.725265959699941
"PWY_039","fixed",NA,"(Intercept)",-5.01718260116061,0.101536615635831,-49.412545117272,122.9263757704,5.95017299422075e-83,1.81227491196527e-82
"PWY_039","fixed",NA,"carrierper",0.234336723854313,0.309002735976379,0.7583645598278,109.025826933152,0.449869017674471,0.725901091990805
"PWY_039","fixed",NA,"carrierint",-0.00597546031964708,0.187669604019867,-0.0318403203910128,107.826087717605,0.974658255073401,0.987425165859723
"PWY_040","fixed",NA,"(Intercept)",-3.92633352423784,0.04668718890939,-84.0987349197234,119.007785420795,7.50701614064746e-108,3.97530627447922e-107
"PWY_040","fixed",NA,"carrierper",0.240482134375803,0.141397641969242,1.70075067042571,103.384022735304,0.0919960045289016,0.241845570494837
"PWY_040","fixed",NA,"carrierint",-0.132488042249186,0.085836897226686,-1.54348591957255,101.981349334975,0.125810419669982,0.311849231735167
"PWY_041","fixed",NA,"(Intercept)",-6.21277316553454,0.0852428040055755,-72.8832566925905,126.791604241906,2.32634161011455e-105,1.14113177927724e-104
"PWY_041","fixed",NA,"carrierper",0.189957789273858,0.258956405124942,0.733551229143017,112.154652691808,0.46475291082428,0.735669528898944
"PWY_041","fixed",NA,"carrierint",-0.157127436114898,0.157248335149122,-0.99923115857405,110.866195980118,0.319858671153527,0.618116773668869
"PWY_042","fixed",NA,"(Intercept)",-4.11613629111292,0.0495533769329517,-83.0646980261762,107.495251506918,2.40914609474459e-99,1.02370402445378e-98
"PWY_042","fixed",NA,"carrierper",-0.00206536676639948,0.151851037737615,-0.0136012686983954,96.6532575139818,0.989176128145015,0.99479864057186
"PWY_042","fixed",NA,"carrierint",0.000152607494283032,0.0922821802543935,0.0016537049066498,95.7813233109782,0.998683974393201,0.999238190659246
"PWY_043","fixed",NA,"(Intercept)",-4.88423127669688,0.0785108858874323,-62.2108796950759,125.494306875697,3.56162124528027e-96,1.39082304494464e-95
"PWY_043","fixed",NA,"carrierper",0.357346065963516,0.238111946563984,1.50074816119103,110.247457291035,0.136279253719873,0.333777384911978
"PWY_043","fixed",NA,"carrierint",-0.0715009985284381,0.144567951315734,-0.494584020024474,108.886678486342,0.621890207394973,0.824922468955551
"PWY_044","fixed",NA,"(Intercept)",-4.36198892959457,0.0500490099485972,-87.1543499876331,117.778083493666,8.21735939500923e-109,4.4354704379239e-108
"PWY_044","fixed",NA,"carrierper",0.14413318205559,0.151942588107045,0.948602915425178,103.077972582571,0.345041314964642,0.636369074301543
"PWY_044","fixed",NA,"carrierint",0.053077066421343,0.0922596610768614,0.575300904011825,101.788050652079,0.56635739697741,0.798152863885504
"PWY_045","fixed",NA,"(Intercept)",-4.53650168452915,0.0519460405293695,-87.3310388683865,119.253094271925,6.11904343177818e-110,3.4493639990427e-109
"PWY_045","fixed",NA,"carrierper",0.104598086011312,0.158309654625994,0.66071830084163,105.968942281627,0.51022680028926,0.766362209756458
"PWY_045","fixed",NA,"carrierint",0.0470351763819543,0.0961602642009092,0.489133185862332,104.840389245927,0.625769159353301,0.82686699884302
"PWY_046","fixed",NA,"(Intercept)",-4.4722037407462,0.0467700134792398,-95.6211770760192,124.298757495537,3.03152299175962e-118,2.17336879101536e-117
"PWY_046","fixed",NA,"carrierper",0.0291546674775628,0.139119784535007,0.209565214430206,102.08593394378,0.834424676724731,0.940029742682737
"PWY_046","fixed",NA,"carrierint",0.0135722374276028,0.0842880599454652,0.161022064529474,99.7045936482772,0.872401840741146,0.944600431417407
"PWY_047","fixed",NA,"(Intercept)",-4.7669638197199,0.0768751368590048,-62.0091750660932,126.874345581218,9.49223661351407e-97,3.75924838121605e-96
"PWY_047","fixed",NA,"carrierper",0.230264063194641,0.234519369091549,0.981855204909551,113.860251748812,0.328252909238381,0.624667985829772
"PWY_047","fixed",NA,"carrierint",0.0405440490200799,0.142464523057645,0.284590494179906,112.756739846457,0.776479901167845,0.915393373669395
"PWY_048","fixed",NA,"(Intercept)",-5.51531309051081,0.102091006620935,-54.0234960263366,122.726145563946,2.08007033455781e-87,6.63912860208178e-87
"PWY_048","fixed",NA,"carrierper",0.476975284144781,0.308526207342335,1.54597979942604,106.205120034274,0.125084119777505,0.311152312186747
"PWY_048","fixed",NA,"carrierint",0.0989397293553536,0.187253795120575,0.528372358443497,104.685766271688,0.598359265289863,0.81336470491997
"PWY_049","fixed",NA,"(Intercept)",-4.22307049186486,0.0350594349717113,-120.454607875808,108.688428705646,1.59095327768037e-117,1.12330943545311e-116
"PWY_049","fixed",NA,"carrierper",-0.0667978730141574,0.106680804815212,-0.626147066755469,95.1610845011215,0.53271752705854,0.774998431760195
"PWY_049","fixed",NA,"carrierint",-0.00898038912278828,0.0647906723253876,-0.138606203647456,94.0078526929311,0.890057822660614,0.950573595171534
"PWY_050","fixed",NA,"(Intercept)",-4.0309369076312,0.0340649645444487,-118.330870486348,111.718083944522,3.08664539584346e-119,2.28313770549691e-118
"PWY_050","fixed",NA,"carrierper",0.150366566904157,0.104051464988388,1.44511724963159,99.5052378472874,0.151566884176011,0.361587890918198
"PWY_050","fixed",NA,"carrierint",0.00638432912520829,0.0632157529261381,0.100992692955311,98.4940329696023,0.919761561273691,0.962705363416998
"PWY_051","fixed",NA,"(Intercept)",-5.02780522929727,0.0834611024903445,-60.2412989916942,125.719012240076,1.34798741411887e-94,5.07947818042636e-94
"PWY_051","fixed",NA,"carrierper",0.27236275521785,0.254438074258451,1.07044810809718,112.452049497033,0.286709850718838,0.578384374177396
"PWY_051","fixed",NA,"carrierint",0.0421096631722397,0.154555115610269,0.272457259055887,111.321560333882,0.785775178313971,0.917896081860488
"PWY_052","fixed",NA,"(Intercept)",-4.7669638197199,0.0768751368590048,-62.0091750660932,126.874345581218,9.49223661351407e-97,3.75924838121605e-96
"PWY_052","fixed",NA,"carrierper",0.230264063194641,0.234519369091549,0.981855204909551,113.860251748812,0.328252909238381,0.624667985829772
"PWY_052","fixed",NA,"carrierint",0.0405440490200799,0.142464523057645,0.284590494179906,112.756739846457,0.776479901167845,0.915393373669395
"PWY_053","fixed",NA,"(Intercept)",-3.69040425461194,0.0293499408866503,-125.738047271179,113.660113299406,7.80925454702315e-124,6.69775328634256e-123
"PWY_053","fixed",NA,"carrierper",-0.0284497894320745,0.0896047120780324,-0.317503273793223,101.197969438798,0.751515926625632,0.905706263295374
"PWY_053","fixed",NA,"carrierint",-0.0436557161144341,0.0544363017230892,-0.801959624966909,100.160151351732,0.424474931971199,0.719292066540286
"PWY_054","fixed",NA,"(Intercept)",-3.77132700171597,0.0423024198800367,-89.1515665631158,127.276832012169,1.41158817783555e-116,9.72118360893643e-116
"PWY_054","fixed",NA,"carrierper",0.00224187436430226,0.125187886896233,0.017908077369822,103.195789584806,0.985746763553513,0.99479864057186
"PWY_054","fixed",NA,"carrierint",-0.0204042284300526,0.0757985083627093,-0.269190368924079,100.471570869045,0.788335225922431,0.918410538199632
"PWY_055","fixed",NA,"(Intercept)",-4.07430834603675,0.0278800529225559,-146.137037736413,117.63483014654,7.22712192477884e-135,7.89337222721939e-134
"PWY_055","fixed",NA,"carrierper",-0.0776140405046268,0.0836442270983743,-0.927906721086019,98.6667386285897,0.355720341824682,0.647522184727742
"PWY_055","fixed",NA,"carrierint",-0.00398617150058765,0.0507274064675473,-0.0785802345944454,96.8104521185277,0.937528702793289,0.967994923563529
"PWY_056","fixed",NA,"(Intercept)",-4.76314490423603,0.0799099835405839,-59.6063807448661,117.93217984,6.72763124249155e-90,2.22345826879508e-89
"PWY_056","fixed",NA,"carrierper",-0.338299592270331,0.243695119369021,-1.3882083200774,104.935261809811,0.168013768732316,0.394761762500467
"PWY_056","fixed",NA,"carrierint",-0.115286434243138,0.148034022260766,-0.778783366705108,103.838744224823,0.437878478398105,0.725265959699941
"PWY_057","fixed",NA,"(Intercept)",-3.57137472919112,0.0198618930653272,-179.810389545679,101.402766509955,7.84517733506133e-129,7.41051210433496e-128
"PWY_057","fixed",NA,"carrierper",-0.0306426854030532,0.0593934989885578,-0.515926590028927,82.3684391933688,0.607287866206502,0.818838717458701
"PWY_057","fixed",NA,"carrierint",-0.0112220552555991,0.0360069580726529,-0.311663518838659,80.4897852373314,0.756102107267498,0.907322528720998
"PWY_058","fixed",NA,"(Intercept)",-4.26424518320627,0.0552461288194882,-77.1863164772922,118.471848403005,3.74965925474145e-103,1.74153609240151e-102
"PWY_058","fixed",NA,"carrierper",0.278392151262238,0.169326673706294,1.64411279787568,107.417185952787,0.103076612921948,0.264405696999786
"PWY_058","fixed",NA,"carrierint",0.00813890422965237,0.102903999650142,0.0790922049417263,106.522032402004,0.937107674179934,0.967994923563529
"PWY_059","fixed",NA,"(Intercept)",-3.44294676993476,0.0174447952674955,-197.362406215791,105.033933749754,7.99550384626735e-137,9.55360203169381e-136
"PWY_059","fixed",NA,"carrierper",-0.0682238036477035,0.0518242464564553,-1.31644564682726,83.5931587302729,0.19162263746618,0.436300402569577
"PWY_059","fixed",NA,"carrierint",-0.00900795370408535,0.03139368408464,-0.286935221740754,81.3351708689829,0.774891625284337,0.915393373669395
"PWY_060","fixed",NA,"(Intercept)",-5.95634778839989,0.103201588653193,-57.7156598665945,124.357689450899,1.21819802019124e-91,4.21544760452315e-91
"PWY_060","fixed",NA,"carrierper",0.261691988191993,0.314050653349842,0.833279553475334,110.410486117558,0.406486075341872,0.70417290375209
"PWY_060","fixed",NA,"carrierint",-0.101813080672874,0.190734331430576,-0.533795252848497,109.204427872067,0.594568082400804,0.81336470491997
"PWY_061","fixed",NA,"(Intercept)",-3.99145480751796,0.0364121122540005,-109.618875710223,116.628711680809,1.73890908283106e-119,1.31405129610693e-118
"PWY_061","fixed",NA,"carrierper",0.10867364771818,0.111897004338122,0.971193539639344,106.662297385813,0.33364915669691,0.626902084812083
"PWY_061","fixed",NA,"carrierint",-0.00973487398936027,0.0680178247764345,-0.143122395068609,105.872786356917,0.886465559785762,0.948662805028504
"PWY_062","fixed",NA,"(Intercept)",-5.64468471087101,0.105061554732931,-53.7274050933279,121.391393672671,1.78758068145053e-86,5.61581526442213e-86
"PWY_062","fixed",NA,"carrierper",0.515939395122097,0.319208523905148,1.61630832663919,106.8995948349,0.108975108184838,0.277487436872854
"PWY_062","fixed",NA,"carrierint",-0.023965311466081,0.193838354996832,-0.12363554914853,105.632402984477,0.901838791123008,0.959362560423284
"PWY_063","fixed",NA,"(Intercept)",-3.65741409369175,0.0293467794872603,-124.627443201373,117.158246260184,2.21578890152283e-126,1.97304005371269e-125
"PWY_063","fixed",NA,"carrierper",0.0908822432077169,0.0899845980306943,1.00997554244468,106.29643146782,0.314800527410857,0.610526613200769
"PWY_063","fixed",NA,"carrierint",0.0119185769693532,0.0546878502295281,0.217938297434077,105.420715726041,0.827898483262687,0.93895644762854
"PWY_064","fixed",NA,"(Intercept)",-4.88753629474143,0.0903922865667369,-54.0702805557745,122.159981494092,3.56346837373432e-87,1.13479015637371e-86
"PWY_064","fixed",NA,"carrierper",0.202265120798041,0.275794650551789,0.733390297430948,109.262499681254,0.464891073199678,0.735669528898944
"PWY_064","fixed",NA,"carrierint",-0.020360362709299,0.167540347958186,-0.121525130856123,108.174771213333,0.903500569479649,0.959362560423284
"PWY_065","fixed",NA,"(Intercept)",-5.03373186980788,0.0625367993351932,-80.4923168969267,124.934152446635,1.65345482035253e-109,9.20928222650535e-109
"PWY_065","fixed",NA,"carrierper",0.00246507620680804,0.189471902414679,0.013010246772173,109.313230992703,0.989643333022053,0.99479864057186
"PWY_065","fixed",NA,"carrierint",0.143324593738689,0.115025139166437,1.24602843150056,107.906758974786,0.215452438805307,0.466387400809537
"PWY_066","fixed",NA,"(Intercept)",-5.53167093272572,0.0960441910856886,-57.5950598385536,124.283812597414,1.70836510493129e-91,5.86804524986228e-91
"PWY_066","fixed",NA,"carrierper",0.371464929624397,0.291204031470558,1.27561740044782,108.948846923411,0.204803912187841,0.457154962764246
"PWY_066","fixed",NA,"carrierint",-0.079969194630835,0.176797511166208,-0.452320816641224,107.578322479116,0.651948656697231,0.849416795957809
"PWY_067","fixed",NA,"(Intercept)",-5.08978409029718,0.0854904617851769,-59.5362802354133,122.313223036461,3.52403527960269e-92,1.22857888301361e-91
"PWY_067","fixed",NA,"carrierper",0.215913032880413,0.261411346275848,0.825951267825139,110.270507392867,0.410615186387061,0.708595000733392
"PWY_067","fixed",NA,"carrierint",-0.0075680268728437,0.158833779537293,-0.0476474645059164,109.273464857053,0.962084178571949,0.982078918133932
"PWY_068","fixed",NA,"(Intercept)",-4.80079453616325,0.066042939267039,-72.6920180937381,123.629807563495,2.68056759182268e-103,1.26602482884058e-102
"PWY_068","fixed",NA,"carrierper",0.248049124380199,0.200507666901525,1.23710543448706,108.80923316341,0.218711201607614,0.469922868087298
"PWY_068","fixed",NA,"carrierint",-0.00619717173214858,0.121748965219203,-0.0509012271356138,107.501558826258,0.959498686528528,0.981975961761993
"PWY_069","fixed",NA,"(Intercept)",-4.62867052594162,0.0572181098906206,-80.8952014456594,123.983979705971,3.74215948037489e-109,2.04356990373597e-108
"PWY_069","fixed",NA,"carrierper",0.250100376925449,0.173883183944686,1.43832411652301,109.523884589895,0.153193508974305,0.364845869754819
"PWY_069","fixed",NA,"carrierint",-0.034419517432777,0.105592150708169,-0.325966629166445,108.258653136284,0.74507885180809,0.903391068408039
"PWY_070","fixed",NA,"(Intercept)",-5.06230920028338,0.0943717568440562,-53.6422057782451,122.35122490934,7.29923144645203e-87,2.30345949483971e-86
"PWY_070","fixed",NA,"carrierper",0.43342521942472,0.284846066014257,1.52161209557666,105.386171499234,0.131101211870633,0.323244257839762
"PWY_070","fixed",NA,"carrierint",0.0908583509942111,0.172859994251242,0.525618153510719,103.808544162413,0.600274528978467,0.813951301175457
"PWY_071","fixed",NA,"(Intercept)",-3.75112758597464,0.0425937783525434,-88.067500256188,127.817154865482,2.79204926935189e-116,1.90404140417266e-115
"PWY_071","fixed",NA,"carrierper",-0.0313401986840577,0.129996886650942,-0.241084225103098,114.970303144696,0.809919256297075,0.931907094899844
"PWY_071","fixed",NA,"carrierint",-0.0390485876709754,0.0789729640203074,-0.494455136075864,113.884308327578,0.621937254849178,0.824922468955551
"PWY_072","fixed",NA,"(Intercept)",-3.32597343598224,0.0118407934658738,-280.891094466598,123.608085278264,2.8263071992065e-175,1.64632394353779e-173
"PWY_072","fixed",NA,"carrierper",0.0355732807983599,0.0357344389128701,0.995490117673228,106.559681912959,0.321753141857041,0.619574231840418
"PWY_072","fixed",NA,"carrierint",-0.0109973887540754,0.0216852736008432,-0.507136269364281,104.969836088987,0.613122966570717,0.821808156534863
"PWY_073","fixed",NA,"(Intercept)",-4.96877167626652,0.0868899202510824,-57.1846729966888,123.521096296021,9.87621626816588e-91,3.37578247992565e-90
"PWY_073","fixed",NA,"carrierper",0.168471792164279,0.264562282807912,0.636794445437258,109.803993534464,0.525584105235207,0.772317949069575
"PWY_073","fixed",NA,"carrierint",-0.0489521905918646,0.160686647954642,-0.304643797197652,108.624690220762,0.761220356666989,0.91101681865442
"PWY_074","fixed",NA,"(Intercept)",-3.66073583705341,0.020763426492656,-176.306923057628,119.347365512105,4.0631979987166e-146,6.56990290657982e-145
"PWY_074","fixed",NA,"carrierper",-0.0468568392816571,0.0612854638859994,-0.764566934972021,94.7420372016518,0.44642962801626,0.725265959699941
"PWY_074","fixed",NA,"carrierint",0.0088743326651249,0.0370942255334678,0.239237577749619,91.927683667226,0.811453942282622,0.932905107986106
"PWY_075","fixed",NA,"(Intercept)",-3.23027958252838,0.0123144213684315,-262.316797995019,115.249981643032,7.26148515264663e-162,1.81277790060714e-160
"PWY_075","fixed",NA,"carrierper",-0.00370254807378647,0.0367722337235018,-0.100688690864599,94.7796870691686,0.920010275769034,0.962705363416998
"PWY_075","fixed",NA,"carrierint",-0.0577648135232045,0.0222893367363068,-2.59158961105882,92.6927942392147,0.0110984653122027,0.0328026522335294
"PWY_076","fixed",NA,"(Intercept)",-5.79365827299519,0.101918594859596,-56.8459394576285,122.823037390934,4.54771399542676e-90,1.52098185780062e-89
"PWY_076","fixed",NA,"carrierper",0.33850291636318,0.308636778648802,1.09676791549319,107.058698223136,0.275203740138174,0.563301359755735
"PWY_076","fixed",NA,"carrierint",-0.0334471882186802,0.187359016913771,-0.17851923419343,105.636057551638,0.858657137762961,0.944600431417407
"PWY_077","fixed",NA,"(Intercept)",-5.51527098223564,0.107393250973286,-51.3558434282575,121.572992202322,2.79895986153125e-84,8.59988106905647e-84
"PWY_077","fixed",NA,"carrierper",0.496206588140889,0.325310036053118,1.52533439841329,105.945664492184,0.130155451341787,0.321479365681658
"PWY_077","fixed",NA,"carrierint",0.102605891223614,0.197486198115217,0.519559808244178,104.54104542617,0.604468754665516,0.816470839635161
"PWY_078","fixed",NA,"(Intercept)",-4.92244218328141,0.056391153937418,-87.2910348446541,131.957896412224,1.35024290668582e-118,9.78051597692632e-118
"PWY_078","fixed",NA,"carrierper",0.0769978846088306,0.166235914347683,0.463184414216229,106.41366672159,0.644178086446298,0.843635614429815
"PWY_078","fixed",NA,"carrierint",-0.173420553467646,0.10060058312938,-1.72385236817776,103.39080408525,0.0877234294770857,0.23270845238893
"PWY_079","fixed",NA,"(Intercept)",-5.59541570445922,0.112218892902136,-49.8616191957882,125.329772994418,1.65100025363742e-84,5.08391708058396e-84
"PWY_079","fixed",NA,"carrierper",0.289191787663005,0.335634264343894,0.86162772513207,105.000413965464,0.390855854593147,0.691666436355973
"PWY_079","fixed",NA,"carrierint",-0.384265670678588,0.203480667397717,-1.88846279891305,102.929747795647,0.0617793863460418,0.171704934615838
"PWY_080","fixed",NA,"(Intercept)",-6.02213345849998,0.0682068816095561,-88.2921681271564,125.420353143939,8.94123056472166e-115,5.81387922301436e-114
"PWY_080","fixed",NA,"carrierper",0.680137588713275,0.20503767129395,3.3171347705086,106.904330780449,0.00124339433144593,0.00370632254874502
"PWY_080","fixed",NA,"carrierint",-0.00110619394945718,0.124375202847187,-0.00889400719865598,105.108139346881,0.992920561669638,0.996484526356177
"PWY_081","fixed",NA,"(Intercept)",-4.7067907733365,0.0828235151462646,-56.829159750397,123.497653996009,2.1326764007986e-90,7.18429303208782e-90
"PWY_081","fixed",NA,"carrierper",0.140862965713569,0.251971852157373,0.559042466479908,109.4627160422,0.577274692371702,0.802216719617932
"PWY_081","fixed",NA,"carrierint",-0.0428296347233387,0.15302786243367,-0.279881284637973,108.247210021959,0.780102710735594,0.915393373669395
"PWY_082","fixed",NA,"(Intercept)",-5.05873463569679,0.0668559689098218,-75.6661629198767,132.194877046071,1.03706433175941e-110,5.89356071463275e-110
"PWY_082","fixed",NA,"carrierper",-0.435809496119009,0.198313564425245,-2.1975778479,108.805206513383,0.0300985215043951,0.0865796976607909
"PWY_082","fixed",NA,"carrierint",0.106699616248977,0.120110273181824,0.888347128204881,106.196767308504,0.376361748167384,0.673225786093216
"PWY_084","fixed",NA,"(Intercept)",-5.49473096164531,0.0968556049454127,-56.7311614515454,127.96322767478,1.45383381999394e-92,5.14546754519376e-92
"PWY_084","fixed",NA,"carrierper",0.0793107251851165,0.292216555717994,0.271410786395197,110.725269328219,0.786580476444109,0.917896081860488
"PWY_084","fixed",NA,"carrierint",-0.135118588866139,0.177324953279098,-0.761982937920029,109.105003709726,0.447714251231079,0.725265959699941
"PWY_085","fixed",NA,"(Intercept)",-4.7490646783881,0.0842056496756447,-56.3984090934661,123.479670095165,5.38387017523112e-90,1.78356647037277e-89
"PWY_085","fixed",NA,"carrierper",0.154164279275128,0.256237616061858,0.601645775684671,109.536131331144,0.54865317446514,0.7899249617943
"PWY_085","fixed",NA,"carrierint",-0.0453684548716254,0.155621992802423,-0.291529841345914,108.331112442622,0.771203617787831,0.914455180379463
"PWY_086","fixed",NA,"(Intercept)",-5.54852738303899,0.0910764891814089,-60.9216212977564,125.798713520633,3.11988115971554e-95,1.20154100861772e-94
"PWY_086","fixed",NA,"carrierper",0.147560800607545,0.275646331915394,0.535326552623368,109.76353004744,0.593507020917015,0.81336470491997
"PWY_086","fixed",NA,"carrierint",-0.107420355072144,0.167322633170373,-0.64199536570026,108.30401806951,0.522232731838199,0.771756193562158
"PWY_088","fixed",NA,"(Intercept)",-4.06483656081737,0.0491263481121907,-82.7424939369486,122.62424005937,1.91815916874953e-109,1.059915619728e-108
"PWY_088","fixed",NA,"carrierper",0.153715501171968,0.150812227062315,1.01925091994334,112.151542986414,0.310277547375616,0.60666854717638
"PWY_088","fixed",NA,"carrierint",0.0285867799560939,0.0916648763086468,0.311861872369071,111.311728217515,0.755728890573799,0.907322528720998
"PWY_089","fixed",NA,"(Intercept)",-3.27069568560976,0.0111221310856457,-294.070952807861,122.324867220539,3.50311142671647e-176,2.44867488727481e-174
"PWY_089","fixed",NA,"carrierper",0.0126627780220525,0.0334285541722815,0.378801247484175,103.828123970943,0.705608955451291,0.875280674109054
"PWY_089","fixed",NA,"carrierint",-0.0108948539439505,0.0202772757333863,-0.537293770977937,102.037908671644,0.59223448277757,0.812506189325851
"PWY_090","fixed",NA,"(Intercept)",-3.49220326348578,0.0180955416363566,-192.986943063889,107.140247976947,4.92626272032898e-138,6.14903150269635e-137
"PWY_090","fixed",NA,"carrierper",-0.0126420603272626,0.0544589834981,-0.23213911673,89.8019320948679,0.816958163626756,0.936153698975578
"PWY_090","fixed",NA,"carrierint",-0.0578078776369238,0.0330386285390056,-1.74970572911873,88.1753139007414,0.0836481811793833,0.224453276945831
"PWY_091","fixed",NA,"(Intercept)",-3.63326763254455,0.0178113501539109,-203.986087587346,110.255535378567,5.80356262960252e-144,8.818891908896e-143
"PWY_091","fixed",NA,"carrierper",-0.0413616054248783,0.0526736085288925,-0.785243437464336,86.9222308644311,0.434445970613036,0.725265959699941
"PWY_091","fixed",NA,"carrierint",-0.0397987502746956,0.0318898422216345,-1.24800712396424,84.3401524313978,0.215482173413799,0.466387400809537
"PWY_092","fixed",NA,"(Intercept)",-5.82251753991083,0.0994795524693387,-58.5297922576143,125.967385363069,3.31940050973608e-93,1.18683424874963e-92
"PWY_092","fixed",NA,"carrierper",0.0892636257756633,0.300196836817531,0.297350320949319,108.840755549631,0.766765845781169,0.913065291654237
"PWY_092","fixed",NA,"carrierint",-0.301545853982879,0.182171564898576,-1.65528497353999,107.237992995563,0.10079044718956,0.259493637515664
"PWY_093","fixed",NA,"(Intercept)",-4.86529504417174,0.0863897958003852,-56.3179366161905,124.491018090166,1.96835792721183e-90,6.64677387015009e-90
"PWY_093","fixed",NA,"carrierper",0.0728393380318186,0.262566702498227,0.277412700615801,110.069259479696,0.781983585208936,0.915393373669395
"PWY_093","fixed",NA,"carrierint",-0.156895715980874,0.15944786407436,-0.983993839564413,108.808139192445,0.327301517029985,0.624667985829772
"PWY_095","fixed",NA,"(Intercept)",-4.86381214592075,0.0821355113945754,-59.2169216863484,122.578450865146,4.82230389856383e-92,1.67701016173936e-91
"PWY_095","fixed",NA,"carrierper",0.107540979841441,0.249989420738005,0.430182123403318,108.729102332397,0.667914604027808,0.855861243291361
"PWY_095","fixed",NA,"carrierint",-0.0482349323336413,0.151830133308574,-0.317690113830107,107.535418701539,0.751336070873634,0.905706263295374
"PWY_096","fixed",NA,"(Intercept)",-5.09448470499295,0.0770364619528062,-66.1308239741581,118.621123440954,1.82664039844624e-95,7.07380409148988e-95
"PWY_096","fixed",NA,"carrierper",-0.180393270399448,0.231438110752209,-0.779444966142969,100.0957513391,0.437556668009442,0.725265959699941
"PWY_096","fixed",NA,"carrierint",-0.0445829958794217,0.140380360030554,-0.317587131630936,98.3038062888575,0.751471732326573,0.905706263295374
"PWY_097","fixed",NA,"(Intercept)",-5.50457326726079,0.109796480868584,-50.1343323913017,119.74319893253,3.23789572859167e-82,9.77662684356621e-82
"PWY_097","fixed",NA,"carrierper",0.185667009658344,0.335084326172669,0.55409040398586,106.989792029223,0.58067326381008,0.803743784956923
"PWY_097","fixed",NA,"carrierint",0.0610531589077395,0.203562466625356,0.299923457992401,105.918841116274,0.764823350671469,0.912306351739517
"PWY_098","fixed",NA,"(Intercept)",-5.12266047199342,0.0691808125760974,-74.0474169244342,122.368529252947,1.73295251712108e-103,8.21243260656022e-103
"PWY_098","fixed",NA,"carrierper",-0.0798956545953206,0.206864442578206,-0.386222270002327,102.051358325192,0.70013611353659,0.871253258453831
"PWY_098","fixed",NA,"carrierint",-0.160152683024711,0.125409751504327,-1.27703532702707,99.9859899639591,0.204547453324411,0.457154962764246
"PWY_099","fixed",NA,"(Intercept)",-6.52433814455578,0.0726664560902021,-89.7847300611028,126.686887829672,1.49006981372019e-116,1.02113607822589e-115
"PWY_099","fixed",NA,"carrierper",0.209004465217636,0.21670690448149,0.964456881139603,105.296233398479,0.337026717995123,0.627381293950975
"PWY_099","fixed",NA,"carrierint",0.0953686786070108,0.131335941792188,0.726143029132972,103.051013511016,0.469397152916923,0.735669528898944
"PWY_100","fixed",NA,"(Intercept)",-4.84619536624459,0.084841428973087,-57.1206240265222,120.834768897465,2.70675136668679e-89,8.90361978971324e-89
"PWY_100","fixed",NA,"carrierper",0.308039685536792,0.259434814859885,1.18734906763827,108.827687604446,0.237675138554902,0.501092836553799
"PWY_100","fixed",NA,"carrierint",0.052766141074513,0.15763326897339,0.33473987704601,107.835059277685,0.738471544685752,0.898505848103291
"PWY_101","fixed",NA,"(Intercept)",-6.23726418332256,0.0669995216985946,-93.094159856568,122.936661950314,7.58024501819525e-116,5.04627739782712e-115
"PWY_101","fixed",NA,"carrierper",-0.210437499562138,0.204700836110011,-1.02802462149712,110.560250629645,0.306182092732283,0.602748768494246
"PWY_101","fixed",NA,"carrierint",-0.194820057128945,0.124367329846762,-1.56648902383762,109.527885186372,0.120118869728749,0.300942974696758
"PWY_102","fixed",NA,"(Intercept)",-6.78397759032432,0.0377177741601267,-179.861557087746,120.242383352728,4.80076135261072e-148,8.38933046368724e-147
"PWY_102","fixed",NA,"carrierper",0.0786551020295136,0.113308631127542,0.694166907205666,101.639109234619,0.489161147228413,0.753966134316783
"PWY_102","fixed",NA,"carrierint",-0.00833368063901563,0.0687277520806484,-0.121256412245762,99.8350246797351,0.903731663517652,0.959362560423284
"PWY_103","fixed",NA,"(Intercept)",-4.47286567228434,0.055923081047677,-79.9824614182293,129.528106461437,3.97505299510977e-112,2.35471359625571e-111
"PWY_103","fixed",NA,"carrierper",0.0261642291040962,0.164880033061864,0.158686462018595,104.096361168144,0.87422335851903,0.944600431417407
"PWY_103","fixed",NA,"carrierint",-0.0444477150099828,0.099782009106109,-0.445448186583583,101.104045372258,0.656948235915781,0.850983349915465
"PWY_104","fixed",NA,"(Intercept)",-5.19777685367543,0.0587784703283674,-88.4299442404323,128.219463893414,8.83506123729127e-117,6.1757078048666e-116
"PWY_104","fixed",NA,"carrierper",-0.226876313534994,0.172407818626521,-1.31592821800307,101.078223153486,0.191174825347588,0.435990874120601
"PWY_104","fixed",NA,"carrierint",-0.0202696482352701,0.10426273453032,-0.19440932876526,97.7359467446146,0.846258909998832,0.943598064558508
"PWY_105","fixed",NA,"(Intercept)",-6.1126052831286,0.129298524430879,-47.2751356601623,122.23294994672,2.0977823435719e-80,6.32047352653774e-80
"PWY_105","fixed",NA,"carrierper",0.204617222173814,0.392889219414963,0.52080131513535,107.763589847305,0.603573668937634,0.816050279666162
"PWY_105","fixed",NA,"carrierint",-0.0814223375758936,0.238583102067236,-0.341274536504885,106.49850026373,0.733569321081853,0.894892127932779
"PWY_106","fixed",NA,"(Intercept)",-5.46696584494078,0.0826217290251925,-66.16862064547,125.47057641051,2.00629595395323e-99,8.55122482812992e-99
"PWY_106","fixed",NA,"carrierper",-0.123625150038525,0.246653219771439,-0.501210363899088,104.481232108911,0.61727745232303,0.822644307290367
"PWY_106","fixed",NA,"carrierint",-0.190476786786663,0.149503287623309,-1.27406420162874,102.304172785149,0.205527372871984,0.457154962764246
"PWY_109","fixed",NA,"(Intercept)",-4.65238101458564,0.0719253383396961,-64.6834776447338,123.751125218738,2.93541015177544e-97,1.17922511269599e-96
"PWY_109","fixed",NA,"carrierper",0.115979105595666,0.218054470082292,0.531881348508454,108.3887151568,0.595896676964452,0.81336470491997
"PWY_109","fixed",NA,"carrierint",-0.0678162793115911,0.132385242632359,-0.512264644934185,107.015255582011,0.609521426835553,0.818912156279622
"PWY_110","fixed",NA,"(Intercept)",-3.86870754385028,0.0292189370197524,-132.40411659175,93.8422740918418,1.69843671654827e-108,9.06265087684914e-108
"PWY_110","fixed",NA,"carrierper",0.067164178970887,0.0871516211672147,0.770658974226325,74.7420114103786,0.443338395188064,0.725265959699941
"PWY_110","fixed",NA,"carrierint",0.0432534651174466,0.0528195650536693,0.818890974840426,72.8334808530381,0.415520034634419,0.712757065544684
"PWY_111","fixed",NA,"(Intercept)",-4.62737304836498,0.0503570530927546,-91.8912597971458,127.803134687841,1.35783188403736e-118,9.78478852517646e-118
"PWY_111","fixed",NA,"carrierper",0.154711924715353,0.151175323705612,1.02339403629542,108.750859521624,0.308392683497034,0.604674574374268
"PWY_111","fixed",NA,"carrierint",-0.0769104849911242,0.0916891533769357,-0.838817702623383,106.872705658039,0.403443901293813,0.702384276474161
"PWY_112","fixed",NA,"(Intercept)",-4.23772840186925,0.0523722212240204,-80.9155751432139,118.878426808709,8.34556778235751e-106,4.12265150520699e-105
"PWY_112","fixed",NA,"carrierper",0.108138953543164,0.159773452615903,0.676826793016301,105.999350082027,0.499990217733784,0.761423011320077
"PWY_112","fixed",NA,"carrierint",0.0196902208308456,0.0970585072812287,0.202869602906552,104.915227260393,0.839629868176157,0.940029742682737
"PWY_113","fixed",NA,"(Intercept)",-4.48111616288998,0.0608883293436824,-73.595649793517,123.308093577852,9.50033552028895e-104,4.53292459295698e-103
"PWY_113","fixed",NA,"carrierper",0.261806178432324,0.184712864640126,1.41736840551089,108.196738867707,0.159248529915419,0.377338042070772
"PWY_113","fixed",NA,"carrierint",-0.0102796200068493,0.112149863336336,-0.091659674840805,106.854286182559,0.927140053531378,0.965109303675998
"PWY_114","fixed",NA,"(Intercept)",-6.56047164230958,0.0262083947224334,-250.319476327715,104.680898446924,3.14468095538674e-147,5.23364759003651e-146
"PWY_114","fixed",NA,"carrierper",0.256041527692454,0.0741354089329289,3.45370088838516,69.0878050006995,0.000948702831163554,0.00283394563668087
"PWY_114","fixed",NA,"carrierint",0.00311192147572586,0.044543990615147,0.0698617576187183,63.4884188712722,0.944523277536297,0.972344287183905
"PWY_115","fixed",NA,"(Intercept)",-6.42612148988634,0.0420815595721369,-152.706352977973,119.817652704925,3.86042897643632e-139,4.95126578812659e-138
"PWY_115","fixed",NA,"carrierper",0.08559114065406,0.123125041289736,0.695156239197907,92.3014660719587,0.488703770880487,0.753966134316783
"PWY_115","fixed",NA,"carrierint",-0.0639327474827724,0.0744321286483074,-0.858940200203803,88.8919359258973,0.392683842163584,0.693254231440534
"PWY_116","fixed",NA,"(Intercept)",-3.38619377858182,0.0145622174123407,-232.5328404802,118.598831430105,1.37249774528811e-159,3.19791974652129e-158
"PWY_116","fixed",NA,"carrierper",0.000616812997883023,0.0442453022947623,0.0139407567785121,104.182285173595,0.988903907327249,0.99479864057186
"PWY_116","fixed",NA,"carrierint",-0.0131647879946173,0.0268678708775731,-0.489982554055151,102.925394134568,0.625189048778766,0.82686699884302
"PWY_117","fixed",NA,"(Intercept)",-3.38346882428631,0.0126424930245123,-267.62671078609,121.586724492182,2.54723528362414e-170,9.62441872028795e-169
"PWY_117","fixed",NA,"carrierper",-0.00290030285063679,0.0382663846777752,-0.0757924448588231,105.672081372329,0.939727532814955,0.969549144557422
"PWY_117","fixed",NA,"carrierint",-0.00668201415141445,0.0232286373734475,-0.287662769192506,104.23141878126,0.77417605906289,0.915393373669395
"PWY_118","fixed",NA,"(Intercept)",-3.74636544719518,0.034645523436337,-108.134185187859,119.07280234954,1.00011524111427e-120,7.76756170598749e-120
"PWY_118","fixed",NA,"carrierper",0.144421343455309,0.107275687085217,1.34626351393661,112.190145705406,0.180931385931401,0.416613716074426
"PWY_118","fixed",NA,"carrierint",-0.0188495807558376,0.0652484625315541,-0.28888927071227,111.672521254596,0.773201702615811,0.915271786839038
"PWY_119","fixed",NA,"(Intercept)",-3.23055253076484,0.0119220518608501,-270.972863435815,119.947838180023,4.79188567487663e-169,1.59501337463751e-167
"PWY_119","fixed",NA,"carrierper",-0.00257277770866231,0.0360460203426087,-0.0713748059899174,103.671467348006,0.943236970383609,0.972077801245915
"PWY_119","fixed",NA,"carrierint",-0.0231361623160844,0.0218784278796725,-1.05748742292313,102.185718635399,0.292782723652585,0.584373162916467
"PWY_120","fixed",NA,"(Intercept)",-3.64103511152488,0.017456750230256,-208.574623770135,93.497426899064,1.44416414623639e-126,1.30254288802482e-125
"PWY_120","fixed",NA,"carrierper",0.00481155888673094,0.0517637112651996,0.0929523554074401,72.6930564112666,0.926197119401082,0.965109303675998
"PWY_120","fixed",NA,"carrierint",-0.0309075622775279,0.0313497601475395,-0.98589469686752,70.5048897627535,0.327556105180831,0.624667985829772
"PWY_122","fixed",NA,"(Intercept)",-5.28773586835505,0.0804050358433425,-65.7637399560077,123.97682042802,2.98006108409944e-98,1.22894554441623e-97
"PWY_122","fixed",NA,"carrierper",-0.528397216004815,0.242543982694586,-2.17856246168011,106.752021398588,0.0315637534473144,0.090608064310771
"PWY_122","fixed",NA,"carrierint",-0.0373565688948075,0.147179753793718,-0.253815949082,105.138073584035,0.800133447875765,0.927331081237093
"PWY_123","fixed",NA,"(Intercept)",-4.34971072272408,0.0484993524618379,-89.6859545938615,123.550976438016,2.58965033722102e-114,1.6381589011018e-113
"PWY_123","fixed",NA,"carrierper",0.0476872195011216,0.147062977208137,0.324263933767846,108.265394871473,0.746363865530246,0.903391068408039
"PWY_123","fixed",NA,"carrierint",-0.0698790829470647,0.0892865609325043,-0.782638307683162,106.901519860657,0.435569801099235,0.725265959699941
"PWY_124","fixed",NA,"(Intercept)",-4.19230149029163,0.0447423237650626,-93.6987875798534,122.746611787007,4.73369135346478e-116,3.1815867846845e-115
"PWY_124","fixed",NA,"carrierper",0.177314752222225,0.136512694881235,1.29888837354276,109.839623782681,0.19670233947036,0.443532049321877
"PWY_124","fixed",NA,"carrierint",0.0296693966028251,0.0829290362855267,0.357768496195623,108.7505310697,0.721210004374193,0.888327388647684
"PWY_125","fixed",NA,"(Intercept)",-4.8531906197929,0.0514050347865677,-94.4108031429842,119.597043665828,3.60356277506297e-114,2.2590945110036e-113
"PWY_125","fixed",NA,"carrierper",-0.107262350310102,0.15332336541562,-0.699582545813167,98.5135060446328,0.485836677323348,0.753828717977847
"PWY_125","fixed",NA,"carrierint",-0.0701263489657996,0.0929237461305087,-0.754665539068013,96.32669512581,0.452290777146765,0.726435397609762
"PWY_126","fixed",NA,"(Intercept)",-6.80317558927496,0.0646110563006302,-105.294294487623,136.176541324864,2.39305342182283e-132,2.42426716210747e-131
"PWY_126","fixed",NA,"carrierper",-0.0949075273122207,0.188802636268854,-0.502681155241247,107.534869829967,0.61621639295296,0.822644307290367
"PWY_126","fixed",NA,"carrierint",0.0282474534673086,0.114114177007592,0.247536758429492,103.825420838609,0.804981707511844,0.927331081237093
"PWY_127","fixed",NA,"(Intercept)",-6.02099540441402,0.0759605747384734,-79.2647426002747,127.154327819801,4.08452118819021e-110,2.3118059194696e-109
"PWY_127","fixed",NA,"carrierper",0.0267872868892925,0.228449209387394,0.117257078547677,108.765875221691,0.906872589420745,0.959443131602965
"PWY_127","fixed",NA,"carrierint",-0.126450294112503,0.138583239977099,-0.912450121193579,106.985842903934,0.363583358590696,0.656704825981644
"PWY_128","fixed",NA,"(Intercept)",-4.98633571201379,0.0946965112212004,-52.6559600529133,122.548259724342,5.17623680200777e-86,1.62250651327508e-85
"PWY_128","fixed",NA,"carrierper",0.217352800824293,0.286785217186454,0.757894018933967,106.81449494273,0.450183295247516,0.725901091990805
"PWY_128","fixed",NA,"carrierint",-0.0149873818136652,0.17409507342532,-0.086087340203192,105.395894205933,0.93156031847581,0.967441155157639
"PWY_130","fixed",NA,"(Intercept)",-3.1706608799822,0.0133388871927911,-237.700554338278,118.892631232611,4.75842873450769e-161,1.16706725804241e-159
"PWY_130","fixed",NA,"carrierper",-0.0665952178553348,0.0396925689970257,-1.677775451126,97.0444249982707,0.0966088875093116,0.251039451185906
"PWY_130","fixed",NA,"carrierint",-0.0305578370552907,0.0240495392917125,-1.2706204757037,94.730111473682,0.206975346277747,0.459288149359192
"PWY_131","fixed",NA,"(Intercept)",-3.66772114603481,0.0225004789687795,-163.006358714584,115.908977870844,9.34977131435484e-139,1.18827093613346e-137
"PWY_131","fixed",NA,"carrierper",0.0127502702340429,0.0674291270539421,0.189091432606608,96.6292812480151,0.850417755924802,0.944273046888694
"PWY_131","fixed",NA,"carrierint",-0.0557607613674299,0.0408884402070864,-1.36372923704157,94.726866604358,0.17588477673343,0.408450029689925
"PWY_133","fixed",NA,"(Intercept)",-6.17071588415692,0.0258156440068033,-239.030096732459,127.411866023057,7.22116334159488e-171,2.80421843098601e-169
"PWY_133","fixed",NA,"carrierper",0.176503764367928,0.0777392449099114,2.27045894994826,109.485834833123,0.0251367211655115,0.0727559755473811
"PWY_133","fixed",NA,"carrierint",-0.0272021445717434,0.0471650267119156,-0.576743966199666,107.771225415267,0.565315147037224,0.79748796726341
"PWY_134","fixed",NA,"(Intercept)",-5.85928613531292,0.0203981620937302,-287.245787556218,122.403892122155,4.95888991861066e-175,2.77301124248708e-173
"PWY_134","fixed",NA,"carrierper",0.0355188570555528,0.0611041621291185,0.581283759042443,102.717128696641,0.562322613842746,0.796595096196584
"PWY_134","fixed",NA,"carrierint",-0.0200109082707239,0.0370513642198756,-0.540085599870823,100.74984297169,0.590329844011287,0.81068872487994
"PWY_135","fixed",NA,"(Intercept)",-4.95574206596455,0.0717858691752776,-69.035063904628,122.018604339164,1.21361514831328e-99,5.23652462142581e-99
"PWY_135","fixed",NA,"carrierper",0.451713594165703,0.214222979131724,2.10861409918097,101.012659623915,0.0374512725667012,0.106633154884416
"PWY_135","fixed",NA,"carrierint",0.0720659395372911,0.129840662942909,0.555033668989957,98.8368887110355,0.580125614613043,0.803743784956923
"PWY_136","fixed",NA,"(Intercept)",-6.26324947641332,0.0167791882086958,-373.274880674346,109.21120636379,1.86142100806302e-171,7.43504734077743e-170
"PWY_136","fixed",NA,"carrierper",-0.0209121462576174,0.0472782245479573,-0.442320887841398,71.8656505602105,0.659585370855134,0.851431531353165
"PWY_136","fixed",NA,"carrierint",0.00757690959265093,0.0283822396901261,0.266959537914369,65.7203529955579,0.790336227298393,0.919975058920194
"PWY_137","fixed",NA,"(Intercept)",-4.31500102773274,0.0483383962564415,-89.2665326512096,121.082194719845,2.42388301817492e-112,1.45432981090495e-111
"PWY_137","fixed",NA,"carrierper",-0.00336766140040024,0.145061526229853,-0.0232154003058268,102.0760966594,0.981523776381287,0.992169370485206
"PWY_137","fixed",NA,"carrierint",-0.115919747134789,0.0879775364518351,-1.3176061959663,100.212412555596,0.190639903588983,0.435481348394441
"PWY_138","fixed",NA,"(Intercept)",-3.86384160911542,0.0356265901385351,-108.453870945571,129.322959109095,7.59778862744653e-129,7.22565204161241e-128
"PWY_138","fixed",NA,"carrierper",-0.00172904521482486,0.106886383069469,-0.016176477912075,110.018081594277,0.987122900225077,0.99479864057186
"PWY_138","fixed",NA,"carrierint",-0.00543950373127657,0.0648230851854901,-0.0839130645465505,108.099535302773,0.933280752821272,0.967441155157639
"PWY_139","fixed",NA,"(Intercept)",-3.39996841650686,0.0169003930406917,-201.176884367164,122.631482054876,2.23779135829105e-156,4.66930196849386e-155
"PWY_139","fixed",NA,"carrierper",-0.0409383486680851,0.0488593746479637,-0.837881142831845,91.0402637858319,0.404291810505021,0.702729828992833
"PWY_139","fixed",NA,"carrierint",0.0145391980485692,0.0294805692311897,0.49317901342241,86.6762779704529,0.623133317117637,0.825471913484901
"PWY_140","fixed",NA,"(Intercept)",-3.50218536553685,0.0144896109192968,-241.703202732156,125.634092205809,1.7044621818496e-169,5.95709532556435e-168
"PWY_140","fixed",NA,"carrierper",0.0554755298998397,0.0431080930685805,1.2868936190609,103.440363209872,0.201003782184828,0.451269328737609
"PWY_140","fixed",NA,"carrierint",-0.0438404971754153,0.0261183517591771,-1.67853230478111,101.060391851439,0.0963329371302714,0.251039451185906
"PWY_141","fixed",NA,"(Intercept)",-7.06616792834124,0.0402324450201068,-175.633569493721,125.780621530213,2.87228167058112e-152,5.42628348036812e-151
"PWY_141","fixed",NA,"carrierper",0.0942667940941107,0.118838026866642,0.793237624181485,101.108555642547,0.429496939475098,0.724290375616631
"PWY_141","fixed",NA,"carrierint",-0.00831994179673063,0.0719360906868794,-0.115657408086649,98.274507042336,0.908160064180489,0.959643061016118
"PWY_142","fixed",NA,"(Intercept)",-6.04024428109224,0.0654539733471387,-92.2823164463595,127.825570930815,7.67088727527641e-119,5.58536479731064e-118
"PWY_142","fixed",NA,"carrierper",0.146724303203704,0.194345720364688,0.75496544471562,104.875413850686,0.451961798504796,0.726435397609762
"PWY_142","fixed",NA,"carrierint",-0.110638282944805,0.117721564615304,-0.939830211281625,102.358119483567,0.349517255467079,0.641321539589304
"PWY_143","fixed",NA,"(Intercept)",-3.25837115518252,0.00971825641738943,-335.283513342181,123.648956832448,8.12240203700397e-185,1.26167978308128e-182
"PWY_143","fixed",NA,"carrierper",0.00650364551425289,0.0288466995147989,0.225455446329879,100.736061401352,0.822081738210634,0.938179812259973
"PWY_143","fixed",NA,"carrierint",-0.0126517870022115,0.0174727335048607,-0.724087447375758,98.2323943310675,0.470733015234103,0.736937016010387
"PWY_145","fixed",NA,"(Intercept)",-4.13683428397167,0.0490719027950736,-84.3014851339119,117.991001583203,2.78775572601508e-107,1.43811162544984e-106
"PWY_145","fixed",NA,"carrierper",0.262595487169651,0.150616877416226,1.74346654687293,107.510131019418,0.0841108413876226,0.224831656328674
"PWY_145","fixed",NA,"carrierint",-0.0773001180886167,0.0915446909686,-0.844397608105213,106.671206417249,0.400337046209604,0.700746469171465
"PWY_148","fixed",NA,"(Intercept)",-4.07776296307297,0.0557445372936516,-73.1508980259732,122.762337209501,4.26586374517515e-103,1.97472765422346e-102
"PWY_148","fixed",NA,"carrierper",0.120169152183201,0.171267444865455,0.701646201807962,112.614615244393,0.484347343879685,0.752352874159777
"PWY_148","fixed",NA,"carrierint",0.0187206645073584,0.104104791238251,0.179825196176752,111.805919568279,0.857615311405017,0.944600431417407
"PWY_149","fixed",NA,"(Intercept)",-6.2754327094134,0.0457713889665007,-137.103829512499,121.879178247851,2.19917948078572e-135,2.44004199534797e-134
"PWY_149","fixed",NA,"carrierper",-0.201543985105973,0.13607002362562,-1.48117843839358,99.561112210179,0.141716965032378,0.343362767964063
"PWY_149","fixed",NA,"carrierint",-0.0618852837414524,0.0824344541855657,-0.750721095358312,97.1641800707629,0.454634761798529,0.726435397609762
"PWY_150","fixed",NA,"(Intercept)",-4.88115560676737,0.054830615995741,-89.0224470056384,106.356822116266,1.04732043401832e-101,4.70789056835245e-101
"PWY_150","fixed",NA,"carrierper",0.123028029951527,0.163813064823974,0.751026971406264,86.6325551682356,0.454671654441017,0.726435397609762
"PWY_150","fixed",NA,"carrierint",0.199602669339847,0.0993004075738881,2.01008912467278,84.6561724220779,0.0476058208124409,0.13426565811071
"PWY_151","fixed",NA,"(Intercept)",-5.00542812629006,0.0958068432598925,-52.2449958267801,120.436832999604,1.33302989405807e-84,4.11385384523881e-84
"PWY_151","fixed",NA,"carrierper",-0.259021158406847,0.289091274398173,-0.895984006940624,103.416655139834,0.372342150048742,0.66906725677139
"PWY_151","fixed",NA,"carrierint",0.0933471402069408,0.175430863129412,0.532102154328914,101.833028432088,0.595814265713606,0.81336470491997
"PWY_152","fixed",NA,"(Intercept)",-6.48308366117011,0.0349883353482301,-185.292715319137,115.238927963825,1.69722485968175e-144,2.66597792565739e-143
"PWY_152","fixed",NA,"carrierper",0.0408394419985666,0.102908081701072,0.396853593260026,89.7536659276008,0.692417493582109,0.86704101539015
"PWY_152","fixed",NA,"carrierint",-0.0589879743883328,0.0622571962160433,-0.94748845071073,86.7653538071622,0.346021378638545,0.63649722017985
"PWY_153","fixed",NA,"(Intercept)",-3.95902803638141,0.0722009343637353,-54.8334737115248,124.855493063823,3.18459225884903e-89,1.04263699715947e-88
"PWY_153","fixed",NA,"carrierper",-0.0784388537526258,0.222533262054888,-0.352481480873087,115.994030632293,0.725116851579198,0.889217951644865
"PWY_153","fixed",NA,"carrierint",-0.0531754730256967,0.13530214554529,-0.39301278491476,115.303756134095,0.695035714423957,0.86704101539015
"PWY_157","fixed",NA,"(Intercept)",-6.3382691018076,0.0691553921164421,-91.6525654447217,127.2847121701,4.34660221556423e-118,3.10028055987694e-117
"PWY_157","fixed",NA,"carrierper",0.293471650344087,0.205642085387679,1.4270991747182,104.868164702311,0.156522092957703,0.3715074464429
"PWY_157","fixed",NA,"carrierint",0.0204463755781782,0.124586983544711,0.164113256428915,102.446535215647,0.869965336647886,0.944600431417407
"PWY_158","fixed",NA,"(Intercept)",-3.28684276704079,0.0104782908220907,-313.681193130406,120.969649513219,6.29033613124544e-178,5.4961811946757e-176
"PWY_158","fixed",NA,"carrierper",0.0204613373202965,0.0313490735238859,0.65269352552656,100.892647533404,0.515438323303145,0.768786895266389
"PWY_158","fixed",NA,"carrierint",-0.0203656981471467,0.0190062649314178,-1.07152553227235,98.8661601109049,0.286541959893903,0.578384374177396
"PWY_159","fixed",NA,"(Intercept)",-3.81261992115994,0.0286271711838529,-133.181860571346,90.8825653082431,5.52818821948769e-106,2.74056990455454e-105
"PWY_159","fixed",NA,"carrierper",0.0343190183883469,0.0863556514026721,0.397414851615432,75.5462920668563,0.692182220009559,0.86704101539015
"PWY_159","fixed",NA,"carrierint",0.0122092264837208,0.0524021194888329,0.232991081330644,74.1637486973757,0.816410166611643,0.936153698975578
"PWY_161","fixed",NA,"(Intercept)",-3.27525523266708,0.0141302231535578,-231.790764878502,114.49715355625,7.6808913678182e-155,1.57910090179556e-153
"PWY_161","fixed",NA,"carrierper",-0.014991728979137,0.0424141018208081,-0.35346095603944,95.849430800078,0.724519136900522,0.889217951644865
"PWY_161","fixed",NA,"carrierint",-0.0645705740227804,0.0257241404280047,-2.51011590468871,94.0405482617687,0.0137775558407862,0.0406350697582682
"PWY_162","fixed",NA,"(Intercept)",-5.2194163479682,0.0841029408995623,-62.059855364646,126.125691415282,2.17870790874465e-96,8.53174693676476e-96
"PWY_162","fixed",NA,"carrierper",0.0709458387179553,0.253361170008646,0.280018594465498,108.367702668345,0.779997049534094,0.915393373669395
"PWY_162","fixed",NA,"carrierint",-0.111975075510655,0.153722613017631,-0.728422925635615,106.678250991317,0.46795072915942,0.735669528898944
"PWY_163","fixed",NA,"(Intercept)",-3.99468911313154,0.0450988028729526,-88.5763891424111,119.411890031627,8.978900494471e-111,5.12347056786549e-110
"PWY_163","fixed",NA,"carrierper",0.143261502984836,0.138455156015042,1.03471410605519,109.002798974906,0.303092578663874,0.599325919338183
"PWY_163","fixed",NA,"carrierint",0.0458139280104257,0.084154510783095,0.544402523217196,108.170322562125,0.587285012814148,0.808891081688846
"PWY_164","fixed",NA,"(Intercept)",-4.84197468776844,0.0736123527470769,-65.7766598549686,116.668196315692,4.58945503496073e-94,1.70187218537801e-93
"PWY_164","fixed",NA,"carrierper",0.427663216533583,0.224265823761092,1.90694778794815,103.322886849902,0.0593049108889189,0.165155907216551
"PWY_164","fixed",NA,"carrierint",0.0777413676642655,0.136219192205575,0.570707889288773,102.188610751517,0.569450533160068,0.799336058239337
"PWY_165","fixed",NA,"(Intercept)",-4.5415719730823,0.0702457474978283,-64.6526250321802,120.688706817754,1.65898805930035e-95,6.44240363028304e-95
"PWY_165","fixed",NA,"carrierper",0.189664304161628,0.215321294350402,0.880843228877212,109.636779794496,0.380329546286568,0.679055818274103
"PWY_165","fixed",NA,"carrierint",-0.000702639930578508,0.130857189516957,-0.00536951720552931,108.741067426662,0.995725604069941,0.998582779404431
"PWY_166","fixed",NA,"(Intercept)",-5.35431012912281,0.107617901585681,-49.7529690714137,121.438687827366,1.28072874776369e-82,3.89230171602966e-82
"PWY_166","fixed",NA,"carrierper",0.314799718101878,0.327682245778172,0.960685914961,107.767574818457,0.338860630411637,0.62911973614272
"PWY_166","fixed",NA,"carrierint",0.0718299898328494,0.199024106480238,0.360911002708015,106.594751985101,0.71888025345208,0.886685797247971
"PWY_167","fixed",NA,"(Intercept)",-3.56924782593358,0.0145255274696523,-245.722424427662,87.0178814331237,1.91801195714813e-125,1.67586294755818e-124
"PWY_167","fixed",NA,"carrierper",0.0227226888590994,0.0429667585521121,0.528843450723429,66.3682799360767,0.59867831284882,0.81336470491997
"PWY_167","fixed",NA,"carrierint",-0.0152676836893388,0.0260139010656991,-0.586904811038515,64.1724788005296,0.559326823716875,0.79593785473596
"PWY_170","fixed",NA,"(Intercept)",-5.97260172685957,0.0543263308412801,-109.939354165278,128.229482885175,9.3882430338683e-129,8.74984250756526e-128
"PWY_170","fixed",NA,"carrierper",0.397279709998521,0.162077677712204,2.45116857303421,106.941813105186,0.0158595948241226,0.0462875022215519
"PWY_170","fixed",NA,"carrierint",-0.0347065430427028,0.0982323429822448,-0.353310752742362,104.710964163432,0.724565792487195,0.889217951644865
"PWY_171","fixed",NA,"(Intercept)",-4.01227823947616,0.0260667491214309,-153.923230732959,120.053942925156,9.01241678769301e-140,1.1999389208757e-138
"PWY_171","fixed",NA,"carrierper",0.0599231645027848,0.0774222958058989,0.773978140005236,97.51414367976,0.4408161394274,0.725265959699941
"PWY_171","fixed",NA,"carrierint",-0.0165521690796864,0.0468990955186787,-0.35293152024849,95.0797352981475,0.724921011100814,0.889217951644865
"PWY_172","fixed",NA,"(Intercept)",-5.06791708126494,0.0814629311436934,-62.2113274113054,120.746878858292,1.40284270629328e-93,5.16098448262633e-93
"PWY_172","fixed",NA,"carrierper",0.204577976393685,0.248444472538206,0.823435411155,107.709827969745,0.412079925319204,0.708595000733392
"PWY_172","fixed",NA,"carrierint",-0.0526952114317501,0.150919785126478,-0.34916039263897,106.607671623889,0.727657608499089,0.889217951644865
"PWY_175","fixed",NA,"(Intercept)",-5.47942792089956,0.0560342682558182,-97.7870879991479,127.765322574748,5.71200767039473e-122,4.58930271448956e-121
"PWY_175","fixed",NA,"carrierper",0.240046263039741,0.168150391241647,1.4275688642007,108.56708673471,0.15628606773541,0.3715074464429
"PWY_175","fixed",NA,"carrierint",0.0405732923679485,0.101980164292908,0.397854746060359,106.667180874219,0.691532381579315,0.86704101539015
"PWY_176","fixed",NA,"(Intercept)",-4.21699901603018,0.0558464860879853,-75.5105524345142,116.524095816411,8.33117042174239e-101,3.6396800779987e-100
"PWY_176","fixed",NA,"carrierper",0.0742018328856208,0.168360870018203,0.440730871001072,99.3139465854943,0.660365717007273,0.851465858495884
"PWY_176","fixed",NA,"carrierint",0.0285411948164893,0.102157847350076,0.279383283387755,97.7065592007144,0.780541241672291,0.915393373669395
"PWY_177","fixed",NA,"(Intercept)",-4.69960727981164,0.0832278852273876,-56.4667390859663,123.393727456006,5.15389146849319e-90,1.71960388375978e-89
"PWY_177","fixed",NA,"carrierper",0.14831400775295,0.253222124114329,0.585707146528741,109.39088600057,0.559278775832076,0.79593785473596
"PWY_177","fixed",NA,"carrierint",-0.0455719106691138,0.153788313429179,-0.296328827938542,108.17913535204,0.767547109966608,0.913217752964526
"PWY_178","fixed",NA,"(Intercept)",-5.49384677676908,0.0888414378498673,-61.8387872791197,122.734461751189,2.32278426019432e-94,8.68249303676916e-94
"PWY_178","fixed",NA,"carrierper",0.334016982397222,0.268267078962981,1.24509121167012,105.914576202578,0.21584595731314,0.466387400809537
"PWY_178","fixed",NA,"carrierint",-0.132059029442297,0.162805969666451,-0.811143655928916,104.35593662786,0.419129344501046,0.715753122951674
"PWY_179","fixed",NA,"(Intercept)",-3.96668378864639,0.0336243779467077,-117.970473533616,123.997824746009,3.2465504212687e-129,3.15185936731503e-128
"PWY_179","fixed",NA,"carrierper",0.00590676398933804,0.10275336300986,0.0574848726729383,111.691938782411,0.954261671118126,0.978068868062375
"PWY_179","fixed",NA,"carrierint",-0.0533961540337697,0.0624296742871473,-0.855300858821918,110.666419970858,0.394232556505883,0.693254231440534
"PWY_180","fixed",NA,"(Intercept)",-5.90745306810727,0.0783681883616348,-75.3807532317446,125.619994013736,1.90619650680441e-106,9.58583710975742e-106
"PWY_180","fixed",NA,"carrierper",-0.0949147143437249,0.235190588986633,-0.40356510331763,106.497582569031,0.687341702025694,0.866283808191811
"PWY_180","fixed",NA,"carrierint",-0.201185795438902,0.142640118716772,-1.41044326973942,104.612065042196,0.161375432103955,0.381730717565702
"PWY_181","fixed",NA,"(Intercept)",-6.467586352614,0.0394591954554199,-163.905682261589,125.94213692784,1.15717524505407e-148,2.07401409305845e-147
"PWY_181","fixed",NA,"carrierper",0.308626064048588,0.119312638064173,2.58670052943253,109.554355068758,0.0110005881685103,0.032582250549952
"PWY_181","fixed",NA,"carrierint",-0.0108035288591011,0.0724183164415933,-0.149182270314366,108.049350895206,0.881687899783322,0.947428880646608
"PWY_182","fixed",NA,"(Intercept)",-6.0121165838878,0.0685782497322018,-87.6679793865422,127.138955536276,1.43420333005123e-115,9.45762384628121e-115
"PWY_182","fixed",NA,"carrierper",0.0345431726853781,0.206794227141192,0.167041281388349,109.720099339584,0.867645035656038,0.944600431417407
"PWY_182","fixed",NA,"carrierint",-0.0941921740073983,0.125481586972159,-0.750645383758949,108.076228877175,0.45449731333546,0.726435397609762
"PWY_185","fixed",NA,"(Intercept)",-6.0121165838878,0.0685782497322018,-87.6679793865422,127.138955536276,1.43420333005123e-115,9.45762384628121e-115
"PWY_185","fixed",NA,"carrierper",0.0345431726853781,0.206794227141192,0.167041281388349,109.720099339584,0.867645035656038,0.944600431417407
"PWY_185","fixed",NA,"carrierint",-0.0941921740073983,0.125481586972159,-0.750645383758949,108.076228877175,0.45449731333546,0.726435397609762
"PWY_186","fixed",NA,"(Intercept)",-6.32765767294648,0.0602806210161548,-104.970014679356,138.360477015195,8.68108753436415e-134,9.26424455957335e-133
"PWY_186","fixed",NA,"carrierper",-0.0541178154269952,0.179006865060809,-0.302322569632239,115.318085604341,0.762950777175366,0.91101681865442
"PWY_186","fixed",NA,"carrierint",-0.0119407791808672,0.108431960026267,-0.110122321665813,112.750325967341,0.912508136632743,0.960152268137407
"PWY_187","fixed",NA,"(Intercept)",-3.69163975365744,0.0311741732167921,-118.419812707941,116.841521442697,1.53817353372223e-123,1.29540156635161e-122
"PWY_187","fixed",NA,"carrierper",0.105857485811577,0.0958786308769067,1.10407798738263,107.199606032643,0.272031429216124,0.558443374514157
"PWY_187","fixed",NA,"carrierint",0.0196747018344128,0.0582848406357843,0.33756121865989,106.440376408235,0.736358660253166,0.896715511353594
"PWY_188","fixed",NA,"(Intercept)",-7.11991533420893,0.0692356250628322,-102.836008597417,125.422314846501,5.7134960930413e-123,4.75444496313794e-122
"PWY_188","fixed",NA,"carrierper",-0.125667093465466,0.203947827464973,-0.616172748822486,99.8357195127513,0.539182897596331,0.77950123147846
"PWY_188","fixed",NA,"carrierint",0.0383084505964099,0.123410070914755,0.310415919158425,96.8222263908286,0.756911905585411,0.907515303609266
"PWY_189","fixed",NA,"(Intercept)",-4.37948932518701,0.0489442365776962,-89.4791630519115,120.477374684598,4.84988539718518e-112,2.86081847479531e-111
"PWY_189","fixed",NA,"carrierper",0.0614184459244038,0.148424903844242,0.413801487039242,105.292920959852,0.679861149269369,0.865697743419169
"PWY_189","fixed",NA,"carrierint",-0.0264906273961536,0.0901141872148988,-0.293967334277569,103.94348941321,0.769369068727627,0.913830040850656
"PWY_190","fixed",NA,"(Intercept)",-4.2916045092046,0.0381487334464933,-112.496644619248,103.046874667491,1.1737810904439e-109,6.5901444355043e-109
"PWY_190","fixed",NA,"carrierper",-0.197894880822204,0.113875736246325,-1.73781428200065,83.3074246780885,0.0859387535987401,0.228842623868645
"PWY_190","fixed",NA,"carrierint",0.0870549888779676,0.0690224434538863,1.26125625987334,81.3231583050862,0.210822630864833,0.461959307130152
"PWY_191","fixed",NA,"(Intercept)",-6.80279498963868,0.0199344221328159,-341.258700368342,251.999999996152,0,0
"PWY_191","fixed",NA,"carrierper",-0.0300592102993303,0.0557386612816372,-0.539288343281994,251.999999995229,0.590164055960874,0.81068872487994
"PWY_191","fixed",NA,"carrierint",-0.0451438279377977,0.0333996999272732,-1.35162375818037,251.999999996586,0.177707706129298,0.41199896047887
"PWY_192","fixed",NA,"(Intercept)",-4.85171965442829,0.0905623773432066,-53.5732364449931,122.88991197474,4.63902647664858e-87,1.46727579510288e-86
"PWY_192","fixed",NA,"carrierper",0.177045924469019,0.27680138736709,0.639613573302735,110.670117987131,0.523745677374774,0.772015884533785
"PWY_192","fixed",NA,"carrierint",-0.0382617754952838,0.168178414108743,-0.227507053732496,109.654275481697,0.820453134223672,0.938179812259973
"PWY_195","fixed",NA,"(Intercept)",-7.32362747060033,0.0594365914205958,-123.217487671451,121.068257216133,4.29322626656578e-129,4.13926229010963e-128
"PWY_195","fixed",NA,"carrierper",0.140614759681258,0.17352853898829,0.810326419510439,92.7628163803841,0.419826581416575,0.715753122951674
"PWY_195","fixed",NA,"carrierint",-0.0614049196622264,0.104868353585629,-0.58554289795431,89.1793725854941,0.559661595998175,0.79593785473596
"PWY_196","fixed",NA,"(Intercept)",-5.579352466551,0.102229635526814,-54.5766639761477,125.407214965923,2.99817885625654e-89,9.83909399306723e-89
"PWY_196","fixed",NA,"carrierper",0.397902546253066,0.308154148521008,1.29124513871647,107.884682658563,0.199378537514886,0.448842504743657
"PWY_196","fixed",NA,"carrierint",-0.0654269329859225,0.186979067971501,-0.349915815153676,106.228645041489,0.727094679009849,0.889217951644865
"PWY_197","fixed",NA,"(Intercept)",-3.83871337023834,0.0256653375786721,-149.568006205705,116.168959904859,1.09608336933176e-134,1.17871119255831e-133
"PWY_197","fixed",NA,"carrierper",-0.0204009489356856,0.0786374130104629,-0.259430570700123,105.031964054738,0.795810857327319,0.924039517062784
"PWY_197","fixed",NA,"carrierint",0.0013454742769234,0.0477885590463965,0.0281547362752059,104.129378779054,0.977592627360307,0.989626714735488
"PWY_198","fixed",NA,"(Intercept)",-3.40496131158808,0.0147470235170276,-230.891427524784,123.233315221983,2.33078279873964e-164,6.3890869659569e-163
"PWY_198","fixed",NA,"carrierper",0.0695454247028984,0.0445881795010768,1.55972783551791,106.879640202173,0.121780453399261,0.303474284941473
"PWY_198","fixed",NA,"carrierint",0.016191786801155,0.027063217858649,0.598294958335132,105.381605483367,0.550926890266881,0.791229397576436
"PWY_199","fixed",NA,"(Intercept)",-5.03128611186578,0.0947710852169745,-53.0888308427287,121.069550823709,1.03148277144716e-85,3.20447314329586e-85
"PWY_199","fixed",NA,"carrierper",0.209097196709622,0.289486702162184,0.722303287673904,108.637248027094,0.471660010668871,0.737562298562731
"PWY_199","fixed",NA,"carrierint",-0.0370283256240895,0.175876108849863,-0.21053641603874,107.599937865622,0.833647212297688,0.940029742682737
"PWY_200","fixed",NA,"(Intercept)",-4.5918225242013,0.04996449332958,-91.9017129606886,121.83027641165,2.20881363520586e-114,1.41000980000812e-113
"PWY_200","fixed",NA,"carrierper",0.198503290475409,0.148965643755844,1.33254410527543,100.510329369331,0.185694605493944,0.424878982783197
"PWY_200","fixed",NA,"carrierint",0.173991526976072,0.0902783257365048,1.92727906235103,98.2830127949471,0.0568324053593015,0.158586232918769
"PWY_201","fixed",NA,"(Intercept)",-5.97392196606808,0.068028593448004,-87.8148681794237,124.332482941948,9.75384796478342e-114,6.006995354523e-113
"PWY_201","fixed",NA,"carrierper",0.158878268185473,0.206211882740744,0.770461265732295,108.906514334893,0.442694493791311,0.725265959699941
"PWY_201","fixed",NA,"carrierint",0.182143699024425,0.125193668787228,1.45489544949742,107.524747424536,0.148611370065216,0.356361398544034
"PWY_202","fixed",NA,"(Intercept)",-3.20370274494403,0.0121759296120848,-263.117712323525,124.627325352607,5.93581167988228e-173,3.07343138091683e-171
"PWY_202","fixed",NA,"carrierper",-0.00657224944254915,0.0365447255330604,-0.17984125880501,105.564851922502,0.857621953044558,0.944600431417407
"PWY_202","fixed",NA,"carrierint",-0.0278362975179801,0.0221641503089073,-1.25591539174833,103.689470739751,0.21196919498143,0.463020210287562
"PWY_203","fixed",NA,"(Intercept)",-5.37879613587218,0.0629276040122173,-85.475940492314,120.060546956388,2.13116401211411e-109,1.17297924761241e-108
"PWY_203","fixed",NA,"carrierper",-0.324602182131563,0.189473611762936,-1.71317883852711,102.278187647894,0.089709347735421,0.237076877380186
"PWY_203","fixed",NA,"carrierint",-0.206863068952964,0.114953784990692,-1.79953247272122,100.590832308414,0.0749325613233376,0.202622283810495
"PWY_204","fixed",NA,"(Intercept)",-6.54123079731671,0.0924601221944703,-70.7465082466429,125.816510736733,3.51254882361388e-103,1.63684775180407e-102
"PWY_204","fixed",NA,"carrierper",0.408292217528113,0.279148891614814,1.46263241514675,108.870332870651,0.146448859096882,0.352334817413053
"PWY_204","fixed",NA,"carrierint",-0.123884597273365,0.169407138696982,-0.731283216434917,107.291949409253,0.46620030007182,0.735669528898944
"PWY_205","fixed",NA,"(Intercept)",-3.26652331492416,0.00879444323012756,-371.430371366077,112.358305801018,2.0425479621318e-175,1.24151393524359e-173
"PWY_205","fixed",NA,"carrierper",0.0197295094992679,0.0256943371822694,0.767854385941601,84.995698602393,0.444701707487048,0.725265959699941
"PWY_205","fixed",NA,"carrierint",-0.0277375027588254,0.0155295231409014,-1.78611426166531,81.6121474408744,0.0777948861483829,0.209956082693898
"PWY_206","fixed",NA,"(Intercept)",-6.13902306580991,0.10665603710707,-57.5590771260987,122.760278871887,1.11948488127807e-90,3.79864044666684e-90
"PWY_206","fixed",NA,"carrierper",0.442329770406521,0.324047185979625,1.36501654556671,108.233637288819,0.175078624399574,0.407254437455248
"PWY_206","fixed",NA,"carrierint",-0.00931835647370565,0.196776281161744,-0.0473550796807987,106.961461550554,0.96231853614073,0.982078918133932
"PWY_207","fixed",NA,"(Intercept)",-4.75381976416235,0.091914867128276,-51.7198132651156,122.48781018945,4.53488341376805e-85,1.40260332133799e-84
"PWY_207","fixed",NA,"carrierper",0.195308953649281,0.280498420009389,0.696292526862519,109.665665599608,0.487718799112156,0.753966134316783
"PWY_207","fixed",NA,"carrierint",-0.0257831133095669,0.170400991676502,-0.15130846983869,108.585907766157,0.880013135305793,0.947428880646608
"PWY_210","fixed",NA,"(Intercept)",-5.8681691274894,0.103724201201183,-56.5747343390722,127.946441681436,2.08220864891142e-92,7.35082750297517e-92
"PWY_210","fixed",NA,"carrierper",-0.0824117244958323,0.311424711305794,-0.264628083462878,108.935136318505,0.79179602491054,0.920907523148864
"PWY_210","fixed",NA,"carrierint",-0.209871480364577,0.188884280637725,-1.11111141517967,107.062854258524,0.269009442458348,0.555502511900695
"PWY_211","fixed",NA,"(Intercept)",-4.92384382904755,0.0857291290037646,-57.4348985725882,124.365253045476,2.16651227500128e-91,7.42349058934261e-91
"PWY_211","fixed",NA,"carrierper",0.178884142127117,0.26225019960165,0.682112510872582,112.459986012047,0.496570307547987,0.759394023299174
"PWY_211","fixed",NA,"carrierint",-0.0341492249175835,0.159349291690106,-0.214304215320864,111.476103469816,0.830701345940747,0.93895644762854
"PWY_212","fixed",NA,"(Intercept)",-4.50436263312213,0.0756071069105191,-59.5759157727465,124.835429068812,1.51406296304411e-93,5.55553811636656e-93
"PWY_212","fixed",NA,"carrierper",0.145047400203438,0.230618987741273,0.628948212911954,111.789346093186,0.530666066701944,0.77414342901982
"PWY_212","fixed",NA,"carrierint",-0.0396245466985239,0.140093380826829,-0.28284381792102,110.683788617997,0.777824848134348,0.915393373669395
"PWY_213","fixed",NA,"(Intercept)",-4.7067705837331,0.0779806424164623,-60.3581919548212,123.271721089227,2.13659371546261e-93,7.77853649535608e-93
"PWY_213","fixed",NA,"carrierper",0.235696790110025,0.238778832871848,0.987092479158412,111.764678041521,0.325729438664986,0.623794185278973
"PWY_213","fixed",NA,"carrierint",0.0292836909261481,0.145099832201216,0.201817538186668,110.822170552588,0.840429365289709,0.940029742682737
"PWY_214","fixed",NA,"(Intercept)",-4.59447161093714,0.0777025726180416,-59.1289510261383,125.550515597521,1.58782209498086e-93,5.8109300753488e-93
"PWY_214","fixed",NA,"carrierper",0.163477520228001,0.236190030068478,0.692144034109333,111.156082226468,0.490290206544274,0.754043683992183
"PWY_214","fixed",NA,"carrierint",-0.0881245153487283,0.143431725472998,-0.614400440754081,109.897314634942,0.540220655159145,0.780194706521162
"PWY_215","fixed",NA,"(Intercept)",-4.8775963604162,0.0906968755311479,-53.7791002374839,124.157032332851,7.1226425584246e-88,2.28906995325922e-87
"PWY_215","fixed",NA,"carrierper",0.174308410888488,0.275743990211303,0.632138567208356,109.860611480113,0.528609685730994,0.772317949069575
"PWY_215","fixed",NA,"carrierint",-0.0239534486854369,0.167454930728592,-0.143044152723459,108.614388924056,0.886520345988838,0.948662805028504
"PWY_216","fixed",NA,"(Intercept)",-5.85328373776298,0.100953362504044,-57.9800770630946,120.980615868939,3.98095981991806e-90,1.33462393962721e-89
"PWY_216","fixed",NA,"carrierper",0.294512460807095,0.307808015308737,0.956805691078882,107.84116954241,0.340805388869262,0.6310542167407
"PWY_216","fixed",NA,"carrierint",0.0314195337173849,0.186976389380134,0.168040113629038,106.727692325119,0.866869740339406,0.944600431417407
"PWY_217","fixed",NA,"(Intercept)",-5.03250479750141,0.0930332300734759,-54.0936264765485,124.116058456832,3.7238554950672e-88,1.20229791734502e-87
"PWY_217","fixed",NA,"carrierper",0.187403138443212,0.283011398780618,0.662175231282755,110.04232707635,0.5092433182902,0.766331710408719
"PWY_217","fixed",NA,"carrierint",-0.0284959755040563,0.171877639360537,-0.165792220617378,108.821921073648,0.868628092968433,0.944600431417407
"PWY_218","fixed",NA,"(Intercept)",-4.64990506800312,0.0783466196139545,-59.3504236802441,124.565737504122,3.31411099899723e-93,1.18683424874963e-92
"PWY_218","fixed",NA,"carrierper",0.157939113868299,0.239159398190804,0.660392671427837,111.823990925381,0.510359955138242,0.766362209756458
"PWY_218","fixed",NA,"carrierint",-0.0439024539352613,0.145291483445627,-0.302168116768461,110.751660110148,0.763090625639718,0.91101681865442
"PWY_219","fixed",NA,"(Intercept)",-4.74437508544805,0.0801076999381582,-59.2249570155008,125.330458067636,1.70002019090979e-93,6.20529563157149e-93
"PWY_219","fixed",NA,"carrierper",0.173065962096677,0.243720317293574,0.710100676129557,111.284484749676,0.479127084209502,0.746733181410127
"PWY_219","fixed",NA,"carrierint",-0.0939450960638856,0.148017135923508,-0.634690676033851,110.06635626293,0.526947271253034,0.772317949069575
"PWY_222","fixed",NA,"(Intercept)",-4.8775963604162,0.0906968755311479,-53.7791002374839,124.157032332851,7.1226425584246e-88,2.28906995325922e-87
"PWY_222","fixed",NA,"carrierper",0.174308410888488,0.275743990211303,0.632138567208356,109.860611480113,0.528609685730994,0.772317949069575
"PWY_222","fixed",NA,"carrierint",-0.0239534486854369,0.167454930728592,-0.143044152723459,108.614388924056,0.886520345988838,0.948662805028504
"PWY_223","fixed",NA,"(Intercept)",-4.52775887203598,0.0777361303116609,-58.2452310641554,124.494914769795,3.45800188621359e-92,1.20857165923165e-91
"PWY_223","fixed",NA,"carrierper",0.13450131589457,0.237522163958563,0.566268484814053,112.128048872046,0.572342914375949,0.799336058239337
"PWY_223","fixed",NA,"carrierint",-0.0226596130611963,0.144309124913009,-0.157021346188993,111.095793998392,0.875513036445056,0.944600431417407
"PWY_224","fixed",NA,"(Intercept)",-4.52775887203598,0.0777361303116609,-58.2452310641554,124.494914769795,3.45800188621359e-92,1.20857165923165e-91
"PWY_224","fixed",NA,"carrierper",0.13450131589457,0.237522163958563,0.566268484814053,112.128048872046,0.572342914375949,0.799336058239337
"PWY_224","fixed",NA,"carrierint",-0.0226596130611963,0.144309124913009,-0.157021346188993,111.095793998392,0.875513036445056,0.944600431417407
"PWY_225","fixed",NA,"(Intercept)",-4.52775887203598,0.0777361303116609,-58.2452310641554,124.494914769795,3.45800188621359e-92,1.20857165923165e-91
"PWY_225","fixed",NA,"carrierper",0.13450131589457,0.237522163958563,0.566268484814053,112.128048872046,0.572342914375949,0.799336058239337
"PWY_225","fixed",NA,"carrierint",-0.0226596130611963,0.144309124913009,-0.157021346188993,111.095793998392,0.875513036445056,0.944600431417407
"PWY_226","fixed",NA,"(Intercept)",-6.4829821347018,0.0574534591876272,-112.838847762502,124.681126503706,2.19768258075149e-127,2.02128963677012e-126
"PWY_226","fixed",NA,"carrierper",0.0676310244934329,0.172166143069772,0.392824183010388,105.048980156148,0.695245334944462,0.86704101539015
"PWY_226","fixed",NA,"carrierint",-0.0185076425227468,0.104399415565272,-0.177277261779072,103.087644766032,0.859638463355492,0.944600431417407
"PWY_227","fixed",NA,"(Intercept)",-4.48873285654473,0.057059033032399,-78.6682251344139,116.62463531892,6.62559833729797e-103,3.05695923285233e-102
"PWY_227","fixed",NA,"carrierper",0.144866262397392,0.173355909732248,0.835658055275653,102.242257393579,0.405295930715505,0.702982271886198
"PWY_227","fixed",NA,"carrierint",-0.111943247368034,0.105269445644106,-1.06339732942539,100.990146526177,0.290137927871306,0.582777044775986
"PWY_228","fixed",NA,"(Intercept)",-4.84177262303732,0.0734444449090244,-65.9242864322118,124.551380892668,1.04684362228061e-98,4.36861905656208e-98
"PWY_228","fixed",NA,"carrierper",0.20764766840585,0.22330408018011,0.929887480060232,110.269813179525,0.354460571180004,0.647269537223815
"PWY_228","fixed",NA,"carrierint",-0.0279825559444926,0.13560971107538,-0.206346254428181,109.025021835898,0.836905302471219,0.940029742682737
"PWY_229","fixed",NA,"(Intercept)",-5.15821162561819,0.0845286203626973,-61.0232558331748,122.03708076628,2.68043781042018e-93,9.68282185779692e-93
"PWY_229","fixed",NA,"carrierper",0.193174117389624,0.257376369480015,0.75055110063095,108.351417380668,0.454549700792519,0.726435397609762
"PWY_229","fixed",NA,"carrierint",-0.0391650786872994,0.156322365734062,-0.250540468111439,107.176604902548,0.802649069838374,0.927331081237093
"PWY_230","fixed",NA,"(Intercept)",-3.43016750716135,0.0150980776915888,-227.192333834148,100.024257828171,1.55654844080556e-137,1.89222149586624e-136
"PWY_230","fixed",NA,"carrierper",-0.0176719220820057,0.043843136899685,-0.403071571325743,72.3148206133312,0.688084805057015,0.866283808191811
"PWY_230","fixed",NA,"carrierint",-0.0262122116947729,0.0264733665053122,-0.99013518698172,68.7990206565655,0.325577648129445,0.623794185278973
"PWY_231","fixed",NA,"(Intercept)",-4.24367998970948,0.0663506558681849,-63.9583728929546,120.57721653816,6.79979342793052e-95,2.5831823946323e-94
"PWY_231","fixed",NA,"carrierper",0.298901594902116,0.199193451832678,1.50055934144458,101.727434846372,0.136566998690738,0.333777384911978
"PWY_231","fixed",NA,"carrierint",-0.0561104428618554,0.120812846595738,-0.464441029600198,99.887152611214,0.643342521570379,0.843635614429815
"PWY_232","fixed",NA,"(Intercept)",-6.11328131007908,0.0761309794160044,-80.2995227038145,127.484444645488,4.96374701519572e-111,2.86748691208414e-110
"PWY_232","fixed",NA,"carrierper",0.107593937680594,0.227109351833919,0.473753884689327,106.182477141729,0.636648075835176,0.838073455760429
"PWY_232","fixed",NA,"carrierint",0.0665760277783369,0.137645403757167,0.483677812415659,103.950637254484,0.629631871814639,0.830401279997042
"PWY_233","fixed",NA,"(Intercept)",-3.4113405621082,0.017465021587034,-195.324153772633,124.200933356358,1.99133769255122e-156,4.28290783721017e-155
"PWY_233","fixed",NA,"carrierper",0.0669823360121169,0.0528911078227052,1.2664196075576,108.424758472067,0.208076867262606,0.45938968240972
"PWY_233","fixed",NA,"carrierint",-0.00516755980741142,0.0321078686219085,-0.160943719692604,106.999507075577,0.872441208487485,0.944600431417407
"PWY_234","fixed",NA,"(Intercept)",-5.31605689397326,0.0875989307972405,-60.6863216889939,125.937366127985,4.2157747919419e-95,1.61913548327879e-94
"PWY_234","fixed",NA,"carrierper",0.0921510252264026,0.262632047963577,0.350875020550358,106.451423719257,0.726375542326786,0.889217951644865
"PWY_234","fixed",NA,"carrierint",-0.0171754103874661,0.159265650413405,-0.107841272382865,104.510760326691,0.914328364925087,0.960152268137407
"PWY_235","fixed",NA,"(Intercept)",-4.01049987031714,0.0482460476902731,-83.125977407797,119.53748750131,1.28836854971907e-107,6.72066877801217e-107
"PWY_235","fixed",NA,"carrierper",0.241202664710497,0.146108031651412,1.6508515102439,103.871204001697,0.10178937697915,0.261583729810389
"PWY_235","fixed",NA,"carrierint",-0.139858621436607,0.0886957452531525,-1.5768357437826,102.462962055579,0.117915880258094,0.296486332015855
"PWY_236","fixed",NA,"(Intercept)",-6.41671216161086,0.0636182519218287,-100.862755070596,121.789702512138,3.27512267348461e-119,2.39718403012119e-118
"PWY_236","fixed",NA,"carrierper",0.0923087182846068,0.189453782155264,0.487236080665609,100.071355412961,0.627156651396257,0.827917845752566
"PWY_236","fixed",NA,"carrierint",-0.0878590107992598,0.114799710690853,-0.765324322426712,97.7773416654919,0.445921844997676,0.725265959699941
"PWY_239","fixed",NA,"(Intercept)",-3.34621074952775,0.013804620238395,-242.397885037133,119.988189287208,2.68833932218238e-163,7.22749687002108e-162
"PWY_239","fixed",NA,"carrierper",0.0753400897204771,0.0415430351258901,1.81354322071486,102.01527696987,0.072688100046226,0.198085699541177
"PWY_239","fixed",NA,"carrierint",0.00581692563227227,0.0252027626451516,0.230805079354715,100.301330564427,0.817936368928136,0.936506997347694
"PWY_240","fixed",NA,"(Intercept)",-3.24366635077153,0.0101131267082974,-320.738229069179,118.7048425831,2.92960009782625e-176,2.15556891408479e-174
"PWY_240","fixed",NA,"carrierper",0.0197445223001601,0.0297294906626719,0.664139272488485,92.8047914199529,0.508247889452996,0.766331710408719
"PWY_240","fixed",NA,"carrierint",-0.0363992308084991,0.0179844126644419,-2.02393213988391,89.7343996227853,0.0459511895779496,0.13004000613355
"PWY_241","fixed",NA,"(Intercept)",-3.41311466046425,0.0196912508375883,-173.331531278298,121.704489487621,1.46741722867941e-147,2.50176742157782e-146
"PWY_241","fixed",NA,"carrierper",0.0611873681496927,0.0600895742331771,1.01826929097976,108.878558662574,0.310807346535485,0.606855684995263
"PWY_241","fixed",NA,"carrierint",0.0146965146732657,0.0365038886114866,0.40260134556298,107.798821763083,0.688038784593069,0.866283808191811
"PWY_242","fixed",NA,"(Intercept)",-3.43230174045976,0.0214574923129655,-159.958195039679,121.176137738105,7.82072380728857e-143,1.12715174047314e-141
"PWY_242","fixed",NA,"carrierper",0.0788548061488861,0.0656058695756706,1.20194742724862,109.112247732345,0.231986049068028,0.49288221367341
"PWY_242","fixed",NA,"carrierint",0.0157019023291527,0.0398618398935422,0.393908117916466,108.113559107846,0.694424712151247,0.86704101539015
"PWY_243","fixed",NA,"(Intercept)",-3.56901938043055,0.0219911854664473,-162.293178140665,121.606249399353,5.28962017426747e-144,8.12625165233619e-143
"PWY_243","fixed",NA,"carrierper",0.0501776669596495,0.0671444730047514,0.74730896995943,108.993147177878,0.456486284193129,0.728502083678076
"PWY_243","fixed",NA,"carrierint",-0.00720593772934324,0.0407916653766231,-0.176652207327451,107.936330341585,0.860112623365919,0.944600431417407
"PWY_244","fixed",NA,"(Intercept)",-3.47454096336924,0.0195090320953131,-178.09909514701,122.461287469474,9.68254369331971e-150,1.75794754328064e-148
"PWY_244","fixed",NA,"carrierper",0.0458234470843097,0.0595510805601445,0.769481370502247,109.737513459416,0.44326074017266,0.725265959699941
"PWY_244","fixed",NA,"carrierint",-0.00747089373416845,0.0361777174184562,-0.206505392470038,108.668373127966,0.836782576310379,0.940029742682737
"PWY_246","fixed",NA,"(Intercept)",-6.16924358764548,0.0865744953674755,-71.259365260628,117.270152447438,2.15674288091382e-98,8.92049274413468e-98
"PWY_246","fixed",NA,"carrierper",0.0981259701886324,0.266701696251205,0.367924057356606,108.283985198779,0.713648071276615,0.883684679933311
"PWY_246","fixed",NA,"carrierint",0.239317581535589,0.162150357042171,1.47589919566658,107.584666141726,0.142891828477695,0.345610339466813
"PWY_247","fixed",NA,"(Intercept)",-3.55355283392704,0.0272975431379585,-130.1784858794,128.077797867033,5.94755755950927e-138,7.35812873291501e-137
"PWY_247","fixed",NA,"carrierper",0.0382597250113336,0.0832760450979789,0.459432541090525,115.057121116348,0.646790461302398,0.845058939159581
"PWY_247","fixed",NA,"carrierint",-0.0678414876541077,0.0505881081779024,-1.3410560326852,113.951951112501,0.182569226418386,0.419099800546639
"PWY_249","fixed",NA,"(Intercept)",-3.34558274936235,0.0176490687388331,-189.561432326516,122.49660564169,4.41172148160453e-153,8.5660925434488e-152
"PWY_249","fixed",NA,"carrierper",-0.100870263131346,0.0535543338296769,-1.88351261080291,107.496745817037,0.0623334429015033,0.172901097572027
"PWY_249","fixed",NA,"carrierint",-0.0218785892754984,0.0325167223938637,-0.672841161864061,106.168370852312,0.5025102363789,0.763597076584458
"PWY_251","fixed",NA,"(Intercept)",-3.26832415871928,0.00976334429305531,-334.754573905997,121.429261798295,6.36508555689824e-182,6.84491508349518e-180
"PWY_251","fixed",NA,"carrierper",0.0191739383724919,0.0291100235225253,0.658671345890708,100.140891211469,0.511618446996099,0.767427670494149
"PWY_251","fixed",NA,"carrierint",-0.00975241406116959,0.0176417725032756,-0.552802393260588,97.9191399368572,0.581658536155195,0.804311210232406
"PWY_254","fixed",NA,"(Intercept)",-4.15661461465372,0.0630341964352196,-65.9422162845446,116.145419828437,6.95149497537741e-94,2.57094972898879e-93
"PWY_254","fixed",NA,"carrierper",0.317937786993789,0.190228698280131,1.67134501717292,99.3247531483681,0.0978014480497506,0.253666835572452
"PWY_254","fixed",NA,"carrierint",0.1025396718431,0.115439204785467,0.888256914396282,97.7695636216773,0.376582664323959,0.673225786093216
"PWY_256","fixed",NA,"(Intercept)",-6.20842085487713,0.072309334188751,-85.8591898892489,126.85647678342,3.01379962473269e-114,1.89787922314248e-113
"PWY_256","fixed",NA,"carrierper",0.0949320446194126,0.217612828147306,0.436242869630606,108.715646168543,0.663525615549431,0.852522244659954
"PWY_256","fixed",NA,"carrierint",-0.0906485525388696,0.13201891179943,-0.686633083876553,106.971423064715,0.493799727534465,0.756943003391647
"PWY_257","fixed",NA,"(Intercept)",-6.1250631934187,0.0707733847372373,-86.5447260458069,126.6353585824,1.5779506174846e-114,1.01191512075388e-113
"PWY_257","fixed",NA,"carrierper",0.061936752312547,0.213427500515942,0.290200429479895,109.249192154454,0.772213021921396,0.914876105632298
"PWY_257","fixed",NA,"carrierint",-0.10009507843593,0.129507493337533,-0.772890246397203,107.610419156196,0.44128168092434,0.725265959699941
"PWY_258","fixed",NA,"(Intercept)",-7.27400232176561,0.0638420601758685,-113.937462258072,118.281852867246,9.15178237224326e-123,7.52599515082122e-122
"PWY_258","fixed",NA,"carrierper",0.0852516947646101,0.187039604299409,0.455794884104551,91.302815452352,0.649619700805522,0.847962970799365
"PWY_258","fixed",NA,"carrierint",-0.0663949154011791,0.113091936246232,-0.587087971123063,88.0083850106381,0.558647744107479,0.79593785473596
"PWY_259","fixed",NA,"(Intercept)",-6.71697506359913,0.0654458819916061,-102.634036843764,125.224241465899,1.02726422941006e-122,8.39833562991381e-122
"PWY_259","fixed",NA,"carrierper",-0.0131336007347555,0.196962787343847,-0.0666806197854397,107.126839921726,0.946960250845313,0.974135710582595
"PWY_259","fixed",NA,"carrierint",-0.115520783822647,0.119491517059386,-0.966769747891263,105.390790674283,0.335872433136087,0.626902084812083
"PWY_260","fixed",NA,"(Intercept)",-3.9715507716865,0.0369480416963008,-107.49015615851,119.533044917569,8.82840166273978e-121,6.89503101927945e-120
"PWY_260","fixed",NA,"carrierper",0.00442087493387539,0.113524782813928,0.0389419369435957,109.451082847836,0.969007623146463,0.984500477586305
"PWY_260","fixed",NA,"carrierint",-0.0689233450938571,0.0690063124963829,-0.998797683870876,108.64979577763,0.320111977207626,0.618116773668869
"PWY_261","fixed",NA,"(Intercept)",-5.00753154486319,0.0751423754083173,-66.6405808660252,127.491665187128,5.95690426603515e-101,2.610580615648e-100
"PWY_261","fixed",NA,"carrierper",-0.01309538177909,0.227908532631868,-0.0574589359506013,112.238677129229,0.954281785434248,0.978068868062375
"PWY_261","fixed",NA,"carrierint",-0.269938777909922,0.138373770309881,-1.95079441215925,110.875207000313,0.0536049907773462,0.150179914041543
"PWY_262","fixed",NA,"(Intercept)",-3.63613863153562,0.0269746048937008,-134.798587258816,119.482902015383,2.15777356283146e-132,2.23449440062102e-131
"PWY_262","fixed",NA,"carrierper",0.0460460613433604,0.0821984633645489,0.56018153452756,106.152749633031,0.576535917263143,0.801987275954103
"PWY_262","fixed",NA,"carrierint",0.0107362988691621,0.0499284070888742,0.215033875405862,105.019006392409,0.830157938752372,0.93895644762854
"PWY_263","fixed",NA,"(Intercept)",-3.24366635077153,0.0101131267082974,-320.738229069179,118.7048425831,2.92960009782625e-176,2.15556891408479e-174
"PWY_263","fixed",NA,"carrierper",0.0197445223001601,0.0297294906626719,0.664139272488485,92.8047914199529,0.508247889452996,0.766331710408719
"PWY_263","fixed",NA,"carrierint",-0.0363992308084991,0.0179844126644419,-2.02393213988391,89.7343996227853,0.0459511895779496,0.13004000613355
"PWY_265","fixed",NA,"(Intercept)",-4.00487909472385,0.0492168990800753,-81.3720321592786,119.349469348864,2.10364382638092e-106,1.05408389579947e-105
"PWY_265","fixed",NA,"carrierper",0.256898220349272,0.149147015773704,1.72244961802693,103.933839768995,0.0879625185188352,0.232900759260098
"PWY_265","fixed",NA,"carrierint",-0.141277658602621,0.0905464448968403,-1.56027836060907,102.556745501404,0.121774756057186,0.303474284941473
"PWY_266","fixed",NA,"(Intercept)",-4.98686474370839,0.0863937012275571,-57.7225500568984,121.869951765853,2.31242006530695e-90,7.77106550793058e-90
"PWY_266","fixed",NA,"carrierper",0.318343537808139,0.260798588720056,1.22064900492944,104.963880603741,0.224954002361787,0.480864977525654
"PWY_266","fixed",NA,"carrierint",-0.110345781761035,0.15826872597969,-0.697205219022203,103.394482129463,0.487239095548076,0.753966134316783
"PWY_267","fixed",NA,"(Intercept)",-4.76197177258323,0.0799169000344354,-59.5865426528225,124.313382814699,2.79138991088507e-93,1.00576368438591e-92
"PWY_267","fixed",NA,"carrierper",0.222934601396608,0.241397340049993,0.923517224135275,107.577561892869,0.357804508794613,0.648781716335758
"PWY_267","fixed",NA,"carrierint",-0.11204250508291,0.146504110555726,-0.764773798208841,106.028639072363,0.446105066663101,0.725265959699941
"PWY_268","fixed",NA,"(Intercept)",-4.61868670466634,0.0683989627946264,-67.525683372339,110.37051196117,1.34076801109051e-91,4.62813254198651e-91
"PWY_268","fixed",NA,"carrierper",-0.245873136371794,0.207828253012376,-1.18305924631504,96.2456171700216,0.239699791046583,0.502855052600915
"PWY_268","fixed",NA,"carrierint",0.0820984781278028,0.126203711939455,0.65052348196532,95.0244858151885,0.516923949606871,0.768786895266389
"PWY_269","fixed",NA,"(Intercept)",-5.43105226456574,0.0779298418753088,-69.6915601760834,125.399401791373,3.90889363585387e-102,1.77423159185835e-101
"PWY_269","fixed",NA,"carrierper",0.0946925276513535,0.235529035992739,0.402041842748733,108.852249080409,0.68844156716817,0.866283808191811
"PWY_269","fixed",NA,"carrierint",-0.0792093736071064,0.142950818797527,-0.554102272889372,107.327043577746,0.580661542373724,0.803743784956923
"PWY_270","fixed",NA,"(Intercept)",-4.16843679860501,0.0401577991614629,-103.801425517492,116.603341764881,9.86440696017551e-117,6.82695095560662e-116
"PWY_270","fixed",NA,"carrierper",0.0727591960966119,0.122578546700858,0.593572024264362,103.991287986981,0.554087295388098,0.792849579275906
"PWY_270","fixed",NA,"carrierint",-0.0300353559619371,0.0744672205341835,-0.403336605643145,102.936714541113,0.687537188478017,0.866283808191811
"PWY_271","fixed",NA,"(Intercept)",-7.52011984291758,0.0468707283358055,-160.443844376381,120.14513978909,5.18974261585656e-142,7.25526017696748e-141
"PWY_271","fixed",NA,"carrierper",0.0886425535128718,0.139312046018335,0.636287787354768,97.841862075164,0.526074580408795,0.772317949069575
"PWY_271","fixed",NA,"carrierint",-0.041886337474167,0.0843966104682506,-0.496303551075956,95.4487345292575,0.620821274484278,0.824922468955551
"PWY_273","fixed",NA,"(Intercept)",-7.39934380400584,0.0457086551444036,-161.880584336374,120.252875688216,1.40968451624386e-142,1.99064540778679e-141
"PWY_273","fixed",NA,"carrierper",0.0853747799506043,0.13580767963837,0.628644714186571,97.818220380045,0.531046887288989,0.77414342901982
"PWY_273","fixed",NA,"carrierint",-0.0421272995560467,0.0822698797621217,-0.512062247785644,95.4021322208267,0.609790811650277,0.818912156279622
"PWY_274","fixed",NA,"(Intercept)",-3.65590587463288,0.0236723787186214,-154.437621925887,95.8835851268971,9.33538676809029e-117,6.4929704984031e-116
"PWY_274","fixed",NA,"carrierper",-0.0297905307516973,0.0700876201657651,-0.425046972364582,74.3459391262787,0.672030143541862,0.860189033869283
"PWY_274","fixed",NA,"carrierint",-0.0223896162176573,0.0424390586104828,-0.527570991221915,72.0415287757096,0.599418248918113,0.81357933202672
"PWY_275","fixed",NA,"(Intercept)",-6.23723695879388,0.0710122823156508,-87.8332135709884,127.94487786296,3.19386811836166e-116,2.16748914051923e-115
"PWY_275","fixed",NA,"carrierper",0.107135641072987,0.211846469847575,0.505723041550193,106.643364928094,0.61409482249801,0.822322377253083
"PWY_275","fixed",NA,"carrierint",-0.159185737871107,0.1283954367529,-1.23980837556918,104.410755120663,0.217825549402064,0.46921435757178
"PWY_276","fixed",NA,"(Intercept)",-6.4318389475109,0.0954260165615133,-67.4013144346733,127.610393323487,1.24682909192626e-101,5.56890437863549e-101
"PWY_276","fixed",NA,"carrierper",0.0555601533465558,0.2872679068366,0.193408842492659,109.565570289865,0.846996882312921,0.943598064558508
"PWY_276","fixed",NA,"carrierint",-0.0773856375959639,0.174281980361811,-0.444025466289232,107.833935081067,0.657913931892864,0.850983349915465
"PWY_280","fixed",NA,"(Intercept)",-4.13113581888991,0.045235842618128,-91.3243918934845,118.677830448722,8.22980521883911e-112,4.83414609072987e-111
"PWY_280","fixed",NA,"carrierper",0.113561791898319,0.134939019169626,0.841578607856675,97.6780538803992,0.402079549293089,0.700881807869999
"PWY_280","fixed",NA,"carrierint",-0.0177428085147466,0.0817828133038594,-0.216950332202735,95.5053431923314,0.828709828412299,0.93895644762854
"PWY_281","fixed",NA,"(Intercept)",-3.23380353424478,0.0107707740295129,-300.238731718248,118.155675065053,3.4741477780521e-172,1.47177533142934e-170
"PWY_281","fixed",NA,"carrierper",0.00664355751362572,0.0323913409170576,0.205102886312655,100.010079580225,0.837908613274912,0.940029742682737
"PWY_281","fixed",NA,"carrierint",-0.0216702443571983,0.0196493375168623,-1.10284859927729,98.2726820960443,0.272786355861243,0.559172031516156
"PWY_282","fixed",NA,"(Intercept)",-3.23445702887865,0.0116717874574535,-277.117540108492,118.841053434236,6.7733881606652e-169,2.10426592191332e-167
"PWY_282","fixed",NA,"carrierper",-8.2528823564396e-05,0.0353180320855549,-0.00233673335378588,102.895719431315,0.998140082608109,0.999238190659246
"PWY_282","fixed",NA,"carrierint",-0.0211961110939149,0.0214383019798401,-0.988702888589175,101.452791622432,0.325160716326757,0.623794185278973
"PWY_283","fixed",NA,"(Intercept)",-3.22862982752865,0.0118512541045773,-272.429381653512,119.601787166465,6.4644823949308e-169,2.05394236093483e-167
"PWY_283","fixed",NA,"carrierper",-0.00301458196855416,0.0358063310649299,-0.0841913113937205,103.074013465258,0.93306762782722,0.967441155157639
"PWY_283","fixed",NA,"carrierint",-0.0218592453572337,0.0217313853955385,-1.00588365441816,101.555897853226,0.316862220766034,0.613536543810133
"PWY_284","fixed",NA,"(Intercept)",-6.53423166324752,0.0384950732372345,-169.742024465802,148.89315307506,2.58191207197601e-172,1.12797283644452e-170
"PWY_284","fixed",NA,"carrierper",0.141211101081132,0.110915132048004,1.27314549848813,115.477470654929,0.205523443480838,0.457154962764246
"PWY_284","fixed",NA,"carrierint",0.00753892288727523,0.0668844133064028,0.112715691363529,110.418233748585,0.910460626757672,0.960152268137407
"PWY_285","fixed",NA,"(Intercept)",-6.05835884778517,0.0499059649820618,-121.395485488815,123.149032052004,4.83989515858734e-130,4.76491086739796e-129
"PWY_285","fixed",NA,"carrierper",-0.0154699193528429,0.153354251628762,-0.100877016375733,113.063563117971,0.919826756806014,0.962705363416998
"PWY_285","fixed",NA,"carrierint",0.0317275583449277,0.0932175437291743,0.340360377195799,112.260635886152,0.734221223704505,0.894892127932779
"PWY_286","fixed",NA,"(Intercept)",-6.50290154036132,0.0615541518422962,-105.645213941408,128.273284420633,1.36168766434646e-126,1.23612945114049e-125
"PWY_286","fixed",NA,"carrierper",0.144900662114315,0.184376903866253,0.785893781031412,108.407108874159,0.433644125442209,0.725265959699941
"PWY_286","fixed",NA,"carrierint",0.0231416162091517,0.111798637932589,0.20699372225899,106.404489977889,0.836410365841598,0.940029742682737
"PWY_288","fixed",NA,"(Intercept)",-4.69639342290833,0.0609997042741363,-76.9904293601565,117.109501081456,3.7984338827895e-102,1.72971028278167e-101
"PWY_288","fixed",NA,"carrierper",0.0661738299035993,0.183539815397093,0.360542096876532,99.1854917980444,0.719208474900251,0.886685797247971
"PWY_288","fixed",NA,"carrierint",0.0566125314330304,0.111345504929387,0.508440205726604,97.4796904220381,0.612293416878099,0.821483874084052
"PWY_290","fixed",NA,"(Intercept)",-5.9775331820888,0.0779499861050662,-76.6842110020633,125.405891108856,3.15704661854664e-107,1.62262910762066e-106
"PWY_290","fixed",NA,"carrierper",-0.280190523790666,0.237124520772226,-1.18161767023583,111.308429425346,0.239875806950161,0.502855052600915
"PWY_290","fixed",NA,"carrierint",0.232042861069306,0.144009590353605,1.61130144526862,110.084307968335,0.109977612634285,0.27903575764561
"PWY_291","fixed",NA,"(Intercept)",-4.27565737709423,0.0342401074746419,-124.872779101548,109.302333741905,9.59373309159658e-120,7.28915155546306e-119
"PWY_291","fixed",NA,"carrierper",-0.0393317218420287,0.104055453975157,-0.37798808557809,95.2848471041584,0.7062801845337,0.875336611682724
"PWY_291","fixed",NA,"carrierint",0.0256793707334535,0.0631887017923296,0.406391807476107,94.0760635844136,0.685377731378445,0.866283808191811
"PWY_292","fixed",NA,"(Intercept)",-6.58597051927856,0.0210972001512417,-312.172727758424,154.552833186179,2.52389643931056e-218,1.76420361107808e-215
"PWY_292","fixed",NA,"carrierper",-0.059108124029496,0.0603441102447837,-0.979517699237358,118.873996767202,0.329313523287942,0.624667985829772
"PWY_292","fixed",NA,"carrierint",0.0489287316815004,0.0363399708357646,1.346416371731,113.020934714977,0.180862354654742,0.416613716074426
"PWY_293","fixed",NA,"(Intercept)",-3.99797499232315,0.0474407442121114,-84.2730243532411,118.529416657967,1.24618491330001e-107,6.52496819772813e-107
"PWY_293","fixed",NA,"carrierper",0.222581250498757,0.144181480562126,1.5437575590913,104.217085500514,0.125678257673609,0.311849231735167
"PWY_293","fixed",NA,"carrierint",-0.114831248187848,0.0875561643239045,-1.31151528935235,102.972375309692,0.192600485237558,0.437813785954644
"PWY_294","fixed",NA,"(Intercept)",-3.72784970809226,0.0278155154433201,-134.020515121804,99.4141454304981,3.98594639263425e-114,2.47660135862341e-113
"PWY_294","fixed",NA,"carrierper",-0.0454175990271636,0.0827160881151048,-0.549078178890206,78.8165116995947,0.584504070694515,0.806650237740307
"PWY_294","fixed",NA,"carrierint",-0.0167065850352566,0.0501132677169164,-0.333376484838906,76.685101107035,0.739759930757204,0.89850945542882
"PWY_295","fixed",NA,"(Intercept)",-4.72710218109595,0.0667508966931184,-70.8170588753048,122.844475448742,1.86074419179979e-101,8.28445980935067e-101
"PWY_295","fixed",NA,"carrierper",0.271396671794636,0.203281229706918,1.33507984079949,109.210932994499,0.18462653898536,0.423127707379562
"PWY_295","fixed",NA,"carrierint",-0.0554844709618444,0.123468640092998,-0.449381081058744,108.041494620172,0.654056971283143,0.85087872650328
"PWY_296","fixed",NA,"(Intercept)",-4.71103787841232,0.0661324128038861,-71.2364433516553,122.319309672957,1.9009419492681e-101,8.43656141294225e-101
"PWY_296","fixed",NA,"carrierper",0.0402675406232775,0.200470366065937,0.200865302006946,106.94563739679,0.841185413516526,0.940029742682737
"PWY_296","fixed",NA,"carrierint",0.077713613289185,0.121708296478074,0.638523548007963,105.571877983318,0.524515712631726,0.772015884533785
"PWY_297","fixed",NA,"(Intercept)",-4.42506898423125,0.0419474351546244,-105.490811724717,106.464994168227,1.51694125880093e-109,8.48273551921479e-109
"PWY_297","fixed",NA,"carrierper",-0.0822740727332186,0.125665006450831,-0.654709493572582,87.6310781909307,0.514369612764027,0.768608611897814
"PWY_297","fixed",NA,"carrierint",-0.0465238959051711,0.0761993074647038,-0.610555363993582,85.7902286706323,0.543108114073989,0.783555359623773
"PWY_298","fixed",NA,"(Intercept)",-6.18122958697247,0.0641590228350678,-96.342327451938,127.973660571424,2.63973291394865e-121,2.08494158966114e-120
"PWY_298","fixed",NA,"carrierper",-0.0483881942365573,0.192941525941939,-0.250792015872823,109.542656296741,0.802444720928036,0.927331081237093
"PWY_298","fixed",NA,"carrierint",-0.089823013705973,0.117042394662553,-0.76743998586959,107.755318451963,0.444498317234624,0.725265959699941
"PWY_300","fixed",NA,"(Intercept)",-5.34700526682723,0.086413671579723,-61.8768438960984,123.710272272802,6.35343985936566e-95,2.42019316713711e-94
"PWY_300","fixed",NA,"carrierper",-0.0473535581988567,0.265637561822758,-0.178263788727487,113.772827264628,0.858832843243695,0.944600431417407
"PWY_300","fixed",NA,"carrierint",0.0917886150686247,0.161474887553789,0.568438947127606,112.983695267971,0.570865040573148,0.799336058239337
"PWY_301","fixed",NA,"(Intercept)",-5.28306269436255,0.0725225050167413,-72.8472174691565,119.70075552618,5.36542386884952e-101,2.35876181404139e-100
"PWY_301","fixed",NA,"carrierper",0.474829501553803,0.219768403776862,2.16059039149191,104.268703243925,0.0330168487022181,0.094585152634633
"PWY_301","fixed",NA,"carrierint",0.242359262048582,0.133420118960875,1.81651211178767,102.889401024865,0.0722033768927409,0.197149064250101
"PWY_302","fixed",NA,"(Intercept)",-4.75733743886263,0.0529721644409275,-89.8082509761863,121.985781469343,2.73335771563805e-113,1.67597986248333e-112
"PWY_302","fixed",NA,"carrierper",-0.119981452760659,0.156268285511131,-0.76779144513051,97.0534950456321,0.444475110199983,0.725265959699941
"PWY_302","fixed",NA,"carrierint",0.0923476148082078,0.0945775775120678,0.976421866973961,94.1742104093722,0.331357008250234,0.624957103645759
"PWY_303","fixed",NA,"(Intercept)",-5.56551176424261,0.0978999926111431,-56.8489497884716,127.964187640399,1.12494682228859e-92,3.99156258263819e-92
"PWY_303","fixed",NA,"carrierper",-0.257994436110287,0.296023742635638,-0.87153291764114,111.550989460894,0.385335118036451,0.684496181721676
"PWY_303","fixed",NA,"carrierint",-0.174945165221043,0.179675592928163,-0.973672396845735,110.040394062889,0.332354743567288,0.625345802835894
"PWY_304","fixed",NA,"(Intercept)",-4.36801212194752,0.0481153036122265,-90.7821793488085,120.981371464781,3.83198774438003e-113,2.32918211593186e-112
"PWY_304","fixed",NA,"carrierper",0.127005400380499,0.145321034797219,0.873964327034432,104.286685715707,0.384145815927227,0.683929574683076
"PWY_304","fixed",NA,"carrierint",-0.0350870585922636,0.0881943768794066,-0.397837819527204,102.745874156069,0.691575123287442,0.86704101539015
"PWY_305","fixed",NA,"(Intercept)",-5.54419557718053,0.0979501043382085,-56.6022426891672,128.554758376038,9.7339087051555e-93,3.4625965317576e-92
"PWY_305","fixed",NA,"carrierper",-0.258202221868282,0.295757708666547,-0.873019415224755,111.608378680255,0.384526928255291,0.683929574683076
"PWY_305","fixed",NA,"carrierint",-0.192253864458068,0.179488622216189,-1.07112006368016,110.026642581583,0.286459406162566,0.578384374177396
"PWY_306","fixed",NA,"(Intercept)",-3.97867638567049,0.0416286825112857,-95.5753616413841,119.397701484132,1.18613088411981e-114,7.64152523502072e-114
"PWY_306","fixed",NA,"carrierper",0.124772445871946,0.127218234485185,0.980774858076468,107.17950789462,0.328912486380408,0.624667985829772
"PWY_306","fixed",NA,"carrierint",0.0180445744011636,0.0772939870576356,0.233453792307393,106.165507016934,0.815858589852199,0.936153698975578
"PWY_307","fixed",NA,"(Intercept)",-3.24973738947529,0.011425067438633,-284.43923039671,124.398700595528,6.84802499142489e-177,5.63149349294823e-175
"PWY_307","fixed",NA,"carrierper",-0.0340576449150449,0.0341496974594335,-0.997304440412747,103.875282570201,0.320934316382431,0.618849895589846
"PWY_307","fixed",NA,"carrierint",-0.0234398919938891,0.0207020163127588,-1.1322516435002,101.774956433798,0.260189228759938,0.540482231510242
"PWY_308","fixed",NA,"(Intercept)",-5.04779371033656,0.0797495171099786,-63.2956021962541,125.432061946778,4.70586005954505e-97,1.87965496092685e-96
"PWY_308","fixed",NA,"carrierper",0.367087817925388,0.241966353306209,1.51710274139164,110.339091492403,0.132100644312599,0.325135036529953
"PWY_308","fixed",NA,"carrierint",-0.075314997861471,0.146913842171564,-0.512647390798747,108.997121649885,0.609235344378168,0.818912156279622
"PWY_309","fixed",NA,"(Intercept)",-3.91083824601353,0.0288849282711852,-135.393732305538,99.5315736705805,1.13429391812796e-114,7.34140230343931e-114
"PWY_309","fixed",NA,"carrierper",0.107056810071342,0.087803080263268,1.21928307925352,86.0991626078474,0.226066569750341,0.482242669088124
"PWY_309","fixed",NA,"carrierint",-0.00571532008391468,0.053320543680538,-0.107187955887268,84.9541732640258,0.914892598522312,0.960152268137407
"PWY_310","fixed",NA,"(Intercept)",-3.41147367505333,0.00975852902077455,-349.588925522563,121.393259265398,3.67977031505896e-184,4.67665354586585e-182
"PWY_310","fixed",NA,"carrierper",-0.00835499445827166,0.0286386417313482,-0.291738502707208,94.7670210265291,0.771124229948914,0.914455180379463
"PWY_310","fixed",NA,"carrierint",-0.0189139951514891,0.0173203805973408,-1.09200805635836,91.5459637542253,0.277695113239497,0.567569836708797
"PWY_311","fixed",NA,"(Intercept)",-4.20639474351072,0.0387314571150899,-108.604092301807,110.536568517223,3.65523578959855e-114,2.28125876511553e-113
"PWY_311","fixed",NA,"carrierper",-0.0199712348122506,0.117292487275257,-0.170268661499035,95.1971640087111,0.865160196981738,0.944600431417407
"PWY_311","fixed",NA,"carrierint",0.0400424513476455,0.0712030022093179,0.562370266775148,93.8313922013916,0.575204852363473,0.801731190034033
"PWY_314","fixed",NA,"(Intercept)",-5.53167093272572,0.0960441910856886,-57.5950598385536,124.283812597414,1.70836510493129e-91,5.86804524986228e-91
"PWY_314","fixed",NA,"carrierper",0.371464929624397,0.291204031470558,1.27561740044782,108.948846923411,0.204803912187841,0.457154962764246
"PWY_314","fixed",NA,"carrierint",-0.079969194630835,0.176797511166208,-0.452320816641224,107.578322479116,0.651948656697231,0.849416795957809
"PWY_315","fixed",NA,"(Intercept)",-3.28768149514467,0.0141076332622691,-233.042738921884,123.713426252571,2.19117010899785e-165,6.51756555825317e-164
"PWY_315","fixed",NA,"carrierper",-0.0780120800470947,0.0424865882443813,-1.83615779168645,105.899305833232,0.0691396844410807,0.189896422099471
"PWY_315","fixed",NA,"carrierint",-0.0212792582692414,0.0257772064976897,-0.825506761997215,104.204657419809,0.410969849821527,0.708595000733392
"PWY_316","fixed",NA,"(Intercept)",-3.49849333068685,0.0199505788898793,-175.357985850807,125.777163775089,3.5241210652611e-152,6.5689616656467e-151
"PWY_316","fixed",NA,"carrierper",0.0350999460266536,0.0605098280114001,0.580070166784159,110.542606951681,0.563047802710774,0.796595096196584
"PWY_316","fixed",NA,"carrierint",-0.0154006598957425,0.0367382615893679,-0.419199472960351,109.183073059937,0.675893951473678,0.862134803065877
"PWY_317","fixed",NA,"(Intercept)",-6.23277990682765,0.0808015708575845,-77.1368655420466,126.031394958256,6.17398405311995e-108,3.28183639021357e-107
"PWY_317","fixed",NA,"carrierper",0.605731878652988,0.242967844637858,2.49305367776475,107.604819522076,0.0141882981198012,0.0417584016241729
"PWY_317","fixed",NA,"carrierint",-0.0959663642667689,0.147388004000839,-0.651113806156319,105.82078553736,0.516384450212959,0.768786895266389
"PWY_318","fixed",NA,"(Intercept)",-4.01954565814929,0.045640172199929,-88.0703438309013,121.946587592003,3.04438942277551e-112,1.81882752694024e-111
"PWY_318","fixed",NA,"carrierper",0.0308854255138236,0.139913319001791,0.220746857655691,110.917971041258,0.82569537209144,0.93895644762854
"PWY_318","fixed",NA,"carrierint",-0.00554271803600745,0.085030261060277,-0.0651852407236323,110.024044451578,0.948144805544694,0.97463708687609
"PWY_319","fixed",NA,"(Intercept)",-6.86137246201266,0.0240083407458473,-285.791197927722,110.668893966311,1.39158648038771e-160,3.35420327514141e-159
"PWY_319","fixed",NA,"carrierper",-0.0446755890589924,0.0690080967690363,-0.647396336817076,78.5263003889942,0.519263648192553,0.770626942859011
"PWY_319","fixed",NA,"carrierint",-0.0706035165312058,0.0415955287547934,-1.6973823544212,73.9997965890936,0.0938266463028634,0.245176918750286
"PWY_320","fixed",NA,"(Intercept)",-5.7753626254786,0.0892512996370471,-64.7090031065646,124.758325073422,7.62201339942904e-98,3.10658155463609e-97
"PWY_320","fixed",NA,"carrierper",0.00349646316723655,0.273367024165974,0.0127903618876638,113.347182040256,0.989817531498896,0.99479864057186
"PWY_320","fixed",NA,"carrierint",0.367300913860746,0.16612225989177,2.2110276738352,112.413617684019,0.0290581013117809,0.0839322843674995
"PWY_321","fixed",NA,"(Intercept)",-6.3166729438592,0.061905572329309,-102.037227121614,125.770554237054,8.23830625302628e-123,6.81488292410103e-122
"PWY_321","fixed",NA,"carrierper",0.159898266939944,0.18669658256386,0.856460599032393,108.422619131695,0.393632008946107,0.693254231440534
"PWY_321","fixed",NA,"carrierint",-0.0807527560697953,0.11328791601448,-0.712809970477996,106.79007876925,0.477518012509363,0.745888470936413
"PWY_323","fixed",NA,"(Intercept)",-5.03027414641586,0.107250557719863,-46.9020791440065,120.186501618351,4.11848557870665e-79,1.23820276108213e-78
"PWY_323","fixed",NA,"carrierper",0.104326143369628,0.328099254425578,0.31797129058485,108.358227525049,0.751118687833364,0.905706263295374
"PWY_323","fixed",NA,"carrierint",-0.0234966243924718,0.199361436719775,-0.117859425469024,107.38435213017,0.906399214717662,0.959443131602965
"PWY_324","fixed",NA,"(Intercept)",-5.70884210675523,0.105318619489738,-54.2054399726676,119.122242216674,8.48979456608448e-86,2.64337033482987e-85
"PWY_324","fixed",NA,"carrierper",0.0658781484465884,0.325080329923972,0.202651905951971,110.91730382186,0.839778380676402,0.940029742682737
"PWY_324","fixed",NA,"carrierint",-0.0434866093248315,0.197674911880556,-0.219990533503351,110.286950815852,0.826285214622789,0.93895644762854
"PWY_325","fixed",NA,"(Intercept)",-3.99512192785833,0.0272866505647107,-146.413057124173,129.85137457845,4.88474945551721e-146,7.76009061228756e-145
"PWY_325","fixed",NA,"carrierper",-0.00489018847155447,0.0797583816664412,-0.0613125337974609,101.472611628047,0.951230909943977,0.977090971419309
"PWY_325","fixed",NA,"carrierint",0.00379476081853022,0.048208832051174,0.078715054007159,97.8537002502194,0.937420014712838,0.967994923563529
"PWY_328","fixed",NA,"(Intercept)",-4.5286489093536,0.0576796178126408,-78.5138508383307,124.264412343611,9.36745415964799e-108,4.9231958327774e-107
"PWY_328","fixed",NA,"carrierper",0.16962100874512,0.175286375310593,0.967679367232995,109.801163400421,0.335331164344931,0.626902084812083
"PWY_328","fixed",NA,"carrierint",-0.0116507503538132,0.106444290978094,-0.109453971150138,108.535349229002,0.913044544032167,0.960152268137407
"PWY_329","fixed",NA,"(Intercept)",-6.22278084183724,0.0898934016483444,-69.2240000682169,123.74433611069,8.37336337257073e-101,3.64671713235324e-100
"PWY_329","fixed",NA,"carrierper",0.342956339741793,0.27501263059316,1.24705668609507,111.880511012492,0.214981006240718,0.466387400809537
"PWY_329","fixed",NA,"carrierint",0.305346764818153,0.167105301623361,1.82727155782511,110.901252809321,0.0703478970206176,0.192836000068281
"PWY_331","fixed",NA,"(Intercept)",-3.75581105576249,0.0346308631457462,-108.452712828899,117.704860933128,8.44953924828216e-120,6.45489391754014e-119
"PWY_331","fixed",NA,"carrierper",0.0850742610374262,0.106393578707855,0.799618379893309,107.608178661092,0.425693527709122,0.719612517215662
"PWY_331","fixed",NA,"carrierint",0.0548978029444119,0.0646710043504652,0.848878156382258,106.806062389798,0.397847687274433,0.698732495992032
"PWY_332","fixed",NA,"(Intercept)",-4.17399499942873,0.0601160450703016,-69.4322953971363,123.172243264792,1.26975302169336e-100,5.51277864697926e-100
"PWY_332","fixed",NA,"carrierper",0.0567869819211563,0.181861376994982,0.312254217247695,107.020065897606,0.755454910887372,0.907322528720998
"PWY_332","fixed",NA,"carrierint",-0.0480866666033708,0.110388428008896,-0.435613292722092,105.548006060104,0.664006887297222,0.852522244659954
"PWY_333","fixed",NA,"(Intercept)",-3.50643566965901,0.0146964297804263,-238.590985841277,112.303516264621,8.75826816215859e-154,1.77450128850691e-152
"PWY_333","fixed",NA,"carrierper",-0.027365976225707,0.0443588893163122,-0.61692203406102,95.7037570997745,0.538751054714076,0.77950123147846
"PWY_333","fixed",NA,"carrierint",-0.0399058382505181,0.0269193764916535,-1.48242060000503,94.1780399732323,0.141566967280984,0.343362767964063
"PWY_334","fixed",NA,"(Intercept)",-3.76447676379575,0.0326866649255568,-115.168579369271,116.966719203954,3.05922435840282e-122,2.4865091006088e-121
"PWY_334","fixed",NA,"carrierper",0.12607046408638,0.100972742667752,1.24855937112862,109.120795657154,0.21449840246947,0.466387400809537
"PWY_334","fixed",NA,"carrierint",0.0131503363191421,0.0614034539521771,0.214162811254624,108.522060405062,0.830821978337986,0.93895644762854
"PWY_335","fixed",NA,"(Intercept)",-4.28692046410184,0.0630383550773693,-68.0049544256087,123.052123040974,1.80672685809577e-99,7.72417170525349e-99
"PWY_335","fixed",NA,"carrierper",0.229505230508005,0.192276558653317,1.19362043982601,110.02080875122,0.235193880100792,0.498939369318523
"PWY_335","fixed",NA,"carrierint",0.025853563390136,0.116801360766472,0.221346422853982,108.918017925801,0.825237148911937,0.93895644762854
"PWY_336","fixed",NA,"(Intercept)",-4.92426883840097,0.0861353326800443,-57.1689768319873,121.046020012819,1.90805700432414e-89,6.29118795293668e-89
"PWY_336","fixed",NA,"carrierper",-0.0400705158143471,0.266612669401545,-0.150294867473072,113.995982476288,0.880797590304883,0.947428880646608
"PWY_336","fixed",NA,"carrierint",0.181029711978602,0.162157743166013,1.1163803124299,113.464036140946,0.26661797487409,0.552195450183671
"PWY_337","fixed",NA,"(Intercept)",-6.88501119919251,0.0523604810549795,-131.492512300701,128.915301666281,3.20696031293583e-139,4.1512319606336e-138
"PWY_337","fixed",NA,"carrierper",0.047102755467886,0.159602269597028,0.295125849944449,115.563587105856,0.7684273030001,0.913487559178691
"PWY_337","fixed",NA,"carrierint",0.174905942302134,0.0969470618572116,1.80413866033139,114.42111024761,0.0738403438696609,0.200055815367802
"PWY_338","fixed",NA,"(Intercept)",-5.49743897622411,0.0882835106746882,-62.2702805338289,128.775355552505,5.34158206561258e-98,2.18348880927672e-97
"PWY_338","fixed",NA,"carrierper",-0.136156168051511,0.264228912751441,-0.515296250640036,108.61239683626,0.60739324034669,0.818838717458701
"PWY_338","fixed",NA,"carrierint",-0.109041752314662,0.160203214330757,-0.680646469986134,106.562504163443,0.497571477354824,0.759394023299174
"PWY_339","fixed",NA,"(Intercept)",-3.83171043067521,0.0301747597622183,-126.983958144809,118.610318106998,1.43420181357448e-128,1.32782393071333e-127
"PWY_339","fixed",NA,"carrierper",-0.0530109123808019,0.09132213183008,-0.580482642251908,102.733838501138,0.562860325109426,0.796595096196584
"PWY_339","fixed",NA,"carrierint",-0.00589576834527048,0.0554341201475849,-0.106356307804181,101.299714658174,0.9155099952984,0.960152268137407
"PWY_340","fixed",NA,"(Intercept)",-6.0704283056819,0.0446086154470415,-136.081970822174,125.739265721903,2.28279479570374e-138,2.87508749945391e-137
"PWY_340","fixed",NA,"carrierper",-0.130602085615772,0.133045466598204,-0.98163499257129,104.409703140874,0.328548884247101,0.624667985829772
"PWY_340","fixed",NA,"carrierint",-0.0154935504989561,0.0806335789018884,-0.192147622739256,102.17616367335,0.848007938016868,0.943881446932788
"PWY_341","fixed",NA,"(Intercept)",-5.2102016678875,0.0915083814684462,-56.9368792702783,126.014923896175,8.95260450322802e-92,3.10564295174014e-91
"PWY_341","fixed",NA,"carrierper",0.30207400383172,0.27740484735537,1.08892835403394,110.587886690861,0.278552799524368,0.567662993782895
"PWY_341","fixed",NA,"carrierint",-0.0167575410351867,0.168416923187176,-0.0995003395030713,109.20446958238,0.920923444256224,0.962940145901422
"PWY_342","fixed",NA,"(Intercept)",-4.20418089670616,0.0392443186426633,-107.128395704537,118.086158817269,1.77822293870821e-119,1.33653530554521e-118
"PWY_342","fixed",NA,"carrierper",0.0961410759104908,0.119029164310412,0.807710248723311,103.028100509117,0.421118333272949,0.717080913417275
"PWY_342","fixed",NA,"carrierint",-0.0730417390289124,0.072268104389273,-1.0107050634049,101.695204114856,0.314556355668807,0.610526613200769
"PWY_344","fixed",NA,"(Intercept)",-5.5822750697675,0.107495379498455,-51.9303722244893,122.773211172824,2.06201192035502e-85,6.39177974424904e-85
"PWY_344","fixed",NA,"carrierper",-0.447996657533425,0.327635175346653,-1.36736434682089,109.460862170601,0.174312353927689,0.406147784651514
"PWY_344","fixed",NA,"carrierint",-0.204271981861667,0.199013687186832,-1.02642177404561,108.327319951164,0.30697934418305,0.602748768494246
"PWY_347","fixed",NA,"(Intercept)",-4.91082412039725,0.0915160308163555,-53.6608075830098,124.237587006498,8.46108857295217e-88,2.71298206995118e-87
"PWY_347","fixed",NA,"carrierper",-0.0605105143672007,0.277615354049711,-0.217965301574658,109.094322128093,0.827863326047572,0.93895644762854
"PWY_347","fixed",NA,"carrierint",0.0373798871206783,0.168555711512758,0.221765769816997,107.747261217696,0.82491599720258,0.93895644762854
"PWY_348","fixed",NA,"(Intercept)",-4.28780715938802,0.0406810738203419,-105.400540269022,121.805096858479,1.5918302516932e-121,1.26441971128812e-120
"PWY_348","fixed",NA,"carrierper",0.131263021048899,0.124017931561824,1.05841969298982,108.59072620697,0.292212889203335,0.584373162916467
"PWY_348","fixed",NA,"carrierint",0.0142674747794758,0.0753329944146176,0.189392110194778,107.468568667396,0.850142741314269,0.944273046888694
"PWY_349","fixed",NA,"(Intercept)",-6.4695745294727,0.0267530226521308,-241.825927993128,119.98854803692,3.56396098156131e-163,9.40078764570323e-162
"PWY_349","fixed",NA,"carrierper",-0.0657350599792474,0.0797266680816342,-0.824505294915117,98.5929772281746,0.411642791139625,0.708595000733392
"PWY_349","fixed",NA,"carrierint",0.0466618878729391,0.0483145592726849,0.965793511839398,96.3543835523499,0.33656531930936,0.627357755192647
"PWY_350","fixed",NA,"(Intercept)",-6.69794095463074,0.0884660457344364,-75.7119966087,121.202529194132,6.56158643185262e-104,3.15226729612714e-103
"PWY_350","fixed",NA,"carrierper",0.102121880206725,0.265508883972282,0.38462698000488,102.226951834518,0.701312795986607,0.871498034479357
"PWY_350","fixed",NA,"carrierint",-0.396299617758398,0.16102868397584,-2.46104984511864,100.367694913812,0.0155596259859014,0.0455070232809417
"PWY_352","fixed",NA,"(Intercept)",-5.69462628222378,0.106261596094476,-53.5906337898477,122.87568351454,4.53661045397546e-87,1.43813637520583e-86
"PWY_352","fixed",NA,"carrierper",0.38301432532184,0.32132582259495,1.19198115554084,106.576098814644,0.235916075869461,0.498957146846455
"PWY_352","fixed",NA,"carrierint",-0.0393391747770682,0.195034169687356,-0.201704013405086,105.085342087378,0.840538065772012,0.940029742682737
"PWY_353","fixed",NA,"(Intercept)",-3.48889441343247,0.0250474701209103,-139.291289563006,121.396192360761,8.68814730350411e-136,9.79518542766028e-135
"PWY_353","fixed",NA,"carrierper",0.0635722266178433,0.0751301460999556,0.846161360225025,102.208224298201,0.399439464521638,0.700647893853513
"PWY_353","fixed",NA,"carrierint",-0.0477865478020358,0.045562844000225,-1.04880520192725,100.317255585303,0.296788006420265,0.590198624431765
"PWY_354","fixed",NA,"(Intercept)",-4.5007930199018,0.0511242097577895,-88.0364320783665,113.31483303165,3.5585238311102e-106,1.7767201128186e-105
"PWY_354","fixed",NA,"carrierper",0.0498808120808572,0.153488424667613,0.324980937089403,94.7968560005383,0.745911616570401,0.903391068408039
"PWY_354","fixed",NA,"carrierint",-0.136248715285291,0.0930927314644507,-1.4635805947677,93.0066850989059,0.14668016003891,0.352334817413053
"PWY_355","fixed",NA,"(Intercept)",-4.24481541049783,0.0509276082514028,-83.3499855234397,118.672458751331,3.60174440898889e-107,1.83767835173959e-106
"PWY_355","fixed",NA,"carrierper",0.115101724030205,0.154313804646958,0.745893890008979,103.234621289605,0.457426588449879,0.728540693645783
"PWY_355","fixed",NA,"carrierint",-0.126126063056076,0.093682152097972,-1.34631901842066,101.855127519309,0.181188225588878,0.416613716074426
"PWY_356","fixed",NA,"(Intercept)",-5.10884202586369,0.0945036750663336,-54.0597180191957,122.700292586568,1.97909930995127e-87,6.3313062592949e-87
"PWY_356","fixed",NA,"carrierper",0.164953077166769,0.288733275892418,0.57129915717865,110.327539866061,0.568958853088462,0.799336058239337
"PWY_356","fixed",NA,"carrierint",-0.0433502415344881,0.175421795561542,-0.247120042271371,109.295690297951,0.805278921760966,0.927331081237093
"PWY_358","fixed",NA,"(Intercept)",-6.71250085715999,0.0398689977303966,-168.363922829249,105.628118145597,3.41994935815852e-130,3.4150637162183e-129
"PWY_358","fixed",NA,"carrierper",0.0794444518108966,0.114441693351582,0.694191509093032,73.7966075291067,0.489741737520523,0.75402967957455
"PWY_358","fixed",NA,"carrierint",-0.0064216574862412,0.0689641207278233,-0.0931159190963251,69.3195146987694,0.926080074837245,0.965109303675998
"PWY_359","fixed",NA,"(Intercept)",-6.07473245656583,0.0760007270644806,-79.9299255573161,128.965776805064,9.89806020938927e-112,5.78974400532477e-111
"PWY_359","fixed",NA,"carrierper",0.185891112703791,0.228635796248944,0.813044657720129,110.652507816583,0.41793839818944,0.715150404735419
"PWY_359","fixed",NA,"carrierint",-0.0298236364229186,0.138700671716803,-0.215021571660532,108.88060362567,0.830152734775882,0.93895644762854
"PWY_360","fixed",NA,"(Intercept)",-4.61571287580305,0.0726862389808591,-63.5018806932428,120.824921501616,1.14376526293205e-94,4.32157793940273e-94
"PWY_360","fixed",NA,"carrierper",0.0906434210189899,0.221994004101889,0.408314726272458,108.339770851201,0.683848510498105,0.866283808191811
"PWY_360","fixed",NA,"carrierint",0.024267044561097,0.134869514838164,0.179929797999319,107.296975294439,0.857547056041731,0.944600431417407
"PWY_361","fixed",NA,"(Intercept)",-5.23516531555245,0.0891374984965961,-58.7313465584001,125.550913039937,3.59542062089737e-93,1.28224439490166e-92
"PWY_361","fixed",NA,"carrierper",-0.0509314958661228,0.268795019889995,-0.189480801716366,108.168558665344,0.850071096941986,0.944273046888694
"PWY_361","fixed",NA,"carrierint",0.101931534015362,0.163103662510983,0.624949387684649,106.531568900986,0.533340592324647,0.77506252398114
"PWY_362","fixed",NA,"(Intercept)",-5.36243272431831,0.0968120396269718,-55.3901430543184,122.86759592935,9.28550066731937e-89,3.03297428339077e-88
"PWY_362","fixed",NA,"carrierper",0.267389286570649,0.293866512115879,0.909900500895491,107.988560256116,0.3649014145215,0.658235067743299
"PWY_362","fixed",NA,"carrierint",-0.0286188158944511,0.178433499494369,-0.160389254122958,106.674448490655,0.872877784022828,0.944600431417407
"PWY_363","fixed",NA,"(Intercept)",-6.13130250668784,0.0689004984176433,-88.9877816198467,129.375138810402,6.44134320377948e-118,4.5710648725298e-117
"PWY_363","fixed",NA,"carrierper",0.00387828696227844,0.203641137725654,0.0190447127019261,104.791701730715,0.984841650722469,0.99479864057186
"PWY_363","fixed",NA,"carrierint",0.113452350587903,0.123279740619788,0.920283819689446,101.966542736203,0.359596562883903,0.651186521906342
"PWY_364","fixed",NA,"(Intercept)",-3.94283217346303,0.0236332361549876,-166.83420533717,110.816384242281,6.39883442512583e-135,7.04375631994167e-134
"PWY_364","fixed",NA,"carrierper",0.0980612698752977,0.0713742101700348,1.37390339790362,94.4904727516805,0.172722184232318,0.403114546839366
"PWY_364","fixed",NA,"carrierint",-0.0177859487611705,0.0433162631099115,-0.410606720991609,93.0002716393979,0.682305427092426,0.866283808191811
"PWY_365","fixed",NA,"(Intercept)",-4.35997991460406,0.0374683118850703,-116.364460933756,121.072740038476,4.10133816463512e-126,3.62890554060753e-125
"PWY_365","fixed",NA,"carrierper",-0.00520276364761702,0.112216735396171,-0.0463635270554711,101.362668985337,0.963111728727912,0.982078918133932
"PWY_365","fixed",NA,"carrierint",-0.0301639166506096,0.068042678688983,-0.443308776664808,99.3929003647494,0.658505854976331,0.850983349915465
"PWY_366","fixed",NA,"(Intercept)",-3.37056190197379,0.0130204167082417,-258.867437003018,127.69108575123,1.36811071140394e-175,8.69372170246684e-174
"PWY_366","fixed",NA,"carrierper",-0.034719241713,0.0389894924288247,-0.890476883647048,107.732297517844,0.375194187935315,0.672463429145603
"PWY_366","fixed",NA,"carrierint",-0.0292438283975954,0.0236408683807109,-1.23700313908334,105.716265302981,0.218826743293871,0.469922868087298
"PWY_367","fixed",NA,"(Intercept)",-5.83003595662578,0.0382328553352357,-152.487589679256,121.71068351213,7.97900812588817e-141,1.09359346666585e-139
"PWY_367","fixed",NA,"carrierper",0.109570634777484,0.112236162545478,0.976250722516334,95.1629775138427,0.331415424452104,0.624957103645759
"PWY_367","fixed",NA,"carrierint",-0.0653129438047128,0.0678822258290981,-0.96215088717253,91.9580507877858,0.338497039890756,0.62911973614272
"PWY_368","fixed",NA,"(Intercept)",-5.62884549225462,0.113702565163524,-49.5050000337229,123.2306857085,3.47516954570057e-83,1.0630824999758e-82
"PWY_368","fixed",NA,"carrierper",0.435968703581745,0.343955404507886,1.26751520071478,107.0616756391,0.207721064818823,0.45938968240972
"PWY_368","fixed",NA,"carrierint",-0.058750977962347,0.208777361096029,-0.281404926539539,105.587412518628,0.778950583340908,0.915393373669395
"PWY_369","fixed",NA,"(Intercept)",-3.68439268224993,0.0182246090157687,-202.165801146243,122.420806282576,2.04232399572336e-156,4.32601355457765e-155
"PWY_369","fixed",NA,"carrierper",0.0418351417400839,0.0548360266236538,0.762913440596334,104.316831399441,0.447236818666914,0.725265959699941
"PWY_369","fixed",NA,"carrierint",-0.0269454944753014,0.0332666391375839,-0.80998547415206,102.582653027205,0.419823496247229,0.715753122951674
"PWY_370","fixed",NA,"(Intercept)",-5.48578111514337,0.0696556527885186,-78.7557203978656,121.315786393806,5.12883827317432e-106,2.55164267113797e-105
"PWY_370","fixed",NA,"carrierper",-0.0277315323748461,0.204675310154849,-0.135490364489324,95.1060125563369,0.892510539595165,0.951738927806286
"PWY_370","fixed",NA,"carrierint",-0.156918676304353,0.123807561530314,-1.26744016572794,91.9713451402115,0.208197645626315,0.45938968240972
"PWY_371","fixed",NA,"(Intercept)",-5.07663017834443,0.0835408792635619,-60.7682157896404,126.317686644604,2.24445952473076e-95,8.66782987727516e-95
"PWY_371","fixed",NA,"carrierper",-0.0224311978039949,0.251685876140153,-0.0891237845682845,108.582034599832,0.929147714493533,0.966479542308005
"PWY_371","fixed",NA,"carrierint",0.113696531120885,0.152707290825181,0.744538983741415,106.895458568738,0.458184154993292,0.728716096337455
"PWY_372","fixed",NA,"(Intercept)",-4.64791043259584,0.0599503353575895,-77.5293483326183,121.021084656828,5.12658962065093e-105,2.50593436701748e-104
"PWY_372","fixed",NA,"carrierper",-0.0174259057776048,0.180706410074377,-0.0964321396813343,103.602093571859,0.923363661798567,0.964049588644061
"PWY_372","fixed",NA,"carrierint",0.079674614674693,0.109647206189985,0.726645187262147,101.964190341843,0.469108247053916,0.735669528898944
"PWY_374","fixed",NA,"(Intercept)",-3.6798721227516,0.0273406948452602,-134.593218774377,120.469447573638,3.52717608173057e-133,3.70751290395439e-132
"PWY_374","fixed",NA,"carrierper",0.0641448204949518,0.0837564096235841,0.765849691781559,109.184406219711,0.445418221052291,0.725265959699941
"PWY_374","fixed",NA,"carrierint",-0.00214642347530462,0.0508986668946126,-0.04217052442157,108.265549675245,0.966440433845118,0.983321489458133
"PWY_375","fixed",NA,"(Intercept)",-3.19363330712005,0.0126530754777922,-252.39976737081,126.177267974016,1.80221246731227e-172,8.12739686871791e-171
"PWY_375","fixed",NA,"carrierper",-0.0217643057246413,0.0382176734590681,-0.569482748549604,109.38359885855,0.570196228045681,0.799336058239337
"PWY_375","fixed",NA,"carrierint",-0.0388874465826392,0.0231941774940171,-1.67660381975908,107.825107225004,0.096517045576058,0.251039451185906
"PWY_376","fixed",NA,"(Intercept)",-3.6798721227516,0.0273406948452602,-134.593218774377,120.469447573638,3.52717608173057e-133,3.70751290395439e-132
"PWY_376","fixed",NA,"carrierper",0.0641448204949518,0.0837564096235841,0.765849691781559,109.184406219711,0.445418221052291,0.725265959699941
"PWY_376","fixed",NA,"carrierint",-0.00214642347530462,0.0508986668946126,-0.04217052442157,108.265549675245,0.966440433845118,0.983321489458133
"PWY_377","fixed",NA,"(Intercept)",-3.51775130876708,0.0203619791390974,-172.760775597328,121.902485298567,1.39943300538859e-147,2.4153177055966e-146
"PWY_377","fixed",NA,"carrierper",0.0490416029838209,0.0621299918372249,0.789338635554718,109.033354113436,0.431627239382854,0.725265959699941
"PWY_377","fixed",NA,"carrierint",-0.00593323825260485,0.0377430759687109,-0.157200707688041,107.948838910264,0.875380323695137,0.944600431417407
"PWY_378","fixed",NA,"(Intercept)",-3.38592705769621,0.0164799599006981,-205.457238858498,123.087962698299,5.6333480234796e-158,1.29105254702041e-156
"PWY_378","fixed",NA,"carrierper",0.0422958229281789,0.0502516606407344,0.84168010348087,109.942992415122,0.401794101390151,0.700881807869999
"PWY_378","fixed",NA,"carrierint",-0.00850309060379349,0.0305253359898921,-0.278558460637718,108.827716286982,0.781112296065477,0.915393373669395
"PWY_379","fixed",NA,"(Intercept)",-4.03392417272685,0.0395389752354487,-102.023994013639,113.079340621418,3.68259467284741e-113,2.24815168237585e-112
"PWY_379","fixed",NA,"carrierper",0.120810270006363,0.118792058913176,1.01698944451045,94.8229921559376,0.311746315272702,0.606993521937657
"PWY_379","fixed",NA,"carrierint",-0.122000163013563,0.072054550497768,-1.69316389000778,93.0704270532805,0.0937690359151761,0.245176918750286
"PWY_380","fixed",NA,"(Intercept)",-3.51679377995151,0.0231660299634864,-151.808220290424,117.545450385862,1.01728379223364e-136,1.20522266232426e-135
"PWY_380","fixed",NA,"carrierper",-0.0409235147994723,0.06936590702801,-0.589965828356391,97.9006941954516,0.55657279679266,0.794779131681449
"PWY_380","fixed",NA,"carrierint",-0.0457816959550106,0.0420589809721217,-1.08851177315391,95.9426646576774,0.279095990200096,0.567942058660457
"PWY_381","fixed",NA,"(Intercept)",-3.36140526174203,0.0190116653500513,-176.807512642913,113.010356380353,6.42084561580141e-140,8.63109824124074e-139
"PWY_381","fixed",NA,"carrierper",0.0247657368334907,0.0558641903643715,0.443320428918012,87.3980923481571,0.658629459662756,0.850983349915465
"PWY_381","fixed",NA,"carrierint",-0.00605930266910965,0.0337921497271876,-0.17931095588851,84.3815255915568,0.85812341120036,0.944600431417407
"PWY_382","fixed",NA,"(Intercept)",-4.15690035496287,0.029293073589811,-141.907278600111,113.864598888879,5.92071139696387e-130,5.78821995311573e-129
"PWY_382","fixed",NA,"carrierper",-0.098299459732101,0.0881234424002561,-1.1154745780995,96.0221534000019,0.267430991415073,0.553059949701587
"PWY_382","fixed",NA,"carrierint",-0.00611861073551761,0.0534596110937235,-0.114452960100863,94.3281860693342,0.909122001453124,0.959933956217121
"PWY_383","fixed",NA,"(Intercept)",-6.32567641517345,0.0569795225393795,-111.016662359739,127.773138720425,6.18646358242748e-129,5.92375074536549e-128
"PWY_383","fixed",NA,"carrierper",-0.172745923215969,0.169893234112515,-1.01679106951113,106.288651514897,0.311561761184422,0.606993521937657
"PWY_383","fixed",NA,"carrierint",-0.0598934592896966,0.102962082570085,-0.581704038949753,104.025813935143,0.562024506516705,0.796595096196584
"PWY_384","fixed",NA,"(Intercept)",-3.45342657658273,0.0150304533764109,-229.761969921852,123.993803567157,6.19660093557468e-165,1.76792818529253e-163
"PWY_384","fixed",NA,"carrierper",0.0629618594192255,0.0453372963573427,1.38874314257666,106.748618385087,0.167801627166551,0.394761762500467
"PWY_384","fixed",NA,"carrierint",0.00493741764314909,0.0275112769538359,0.179468864765315,105.131894357954,0.857915003534029,0.944600431417407
"PWY_385","fixed",NA,"(Intercept)",-5.31847177069819,0.0735070038352426,-72.3532655829494,130.919374757059,1.92749138900796e-107,9.98012208086345e-107
"PWY_385","fixed",NA,"carrierper",-0.0371322309092593,0.21948488100799,-0.169178991913833,109.877971566838,0.865966915274663,0.944600431417407
"PWY_385","fixed",NA,"carrierint",-0.113802005413778,0.133038778976309,-0.855404764606598,107.682153082778,0.394226414451512,0.693254231440534
"PWY_386","fixed",NA,"(Intercept)",-6.38300555351196,0.0637727807055774,-100.089810776492,123.135614893688,8.18328055227874e-120,6.28583857806905e-119
"PWY_386","fixed",NA,"carrierper",-0.225946811956251,0.190359814853343,-1.18694595353712,102.179036790833,0.238001175587784,0.501092836553799
"PWY_386","fixed",NA,"carrierint",-0.0855546096835945,0.115380683255447,-0.74149855304792,100.010239661651,0.460128891479478,0.730977488963989
"PWY_387","fixed",NA,"(Intercept)",-5.9170553584951,0.114213411801161,-51.8070099227605,124.285677620242,5.26249101518198e-86,1.64585289468108e-85
"PWY_387","fixed",NA,"carrierper",-0.0372780497878457,0.346083538802285,-0.10771402164014,108.723685078038,0.91442106886856,0.960152268137407
"PWY_387","fixed",NA,"carrierint",-0.265505620379487,0.210103953841678,-1.26368692984977,107.325117018855,0.209080391129791,0.459582369181523
"PWY_388","fixed",NA,"(Intercept)",-7.08875365067746,0.0380014006641858,-186.539272942068,122.879854997157,1.28418557266719e-152,2.45930332957361e-151
"PWY_388","fixed",NA,"carrierper",0.0822475147114457,0.112951830831139,0.728164511422609,100.460987909617,0.468206762392955,0.735669528898944
"PWY_388","fixed",NA,"carrierint",-0.00902486009595346,0.0684274618172922,-0.131889446959916,98.045513517738,0.895342011504139,0.954030588477733
"PWY_389","fixed",NA,"(Intercept)",-3.80218154682937,0.0376483142165622,-100.99207961765,125.580629629443,4.10085284419638e-122,3.31386836773789e-121
"PWY_389","fixed",NA,"carrierper",0.134845677337458,0.114123157543388,1.18158032287349,110.138640273689,0.23991725327955,0.502855052600915
"PWY_389","fixed",NA,"carrierint",-0.0130403536646014,0.0692856100354503,-0.188211573195779,108.75378581067,0.851061544406119,0.944273046888694
"PWY_392","fixed",NA,"(Intercept)",-6.47881607442107,0.0489469749365897,-132.363973112012,130.432515047216,6.99366091427405e-141,9.68033461203477e-140
"PWY_392","fixed",NA,"carrierper",0.432847952075568,0.144010523306298,3.00566890625719,104.257912940353,0.00331996657637046,0.00987513462503385
"PWY_392","fixed",NA,"carrierint",0.0927223650514334,0.0871272576876355,1.06421764568624,101.111806193033,0.289765010759365,0.582777044775986
"PWY_393","fixed",NA,"(Intercept)",-5.35069865040504,0.105364155026315,-50.782912358275,118.434612861259,3.08269220790195e-82,9.32814655118382e-82
"PWY_393","fixed",NA,"carrierper",-0.143853793660384,0.326990893051513,-0.439932110395874,112.528397445672,0.660830083310468,0.851465858495884
"PWY_393","fixed",NA,"carrierint",-0.0451068871945484,0.198921110700514,-0.226757668081088,112.090627877026,0.821025205707867,0.938179812259973
"PWY_394","fixed",NA,"(Intercept)",-4.83390381311959,0.067414505809663,-71.7042089838581,122.513441981245,6.6318879743686e-102,2.9907675445701e-101
"PWY_394","fixed",NA,"carrierper",0.307670062092159,0.200661478797283,1.53327915221327,100.598315493081,0.128346081352775,0.317571365895892
"PWY_394","fixed",NA,"carrierint",-0.149979952823427,0.121583929752649,-1.23355079185668,98.270208252125,0.220312651025353,0.471664756712777
"PWY_395","fixed",NA,"(Intercept)",-5.94608664111618,0.0914691863954467,-65.0064450711259,123.495710852767,2.24701622054631e-97,9.07898461365244e-97
"PWY_395","fixed",NA,"carrierper",-0.192850826010175,0.276935795212125,-0.696373778125924,107.639773338001,0.487695808331268,0.753966134316783
"PWY_395","fixed",NA,"carrierint",0.0809588756196039,0.168111404141497,0.481578724733405,106.20507944385,0.631096065404156,0.831547878826588
"PWY_397","fixed",NA,"(Intercept)",-4.00981248169478,0.0238968395259241,-167.796769834136,115.951126656391,3.00335188733651e-140,4.07639411504508e-139
"PWY_397","fixed",NA,"carrierper",0.0147359687114387,0.0712501776470092,0.206820097831114,94.9261409642114,0.836593347261331,0.940029742682737
"PWY_397","fixed",NA,"carrierint",0.00516449279704655,0.0431803137395842,0.119602947495774,92.7496304000194,0.905056370614066,0.959362560423284
"PWY_398","fixed",NA,"(Intercept)",-3.91057645378187,0.0239154409006352,-163.516803642872,113.328086563946,2.08407533436276e-136,2.44835068692364e-135
"PWY_398","fixed",NA,"carrierper",0.00575577714133315,0.071769444269875,0.0801981567488481,94.6600310609704,0.936248965753282,0.967994923563529
"PWY_398","fixed",NA,"carrierint",-0.0447227061936417,0.0435270532970235,-1.02746918998764,92.8480391359786,0.306868903351016,0.602748768494246
"PWY_399","fixed",NA,"(Intercept)",-5.95579823262662,0.0476015332958501,-125.117781303609,128.222361803199,6.95943301800351e-136,7.90998972290155e-135
"PWY_399","fixed",NA,"carrierper",-0.101066929298981,0.142075505697337,-0.711360686720224,107.08577233828,0.478407456320309,0.746443776714054
"PWY_399","fixed",NA,"carrierint",-0.0217398611802707,0.0861136879227078,-0.252455349488499,104.879953000231,0.80118322437496,0.927331081237093
"PWY_400","fixed",NA,"(Intercept)",-6.07198698384253,0.0890798234036545,-68.1634375982993,123.706368819801,5.67202973828591e-100,2.45495280932623e-99
"PWY_400","fixed",NA,"carrierper",0.0975019639141647,0.267911838208466,0.36393301828752,105.404851376126,0.71663701479932,0.885816575322236
"PWY_400","fixed",NA,"carrierint",0.224606882044572,0.162522741924991,1.38200278548238,103.641392611734,0.16994228418843,0.398623008884942
"PWY_401","fixed",NA,"(Intercept)",-3.85763462145356,0.0345058066201622,-111.796680017313,117.415748473361,4.17987726728628e-121,3.28284742677877e-120
"PWY_401","fixed",NA,"carrierper",0.0499410782302691,0.106121666730682,0.470602090683428,107.750271905892,0.638876161851356,0.840034589085541
"PWY_401","fixed",NA,"carrierint",-0.0207174581683867,0.0645114208449675,-0.321144037707283,106.988701700236,0.748727736325471,0.905468317805371
"PWY_402","fixed",NA,"(Intercept)",-4.6132614464727,0.0533665261205131,-86.4448518918949,112.144841264424,1.80843780405748e-104,8.74808321824343e-104
"PWY_402","fixed",NA,"carrierper",0.0877672850936603,0.160205370077964,0.54784234168273,93.6565096668714,0.585103494359415,0.806681149028069
"PWY_402","fixed",NA,"carrierint",-0.091053812263395,0.097165652049144,-0.937098762197801,91.870343520288,0.351164730239937,0.64341847034788
"PWY_403","fixed",NA,"(Intercept)",-3.53258685611304,0.0167446706134168,-210.967831954995,108.267986479696,2.11098186222404e-143,3.13952408871192e-142
"PWY_403","fixed",NA,"carrierper",-0.0453882649459977,0.0504385967744316,-0.899871682572383,91.1688599466482,0.370559324668203,0.66672063820611
"PWY_403","fixed",NA,"carrierint",-0.0400824966499973,0.0306024546532915,-1.30978044421957,89.5754983941453,0.193619390780096,0.438703254960413
"PWY_404","fixed",NA,"(Intercept)",-5.75532794642295,0.0846507321814478,-67.9891100538442,120.118652216828,9.7147207632418e-98,3.93657380493103e-97
"PWY_404","fixed",NA,"carrierper",0.217678379782226,0.260205100477433,0.83656461530855,110.201375733032,0.404647719842082,0.702729828992833
"PWY_404","fixed",NA,"carrierint",-0.0999684336305125,0.158171954394449,-0.632023761818176,109.415448650453,0.528689754835181,0.772317949069575
"PWY_407","fixed",NA,"(Intercept)",-6.1773214349443,0.020964796913108,-294.652099924803,129.106926673982,1.855329144782e-184,2.59375014440523e-182
"PWY_407","fixed",NA,"carrierper",-0.00323098749022451,0.0627537554767147,-0.0514867590900339,108.977789598662,0.959031908079001,0.981975961761993
"PWY_407","fixed",NA,"carrierint",0.00101042581360287,0.0380483698744665,0.0265563496395926,106.932604196206,0.978863085719684,0.990195798723674
"PWY_408","fixed",NA,"(Intercept)",-4.50671048416376,0.0623906984266898,-72.2336918452552,120.62563062402,3.91164671460168e-101,1.72507321987797e-100
"PWY_408","fixed",NA,"carrierper",-0.329267020262293,0.187587360251771,-1.75527295559981,102.310020066788,0.0822058677995127,0.221433146789439
"PWY_408","fixed",NA,"carrierint",0.0889262305896497,0.113792090958963,0.781479888806328,100.547111913399,0.436356566002784,0.725265959699941
"PWY_409","fixed",NA,"(Intercept)",-6.29970984592289,0.08806501559686,-71.5347610311161,127.482003095623,9.08453972280627e-105,4.42515210191051e-104
"PWY_409","fixed",NA,"carrierper",0.124823795522795,0.265626560275781,0.469922116949448,110.156089117184,0.639339630033631,0.840034589085541
"PWY_409","fixed",NA,"carrierint",-0.125588327858023,0.161185154930764,-0.779155672940037,108.524482038604,0.437583762764659,0.725265959699941
"PWY_410","fixed",NA,"(Intercept)",-5.55417593917024,0.0936318717277441,-59.3192877241658,126.47124510584,3.55102534137518e-94,1.32030144341556e-93
"PWY_410","fixed",NA,"carrierper",0.362559938525901,0.281878263314723,1.28622879346002,108.461821386048,0.20110214005975,0.451269328737609
"PWY_410","fixed",NA,"carrierint",0.069300576058429,0.171012876116981,0.405236012819432,106.736701013004,0.686115111302696,0.866283808191811
"PWY_411","fixed",NA,"(Intercept)",-5.96474569811623,0.0808580124971869,-73.7681463333488,128.679078367531,3.69327193555937e-107,1.87752515124073e-106
"PWY_411","fixed",NA,"carrierper",0.125943687927259,0.241051825553268,0.522475561585937,107.116886266268,0.602418172990026,0.816050279666162
"PWY_411","fixed",NA,"carrierint",-0.184935915009702,0.146084250736435,-1.26595381827547,104.839219520478,0.208335521207269,0.45938968240972
"PWY_412","fixed",NA,"(Intercept)",-6.16778741823234,0.083455155281352,-73.9054094074704,127.609835959976,1.31048820062644e-106,6.61394405947927e-106
"PWY_412","fixed",NA,"carrierper",0.07150196780782,0.251757557087908,0.284011207587517,110.333997600319,0.776934086150405,0.915393373669395
"PWY_412","fixed",NA,"carrierint",-0.101777763509363,0.152771502948329,-0.666209087068984,108.709045379811,0.506688800291074,0.76578480303451
"PWY_414","fixed",NA,"(Intercept)",-4.28191201847493,0.062465633973281,-68.5482840101563,121.581445417075,5.09461039527828e-99,2.13881841819791e-98
"PWY_414","fixed",NA,"carrierper",0.127434398463197,0.190697011275524,0.668255876748253,108.915975472595,0.505383994857692,0.764639420791183
"PWY_414","fixed",NA,"carrierint",0.0668266420654788,0.115850998026675,0.576832683392956,107.8535670057,0.565254507194697,0.79748796726341
"PWY_415","fixed",NA,"(Intercept)",-6.14313808724703,0.054145594479571,-113.455917259618,126.048040119636,9.19322884141536e-129,8.62559323509978e-128
"PWY_415","fixed",NA,"carrierper",0.105081538009941,0.16181799362186,0.649381046309951,105.425011191091,0.51750441516305,0.768832276724702
"PWY_415","fixed",NA,"carrierint",-0.14536820385988,0.098094625033626,-1.48191813578012,103.306482351597,0.141406040374982,0.343362767964063
"PWY_416","fixed",NA,"(Intercept)",-6.93144517200208,0.0256857225917229,-269.855953915647,136.259513551133,8.47377713416672e-188,1.69233434765215e-185
"PWY_416","fixed",NA,"carrierper",-0.0393928708746763,0.072610062178693,-0.542526334404324,96.8091195905188,0.588702747878161,0.810045710170934
"PWY_416","fixed",NA,"carrierint",0.0334019213170449,0.0436213363617769,0.765724393219489,89.9922139546461,0.445844022209413,0.725265959699941
"PWY_417","fixed",NA,"(Intercept)",-3.69383581691812,0.0326999743475454,-112.961428582753,119.19143536109,4.6545088898018e-123,3.89640923828917e-122
"PWY_417","fixed",NA,"carrierper",0.104017409803464,0.0991654204077808,1.04892823905482,104.047379729885,0.2966415148653,0.590198624431765
"PWY_417","fixed",NA,"carrierint",-0.0157958611913017,0.0602070554335374,-0.262358972342349,102.703554891311,0.793570221676983,0.922203798756793
"PWY_418","fixed",NA,"(Intercept)",-6.17500158613281,0.0973279662982211,-63.4452955403597,126.93657597643,5.25741477364505e-98,2.15538588080814e-97
"PWY_418","fixed",NA,"carrierper",0.771982737143658,0.291744561109901,2.64609127315607,107.358596137805,0.00936641554445972,0.0278009531447021
"PWY_418","fixed",NA,"carrierint",-0.121803757082846,0.176916321280367,-0.688482307349238,105.402484412503,0.492661680965057,0.756027475289956
"PWY_420","fixed",NA,"(Intercept)",-7.40125164649967,0.045042256580652,-164.317958476328,120.032783520026,3.83663719499432e-143,5.64591452484427e-142
"PWY_420","fixed",NA,"carrierper",0.0854576541652221,0.133832865568877,0.63854012093346,97.6218775311441,0.524617375040841,0.772015884533785
"PWY_420","fixed",NA,"carrierint",-0.0404363770366599,0.081073957646103,-0.498759135617497,95.2100589901164,0.61909945065758,0.823689627811171
"PWY_421","fixed",NA,"(Intercept)",-6.74819438217618,0.0721621065686444,-93.5143762156796,118.264539764728,1.02343108343695e-112,6.16705454588299e-112
"PWY_421","fixed",NA,"carrierper",0.138458921038832,0.221233428166365,0.625849909692273,107.321369086409,0.532742126553324,0.774998431760195
"PWY_421","fixed",NA,"carrierint",0.200804698270315,0.134452150652653,1.49350305886203,106.437298964114,0.138264098266903,0.336747751528101
"PWY_422","fixed",NA,"(Intercept)",-6.20867446629108,0.0953582864467485,-65.1089139459131,125.604292310412,1.20887863936713e-98,5.0148734060393e-98
"PWY_422","fixed",NA,"carrierper",0.427424833326523,0.284786865494644,1.50085865998115,104.748014762138,0.136400484666023,0.333777384911978
"PWY_422","fixed",NA,"carrierint",-0.225948374388566,0.172624932131208,-1.30889768702025,102.592450233771,0.193493328108267,0.438703254960413
"PWY_423","fixed",NA,"(Intercept)",-4.17260126965302,0.0419902802263898,-99.3706459484558,128.715117321742,1.51484624670245e-123,1.28348791084244e-122
"PWY_423","fixed",NA,"carrierper",-0.202339519807464,0.125961663735692,-1.60635794897119,109.371406632197,0.111078689615875,0.280810141198903
"PWY_423","fixed",NA,"carrierint",0.0252473680089194,0.0763904887778544,0.330504077311763,107.448047468398,0.741662696362692,0.900038584648476
"PWY_427","fixed",NA,"(Intercept)",-3.43923749959186,0.0203060748081095,-169.369882268845,111.286211828813,4.13637496028322e-136,4.77905140039335e-135
"PWY_427","fixed",NA,"carrierper",-0.0707092820542043,0.0619257776766663,-1.14183922603927,98.4834332146035,0.25628951289374,0.533173718787869
"PWY_427","fixed",NA,"carrierint",-0.0610722491072867,0.0376171726195412,-1.62352045234684,97.4096495254183,0.107710079935565,0.274778634580146
"PWY_428","fixed",NA,"(Intercept)",-6.33393479437075,0.0664600691050694,-95.3043666619904,125.894735560565,3.21934430112321e-119,2.36875964893171e-118
"PWY_428","fixed",NA,"carrierper",0.129099588230635,0.198400042548906,0.650703430160864,104.883909310995,0.516660909128975,0.768786895266389
"PWY_428","fixed",NA,"carrierint",-0.233646163614489,0.120255340625958,-1.94291714944471,102.702712334292,0.0547640284259881,0.153120223479063
"PWY_429","fixed",NA,"(Intercept)",-3.43873304876299,0.0186831679041198,-184.055138101324,124.301348701671,2.47032606781033e-153,4.86410682084344e-152
"PWY_429","fixed",NA,"carrierper",0.0820935599414439,0.056582333075374,1.45086912255962,108.537712139841,0.149700324477949,0.358357968527692
"PWY_429","fixed",NA,"carrierint",-0.00599551004106401,0.034348779631881,-0.174547978278077,107.113948013049,0.86176431894825,0.944600431417407
"PWY_430","fixed",NA,"(Intercept)",-3.96076067862747,0.0476119150273157,-83.1884345831316,119.454485947518,1.34153084677328e-107,6.97197072040539e-107
"PWY_430","fixed",NA,"carrierper",0.246383932801493,0.144200592042492,1.70861942597912,103.823773848669,0.0905094100077736,0.238739915454467
"PWY_430","fixed",NA,"carrierint",-0.137840322968436,0.0875385942993024,-1.57462344548449,102.420006811249,0.118427433947988,0.297237976048989
"PWY_431","fixed",NA,"(Intercept)",-5.93812072730397,0.077058620663281,-77.0597848260413,119.647374665284,7.97805236462693e-104,3.81962918005084e-103
"PWY_431","fixed",NA,"carrierper",-0.327635606522513,0.233886434968822,-1.4008320173258,104.809862405413,0.164218115593551,0.387798860810446
"PWY_431","fixed",NA,"carrierint",-0.0137782206104311,0.142012901474673,-0.0970209077299102,103.502713380294,0.922897412956559,0.964049588644061
"PWY_432","fixed",NA,"(Intercept)",-6.45043678955811,0.0480448550158024,-134.258637838256,119.747206607202,2.03817710201803e-132,2.12639670792627e-131
"PWY_432","fixed",NA,"carrierper",0.0892521317046828,0.138741705362339,0.643297063933236,88.0351604813913,0.521703542868708,0.771756193562158
"PWY_432","fixed",NA,"carrierint",-0.0887360169234333,0.0836972188099644,-1.06020269472645,83.6421636755421,0.292104330885048,0.584373162916467
"PWY_435","fixed",NA,"(Intercept)",-4.14547128780984,0.0411621947206374,-100.710647620824,110.964591082043,6.60070350926167e-111,3.78187848604419e-110
"PWY_435","fixed",NA,"carrierper",-0.0453218406752417,0.124380661254709,-0.364380123228568,94.8239762740285,0.716385481004143,0.885816575322236
"PWY_435","fixed",NA,"carrierint",-0.150940850119503,0.0754894701488255,-1.99949542395684,93.3576672914059,0.0484615376956206,0.136042629916622
"PWY_436","fixed",NA,"(Intercept)",-6.67408997720727,0.0321898444185352,-207.335266689399,127.019070891976,1.32576812601074e-162,3.43226637067226e-161
"PWY_436","fixed",NA,"carrierper",0.098914820729614,0.0935577596489894,1.0572593989074,96.8732816061898,0.293022594566841,0.584373162916467
"PWY_436","fixed",NA,"carrierint",-0.0237897028270213,0.0565000184213646,-0.421056549921859,92.8544780005891,0.674686801339485,0.861380957326575
"PWY_438","fixed",NA,"(Intercept)",-3.20380094778915,0.012241005277253,-261.726947683182,124.743166307721,8.43297944543628e-173,3.9297684215733e-171
"PWY_438","fixed",NA,"carrierper",-0.0169481629005005,0.0366912586015409,-0.46191282464725,105.202783904422,0.645097619331525,0.843635614429815
"PWY_438","fixed",NA,"carrierint",-0.0277115643077118,0.0222497723068266,-1.24547630985012,103.255375014984,0.21577561145664,0.466387400809537
"PWY_439","fixed",NA,"(Intercept)",-3.20380094778915,0.012241005277253,-261.726947683182,124.743166307721,8.43297944543628e-173,3.9297684215733e-171
"PWY_439","fixed",NA,"carrierper",-0.0169481629005005,0.0366912586015409,-0.46191282464725,105.202783904422,0.645097619331525,0.843635614429815
"PWY_439","fixed",NA,"carrierint",-0.0277115643077118,0.0222497723068266,-1.24547630985012,103.255375014984,0.21577561145664,0.466387400809537
"PWY_440","fixed",NA,"(Intercept)",-6.25311219833634,0.0974441132990362,-64.1712668588488,123.90203927192,6.28680570844457e-97,2.50397560695314e-96
"PWY_440","fixed",NA,"carrierper",0.622350232746323,0.293586083508429,2.11982197966973,106.235715249506,0.0363499610385929,0.103708664350924
"PWY_440","fixed",NA,"carrierint",-0.224621099283938,0.178130580294073,-1.26099122853086,104.561415597462,0.210118347593582,0.461138853902397
"PWY_441","fixed",NA,"(Intercept)",-6.17615004897858,0.101124588254379,-61.0746620143703,123.595078110878,3.49988663050871e-94,1.30475773585365e-93
"PWY_441","fixed",NA,"carrierper",0.636907723024324,0.304103390871209,2.09437889265122,105.256612138249,0.0386271520545577,0.109757639374536
"PWY_441","fixed",NA,"carrierint",-0.219064363308564,0.184475366873426,-1.18749926898842,103.487977291978,0.237749223807896,0.501092836553799
"PWY_442","fixed",NA,"(Intercept)",-6.53626772411662,0.0558517947588028,-117.028785777496,127.171287122179,2.38298893781468e-131,2.3967039820611e-130
"PWY_442","fixed",NA,"carrierper",-0.0842498815244872,0.169066533524776,-0.498323824165597,111.179591162402,0.619240199448885,0.823689627811171
"PWY_442","fixed",NA,"carrierint",0.178790111285409,0.102628381740135,1.74211176532164,109.724173543976,0.0842910104028108,0.224883268212079
"PWY_443","fixed",NA,"(Intercept)",-3.36203428800654,0.0121195221443274,-277.40650563357,123.324443874856,2.85582879565442e-174,1.53555717550957e-172
"PWY_443","fixed",NA,"carrierper",0.014107150650243,0.0363759088717553,0.387815757400819,104.302825403994,0.698942708214165,0.870875139111767
"PWY_443","fixed",NA,"carrierint",0.000731769085588099,0.0220617960628963,0.033169062187951,102.434911835024,0.973604314958149,0.987425165859723
"PWY_445","fixed",NA,"(Intercept)",-4.99917474003217,0.0927048324435708,-53.925718954027,122.330430286313,4.02389664249914e-87,1.27850170595768e-86
"PWY_445","fixed",NA,"carrierper",0.131560552141032,0.28172936902043,0.466974929161507,107.905595012631,0.641459353654866,0.84202833465681
"PWY_445","fixed",NA,"carrierint",-0.0959399074300136,0.171082941672744,-0.560780090007643,106.645660547414,0.576123771017399,0.801987275954103
"PWY_446","fixed",NA,"(Intercept)",-6.56518645536461,0.0854819397846148,-76.8020294334292,127.923406491302,6.87104933473041e-109,3.72314998835392e-108
"PWY_446","fixed",NA,"carrierper",0.515405726050956,0.257759649659891,1.99955938305714,110.482462379721,0.0480021812900325,0.135024244353049
"PWY_446","fixed",NA,"carrierint",-0.125872178200061,0.156406696598083,-0.804774865385169,108.834540226607,0.422704177979637,0.718032127357877
"PWY_447","fixed",NA,"(Intercept)",-6.50162918638927,0.0928564266859342,-70.0180851065867,126.010531740657,9.60823653619635e-103,4.41852456500082e-102
"PWY_447","fixed",NA,"carrierper",0.508750745981524,0.280178913240656,1.81580669329151,108.841694469548,0.0721529736958487,0.197149064250101
"PWY_447","fixed",NA,"carrierint",-0.113748517149102,0.170021925565358,-0.669022637938396,107.233187244342,0.504918832987073,0.764639420791183
"PWY_448","fixed",NA,"(Intercept)",-4.92274793324917,0.0705860804677437,-69.7410580192048,116.205808455108,1.12020527847443e-96,4.41139994171056e-96
"PWY_448","fixed",NA,"carrierper",0.232170324057336,0.213030917469272,1.08984332797996,99.4024238859124,0.278417148427205,0.567662993782895
"PWY_448","fixed",NA,"carrierint",-0.106997858663021,0.129277324107249,-0.827661458820533,97.8495062458451,0.409876277043613,0.708595000733392
"PWY_450","fixed",NA,"(Intercept)",-5.21899143907812,0.0847038675278233,-61.6145589499063,121.873259097365,1.05269502826656e-93,3.88302809898852e-93
"PWY_450","fixed",NA,"carrierper",0.267260969471012,0.257049614548182,1.03972522946894,106.922124254624,0.300813011397052,0.595660892256485
"PWY_450","fixed",NA,"carrierint",-0.0403294859675531,0.156074882669638,-0.258398310334905,105.600040911034,0.796602477620332,0.924191090218443
"PWY_451","fixed",NA,"(Intercept)",-3.24648677840079,0.0113787475393566,-285.311434072326,119.992807203768,8.80211139215372e-172,3.61922109595026e-170
"PWY_451","fixed",NA,"carrierper",-0.0130741279939256,0.0341878911265098,-0.382419844077126,101.448249932847,0.702949969717611,0.872756711958455
"PWY_451","fixed",NA,"carrierint",-0.0202392937480251,0.0207371000400313,-0.975994411415036,99.6528218570105,0.331430548878857,0.624957103645759
"PWY_452","fixed",NA,"(Intercept)",-3.26298907139063,0.0123552164424015,-264.098090600216,122.0493189477,3.6908786888427e-170,1.35785484394792e-168
"PWY_452","fixed",NA,"carrierper",-0.0380268000877945,0.0369695888667063,-1.02859678058363,101.981030887472,0.306102641426191,0.602748768494246
"PWY_452","fixed",NA,"carrierint",-0.0362293916543421,0.0224142123380559,-1.61635801017331,99.9550479467468,0.109168877167432,0.277487436872854
"PWY_453","fixed",NA,"(Intercept)",-5.37596427577001,0.0804987172864764,-66.7832290623736,119.967371023409,9.66106539767666e-97,3.81530209772655e-96
"PWY_453","fixed",NA,"carrierper",0.228678452540248,0.247210050446138,0.925037036833874,109.673028320293,0.35697757433588,0.648460809788558
"PWY_453","fixed",NA,"carrierint",-0.117195772874709,0.150260770097323,-0.77994923624311,108.85136972805,0.437113392498139,0.725265959699941
"PWY_454","fixed",NA,"(Intercept)",-4.04961311284851,0.039132333156971,-103.485092406945,116.084302264307,3.5266420332977e-116,2.38176114132859e-115
"PWY_454","fixed",NA,"carrierper",0.112528309049302,0.120402262392448,0.934602945271231,106.615418998773,0.352104937844171,0.644296731814334
"PWY_454","fixed",NA,"carrierint",-0.0119995703695136,0.0731952131639289,-0.163939277595097,105.872377929196,0.870091506494265,0.944600431417407
"PWY_455","fixed",NA,"(Intercept)",-6.51286012655167,0.0269356202761139,-241.793582616219,125.145838966091,5.72778450167701e-169,1.86219598449871e-167
"PWY_455","fixed",NA,"carrierper",0.122158060241136,0.0812975553070314,1.50260434990682,108.101438882952,0.135856781705847,0.333777384911978
"PWY_455","fixed",NA,"carrierint",-0.0393795444353365,0.0493355474003425,-0.798198185899993,106.510626390942,0.426531597990464,0.720158422694044
"PWY_456","fixed",NA,"(Intercept)",-5.62436164297583,0.081450142367811,-69.052815372347,125.447028574185,1.12971619906756e-101,5.0619975842835e-101
"PWY_456","fixed",NA,"carrierper",0.110062742203948,0.24642540062501,0.446637164532535,109.286902341918,0.656020852839522,0.850983349915465
"PWY_456","fixed",NA,"carrierint",-0.0901610931969918,0.149579772086275,-0.602762605795312,107.81176990294,0.547932442329939,0.789700571522942
"PWY_457","fixed",NA,"(Intercept)",-4.06483656081737,0.0491263481121907,-82.7424939369486,122.62424005937,1.91815916874953e-109,1.059915619728e-108
"PWY_457","fixed",NA,"carrierper",0.153715501171968,0.150812227062315,1.01925091994334,112.151542986414,0.310277547375616,0.60666854717638
"PWY_457","fixed",NA,"carrierint",0.0285867799560939,0.0916648763086468,0.311861872369071,111.311728217515,0.755728890573799,0.907322528720998
"PWY_458","fixed",NA,"(Intercept)",-6.14834954150068,0.0874353885938346,-70.3187764174267,126.967286184286,1.54186652877879e-103,7.33173267766241e-103
"PWY_458","fixed",NA,"carrierper",0.0717492933643295,0.263847842124378,0.271934357266818,109.818081323766,0.786183077612144,0.917896081860488
"PWY_458","fixed",NA,"carrierint",-0.126367534643875,0.160113301193547,-0.789238206331903,108.211100282909,0.431698664839776,0.725265959699941
"PWY_462","fixed",NA,"(Intercept)",-4.91137364735592,0.0596329629120982,-82.3600473214037,122.013766317804,8.52727536105487e-109,4.58505036721335e-108
"PWY_462","fixed",NA,"carrierper",0.194630545809236,0.181111228751956,1.07464648741241,107.359299365172,0.284942340796643,0.578155867102623
"PWY_462","fixed",NA,"carrierint",0.0843873657826655,0.109975097572642,0.767331583651701,106.072529864275,0.44458904719045,0.725265959699941
"PWY_467","fixed",NA,"(Intercept)",-3.43899611539245,0.0159847650722641,-215.142111869983,100.900722275071,3.75992212636728e-136,4.38030927721788e-135
"PWY_467","fixed",NA,"carrierper",-0.042088766647518,0.0479062655528493,-0.878564967688547,82.6247097853086,0.382185013493576,0.681498276612269
"PWY_467","fixed",NA,"carrierint",-0.0426545246232029,0.0290501705184963,-1.46830548192633,80.8580721334939,0.145900829491634,0.352278686751821
"PWY_468","fixed",NA,"(Intercept)",-4.08000265819836,0.0362370124952839,-112.592136526966,124.071436827832,8.76580329122561e-127,8.00953790923752e-126
"PWY_468","fixed",NA,"carrierper",0.206943354180502,0.11100022641853,1.86435073925179,112.704150776827,0.0648743928347128,0.178884420479149
"PWY_468","fixed",NA,"carrierint",-0.0119071767829331,0.0674542038885746,-0.176522382542712,111.775372867504,0.860203007601931,0.944600431417407
"PWY_469","fixed",NA,"(Intercept)",-6.80317558927496,0.0646110563006302,-105.294294487623,136.176541324864,2.39305342182283e-132,2.42426716210747e-131
"PWY_469","fixed",NA,"carrierper",-0.0949075273122207,0.188802636268854,-0.502681155241247,107.534869829967,0.61621639295296,0.822644307290367
"PWY_469","fixed",NA,"carrierint",0.0282474534673086,0.114114177007592,0.247536758429492,103.825420838609,0.804981707511844,0.927331081237093
"PWY_470","fixed",NA,"(Intercept)",-6.80317558927496,0.0646110563006302,-105.294294487623,136.176541324864,2.39305342182283e-132,2.42426716210747e-131
"PWY_470","fixed",NA,"carrierper",-0.0949075273122207,0.188802636268854,-0.502681155241247,107.534869829967,0.61621639295296,0.822644307290367
"PWY_470","fixed",NA,"carrierint",0.0282474534673086,0.114114177007592,0.247536758429492,103.825420838609,0.804981707511844,0.927331081237093
"PWY_471","fixed",NA,"(Intercept)",-5.9432979512419,0.0850420463674607,-69.8865820509695,120.233251064167,3.2952375954119e-99,1.38757293927284e-98
"PWY_471","fixed",NA,"carrierper",-0.218393491915111,0.259003435460011,-0.84320693093212,106.678067653332,0.400999410112426,0.700746469171465
"PWY_471","fixed",NA,"carrierint",-0.191464100565587,0.157314162434283,-1.21708114261849,105.51891337458,0.226288405523469,0.482242669088124
"PWY_472","fixed",NA,"(Intercept)",-4.73488838510885,0.0748384690330972,-63.2681085848356,120.821628709271,1.77050896903345e-94,6.635848629246e-94
"PWY_472","fixed",NA,"carrierper",0.0361237356481691,0.226920817510199,0.15919092855615,105.580677295381,0.873822574225503,0.944600431417407
"PWY_472","fixed",NA,"carrierint",-0.00131126665374658,0.137770217515054,-0.00951778023870294,104.224157764443,0.992424219225366,0.996484526356177
"PWY_473","fixed",NA,"(Intercept)",-6.6509061257494,0.0470441720764397,-141.375771582135,124.79267726022,1.34620680471045e-139,1.75887580652823e-138
"PWY_473","fixed",NA,"carrierper",-0.0861316614742335,0.138044332097709,-0.623942034891145,97.9375973783791,0.534116276991129,0.775383754136655
"PWY_473","fixed",NA,"carrierint",0.108569149329174,0.0834863914279866,1.30044127518463,94.6641377418898,0.196606853687318,0.443532049321877
"PWY_474","fixed",NA,"(Intercept)",-3.5084634148602,0.0160496318381685,-218.600865754225,121.828044164659,6.41806115980526e-160,1.52075415278098e-158
"PWY_474","fixed",NA,"carrierper",0.0658726685862052,0.0487710092906175,1.35065215061845,107.384511855614,0.17964626634896,0.415803775423585
"PWY_474","fixed",NA,"carrierint",-0.00443919084814789,0.0296164643521723,-0.149889291151065,106.122711029241,0.881136463857274,0.947428880646608
"PWY_475","fixed",NA,"(Intercept)",-6.62718780852105,0.0602093300206112,-110.069117298804,125.194328253827,1.87458384388634e-126,1.67991552163661e-125
"PWY_475","fixed",NA,"carrierper",0.132405249718553,0.181127860549511,0.731004326539598,106.946879031519,0.466375056559047,0.735669528898944
"PWY_475","fixed",NA,"carrierint",-0.00349146233281206,0.109880104325147,-0.0317752003809576,105.189537745685,0.974711537114748,0.987425165859723
"PWY_476","fixed",NA,"(Intercept)",-4.18273309991084,0.0434095788854249,-96.3550720211025,120.50622748545,6.98055472539248e-116,4.66928971583669e-115
"PWY_476","fixed",NA,"carrierper",0.128125863331449,0.132424262381764,0.967540698562298,107.574075786635,0.335444051424851,0.626902084812083
"PWY_476","fixed",NA,"carrierint",0.0427302608969828,0.0804441738764539,0.531179062918937,106.483454055631,0.596400954751829,0.81336470491997
"PWY_477","fixed",NA,"(Intercept)",-4.4530576048558,0.0566272218613256,-78.638108289347,111.185707575041,2.69090118077577e-99,1.13651959236391e-98
"PWY_477","fixed",NA,"carrierper",0.187803252180691,0.169420630059502,1.10850285537678,91.6026439865443,0.270546675594307,0.556225106179186
"PWY_477","fixed",NA,"carrierint",-0.101697364522175,0.102716243527694,-0.99008064381516,89.6529004566847,0.324799357466324,0.623794185278973
"PWY_478","fixed",NA,"(Intercept)",-6.40646164908926,0.0942834942608773,-67.9489204267602,127.549581946897,4.94791412056441e-102,2.23857085454662e-101
"PWY_478","fixed",NA,"carrierper",0.0331985868136438,0.284399259623458,0.11673232503347,110.243604905398,0.907284563647439,0.959443131602965
"PWY_478","fixed",NA,"carrierint",-0.213278877162161,0.172577647028385,-1.23584300072814,108.61462794688,0.219183092961483,0.469966202392873
"PWY_479","fixed",NA,"(Intercept)",-4.46832381113215,0.0489463291677673,-91.2902742066035,119.258979298536,3.30931184841035e-112,1.9686884953522e-111
"PWY_479","fixed",NA,"carrierper",0.295786466350253,0.147538848485419,2.00480395086916,101.899886731385,0.0476364566687498,0.13426565811071
"PWY_479","fixed",NA,"carrierint",-0.0317121958289479,0.089522221217012,-0.354238259482793,100.271217833466,0.723904183139191,0.889217951644865
"PWY_480","fixed",NA,"(Intercept)",-4.19157035733117,0.0469372897217185,-89.3014995578595,113.811553871934,3.19390765540527e-107,1.63556150265808e-106
"PWY_480","fixed",NA,"carrierper",0.159901825554634,0.144214252040553,1.10877963371934,103.825585295034,0.270087023748477,0.556225106179186
"PWY_480","fixed",NA,"carrierint",-0.0124974380122151,0.0876608266550985,-0.142565824314962,103.034911692613,0.886911506560983,0.948662805028504
"PWY_481","fixed",NA,"(Intercept)",-5.31565095673374,0.0870429648418273,-61.0692772976338,124.247996361135,1.57561178563009e-94,5.92125074277113e-94
"PWY_481","fixed",NA,"carrierper",0.308837097247167,0.263732118261434,1.17102573354763,108.656932428584,0.244150119353368,0.510197110397621
"PWY_481","fixed",NA,"carrierint",-0.0993640067744237,0.160107967112678,-0.62060626067718,107.25478208861,0.536175253124805,0.776759589501013
"PWY_482","fixed",NA,"(Intercept)",-3.56309907982502,0.0199076346690696,-178.981538442686,115.328824354363,7.37069108590561e-143,1.07335688938501e-141
"PWY_482","fixed",NA,"carrierper",-0.0410425094619698,0.0579478639756839,-0.708266131762719,86.5227768591532,0.48068378111637,0.74832508463328
"PWY_482","fixed",NA,"carrierint",0.0204078697374884,0.0350034072734717,0.58302523460209,82.8242765224607,0.561460434706918,0.796595096196584
"PWY_483","fixed",NA,"(Intercept)",-4.53636237709705,0.0643827337074248,-70.4593004346739,118.89104747858,8.17580232013877e-99,3.42208731842934e-98
"PWY_483","fixed",NA,"carrierper",0.130250782081331,0.196550115947095,0.662684839709737,106.278486439925,0.508967047272927,0.766331710408719
"PWY_483","fixed",NA,"carrierint",-0.0167414849726054,0.119406866305584,-0.140205379226358,105.222998399612,0.888765756249093,0.949919363330452
"PWY_484","fixed",NA,"(Intercept)",-4.50181000195579,0.0609998291186227,-73.8003707059801,122.251429853495,3.0546130402699e-103,1.43782795632906e-102
"PWY_484","fixed",NA,"carrierper",0.129432003403779,0.186149362264102,0.695312634056441,109.422628281003,0.488333386937955,0.753966134316783
"PWY_484","fixed",NA,"carrierint",0.0137293039032,0.113084269399756,0.121407725195328,108.342283407829,0.903592988369847,0.959362560423284
"PWY_485","fixed",NA,"(Intercept)",-3.40494724047799,0.0147451946463039,-230.919111083521,123.238273529517,2.26791868574585e-164,6.34110064534539e-163
"PWY_485","fixed",NA,"carrierper",0.0696198495242111,0.0445818783961227,1.56161768029644,106.878087426175,0.12133433835788,0.303444373925432
"PWY_485","fixed",NA,"carrierint",0.0161760295056578,0.0270593465471874,0.597798231285788,105.379206407637,0.551257105321494,0.791229397576436
"PWY_486","fixed",NA,"(Intercept)",-5.67430732453312,0.103564164545255,-54.7902582852738,123.724800538457,1.26489789489349e-88,4.11238896990953e-88
"PWY_486","fixed",NA,"carrierper",0.389359136057573,0.312989373624321,1.244001135083,107.193989817464,0.216212579218871,0.466458619981452
"PWY_486","fixed",NA,"carrierint",-0.0312103018677086,0.189963306177639,-0.164296476491745,105.672516151777,0.869811605653565,0.944600431417407
"PWY_487","fixed",NA,"(Intercept)",-5.52384984944862,0.100201111276313,-55.1276306129595,122.606721179442,2.1958759931697e-88,7.10609870011862e-88
"PWY_487","fixed",NA,"carrierper",0.231222768202359,0.304665341771416,0.758940176319239,108.369783771726,0.449535921916088,0.725901091990805
"PWY_487","fixed",NA,"carrierint",-0.0797140153592716,0.185019875762679,-0.430840281513966,107.13156426222,0.667450116222844,0.855861243291361
"PWY_488","fixed",NA,"(Intercept)",-5.15746347238756,0.0895271386457727,-57.6078220571063,121.37094872842,5.29881304094938e-90,1.76374776934458e-89
"PWY_488","fixed",NA,"carrierper",0.213088180517694,0.274221405634724,0.777066181337929,110.015560437646,0.438787384419544,0.725265959699941
"PWY_488","fixed",NA,"carrierint",-0.0357046600777909,0.166641958814692,-0.214259723851992,109.089260331586,0.830744508615018,0.93895644762854
"PWY_489","fixed",NA,"(Intercept)",-4.32784837181795,0.0663649320081349,-65.2128803701246,120.609591152579,6.68641566675202e-96,2.60379083624494e-95
"PWY_489","fixed",NA,"carrierper",0.13047407294339,0.202898442047502,0.643051132511128,108.533941860141,0.521547198642714,0.771756193562158
"PWY_489","fixed",NA,"carrierint",0.100531884010526,0.123279614890546,0.815478569589812,107.534291922408,0.41660098986424,0.713735519399764
"PWY_490","fixed",NA,"(Intercept)",-4.25944758741296,0.0453015714081649,-94.0242789601171,121.103907355521,4.75113490080294e-115,3.10377878099183e-114
"PWY_490","fixed",NA,"carrierper",0.186267254513644,0.138332652685334,1.34651689892297,108.544189202596,0.180940906075952,0.416613716074426
"PWY_490","fixed",NA,"carrierint",-0.0166198736219609,0.0840408287244797,-0.197759516109101,107.493324900196,0.843606712230091,0.941982574838393
"PWY_491","fixed",NA,"(Intercept)",-6.39989177124512,0.102921166223785,-62.1824645605902,123.514353286426,4.50193023474679e-95,1.72430095018521e-94
"PWY_491","fixed",NA,"carrierper",0.65609328146403,0.309435663526899,2.12028980107199,105.096087364517,0.0363350127033798,0.103708664350924
"PWY_491","fixed",NA,"carrierint",-0.221552899615296,0.187705476394146,-1.18032198032452,103.316080544806,0.240582564312762,0.503494648067726
"PWY_492","fixed",NA,"(Intercept)",-3.28434950934176,0.0130370048454977,-251.92515829094,112.794410378853,5.308814638157e-157,1.17805124827674e-155
"PWY_492","fixed",NA,"carrierper",0.015769773791386,0.0388239678430788,0.406186556076012,91.5527193455434,0.685553387632436,0.866283808191811
"PWY_492","fixed",NA,"carrierint",-0.0375561504545824,0.0235254260638735,-1.59640681331825,89.3392277635543,0.113929407409111,0.286978939744031
"PWY_493","fixed",NA,"(Intercept)",-3.77338739843064,0.0303747104064317,-124.227930009553,109.147458096013,2.28928749548856e-119,1.70235314824096e-118
"PWY_493","fixed",NA,"carrierper",0.161066887479721,0.0920732631410738,1.74933397584634,94.2144855838642,0.0834897213764112,0.224453276945831
"PWY_493","fixed",NA,"carrierint",0.0275297775066859,0.055898755101547,0.492493570861723,92.8980239131394,0.623532432503616,0.825471913484901
"PWY_494","fixed",NA,"(Intercept)",-4.86017377075193,0.0873407095890951,-55.6461447773576,122.205638813652,1.1581698125528e-88,3.77417575279445e-88
"PWY_494","fixed",NA,"carrierper",0.257680079349689,0.266457361123191,0.967059338362795,109.268549425033,0.335649942728119,0.626902084812083
"PWY_494","fixed",NA,"carrierint",0.000330780788645524,0.161866649172322,0.00204353886570777,108.176496685494,0.998373256794255,0.999238190659246
"PWY_495","fixed",NA,"(Intercept)",-5.05489747995774,0.0930823136176282,-54.3056707928716,127.476879078244,5.37378912955141e-90,1.78356647037277e-89
"PWY_495","fixed",NA,"carrierper",0.331298110652644,0.283288659865876,1.16947184122901,113.534210011913,0.244662922575557,0.510505620538251
"PWY_495","fixed",NA,"carrierint",-0.0765483312731919,0.172053249066397,-0.444910698801458,112.326160317349,0.657240441929026,0.850983349915465
"PWY_496","fixed",NA,"(Intercept)",-6.33631819332038,0.0992631511204666,-63.8335386474944,125.187877387085,2.29398387206149e-97,9.24204453355033e-97
"PWY_496","fixed",NA,"carrierper",0.489897335535003,0.299817657479157,1.63398426781805,108.413282246681,0.105162883254155,0.269263206573825
"PWY_496","fixed",NA,"carrierint",-0.146738359811795,0.181958370485425,-0.806439183975593,106.858372898681,0.421780814549216,0.717335253941367
"PWY_497","fixed",NA,"(Intercept)",-5.56561986927796,0.100085088881827,-55.6088817171298,126.411222584039,9.94953973097904e-91,3.3925503765631e-90
"PWY_497","fixed",NA,"carrierper",0.0277946229153914,0.301937123121965,0.0920543410760522,109.170343403359,0.926823573877243,0.965109303675998
"PWY_497","fixed",NA,"carrierint",-0.116061905488648,0.183222233626112,-0.633448807995029,107.551620670949,0.527785354449163,0.772317949069575
"PWY_498","fixed",NA,"(Intercept)",-6.26229422129103,0.11102565136309,-56.4040304596935,124.390214359126,1.84288405923982e-90,6.23814022958176e-90
"PWY_498","fixed",NA,"carrierper",0.362728279859188,0.33581744374108,1.08013531345577,108.152436323933,0.282484756830705,0.574002456467043
"PWY_498","fixed",NA,"carrierint",-0.133281083007534,0.203835279004112,-0.653866610621634,106.668337891036,0.514604907536734,0.768608611897814
"PWY_499","fixed",NA,"(Intercept)",-4.64353326797668,0.0718572406927844,-64.621647355337,122.703987517181,1.27708325572005e-96,5.01506289746244e-96
"PWY_499","fixed",NA,"carrierper",0.115306744238492,0.217925427911839,0.529111014457382,107.496002150783,0.597819356296543,0.81336470491997
"PWY_499","fixed",NA,"carrierint",-0.0594187034065445,0.132311442542577,-0.44908212218625,106.142246374218,0.654288005000734,0.85087872650328
"PWY_500","fixed",NA,"(Intercept)",-3.87045548234152,0.0528194094322343,-73.2771442154649,122.848627436809,3.06953650696221e-103,1.4400040391722e-102
"PWY_500","fixed",NA,"carrierper",0.193034372201633,0.161973417499076,1.19176575503652,111.936246663277,0.235873736699854,0.498957146846455
"PWY_500","fixed",NA,"carrierint",0.00792450600701393,0.0984396470030048,0.0805011623697923,111.053414194326,0.93598356623614,0.967994923563529
"PWY_501","fixed",NA,"(Intercept)",-3.98774729793967,0.047630841207119,-83.7219582286874,121.26729831325,3.7896804981609e-109,2.06146822429141e-108
"PWY_501","fixed",NA,"carrierper",0.240352550454855,0.14398286475235,1.66931357330791,104.883262679266,0.0980375380515986,0.253808292955805
"PWY_501","fixed",NA,"carrierint",-0.158173615113392,0.0873898948557894,-1.80997603183309,103.382790158565,0.073204734317232,0.19871887102037
"PWY_504","fixed",NA,"(Intercept)",-6.73824850834295,0.0268156803417978,-251.280162295192,149.942194660355,9.61493082763393e-199,2.68833465940645e-196
"PWY_504","fixed",NA,"carrierper",-0.056809976893875,0.0781189207057141,-0.727224293175873,120.367794600899,0.468500641809657,0.735669528898944
"PWY_504","fixed",NA,"carrierint",0.0185968182834847,0.0471936761206749,0.394053182802127,116.309602280445,0.694263302832617,0.86704101539015
"PWY_505","fixed",NA,"(Intercept)",-4.75637109585307,0.0623866806741142,-76.2401692870735,121.46047915522,1.97276746469022e-104,9.51009970909285e-104
"PWY_505","fixed",NA,"carrierper",0.123182658513534,0.188205959049871,0.654509873839291,104.329146495346,0.514223679800359,0.768608611897814
"PWY_505","fixed",NA,"carrierint",-0.0195720693136914,0.114207454446807,-0.171372958170671,102.729918463952,0.864267627469472,0.944600431417407
"PWY_507","fixed",NA,"(Intercept)",-4.77565838371891,0.0680077656245676,-70.2222509423795,117.450077141611,9.00321548937287e-98,3.65886489946025e-97
"PWY_507","fixed",NA,"carrierper",0.112283069111956,0.20427560031272,0.549664614570047,98.906578128417,0.583788463780748,0.80645876715957
"PWY_507","fixed",NA,"carrierint",-0.202364044764292,0.123902274589088,-1.63325528474288,97.1124475985056,0.105653500180704,0.270024850553243
"PWY_508","fixed",NA,"(Intercept)",-6.52197949170183,0.0533646209262673,-122.215418726821,129.837372101948,6.52251188271779e-136,7.47415705904875e-135
"PWY_508","fixed",NA,"carrierper",-0.174337083528915,0.157392807043938,-1.10765597744404,104.518776445044,0.270552984407615,0.556225106179186
"PWY_508","fixed",NA,"carrierint",0.0823833616846708,0.0952554637357381,0.86486757245991,101.54812951786,0.389149977522789,0.689520492492851
"PWY_509","fixed",NA,"(Intercept)",-3.76684807201425,0.0222718605512892,-169.130372531729,100.202537145583,6.28316881505104e-125,5.43365431801885e-124
"PWY_509","fixed",NA,"carrierper",-0.00992674210696322,0.066880736170466,-0.148424534108923,82.6233044209549,0.882369386696626,0.947428880646608
"PWY_509","fixed",NA,"carrierint",-0.0112412336625445,0.0405650069381986,-0.277116522614446,80.9554973802254,0.78239700491719,0.915393373669395
"PWY_510","fixed",NA,"(Intercept)",-3.76685223113663,0.0222714257562966,-169.133861134672,100.200747134533,6.29650929555833e-125,5.43365431801885e-124
"PWY_510","fixed",NA,"carrierper",-0.00995261674191498,0.0668794729809519,-0.14881422203715,82.6218639219036,0.882062851511249,0.947428880646608
"PWY_510","fixed",NA,"carrierint",-0.0112370761488455,0.0405642435702047,-0.27701924551847,80.9541032867681,0.782471446019262,0.915393373669395
"PWY_511","fixed",NA,"(Intercept)",-4.79494354594707,0.0791131514770363,-60.6086782845311,120.659736023477,3.31573617902853e-92,1.16760684591483e-91
"PWY_511","fixed",NA,"carrierper",0.251166147573251,0.241447624381558,1.04025106155667,107.895981293489,0.300548714866085,0.595660892256485
"PWY_511","fixed",NA,"carrierint",0.0512654341379793,0.146678782708088,0.349508178289188,106.82348354369,0.727395901608479,0.889217951644865
"PWY_512","fixed",NA,"(Intercept)",-6.68196891437993,0.020822747612479,-320.897560626219,129.080147506198,3.33965945502378e-189,7.78140653020541e-187
"PWY_512","fixed",NA,"carrierper",0.0116511775150355,0.0602558498497178,0.193361765606066,97.3845895940533,0.847078376982065,0.943598064558508
"PWY_512","fixed",NA,"carrierint",-0.033276631045578,0.0363627303546682,-0.915130154446887,92.9768768133252,0.362490615080039,0.655578111102063
"PWY_514","fixed",NA,"(Intercept)",-6.48300884307992,0.0644233510151792,-100.631350914243,131.139979646259,5.01252899883663e-126,4.40724247822239e-125
"PWY_514","fixed",NA,"carrierper",0.181695364171752,0.191388934806034,0.94935145731332,108.302209702249,0.344555554484034,0.636312635625732
"PWY_514","fixed",NA,"carrierint",0.200223072221607,0.115938293064942,1.72697964519327,105.797039513627,0.0870898461518094,0.23146692950614
"PWY_515","fixed",NA,"(Intercept)",-7.55880220418007,0.0804376406723093,-93.9709586333279,115.500616821599,6.01806416212819e-111,3.46224432043424e-110
"PWY_515","fixed",NA,"carrierper",-0.169637564539768,0.245550074188148,-0.690847132099771,102.94907791858,0.491216378545759,0.754637909018649
"PWY_515","fixed",NA,"carrierint",-0.104726365572528,0.14917429414306,-0.702040295710023,101.90129637409,0.484254490952937,0.752352874159777
"PWY_516","fixed",NA,"(Intercept)",-5.39820821046153,0.113920350889767,-47.3858109486077,126.607772652388,1.98309818506562e-82,6.01382052651135e-82
"PWY_516","fixed",NA,"carrierper",0.150932960080411,0.345050756046365,0.437422487664772,110.849869350414,0.662656024482481,0.852522244659954
"PWY_516","fixed",NA,"carrierint",-0.189047385429016,0.209468379837295,-0.902510372094628,109.424628582608,0.368768185782992,0.664352994490493
"PWY_517","fixed",NA,"(Intercept)",-5.63841870376405,0.0898354956326262,-62.7638180660997,122.219788650293,7.62866785373502e-95,2.89021074783782e-94
"PWY_517","fixed",NA,"carrierper",0.0432762282480437,0.27109029303827,0.159637690317205,105.172182832245,0.873472667936483,0.944600431417407
"PWY_517","fixed",NA,"carrierint",0.37760856732529,0.164508294974013,2.29537706524124,103.58362213352,0.0237268101190188,0.0688175944945814
"PWY_518","fixed",NA,"(Intercept)",-4.39361514224446,0.0569699604042121,-77.1216113030616,120.837324499184,1.25597205516677e-104,6.09669768445534e-104
"PWY_518","fixed",NA,"carrierper",-0.247843286871058,0.170984287745189,-1.44950913408142,101.880793172727,0.15026675061805,0.359099004041083
"PWY_518","fixed",NA,"carrierint",0.0974624189727308,0.103700594386936,0.939844362020446,100.024612118953,0.349561525870565,0.641321539589304
"PWY_519","fixed",NA,"(Intercept)",-4.3877716686065,0.0604652342043087,-72.5668514535222,121.917344376736,3.66842200825572e-102,1.67596534886977e-101
"PWY_519","fixed",NA,"carrierper",0.0620034960751019,0.181903531641307,0.340859220904879,103.768240810178,0.733898722036237,0.894892127932779
"PWY_519","fixed",NA,"carrierint",-0.0859748218630887,0.110351035770763,-0.779102989496975,102.028087835323,0.437722406393548,0.725265959699941
"PWY_520","fixed",NA,"(Intercept)",-3.37362842402301,0.0217375940894502,-155.197875631522,119.498576596911,1.11737881004074e-139,1.47367507211034e-138
"PWY_520","fixed",NA,"carrierper",0.0617775142512463,0.0664844389286033,0.929202611119097,107.594996065954,0.354864076872793,0.647269537223815
"PWY_520","fixed",NA,"carrierint",0.0346535068678165,0.0403968400881216,0.857827166486868,106.613654136546,0.39291224560372,0.693254231440534
"PWY_521","fixed",NA,"(Intercept)",-6.01536407823296,0.0754986770144781,-79.6750925460511,133.357384346109,2.3932264339429e-114,1.52078661575099e-113
"PWY_521","fixed",NA,"carrierper",0.217964535414083,0.222794140114616,0.978322568546693,108.14494283815,0.330098272904475,0.624957103645759
"PWY_521","fixed",NA,"carrierint",-0.185769572435941,0.134846610766685,-1.37763619997364,105.18329704747,0.171239815845619,0.400993739618385
"PWY_522","fixed",NA,"(Intercept)",-4.72551403324016,0.0644401545177607,-73.3318234353043,115.470422196612,1.07811235330142e-98,4.48571746998627e-98
"PWY_522","fixed",NA,"carrierper",0.107749027360321,0.193212245529635,0.557671834230581,96.3892523827634,0.578361371528723,0.802928696521504
"PWY_522","fixed",NA,"carrierint",-0.188670119623845,0.117168876916322,-1.61024091541465,94.5165527631589,0.110680157526817,0.28030952938857
"PWY_523","fixed",NA,"(Intercept)",-3.42911948139964,0.0104404911004277,-328.444270333143,121.795772559702,2.21221747350419e-181,2.0617866853059e-179
"PWY_523","fixed",NA,"carrierper",0.0185217166208945,0.0310232261380853,0.597027418697648,99.3218180889689,0.551847642529691,0.791264619750265
"PWY_523","fixed",NA,"carrierint",-0.0228188794784407,0.0187935331861895,-1.2141878406988,96.8977539013647,0.227626925739615,0.484356837418541
"PWY_524","fixed",NA,"(Intercept)",-3.88953936241296,0.0538662362542787,-72.2073720549578,120.67036499749,3.83382494292482e-101,1.6961035665218e-100
"PWY_524","fixed",NA,"carrierper",0.167389816130092,0.165796042395654,1.0096128575291,111.282428705733,0.314871021543458,0.610526613200769
"PWY_524","fixed",NA,"carrierint",0.0251713116173716,0.100794138216699,0.249729915476388,110.54557043165,0.803259690846269,0.927331081237093
"PWY_525","fixed",NA,"(Intercept)",-5.26666345474015,0.0793324912981588,-66.3872187619348,125.017774314183,2.43019121176397e-99,1.02951736789274e-98
"PWY_525","fixed",NA,"carrierper",0.0721295909794309,0.238590429905932,0.302315524591113,106.674718382818,0.763000202480224,0.91101681865442
"PWY_525","fixed",NA,"carrierint",-0.134431845222775,0.144735186528769,-0.928812463968833,104.903907256805,0.355118551538388,0.647269537223815
"PWY_526","fixed",NA,"(Intercept)",-3.7001073905116,0.0269635349134296,-137.226346708298,124.146198586601,1.99783276306673e-137,2.40773293342008e-136
"PWY_526","fixed",NA,"carrierper",0.0881199286901098,0.083119686742362,1.06015713176647,115.361042054712,0.291287722185885,0.584247109922335
"PWY_526","fixed",NA,"carrierint",-0.00820501458125598,0.0505381956452254,-0.162352740862666,114.677872467952,0.871313809124497,0.944600431417407
"PWY_527","fixed",NA,"(Intercept)",-3.51682713796895,0.0157222860937804,-223.684209598513,118.549025641462,1.53452522912309e-157,3.46010688760336e-156
"PWY_527","fixed",NA,"carrierper",-0.000776330846082823,0.0472660967942752,-0.0164246870111105,100.267395008042,0.986928223308597,0.99479864057186
"PWY_527","fixed",NA,"carrierint",-0.0110609110684852,0.028671666603326,-0.385778448860803,98.5104852260978,0.700492605509375,0.871253258453831
"PWY_528","fixed",NA,"(Intercept)",-5.86111229701789,0.0729785375903352,-80.3128219685523,121.359384062868,4.66850755914478e-107,2.3647005680016e-106
"PWY_528","fixed",NA,"carrierper",0.146836977433341,0.219130702647897,0.670088562027208,102.546740539189,0.504307522347709,0.764639420791183
"PWY_528","fixed",NA,"carrierint",-0.085021117824198,0.132907591179491,-0.639700991265258,100.711353626776,0.523819538229971,0.772015884533785
"PWY_529","fixed",NA,"(Intercept)",-4.23074404861184,0.0536411558105368,-78.8712320732805,120.55323781177,1.34534855626328e-105,6.62252563963403e-105
"PWY_529","fixed",NA,"carrierper",0.095540228807681,0.160871792623296,0.593890496585699,101.339299515945,0.553908755282852,0.792849579275906
"PWY_529","fixed",NA,"carrierint",-0.0554410412662618,0.0975593617126877,-0.56828007372102,99.4450492166469,0.571125801377403,0.799336058239337
"PWY_530","fixed",NA,"(Intercept)",-3.53096203850576,0.0247018653526237,-142.94313356909,118.836112313971,7.82203213668532e-135,8.47689994347758e-134
"PWY_530","fixed",NA,"carrierper",0.0968477178831604,0.0760746207071986,1.27306211957224,109.709239603463,0.205687032602797,0.457154962764246
"PWY_530","fixed",NA,"carrierint",-0.00204303264951185,0.0462510551522907,-0.0441726711484691,108.996778445985,0.964847589659592,0.983131873428652
"PWY_531","fixed",NA,"(Intercept)",-4.48048530801984,0.0699850175762223,-64.0206356044712,117.728357315696,2.47340763379165e-93,8.958092932748e-93
"PWY_531","fixed",NA,"carrierper",0.0877796382673804,0.212821122278235,0.412457360095208,103.655562831975,0.680856047406002,0.86609349797415
"PWY_531","fixed",NA,"carrierint",-0.00645429194792628,0.129245549989809,-0.0499382141082241,102.438872892722,0.960268866148945,0.982045263259857
"PWY_532","fixed",NA,"(Intercept)",-4.26986493737929,0.0599221348268441,-71.2568894569234,116.968839922393,3.31312648223711e-98,1.36227965357867e-97
"PWY_532","fixed",NA,"carrierper",0.0767203476157395,0.181473892863244,0.422762450318706,101.393814085077,0.673363830513453,0.860477728572036
"PWY_532","fixed",NA,"carrierint",0.0172791571436704,0.110165162035488,0.156847744099937,99.9980654904051,0.875681086635879,0.944600431417407
"PWY_533","fixed",NA,"(Intercept)",-4.89651413535956,0.0930906448940511,-52.5994222183379,122.541496455274,5.91607411507931e-86,1.84613205644662e-85
"PWY_533","fixed",NA,"carrierper",0.182505275354628,0.284016801894048,0.642586192568674,109.623011269128,0.521834333216333,0.771756193562158
"PWY_533","fixed",NA,"carrierint",-0.0402158510180194,0.172534568539705,-0.233088657875333,108.532788814978,0.816131590741456,0.936153698975578
"PWY_534","fixed",NA,"(Intercept)",-4.68917148154389,0.0844278168017551,-55.5405985749285,121.879947391899,2.11069242306929e-88,6.84628307993241e-88
"PWY_534","fixed",NA,"carrierper",0.151642460756815,0.25630627585105,0.591645523517888,107.067316683403,0.555335167676638,0.793822662997894
"PWY_534","fixed",NA,"carrierint",-0.000148944152768492,0.155629022184135,-0.000957046125961432,105.761825278661,0.999238190659246,0.999238190659246
"PWY_535","fixed",NA,"(Intercept)",-3.57829208480693,0.0175194480226462,-204.246850710223,112.204392185594,4.08856618649817e-146,6.56990290657982e-145
"PWY_535","fixed",NA,"carrierper",0.0394479808907598,0.0533653327589095,0.739206125987733,98.9327877777781,0.461532121053474,0.732374466779519
"PWY_535","fixed",NA,"carrierint",0.0130457840925154,0.032413630359728,0.402478338517861,97.8077591049385,0.688210311637546,0.866283808191811
"PWY_536","fixed",NA,"(Intercept)",-3.78416215663077,0.0245675482005001,-154.030924280582,124.812323745311,3.09608597055103e-144,4.8092535409226e-143
"PWY_536","fixed",NA,"carrierper",0.053672344126841,0.0739089175342784,0.726195781475871,106.585068845088,0.469310474320587,0.735669528898944
"PWY_536","fixed",NA,"carrierint",0.018549690429349,0.0448365394497838,0.413718156150841,104.831040415282,0.679925695475141,0.865697743419169
"PWY_537","fixed",NA,"(Intercept)",-5.60662874385271,0.0939901283638728,-59.6512510563582,124.415677977492,2.16379876321197e-93,7.85711862589697e-93
"PWY_537","fixed",NA,"carrierper",0.0338765797889288,0.283627145379656,0.119440541361379,107.314674449022,0.905149654648291,0.959362560423284
"PWY_537","fixed",NA,"carrierint",-0.183236315044147,0.172116133907386,-1.06460859237487,105.717000485081,0.289478660725446,0.582777044775986
"PWY_538","fixed",NA,"(Intercept)",-3.45079371698381,0.0189338746038723,-182.25502118188,125.117723558637,1.27607921710319e-153,2.54851249358609e-152
"PWY_538","fixed",NA,"carrierper",0.0532893812653507,0.0576337192963167,0.924621591595882,111.269266229,0.357163679211152,0.648460809788558
"PWY_538","fixed",NA,"carrierint",-0.0155911289664974,0.0350039692977788,-0.445410314295035,110.073918051544,0.656898015813244,0.850983349915465
"PWY_539","fixed",NA,"(Intercept)",-3.22040517839344,0.00974559773700483,-330.447168588265,124.557883216713,3.51783983423589e-185,6.14742511032722e-183
"PWY_539","fixed",NA,"carrierper",-0.0194043070753204,0.0289031791512964,-0.671355457949687,101.316725383709,0.503521922578799,0.764303634924171
"PWY_539","fixed",NA,"carrierint",-0.0328427345718199,0.0175050720083911,-1.8761839172142,98.7527218930874,0.0635831531129823,0.176018312974157
"PWY_540","fixed",NA,"(Intercept)",-3.45877431249067,0.0130064875916243,-265.926852897472,121.013797552836,2.57786448165267e-169,8.78988913500104e-168
"PWY_540","fixed",NA,"carrierper",-0.0327579311191537,0.0387999127942687,-0.844278472811221,99.9230592327557,0.400530622998529,0.700746469171465
"PWY_540","fixed",NA,"carrierint",-0.044058449301091,0.023515656487343,-1.87357938847273,97.7342082128213,0.063976215994347,0.176756422846042
"PWY_541","fixed",NA,"(Intercept)",-6.48163878492679,0.0286010458338018,-226.622439703465,117.029207180614,1.56926328786302e-156,3.42785949442577e-155
"PWY_541","fixed",NA,"carrierper",0.0483304308417687,0.0846724321745955,0.570792991302184,93.5591417118375,0.569508425762309,0.799336058239337
"PWY_541","fixed",NA,"carrierint",-0.0895921382151903,0.0512697747836183,-1.74746502385294,90.958267519327,0.0839316044241713,0.224782342883125
"PWY_542","fixed",NA,"(Intercept)",-6.18510526943009,0.0803912294274441,-76.9375628844233,126.033221527953,8.47418796731588e-108,4.47053387860664e-107
"PWY_542","fixed",NA,"carrierper",0.600988374242057,0.241730881753071,2.48618782128122,107.601990259741,0.0144494839109513,0.0423488019025366
"PWY_542","fixed",NA,"carrierint",-0.0960928993827676,0.146637444260548,-0.655309425688217,105.81728320086,0.513690675132852,0.768608611897814
"PWY_543","fixed",NA,"(Intercept)",-6.60403605035791,0.0352186128997933,-187.515506903926,116.247056978252,3.97290329636564e-146,6.53425742155196e-145
"PWY_543","fixed",NA,"carrierper",-0.07141442268503,0.105211198712988,-0.678772065698498,95.8681847515501,0.498917636987518,0.760618164131462
"PWY_543","fixed",NA,"carrierint",0.0107637784120058,0.0637764511519666,0.168773555404609,93.7959165144126,0.86633818439924,0.944600431417407
"PWY_544","fixed",NA,"(Intercept)",-3.77467654526197,0.0254224428980722,-148.478120706024,117.594069202994,1.22747288759543e-135,1.37280567748672e-134
"PWY_544","fixed",NA,"carrierper",0.015362093488003,0.0761853777146407,0.201640970338732,98.2352612740079,0.840614373660814,0.940029742682737
"PWY_544","fixed",NA,"carrierint",-0.0521352789038543,0.046198138082224,-1.1285147208977,96.3206485896673,0.261905593629734,0.543240385599953
"PWY_545","fixed",NA,"(Intercept)",-6.54123079731671,0.0924601221944703,-70.7465082466429,125.816510736733,3.51254882361388e-103,1.63684775180407e-102
"PWY_545","fixed",NA,"carrierper",0.408292217528113,0.279148891614814,1.46263241514675,108.870332870651,0.146448859096882,0.352334817413053
"PWY_545","fixed",NA,"carrierint",-0.123884597273365,0.169407138696982,-0.731283216434917,107.291949409253,0.46620030007182,0.735669528898944
"PWY_546","fixed",NA,"(Intercept)",-6.31085202941897,0.0635692633006583,-99.2752110335313,126.372272450317,8.98037633929296e-122,7.17403778418947e-121
"PWY_546","fixed",NA,"carrierper",0.0938388062377381,0.186917098009151,0.502034363026244,100.132620350524,0.616745517898531,0.822644307290367
"PWY_546","fixed",NA,"carrierint",-0.20490376906719,0.113076348455115,-1.81208335665813,96.9843691823124,0.0730678030893098,0.19871887102037
"PWY_548","fixed",NA,"(Intercept)",-3.15947416846677,0.00949163510584702,-332.869324751061,121.447199548984,1.19845777268483e-181,1.19674569015242e-179
"PWY_548","fixed",NA,"carrierper",0.0165807079670256,0.0276998987473887,0.5985837030754,92.9810757114457,0.550905987211638,0.791229397576436
"PWY_548","fixed",NA,"carrierint",-0.0403697888481277,0.0167388014175136,-2.41174907576651,89.3614352826235,0.0179216424525212,0.052196783642968
"UNINTEGRATED","fixed",NA,"(Intercept)",-0.108083224993852,0.00334944353663886,-32.2690094075486,111.571362714533,2.08790121470915e-58,6.26370364412744e-58
"UNINTEGRATED","fixed",NA,"carrierper",0.0143334891511224,0.0103097002205708,1.39029155498847,102.354281191987,0.167456240175539,0.394761762500467
"UNINTEGRATED","fixed",NA,"carrierint",-0.0032118439081905,0.00626770371442017,-0.512443480823923,101.63520421087,0.609452526994341,0.818912156279622
"UNMAPPED","fixed",NA,"(Intercept)",-0.826636931833616,0.0145167165312915,-56.9437951103998,116.197458533031,9.87310032228994e-87,3.10869239877508e-86
"UNMAPPED","fixed",NA,"carrierper",-0.0754557344892549,0.0443742593444917,-1.7004392998082,104.144208730557,0.0920327922054744,0.241845570494837
"UNMAPPED","fixed",NA,"carrierint",0.0339072204313893,0.0269610527133489,1.25763711053468,103.148573788068,0.211362848017564,0.46241824965345
