"Species","effect","group","term","estimate","std.error","statistic","df","p.value","padj"
"s__Acidaminococcus_fermentans","fixed",NA,"(Intercept)",-3.70552822189915,0.0234522371704693,-158.003187285054,133.284724293167,1.72813619307734e-153,1.15538248337171e-151
"s__Acidaminococcus_fermentans","fixed",NA,"carrierper",-0.0623657026333842,0.0723360239704758,-0.862166583262013,124.717093283967,0.390250603807212,0.642523421571768
"s__Acidaminococcus_fermentans","fixed",NA,"carrierint",-0.0623657026333785,0.0439835370050341,-1.41793286488625,124.050023137275,0.158717483969475,0.367267156972629
"s__Acidaminococcus_intestini","fixed",NA,"(Intercept)",-4.50280862816321,0.17575413989118,-25.6199292429252,117.581779076702,6.13333837743626e-50,1.98300681218665e-49
"s__Acidaminococcus_intestini","fixed",NA,"carrierper",-0.216701024972559,0.546664731338025,-0.396405717343715,112.650031623647,0.692555640951916,0.849648237890239
"s__Acidaminococcus_intestini","fixed",NA,"carrierint",-0.521676937555793,0.332613509602515,-1.56841776565003,112.289352407905,0.119597433319089,0.296931558585324
"s__Acidaminococcus_massiliensis","fixed",NA,"(Intercept)",-5.34033287035326,0.0688837493645465,-77.5267449814783,120.009923415859,2.29534334078918e-104,1.5183331215397e-103
"s__Acidaminococcus_massiliensis","fixed",NA,"carrierper",-0.220334218669218,0.214064705784011,-1.02928793358179,114.675250947665,0.30551047551096,0.567328157366397
"s__Acidaminococcus_massiliensis","fixed",NA,"carrierint",-0.0966240496005521,0.130237111807264,-0.741908725245262,114.282772152476,0.459664660894209,0.689067971947621
"s__Acidaminococcus_SGB5735","fixed",NA,"(Intercept)",-6.03778880864968,0.0465976522021503,-129.572811575495,121.946847905235,1.7964724585789e-132,4.31153390058935e-131
"s__Acidaminococcus_SGB5735","fixed",NA,"carrierper",-0.157930307764809,0.142468119655549,-1.10853086393393,109.861551678129,0.270053501602109,0.527703710855061
"s__Acidaminococcus_SGB5735","fixed",NA,"carrierint",-0.0861618097077558,0.0865628303966589,-0.995367287702291,108.86026074066,0.321765032878153,0.577670100481094
"s__Actinomyces_sp_ICM47","fixed",NA,"(Intercept)",-6.38316624984785,0.0469151680095208,-136.057623166829,121.714220871788,7.76245211017743e-135,2.20171368943214e-133
"s__Actinomyces_sp_ICM47","fixed",NA,"carrierper",-0.0514792801017678,0.139839123181334,-0.368132171674252,100.311958186365,0.713550373603803,0.864014423923881
"s__Actinomyces_sp_ICM47","fixed",NA,"carrierint",-0.00911656718564898,0.0847448169340612,-0.107576693365713,98.0710554792457,0.914551259656099,0.962534917863976
"s__Adlercreutzia_equolifaciens","fixed",NA,"(Intercept)",-5.62765197023892,0.067651998367883,-83.1853028145076,117.365920073073,3.46748101293943e-106,2.47269250911452e-105
"s__Adlercreutzia_equolifaciens","fixed",NA,"carrierper",0.0527934145705748,0.203655848940281,0.259228570381279,99.6063584430803,0.795993882871024,0.898244745656681
"s__Adlercreutzia_equolifaciens","fixed",NA,"carrierint",-0.0223145382797037,0.123555430087772,-0.180603460842245,97.9234290260079,0.857052090734864,0.933334213993988
"s__Agathobaculum_butyriciproducens","fixed",NA,"(Intercept)",-4.05954844206826,0.140269257370351,-28.9411131004272,118.115375954785,1.85199090533787e-55,6.06106114474213e-55
"s__Agathobaculum_butyriciproducens","fixed",NA,"carrierper",-0.439584065162871,0.431970801701426,-1.01762448626495,108.981486473317,0.311110267898819,0.570649628148203
"s__Agathobaculum_butyriciproducens","fixed",NA,"carrierint",-0.00791945828573197,0.262624207784828,-0.0301550963352948,108.268578559927,0.975998877401492,0.9881394799868
"s__Akkermansia_muciniphila","fixed",NA,"(Intercept)",-4.66625173789858,0.139234646470237,-33.5135819725448,126.197403546835,1.12185556104048e-64,3.96996901751943e-64
"s__Akkermansia_muciniphila","fixed",NA,"carrierper",-0.0975820674338714,0.41767882948261,-0.23362943138571,106.908537862427,0.815719451986911,0.910283977222262
"s__Akkermansia_muciniphila","fixed",NA,"carrierint",0.485377639728399,0.253305121417648,1.91617775831745,104.997316577621,0.0580618261992567,0.157982178263094
"s__Alistipes_communis","fixed",NA,"(Intercept)",-4.05653879133457,0.128642676298984,-31.5333830734879,116.829909099463,5.59177731356377e-59,1.86925127339132e-58
"s__Alistipes_communis","fixed",NA,"carrierper",0.182678531283756,0.402265189717597,0.454124632091586,114.255956965691,0.650600623338605,0.825965529269977
"s__Alistipes_communis","fixed",NA,"carrierint",-0.27484476171656,0.244850616009212,-1.12249977637884,114.072767664308,0.264007077853673,0.519685856721426
"s__Alistipes_dispar","fixed",NA,"(Intercept)",-4.30131973132021,0.122275339825314,-35.1773279670717,118.632853401256,1.3242341614563e-64,4.6772950004645e-64
"s__Alistipes_dispar","fixed",NA,"carrierper",-0.0876338941918804,0.381137530511765,-0.229927223577829,114.631197322949,0.818558113760586,0.910481752204288
"s__Alistipes_dispar","fixed",NA,"carrierint",0.00165497576079972,0.231936720367338,0.00713546245794366,114.341816755775,0.994319207470825,0.99914858567332
"s__Alistipes_finegoldii","fixed",NA,"(Intercept)",-4.90304115364953,0.190563582361398,-25.7291613271157,116.214511687072,8.24044938133204e-50,2.65967607618165e-49
"s__Alistipes_finegoldii","fixed",NA,"carrierper",-0.123670236887682,0.590782347236973,-0.209332992879821,109.880803569575,0.834575903713653,0.9211828371179
"s__Alistipes_finegoldii","fixed",NA,"carrierint",-0.520744255264499,0.359366682565547,-1.44906103021812,109.408762530002,0.150180721458449,0.352745684529757
"s__Alistipes_ihumii","fixed",NA,"(Intercept)",-4.32163971028589,0.0937683890412217,-46.0884500040419,118.107480977176,2.40828225943684e-77,9.71617325359e-77
"s__Alistipes_ihumii","fixed",NA,"carrierper",-0.394991041742333,0.288893235189626,-1.36725611274029,109.151614307078,0.174354085851824,0.393304091339103
"s__Alistipes_ihumii","fixed",NA,"carrierint",-0.272083078387781,0.175643945775089,-1.54906038569744,108.454822061247,0.124280420089944,0.305720034702202
"s__Alistipes_indistinctus","fixed",NA,"(Intercept)",-4.87957324654171,0.126881985234779,-38.4575732915329,118.727429498927,7.27293732993504e-69,2.68539224489909e-68
"s__Alistipes_indistinctus","fixed",NA,"carrierper",-0.0879775243490555,0.393008668772979,-0.22385644729856,111.992386605708,0.823276861640108,0.913267383600894
"s__Alistipes_indistinctus","fixed",NA,"carrierint",0.1155298801278,0.239046624871034,0.483294337203583,111.487056377428,0.629834554372319,0.815387472880347
"s__Alistipes_onderdonkii","fixed",NA,"(Intercept)",-3.89537952450565,0.192043074929322,-20.283884362606,119.027412048219,1.9608884455287e-40,6.05739797034608e-40
"s__Alistipes_onderdonkii","fixed",NA,"carrierper",-0.580027037647066,0.592142626821782,-0.979539407186838,110.387438204514,0.329455442930259,0.585142873971011
"s__Alistipes_onderdonkii","fixed",NA,"carrierint",-0.511703521713,0.360039634777882,-1.42124219748385,109.718718620725,0.158082401759065,0.366802405487399
"s__Alistipes_provencensis","fixed",NA,"(Intercept)",-5.43199841830775,0.0537628347207653,-101.036309683457,122.09019219798,1.58359977845838e-119,1.90031973415006e-118
"s__Alistipes_provencensis","fixed",NA,"carrierper",0.321193248966991,0.166943378735577,1.92396518747672,116.403519581028,0.0568004900468964,0.155227032653708
"s__Alistipes_provencensis","fixed",NA,"carrierint",0.150238653909533,0.101562417392655,1.47927410322155,115.982853161934,0.141778041506645,0.338963593487151
"s__Alistipes_putredinis","fixed",NA,"(Intercept)",-3.80021565275053,0.220500715302487,-17.2344821990139,118.97233390824,3.9404632110874e-34,1.19749141739539e-33
"s__Alistipes_putredinis","fixed",NA,"carrierper",0.175846824951788,0.683650286235478,0.257217510900331,112.648768666527,0.797480110727246,0.898244745656681
"s__Alistipes_putredinis","fixed",NA,"carrierint",-0.401076048157767,0.415859956724439,-0.964449790542183,112.177169727942,0.336895002921481,0.591310485931654
"s__Alistipes_senegalensis","fixed",NA,"(Intercept)",-5.26573646552207,0.120034138561959,-43.8686571054453,111.018585130284,5.84738182884757e-72,2.25696882136137e-71
"s__Alistipes_senegalensis","fixed",NA,"carrierper",-0.520680229349382,0.371970230741674,-1.39979005392769,104.571901063364,0.164535896798788,0.376082049825802
"s__Alistipes_senegalensis","fixed",NA,"carrierint",-0.367147536946567,0.226258167413597,-1.62269296681532,104.091278276675,0.107679990204219,0.272033659463291
"s__Alistipes_SGB2300","fixed",NA,"(Intercept)",-5.00228904871358,0.0391857088258559,-127.655954137365,128.721967602273,2.05873793581162e-137,7.00719530152609e-136
"s__Alistipes_SGB2300","fixed",NA,"carrierper",0.102926078231671,0.119933596339827,0.858192211130185,116.988708009222,0.39254117280301,0.644028988157086
"s__Alistipes_SGB2300","fixed",NA,"carrierint",0.101071657836975,0.0728777412340743,1.38686595008956,116.019874132389,0.168141469561964,0.383854671975605
"s__Alistipes_SGB2302","fixed",NA,"(Intercept)",-6.04318483333442,0.0592155095186897,-102.054088235567,121.155779377536,2.4029447129782e-119,2.84703322955392e-118
"s__Alistipes_SGB2302","fixed",NA,"carrierper",0.102495081258053,0.18352090801528,0.558492666402452,114.64487647823,0.577597174372824,0.775534515547909
"s__Alistipes_SGB2302","fixed",NA,"carrierint",0.0448878357603061,0.111631108803132,0.402108661658719,114.157613262302,0.688355942314203,0.847490707486333
"s__Alistipes_shahii","fixed",NA,"(Intercept)",-4.27734937315881,0.171198308672223,-24.9847641973393,116.699269389311,1.16403681902272e-48,3.71856130582003e-48
"s__Alistipes_shahii","fixed",NA,"carrierper",-0.38420277028637,0.534312958496508,-0.719059427956735,113.271122938554,0.473585129848107,0.697522708950162
"s__Alistipes_shahii","fixed",NA,"carrierint",-0.354414102514589,0.325180228520997,-1.08990052724471,113.024933019319,0.278075213371798,0.538488323260411
"s__Alistipes_sp_AF17_16","fixed",NA,"(Intercept)",-4.7205088949091,0.061604401428939,-76.6261628295217,114.744962790824,2.19924941159577e-100,1.27856984425692e-99
"s__Alistipes_sp_AF17_16","fixed",NA,"carrierper",0.0379007851132698,0.191304698976251,0.198117376708948,109.139533951479,0.843321782865272,0.925380057165175
"s__Alistipes_sp_AF17_16","fixed",NA,"carrierint",0.0532711477938353,0.116383525629897,0.457720691184756,108.726196298724,0.648066519491478,0.825292873801392
"s__Alistipes_sp_D31t1_170403_E11","fixed",NA,"(Intercept)",-4.3346333894201,0.0383610300317672,-112.995750787467,127.112833139698,2.19719680145367e-129,4.36717079000826e-128
"s__Alistipes_sp_D31t1_170403_E11","fixed",NA,"carrierper",0.213954578518888,0.119234964429798,1.79439461857565,121.839388892785,0.0752299108633672,0.200327728501029
"s__Alistipes_sp_D31t1_170403_E11","fixed",NA,"carrierint",0.111912203680197,0.0725437055175717,1.5426866174225,121.450876356885,0.125508455189951,0.308335732435156
"s__Allisonella_histaminiformans","fixed",NA,"(Intercept)",-4.6483908970128,0.0961901914430188,-48.3249989139113,121.611593135487,3.10863277401689e-81,1.31659741017186e-80
"s__Allisonella_histaminiformans","fixed",NA,"carrierper",-0.631564071029844,0.295560823575827,-2.13683282983482,111.517577610991,0.0347971719028528,0.0978082669701808
"s__Allisonella_histaminiformans","fixed",NA,"carrierint",-0.267464130179238,0.179657940996416,-1.48874093010213,110.714426067161,0.139398585290549,0.335416647382914
"s__Anaerobutyricum_hallii","fixed",NA,"(Intercept)",-4.65128925575528,0.135416919891924,-34.3479179667317,119.510526745774,9.08959094706307e-64,3.19244169848069e-63
"s__Anaerobutyricum_hallii","fixed",NA,"carrierper",-0.352017759736162,0.416260413326332,-0.845667155623068,109.608339506205,0.399580791208576,0.648593979046871
"s__Anaerobutyricum_hallii","fixed",NA,"carrierint",0.00180922734258242,0.253034289835663,0.00715012713793631,108.824028308774,0.994308163632517,0.99914858567332
"s__Anaerobutyricum_soehngenii","fixed",NA,"(Intercept)",-5.21722055557063,0.148942197356545,-35.0284919127479,114.372702222833,5.56836413830606e-63,1.92324311197582e-62
"s__Anaerobutyricum_soehngenii","fixed",NA,"carrierper",-0.96795078697342,0.459792094004732,-2.10519232408432,106.288451206887,0.0376310275654427,0.105299377582225
"s__Anaerobutyricum_soehngenii","fixed",NA,"carrierint",-0.464970523915953,0.279593469559343,-1.66302354861427,105.669581872996,0.0992710782865698,0.25667881015533
"s__Anaerococcus_SGB53821","fixed",NA,"(Intercept)",-5.31876966578325,0.057783204062718,-92.046984103032,120.886242125671,8.60233164054771e-114,8.05178241555266e-113
"s__Anaerococcus_SGB53821","fixed",NA,"carrierper",0.0738741403472649,0.176316919229193,0.418984976996091,108.045169803854,0.676058889859945,0.840818113831906
"s__Anaerococcus_SGB53821","fixed",NA,"carrierint",0.0773157612729682,0.107110236958654,0.72183353774871,106.964221508923,0.471971844070059,0.696242152954413
"s__Anaerofilum_sp_BX8","fixed",NA,"(Intercept)",-6.43327481370914,0.0422963345709147,-152.100054980486,126.412850913195,5.00355753091801e-145,2.12878629497239e-143
"s__Anaerofilum_sp_BX8","fixed",NA,"carrierper",-0.168785221048274,0.125608758995402,-1.34373766923732,103.567282614217,0.181969802743511,0.403304975723697
"s__Anaerofilum_sp_BX8","fixed",NA,"carrierint",-0.0985123315952202,0.0760870371371749,-1.29473212917485,101.071444994266,0.198362676024304,0.423414970943555
"s__Anaeromassilibacillus_sp_An250","fixed",NA,"(Intercept)",-5.54160631084552,0.113376096154369,-48.8780836420781,123.72692747741,9.2729683302873e-83,4.02760944647281e-82
"s__Anaeromassilibacillus_sp_An250","fixed",NA,"carrierper",-0.277900483967116,0.34316452179493,-0.809817059507057,107.760350271916,0.419829967228922,0.66121196853098
"s__Anaeromassilibacillus_sp_An250","fixed",NA,"carrierint",0.0597291153616348,0.208309130070726,0.286733065139081,106.311474294218,0.774874788268349,0.890141406713392
"s__Anaerosacchariphilus_sp_NSJ_68","fixed",NA,"(Intercept)",-6.26818302064897,0.0947623321728551,-66.1463566474412,125.687807622469,1.57357323937607e-99,8.92645183064246e-99
"s__Anaerosacchariphilus_sp_NSJ_68","fixed",NA,"carrierper",-0.0755016474830846,0.293013593160295,-0.257672849470096,118.174276005269,0.797107567580638,0.898244745656681
"s__Anaerosacchariphilus_sp_NSJ_68","fixed",NA,"carrierint",0.146657089980514,0.178200763052748,0.822988002229277,117.602087330215,0.412180520136148,0.657256908605094
"s__Anaerostipes_caccae","fixed",NA,"(Intercept)",-6.20549404240951,0.0945679624490877,-65.619411497317,132.177639344658,9.83969644562128e-103,6.13997058206768e-102
"s__Anaerostipes_caccae","fixed",NA,"carrierper",-0.013411493283109,0.288765342479503,-0.046444262209413,119.508611194791,0.963033679607117,0.981257845244222
"s__Anaerostipes_caccae","fixed",NA,"carrierint",0.514225716525167,0.17543238175066,2.9311904187451,118.438200398114,0.00405327004175812,0.0120823591053682
"s__Anaerostipes_hadrus","fixed",NA,"(Intercept)",-3.7430229650578,0.13928753346478,-26.8726344127866,119.145601057857,2.1199049215695e-52,6.91369688706985e-52
"s__Anaerostipes_hadrus","fixed",NA,"carrierper",-0.523743969145112,0.428457394891497,-1.22239451434313,109.531570380048,0.224182399755672,0.460163873182695
"s__Anaerostipes_hadrus","fixed",NA,"carrierint",0.0873736529329641,0.260463643751981,0.335454313985422,108.774287100421,0.73792852105915,0.875438748904608
"s__Anaerotignum_faecicola","fixed",NA,"(Intercept)",-4.98255001056435,0.141094039314721,-35.3136818164967,118.372020061287,1.06422616463051e-64,3.77316549278091e-64
"s__Anaerotignum_faecicola","fixed",NA,"carrierper",-0.320869593652887,0.435260181188779,-0.737190323214337,109.942224127865,0.462576966641895,0.690545519580245
"s__Anaerotignum_faecicola","fixed",NA,"carrierint",0.0934289928834364,0.264661087649636,0.353013711661004,109.292291046654,0.724758104484344,0.871818858031313
"s__Anaerotignum_lactatifermentans","fixed",NA,"(Intercept)",-5.13016325731674,0.0970209935978713,-52.8768369305723,120.417062433916,3.40189393144031e-85,1.53454106979669e-84
"s__Anaerotignum_lactatifermentans","fixed",NA,"carrierper",0.328298476374194,0.298751259800134,1.09890239992235,111.207904218771,0.274184011553317,0.534658822528968
"s__Anaerotignum_lactatifermentans","fixed",NA,"carrierint",0.048417894914378,0.181629415574998,0.266575184207347,110.487502099346,0.790293138825814,0.89498542450769
"s__Anaerotruncus_colihominis","fixed",NA,"(Intercept)",-5.06635554980884,0.132155598986003,-38.3362913768446,119.703647986885,4.54960753090027e-69,1.68317496004848e-68
"s__Anaerotruncus_colihominis","fixed",NA,"carrierper",-0.147916638075358,0.40255060404797,-0.367448555754079,106.215575084885,0.714015592534541,0.864018868277091
"s__Anaerotruncus_colihominis","fixed",NA,"carrierint",0.457342482695475,0.244505469755158,1.87047955677003,105.06418250882,0.0642004474609236,0.173424585348988
"s__Anaerotruncus_rubiinfantis","fixed",NA,"(Intercept)",-5.67134854867924,0.048112301572947,-117.877307118231,125.063658713275,4.87404408570959e-130,1.00266049763169e-128
"s__Anaerotruncus_rubiinfantis","fixed",NA,"carrierper",0.139926819434628,0.145985847843494,0.958495782307871,110.000636389393,0.339914795155729,0.593029353710648
"s__Anaerotruncus_rubiinfantis","fixed",NA,"carrierint",0.0499882284866515,0.0886382458203574,0.563957781700265,108.662621089452,0.573944988460482,0.772411947087004
"s__Angelakisella_massiliensis","fixed",NA,"(Intercept)",-6.3352030787867,0.0882509585724354,-71.7862239829025,121.119168900444,4.07141760435657e-101,2.42729100489029e-100
"s__Angelakisella_massiliensis","fixed",NA,"carrierper",-0.363766882119869,0.271192487712644,-1.34136046757061,111.070512611382,0.182539742628439,0.403917728369313
"s__Angelakisella_massiliensis","fixed",NA,"carrierint",-0.106829936531452,0.164846880300967,-0.648055555169793,110.271839991743,0.518296123362877,0.732695929320253
"s__Bacteroides_bouchesdurhonensis","fixed",NA,"(Intercept)",-5.23854185248817,0.0423676812575215,-123.64476169104,104.154804860871,8.04053495488317e-115,7.75870177089758e-114
"s__Bacteroides_bouchesdurhonensis","fixed",NA,"carrierper",-0.113097789095194,0.130867189575862,-0.864218063074034,96.5192836682018,0.38961079093564,0.642034683654505
"s__Bacteroides_bouchesdurhonensis","fixed",NA,"carrierint",-0.034341678813702,0.0795822919730616,-0.431524123800387,95.9402460885114,0.667055468698712,0.836388370665766
"s__Bacteroides_caccae","fixed",NA,"(Intercept)",-3.73223902807171,0.208930089215518,-17.8635783964165,118.81829079764,1.88229573889665e-35,5.75761049544857e-35
"s__Bacteroides_caccae","fixed",NA,"carrierper",0.453286519510995,0.64864036016771,0.69882564722583,113.067844198901,0.486095960764483,0.706941211379867
"s__Bacteroides_caccae","fixed",NA,"carrierint",-0.0774387383806258,0.394603927460719,-0.196244216014131,112.642502947813,0.844772629767912,0.925886629347501
"s__Bacteroides_cellulosilyticus","fixed",NA,"(Intercept)",-5.3846580856236,0.147992588171197,-36.3846470432333,118.786689406005,2.99648068447065e-66,1.07873304640943e-65
"s__Bacteroides_cellulosilyticus","fixed",NA,"carrierper",-0.535676280286782,0.455904842261234,-1.17497387750894,109.777520301684,0.242547450083825,0.488750082407881
"s__Bacteroides_cellulosilyticus","fixed",NA,"carrierint",0.180071688711671,0.277182755776761,0.649649680432132,109.075740265794,0.517284308189222,0.732493362277022
"s__Bacteroides_clarus","fixed",NA,"(Intercept)",-5.1978449041111,0.197335988113045,-26.3400758970204,118.526506379269,2.28408947826342e-51,7.42329080435613e-51
"s__Bacteroides_clarus","fixed",NA,"carrierper",-0.596520281187757,0.614449274122365,-0.970821036512384,114.055998017125,0.333691713371263,0.590161383321797
"s__Bacteroides_clarus","fixed",NA,"carrierint",-0.0399689619341108,0.373886283806349,-0.106901385970105,113.730878713363,0.915055557688185,0.962534917863976
"s__Bacteroides_cutis","fixed",NA,"(Intercept)",-5.52055466572372,0.0428157282639812,-128.937539767784,144.133657314757,8.95680059139913e-151,4.93150903149976e-149
"s__Bacteroides_cutis","fixed",NA,"carrierper",-0.0401125101576633,0.128140438665143,-0.313035530200465,123.970544160581,0.754779684187265,0.8838829037247
"s__Bacteroides_cutis","fixed",NA,"carrierint",0.192891242142014,0.0776917811392206,2.48277538902551,121.874721607568,0.0143967105834258,0.0423087004900677
"s__Bacteroides_eggerthii","fixed",NA,"(Intercept)",-4.44645092147876,0.183424718098133,-24.2412852944927,117.163228728711,1.79513413053834e-47,5.70541781386717e-47
"s__Bacteroides_eggerthii","fixed",NA,"carrierper",0.164080068278072,0.569629245689541,0.288047128056867,111.555997300616,0.773845137962919,0.889826841687091
"s__Bacteroides_eggerthii","fixed",NA,"carrierint",-0.290970799548913,0.346545057462171,-0.839633384702579,111.142259785678,0.402916441445691,0.650267974420365
"s__Bacteroides_faecis","fixed",NA,"(Intercept)",-6.08152475845863,0.130431528232263,-46.6261864817616,119.480761523599,1.64098665908846e-78,6.75148796882107e-78
"s__Bacteroides_faecis","fixed",NA,"carrierper",0.272296304594447,0.40574177337407,0.671107395055934,114.589148947934,0.503502668933338,0.723374517454497
"s__Bacteroides_faecis","fixed",NA,"carrierint",-0.0374385330668827,0.246872334185957,-0.151651391762197,114.23141819935,0.879729403336035,0.945923861599689
"s__Bacteroides_finegoldii","fixed",NA,"(Intercept)",-5.02394828349783,0.19861199288059,-25.2952916419219,119.170060016119,9.72328469824001e-50,3.13287245354652e-49
"s__Bacteroides_finegoldii","fixed",NA,"carrierper",0.511442204324027,0.616921802158003,0.829022742485342,113.637449885697,0.408829500533836,0.655247281677518
"s__Bacteroides_finegoldii","fixed",NA,"carrierint",0.0096401829851926,0.37532232359346,0.0256850775432016,113.229409585037,0.97955373894645,0.989597733031708
"s__Bacteroides_fragilis","fixed",NA,"(Intercept)",-3.85255603681606,0.210449540873927,-18.3063171381495,120.224174508664,1.44733512873294e-36,4.4343884795222e-36
"s__Bacteroides_fragilis","fixed",NA,"carrierper",-1.00440856306201,0.647195547418097,-1.5519398535249,110.494582522469,0.123536230448595,0.304866702641396
"s__Bacteroides_fragilis","fixed",NA,"carrierint",0.329267983645414,0.39342870667437,0.836919060707841,109.726210422445,0.404457131440156,0.650267974420365
"s__Bacteroides_gallinarum","fixed",NA,"(Intercept)",-6.2703562351454,0.0356531709776009,-175.870927135338,111.045041963057,1.11215580322017e-137,3.85547345116327e-136
"s__Bacteroides_gallinarum","fixed",NA,"carrierper",-0.0711953523626226,0.108388685943893,-0.656852251160941,97.0878959538911,0.512829939900092,0.727837488622421
"s__Bacteroides_gallinarum","fixed",NA,"carrierint",-0.0452189808868614,0.0658223242491819,-0.686985477991891,95.8860042146176,0.493750055472537,0.712095611590593
"s__Bacteroides_intestinalis","fixed",NA,"(Intercept)",-5.22943866238405,0.138657541554751,-37.7147799084489,115.091902471987,1.26940647301794e-66,4.5875075627212e-66
"s__Bacteroides_intestinalis","fixed",NA,"carrierper",-0.816318697888209,0.431691558983619,-1.89097674230685,110.593683747416,0.0612440880791841,0.165677648676637
"s__Bacteroides_intestinalis","fixed",NA,"carrierint",-0.343634154085565,0.262677792771438,-1.30819644272163,110.266689615735,0.19352716273669,0.418333383724991
"s__Bacteroides_nordii","fixed",NA,"(Intercept)",-4.91802828570633,0.136500306203679,-36.0294304275618,119.143878875637,6.5966488403212e-66,2.36569475652898e-65
"s__Bacteroides_nordii","fixed",NA,"carrierper",0.430273130183286,0.422775926702044,1.01773327904388,112.380166877616,0.310990770835422,0.570649628148203
"s__Bacteroides_nordii","fixed",NA,"carrierint",0.155279127413313,0.257151316912537,0.603843407366749,111.872396893022,0.547170255977894,0.751758076162979
"s__Bacteroides_ovatus","fixed",NA,"(Intercept)",-3.15164293607713,0.200747417012157,-15.6995441484872,121.002800189249,5.70917901136528e-31,1.72658854754052e-30
"s__Bacteroides_ovatus","fixed",NA,"carrierper",-0.6128204379521,0.621337074972512,-0.98629304871146,113.931469346308,0.326079289527775,0.581175643747522
"s__Bacteroides_ovatus","fixed",NA,"carrierint",-0.387418636751332,0.377904833146284,-1.02517513080169,113.397747698605,0.307462498622583,0.56768091096124
"s__Bacteroides_salyersiae","fixed",NA,"(Intercept)",-5.04278497821049,0.150267062410616,-33.5588178627643,118.143608350471,3.04453672056568e-62,1.0438411613368e-61
"s__Bacteroides_salyersiae","fixed",NA,"carrierper",-0.723994824834882,0.466797586293847,-1.55098236600378,112.65817841483,0.123710664052438,0.304866702641396
"s__Bacteroides_salyersiae","fixed",NA,"carrierint",-0.51325549822583,0.283991880166608,-1.80728934195133,112.25399330534,0.0733954716525752,0.196000460675636
"s__Bacteroides_sp_AF16_49","fixed",NA,"(Intercept)",-5.058690976001,0.0680712833651853,-74.3146114766545,118.698409803542,2.20471572180023e-101,1.33136381651936e-100
"s__Bacteroides_sp_AF16_49","fixed",NA,"carrierper",0.112236695848068,0.213080834958618,0.526732945597221,116.59004715971,0.59937976795465,0.794082749901702
"s__Bacteroides_sp_AF16_49","fixed",NA,"carrierint",-0.106945470955918,0.129707678896048,-0.824511485103576,116.440643794217,0.411334794888241,0.657256908605094
"s__Bacteroides_sp_AM10_21B","fixed",NA,"(Intercept)",-6.28357230429809,0.0758599622656043,-82.8312078814087,112.761876181331,7.63652785148616e-103,4.79717454294701e-102
"s__Bacteroides_sp_AM10_21B","fixed",NA,"carrierper",-0.240073921603957,0.235618627401126,-1.01890892181137,107.259297185255,0.310538963556937,0.570649628148203
"s__Bacteroides_sp_AM10_21B","fixed",NA,"carrierint",-0.0276773601553036,0.14334475360398,-0.193082477449912,106.854297460231,0.847260900751003,0.927527722927414
"s__Bacteroides_stercoris","fixed",NA,"(Intercept)",-3.63562711057713,0.225863208108556,-16.0965884661912,117.981195238567,1.50312390012483e-31,4.55315200814512e-31
"s__Bacteroides_stercoris","fixed",NA,"carrierper",-0.264238616524806,0.701753918073232,-0.376540279604439,112.571137706644,0.707224060874391,0.85913266836915
"s__Bacteroides_stercoris","fixed",NA,"carrierint",-0.285420987691237,0.426940949230094,-0.668525678330784,112.172930597628,0.505171486534719,0.72410491791194
"s__Bacteroides_thetaiotaomicron","fixed",NA,"(Intercept)",-3.01592439526026,0.173159693934397,-17.4170115847102,123.510827581838,4.65080491215558e-35,1.4202784332064e-34
"s__Bacteroides_thetaiotaomicron","fixed",NA,"carrierper",-0.398663863663228,0.53323596519123,-0.747631235864329,114.297668224726,0.45621803789408,0.687632984651946
"s__Bacteroides_thetaiotaomicron","fixed",NA,"carrierint",0.0362739074043518,0.324188957456898,0.111891249131071,113.57590945247,0.911107144383162,0.961036929129196
"s__Bacteroides_uniformis","fixed",NA,"(Intercept)",-2.6207216540619,0.188837583770579,-13.8781782828033,118.150601506652,1.43206190974426e-26,4.30308169348516e-26
"s__Bacteroides_uniformis","fixed",NA,"carrierper",0.0526749547183086,0.587668944005126,0.0896337219375831,113.44491669213,0.928736341838149,0.967200731084452
"s__Bacteroides_uniformis","fixed",NA,"carrierint",0.168774536502486,0.357576272565403,0.471995905353635,113.101715439285,0.63783907410352,0.818523648550115
"s__Bacteroides_xylanisolvens","fixed",NA,"(Intercept)",-3.33781891162667,0.177085201104934,-18.8486609315749,119.37067266252,1.39563584297994e-37,4.28300048862041e-37
"s__Bacteroides_xylanisolvens","fixed",NA,"carrierper",-0.0394421637770023,0.549940347097671,-0.0717208038747469,113.745820062513,0.942950055049273,0.973099505541477
"s__Bacteroides_xylanisolvens","fixed",NA,"carrierint",0.0388145380887013,0.334566867550139,0.116014291471598,113.330426445909,0.90784653934436,0.960099004995481
"s__Barnesiella_intestinihominis","fixed",NA,"(Intercept)",-4.37828757395675,0.188925543338228,-23.1746723952432,117.050001695738,1.49317925307028e-45,4.67430027048087e-45
"s__Barnesiella_intestinihominis","fixed",NA,"carrierper",-0.199031020467589,0.58938498085732,-0.337692725352584,113.428340647908,0.736218906136725,0.875438748904608
"s__Barnesiella_intestinihominis","fixed",NA,"carrierint",-0.303177180094757,0.358685434097568,-0.845245307653859,113.167672837316,0.399757405010688,0.648593979046871
"s__Bifidobacterium_adolescentis","fixed",NA,"(Intercept)",-3.84963117583789,0.164278799529698,-23.4335239048417,118.387974032849,2.76761400380893e-46,8.70751834475682e-46
"s__Bifidobacterium_adolescentis","fixed",NA,"carrierper",-0.733894543080216,0.50556049330806,-1.45164535756757,108.968443718902,0.149473273219793,0.35196725467604
"s__Bifidobacterium_adolescentis","fixed",NA,"carrierint",-0.456252157980779,0.307346883453994,-1.48448604018161,108.229349075277,0.140586714257749,0.336800892467672
"s__Bifidobacterium_bifidum","fixed",NA,"(Intercept)",-4.37341108651124,0.139190856325872,-31.4202470043884,122.58788841792,1.71976372878955e-60,5.80071657710638e-60
"s__Bifidobacterium_bifidum","fixed",NA,"carrierper",-0.555090679097089,0.426444076042523,-1.30167285766619,111.311613875225,0.195715720029089,0.419679069753099
"s__Bifidobacterium_bifidum","fixed",NA,"carrierint",-0.631358748197146,0.259151747833205,-2.43625116741833,110.3927111864,0.0164394665516078,0.0480104233769265
"s__Bifidobacterium_breve","fixed",NA,"(Intercept)",-5.15056058108854,0.164304484423865,-31.3476567553773,123.536103186435,1.18719000703303e-60,4.02612263254679e-60
"s__Bifidobacterium_breve","fixed",NA,"carrierper",-0.023879029639152,0.505742555324444,-0.0472157808113125,114.140288108895,0.962423764637024,0.981257845244222
"s__Bifidobacterium_breve","fixed",NA,"carrierint",-0.0358043701326506,0.307462724685599,-0.116451092304808,113.401748729219,0.907501022754801,0.960099004995481
"s__Bifidobacterium_catenulatum","fixed",NA,"(Intercept)",-5.26971031750735,0.141319939033891,-37.2892201449617,120.336632173501,5.81661868593187e-68,2.12255559065584e-67
"s__Bifidobacterium_catenulatum","fixed",NA,"carrierper",0.132520392012905,0.437203636763477,0.30310907977327,113.078771595219,0.762363663909164,0.88552967580793
"s__Bifidobacterium_catenulatum","fixed",NA,"carrierint",0.160148488059523,0.265903170721008,0.602281227505763,112.529497180921,0.548198651730581,0.751758076162979
"s__Bifidobacterium_dentium","fixed",NA,"(Intercept)",-5.41423505391507,0.07062437399049,-76.6624148009317,124.698888300432,9.1122871282659e-107,6.74237213601334e-106
"s__Bifidobacterium_dentium","fixed",NA,"carrierper",-0.0199668955081554,0.213352307254011,-0.0935864990875557,107.996620122114,0.92561103773796,0.966393676879788
"s__Bifidobacterium_dentium","fixed",NA,"carrierint",0.136288697057605,0.129485044682612,1.05254392421665,106.451750876901,0.294933406572332,0.556007388825181
"s__Bifidobacterium_longum","fixed",NA,"(Intercept)",-3.38965727580517,0.135621622914407,-24.9934870484807,121.035791444645,1.28536873400869e-49,4.13438190732691e-49
"s__Bifidobacterium_longum","fixed",NA,"carrierper",0.0200692201936735,0.413506638813971,0.048534215197213,107.890325921182,0.961380228460641,0.981257845244222
"s__Bifidobacterium_longum","fixed",NA,"carrierint",-0.408471567096976,0.251182178847805,-1.62619644821408,106.776159576192,0.10685571465242,0.271048642045162
"s__Bifidobacterium_pseudocatenulatum","fixed",NA,"(Intercept)",-4.91663751125372,0.14907359671255,-32.9812764948187,121.499008507519,1.80509383552065e-62,6.20024891760486e-62
"s__Bifidobacterium_pseudocatenulatum","fixed",NA,"carrierper",-0.200519950628992,0.454672831675851,-0.441020304401974,108.473647664247,0.660076048549846,0.832095867262836
"s__Bifidobacterium_pseudocatenulatum","fixed",NA,"carrierint",0.0565745947152341,0.276196688405017,0.20483444259213,107.372373599669,0.83808927135478,0.923427378443877
"s__Bilophila_SGB15450","fixed",NA,"(Intercept)",-5.89483634043752,0.0831300679358427,-70.9110011191977,115.690400848721,3.50599748314149e-97,1.91907230656166e-96
"s__Bilophila_SGB15450","fixed",NA,"carrierper",-0.230102613318009,0.260022308705289,-0.88493412147497,113.249840089599,0.378067171132216,0.631331163612106
"s__Bilophila_SGB15450","fixed",NA,"carrierint",-0.0649296283438872,0.158273559035166,-0.410236736569883,113.07640181321,0.682408530871535,0.846566447840632
"s__Bilophila_SGB69261","fixed",NA,"(Intercept)",-4.44958852907758,0.0147415842068853,-301.839236993222,125.698625316814,1.12501411582845e-181,4.21205284966173e-179
"s__Bilophila_SGB69261","fixed",NA,"carrierper",-0.00973299744676124,0.0448753752548892,-0.216889494326865,111.866334731971,0.828689522619555,0.916306430208982
"s__Bilophila_SGB69261","fixed",NA,"carrierint",-0.0166219346068842,0.0272553157891692,-0.609860283236545,110.672380770227,0.543204504506128,0.74996745492248
"s__Bilophila_wadsworthia","fixed",NA,"(Intercept)",-4.07925877548571,0.149036107925647,-27.3709427350372,123.868925361575,2.30382758818226e-54,7.52664091636507e-54
"s__Bilophila_wadsworthia","fixed",NA,"carrierper",-0.44567522101998,0.457307103683258,-0.974564395414829,113.191895772729,0.331854517377946,0.588845172067787
"s__Bilophila_wadsworthia","fixed",NA,"carrierint",-0.22481288760588,0.277943761752106,-0.808843077422212,112.331696388694,0.420315230646618,0.66121196853098
"s__Blautia_caecimuris","fixed",NA,"(Intercept)",-5.44771932252617,0.142903144416245,-38.1217596350306,117.870616403606,3.89929473057322e-68,1.43127053639864e-67
"s__Blautia_caecimuris","fixed",NA,"carrierper",-0.0712171879971396,0.438427681665052,-0.162437708601502,107.222470129189,0.871266909579121,0.941304845789209
"s__Blautia_caecimuris","fixed",NA,"carrierint",0.158518322390683,0.26646601613132,0.594891328703475,106.367392391987,0.553179538248596,0.756982526024395
"s__Blautia_faecicola","fixed",NA,"(Intercept)",-5.51725281838465,0.0496729376920245,-111.07160306467,128.309231833957,2.21624586031402e-129,4.36717079000826e-128
"s__Blautia_faecicola","fixed",NA,"carrierper",-0.150308895417521,0.150547745326887,-0.998413460734023,112.766827452796,0.320216512042908,0.576944475981062
"s__Blautia_faecicola","fixed",NA,"carrierint",-0.0901243648888985,0.0913979283772832,-0.986065729158241,111.366711777304,0.326238344329784,0.581175643747522
"s__Blautia_faecis","fixed",NA,"(Intercept)",-3.84786597188403,0.149800613289155,-25.6865835686308,119.989258036486,1.35317839314568e-50,4.39020788902724e-50
"s__Blautia_faecis","fixed",NA,"carrierper",-0.845539164079299,0.457873187048727,-1.84666669286602,107.827082123195,0.0675377637466964,0.181653295594563
"s__Blautia_faecis","fixed",NA,"carrierint",0.201732502462737,0.278194276524761,0.725149722642774,106.818686766769,0.469945767166285,0.695445435680068
"s__Blautia_glucerasea","fixed",NA,"(Intercept)",-5.40227181371204,0.0598876334087132,-90.2068007403688,118.860148736725,2.5813917477538e-111,2.29022054587446e-110
"s__Blautia_glucerasea","fixed",NA,"carrierper",-0.031443687825371,0.177386166248064,-0.177261217661127,95.4536072192548,0.859678811990175,0.933676802314598
"s__Blautia_glucerasea","fixed",NA,"carrierint",-0.0132120762991383,0.107415674851377,-0.122999518621642,92.8643122895323,0.902373289432148,0.958298989865579
"s__Blautia_hansenii","fixed",NA,"(Intercept)",-5.73522816318555,0.116186091485977,-49.3624330574694,127.769110424953,4.417084961154e-85,1.9876882325193e-84
"s__Blautia_hansenii","fixed",NA,"carrierper",0.471100615508099,0.352412123266153,1.33678890255517,112.531304358038,0.183987866373286,0.40520621864799
"s__Blautia_hansenii","fixed",NA,"carrierint",0.51392231150324,0.213966634688674,2.40188061213847,111.169405550422,0.0179687422374377,0.0521511402612147
"s__Blautia_hydrogenotrophica","fixed",NA,"(Intercept)",-5.59401535433476,0.04737981318943,-118.067484394023,113.147822924938,2.52943928393749e-120,3.17792640236978e-119
"s__Blautia_hydrogenotrophica","fixed",NA,"carrierper",0.123946755424392,0.14323024357001,0.865367204125489,97.0619825045083,0.388971136639519,0.641787946870596
"s__Blautia_hydrogenotrophica","fixed",NA,"carrierint",0.211463862735395,0.086933471536979,2.43247921654025,95.6027636319246,0.0168562812925615,0.049151025825039
"s__Blautia_luti","fixed",NA,"(Intercept)",-5.11572969157876,0.0774119950556177,-66.0844574268277,119.680589511231,4.83245247610163e-96,2.54826789725697e-95
"s__Blautia_luti","fixed",NA,"carrierper",-0.0862507431434719,0.240214408072416,-0.359057326475896,113.713677017163,0.720218038062723,0.868716602611738
"s__Blautia_luti","fixed",NA,"carrierint",-0.213595121409359,0.146130307881627,-1.46167570920594,113.27086399986,0.146598846660152,0.347413484363943
"s__Blautia_marasmi","fixed",NA,"(Intercept)",-5.41373779576857,0.037693177673112,-143.626463194967,151.175857173057,1.56365621910189e-163,1.46358222107937e-161
"s__Blautia_marasmi","fixed",NA,"carrierper",-0.0743788432525653,0.111847589350772,-0.665001755373567,128.140986034645,0.507244453169707,0.725144581814066
"s__Blautia_marasmi","fixed",NA,"carrierint",0.0436817692000851,0.0677443966213848,0.64480269038659,125.498959713813,0.520231998204659,0.7338917111071
"s__Blautia_massiliensis","fixed",NA,"(Intercept)",-4.16216270490883,0.1289430765245,-32.2790708667322,117.569321233467,2.87025630622571e-60,9.62924696282173e-60
"s__Blautia_massiliensis","fixed",NA,"carrierper",-0.953122871709542,0.398053256455345,-2.39446068146026,109.438229901991,0.018344600107775,0.0531595842132428
"s__Blautia_massiliensis","fixed",NA,"carrierint",-0.272381134957638,0.242050875603108,-1.12530530732003,108.814666835363,0.262935637279219,0.518667558468596
"s__Blautia_obeum","fixed",NA,"(Intercept)",-4.33095259940595,0.147572956499652,-29.347874448908,120.838545295583,8.0994121984489e-57,2.68831553820857e-56
"s__Blautia_obeum","fixed",NA,"carrierper",-0.924106988477578,0.452862874341082,-2.04058897480205,110.238247692626,0.0436810702382675,0.120428517652484
"s__Blautia_obeum","fixed",NA,"carrierint",-0.0594440679094452,0.275244971691885,-0.215967861443762,109.386781824598,0.829415011405843,0.916567238106103
"s__Blautia_producta","fixed",NA,"(Intercept)",-6.05314485485438,0.142479315351754,-42.4843763455089,121.697506485164,7.64518840359894e-75,3.03215946854602e-74
"s__Blautia_producta","fixed",NA,"carrierper",0.351715563622534,0.43814439884327,0.802738924772487,111.929253875804,0.423826891352151,0.662827018054491
"s__Blautia_producta","fixed",NA,"carrierint",0.45855797218623,0.266345861851974,1.72166358807963,111.156774687749,0.0879122293905435,0.230815839297472
"s__Blautia_SGB4815","fixed",NA,"(Intercept)",-5.63177192531163,0.0899013667486291,-62.6438966279398,131.277407973543,1.13944733125664e-99,6.48342068119281e-99
"s__Blautia_SGB4815","fixed",NA,"carrierper",0.0946745448292399,0.269821330977692,0.350878651758883,112.082376415416,0.726338031672421,0.871818858031313
"s__Blautia_SGB4815","fixed",NA,"carrierint",0.0171496555030842,0.163644453308923,0.104798269396333,110.176703454779,0.916726429827921,0.962747082496806
"s__Blautia_sp_Marseille_P3087","fixed",NA,"(Intercept)",-5.17782154341681,0.0652701061554512,-79.3291423654958,113.140101948221,5.14494255336095e-101,3.01922647645508e-100
"s__Blautia_sp_Marseille_P3087","fixed",NA,"carrierper",-0.330817023325494,0.202685831137444,-1.63216649861017,107.546898975555,0.105569136859522,0.268637012478098
"s__Blautia_sp_Marseille_P3087","fixed",NA,"carrierint",-0.157211316569819,0.123307330340728,-1.27495515583223,107.134689242314,0.205083176475215,0.432337507163966
"s__Blautia_sp_MSK_20_85","fixed",NA,"(Intercept)",-5.11093060778282,0.100369410098507,-50.9211980300247,119.15786989992,1.02989474979718e-82,4.45257037325711e-82
"s__Blautia_sp_MSK_20_85","fixed",NA,"carrierper",-0.412851956692205,0.311084093265882,-1.32713939937566,112.687758923483,0.187145279454617,0.410710390549876
"s__Blautia_sp_MSK_20_85","fixed",NA,"carrierint",-0.193642250791002,0.189225442595513,-1.02334151335521,112.204160696991,0.308347658768192,0.568136631116196
"s__Blautia_sp_OF03_15BH","fixed",NA,"(Intercept)",-5.22805702000824,0.0540124799781879,-96.7935007264898,125.407159720402,1.06085464734721e-119,1.29798686263659e-118
"s__Blautia_sp_OF03_15BH","fixed",NA,"carrierper",-0.0457047554519535,0.162501522554929,-0.281257398289941,107.189863914685,0.779055200010791,0.891097610563115
"s__Blautia_sp_OF03_15BH","fixed",NA,"carrierint",-0.12615459275652,0.0985815579113649,-1.27969769832554,105.436573484885,0.203460193838383,0.429399642463871
"s__Blautia_stercoris","fixed",NA,"(Intercept)",-5.04981360973295,0.0565810996353585,-89.2491245712241,112.075225881614,5.9484727796762e-106,4.15505262819173e-105
"s__Blautia_stercoris","fixed",NA,"carrierper",-0.0556106004845636,0.174802069514502,-0.318134680207261,104.343354563267,0.7510186210585,0.8838829037247
"s__Blautia_stercoris","fixed",NA,"carrierint",-0.16303579058814,0.106301288642155,-1.53371415032392,103.755238257764,0.128143696437131,0.312562174724757
"s__Blautia_wexlerae","fixed",NA,"(Intercept)",-3.08668568389157,0.137648511075868,-22.4244029940163,122.616678859647,3.29626805414023e-45,1.03015255381478e-44
"s__Blautia_wexlerae","fixed",NA,"carrierper",-0.924197228369599,0.417673811105697,-2.21272486757787,107.608178830554,0.0290285627410827,0.0824604999261105
"s__Blautia_wexlerae","fixed",NA,"carrierint",-0.0410688088115402,0.253599682909293,-0.161943454898678,106.278677100763,0.871657863821172,0.941304845789209
"s__Bradyrhizobium_denitrificans","fixed",NA,"(Intercept)",-5.24224559807913,0.0987296750400968,-53.0969599155483,107.181569247878,8.42285271554235e-79,3.4807020493367e-78
"s__Bradyrhizobium_denitrificans","fixed",NA,"carrierper",0.12016756447234,0.286425592778523,0.419541994507658,78.2278527619632,0.675970004440108,0.840818113831906
"s__Bradyrhizobium_denitrificans","fixed",NA,"carrierint",-0.265985205485412,0.172922631938762,-1.53817463048797,74.4702098832372,0.128244291509965,0.312562174724757
"s__Bradyrhizobium_viridifuturi","fixed",NA,"(Intercept)",-5.30301880329741,0.0568323970703042,-93.309785908508,251.999999996103,1.99735604076293e-197,1.24635016943607e-194
"s__Bradyrhizobium_viridifuturi","fixed",NA,"carrierper",0.221552815373756,0.158909132605878,1.39421071489482,251.999999995416,0.164482002159191,0.376082049825802
"s__Bradyrhizobium_viridifuturi","fixed",NA,"carrierint",-0.0348090100249494,0.0952214714652311,-0.365558413342305,251.999999993429,0.715001266502975,0.864652694375691
"s__Butyricicoccus_SGB14990","fixed",NA,"(Intercept)",-5.13411182915966,0.059865450072191,-85.7608490868857,115.746999982818,1.34969655309166e-106,9.75533570419916e-106
"s__Butyricicoccus_SGB14990","fixed",NA,"carrierper",-0.20787686104211,0.185973553783929,-1.11777646236533,110.291203297357,0.266091376184272,0.52214156836159
"s__Butyricicoccus_SGB14990","fixed",NA,"carrierint",-0.123226629848656,0.113143413981316,-1.08911889355757,109.889614493519,0.278484158154315,0.53855614056289
"s__Butyricicoccus_sp_AM29_23AC","fixed",NA,"(Intercept)",-4.70348631749055,0.048325716207422,-97.3288486259037,121.305992914871,5.42914915039158e-117,5.67785877627544e-116
"s__Butyricicoccus_sp_AM29_23AC","fixed",NA,"carrierper",0.0413296283425005,0.149441361983463,0.276560838270959,113.857678349963,0.782618754033474,0.891699517681475
"s__Butyricicoccus_sp_AM29_23AC","fixed",NA,"carrierint",-0.009265725165982,0.0908857508699218,-0.101949151294831,113.292076706488,0.918977258873721,0.96372414961476
"s__Butyricimonas_faecalis","fixed",NA,"(Intercept)",-5.11009380486927,0.054296979815814,-94.1137761658883,126.122656224389,1.05414883309409e-118,1.1959797670013e-117
"s__Butyricimonas_faecalis","fixed",NA,"carrierper",-0.153509866571856,0.167368297357444,-0.917197993859073,117.297677291083,0.360920897680845,0.614780637359912
"s__Butyricimonas_faecalis","fixed",NA,"carrierint",-0.0479156681783781,0.101762234598498,-0.470859040855668,116.610254314914,0.638621013943272,0.818523648550115
"s__Butyricimonas_faecihominis","fixed",NA,"(Intercept)",-4.61844269254816,0.0975300060692484,-47.3540695698201,117.002578719632,3.60175656165175e-78,1.46895169573248e-77
"s__Butyricimonas_faecihominis","fixed",NA,"carrierper",0.0262184961795244,0.304297528855343,0.0861607265696469,113.433992527212,0.931490550943876,0.968221244472568
"s__Butyricimonas_faecihominis","fixed",NA,"carrierint",-0.209093027097177,0.185189729096704,-1.12907464208229,113.177300602717,0.261253847380012,0.516438439593856
"s__Butyricimonas_paravirosa","fixed",NA,"(Intercept)",-4.41343648484129,0.1018899159996,-43.3157338637771,116.585909635531,1.03627165262596e-73,4.04989673009563e-73
"s__Butyricimonas_paravirosa","fixed",NA,"carrierper",0.00161721325190542,0.317597764966195,0.00509201710559126,112.598450045984,0.995946186360265,0.99914858567332
"s__Butyricimonas_paravirosa","fixed",NA,"carrierint",-0.293482982067341,0.19327046169297,-1.51850924086667,112.31026792491,0.131696118237658,0.318932902122764
"s__Butyricimonas_SGB15260","fixed",NA,"(Intercept)",-5.52153399672167,0.142958594752397,-38.6233091216721,119.822255143183,1.80164132021505e-69,6.70511441638684e-69
"s__Butyricimonas_SGB15260","fixed",NA,"carrierper",-0.0019173701913636,0.441041124564511,-0.00434737280623623,111.402490099638,0.996539084690763,0.999207909234659
"s__Butyricimonas_SGB15260","fixed",NA,"carrierint",0.109105175798337,0.268177624990129,0.406839220096579,110.753093312867,0.684911237750206,0.847490707486333
"s__Butyricimonas_SGB15266","fixed",NA,"(Intercept)",-4.84322245887086,0.087101468493335,-55.6043720346857,115.539060861581,3.10196169059682e-85,1.40602234498723e-84
"s__Butyricimonas_SGB15266","fixed",NA,"carrierper",0.0263462778401213,0.272226681578491,0.0967806597331087,112.740757556088,0.923072418474705,0.965898025368724
"s__Butyricimonas_SGB15266","fixed",NA,"carrierint",-0.172730007776087,0.165692706503628,-1.04247200387366,112.541183455787,0.299427119850298,0.561099299539881
"s__Butyricimonas_synergistica","fixed",NA,"(Intercept)",-5.11039838129747,0.047325555011209,-107.983908061661,124.269581778284,1.04310891975751e-124,1.64092428385383e-123
"s__Butyricimonas_synergistica","fixed",NA,"carrierper",0.0757362965890997,0.145892282636032,0.519124762603412,115.492695526643,0.60466711141103,0.798262928463645
"s__Butyricimonas_synergistica","fixed",NA,"carrierint",-0.00394017477419982,0.088705168890644,-0.0444187731501563,114.810229057495,0.964647761615938,0.981891163983287
"s__Butyricimonas_virosa","fixed",NA,"(Intercept)",-5.3577917790327,0.127123218201464,-42.1464454317206,116.266024529977,2.80316088138982e-72,1.08644247825295e-71
"s__Butyricimonas_virosa","fixed",NA,"carrierper",-0.528264694942579,0.396345143886397,-1.33284008418176,112.384303568201,0.185280118032882,0.407572715578796
"s__Butyricimonas_virosa","fixed",NA,"carrierint",0.150870117833183,0.241195464308712,0.625509763484111,112.10412691282,0.532907869300397,0.741161613172617
"s__Candidatus_Allochristensenella_caecavium","fixed",NA,"(Intercept)",-5.72895409562428,0.0825078329916575,-69.4352752689983,116.063612064264,2.24802642585597e-96,1.19894742712318e-95
"s__Candidatus_Allochristensenella_caecavium","fixed",NA,"carrierper",-0.279072050432674,0.255480704553237,-1.09234100837749,109.220471695945,0.277086855834934,0.537942780642981
"s__Candidatus_Allochristensenella_caecavium","fixed",NA,"carrierint",-0.00086138087818141,0.155391680786231,-0.00554328824955818,108.706608350489,0.995587278520354,0.99914858567332
"s__Candidatus_Alloruminococcus_vanvlietii","fixed",NA,"(Intercept)",-6.52138172156838,0.0499883269856451,-130.458091214797,116.056590105114,9.85753469171899e-128,1.79158300416485e-126
"s__Candidatus_Alloruminococcus_vanvlietii","fixed",NA,"carrierper",0.0113723966594155,0.145155442095111,0.0783463333876517,86.4206460630775,0.9377336816962,0.969854945931097
"s__Candidatus_Alloruminococcus_vanvlietii","fixed",NA,"carrierint",-0.0077799751983075,0.0876472739464678,-0.088764599832954,82.5312163114816,0.929484035908616,0.967200731084452
"s__Candidatus_Avimonas_narfia","fixed",NA,"(Intercept)",-6.1831782537752,0.0849717344016988,-72.7674714104881,127.554206255181,9.79940951790105e-106,6.76918620572353e-105
"s__Candidatus_Avimonas_narfia","fixed",NA,"carrierper",-0.262925894941858,0.256392981504659,-1.02548007905232,110.366228523434,0.30737910130726,0.56768091096124
"s__Candidatus_Avimonas_narfia","fixed",NA,"carrierint",0.0153786198997418,0.155588127086855,0.0988418601578571,108.75327168003,0.921445789560243,0.964735189069785
"s__Candidatus_Borkfalkia_ceftriaxoniphila","fixed",NA,"(Intercept)",-4.90194197757165,0.0607725551708081,-80.660455427523,119.472678860292,4.88393730221457e-106,3.45008703009271e-105
"s__Candidatus_Borkfalkia_ceftriaxoniphila","fixed",NA,"carrierper",-0.141409660370327,0.187033405069479,-0.756066331133715,110.056761367019,0.4512247102506,0.686184124767768
"s__Candidatus_Borkfalkia_ceftriaxoniphila","fixed",NA,"carrierint",0.130365115471034,0.113704203510785,1.14652854904057,109.317690384347,0.25407989837481,0.505997414635792
"s__Candidatus_Catenibacterium_tridentinum","fixed",NA,"(Intercept)",-4.64098167343578,0.134075207161804,-34.6147641437913,117.810734890321,1.40789462267583e-63,4.9263153899984e-63
"s__Candidatus_Catenibacterium_tridentinum","fixed",NA,"carrierper",-0.853868261385414,0.416602938303726,-2.04959730927989,112.436279180694,0.0427305309316391,0.118330701041462
"s__Candidatus_Catenibacterium_tridentinum","fixed",NA,"carrierint",-0.406651683400069,0.253459108585248,-1.60440745519034,112.040900122101,0.111439482680303,0.280597029033751
"s__Candidatus_Cibionibacter_quicibialis","fixed",NA,"(Intercept)",-3.98903705272865,0.123170090407629,-32.3864100410011,117.58876130133,1.99288242834664e-60,6.70984875155561e-60
"s__Candidatus_Cibionibacter_quicibialis","fixed",NA,"carrierper",-0.282069632242892,0.383492250569731,-0.735528897451875,113.094996865276,0.463540107908235,0.690751168506259
"s__Candidatus_Cibionibacter_quicibialis","fixed",NA,"carrierint",-0.343926210748354,0.233350092200434,-1.47386361627379,112.768163398323,0.143304410194051,0.341739943800336
"s__Candidatus_Heritagella_intestinalis","fixed",NA,"(Intercept)",-5.31133006965005,0.0486274134475088,-109.22501718878,117.384009614397,6.634388668093e-120,8.2248844944835e-119
"s__Candidatus_Heritagella_intestinalis","fixed",NA,"carrierper",-0.150850878706157,0.15093291314928,-0.999456484066915,111.545723652573,0.319736816701485,0.576944475981062
"s__Candidatus_Heritagella_intestinalis","fixed",NA,"carrierint",-0.0574623462496304,0.0918192526600526,-0.625820234699321,111.113530787155,0.532716245961712,0.741161613172617
"s__Candidatus_Neochristensenella_gallicola","fixed",NA,"(Intercept)",-5.27242254595829,0.0456052798483882,-115.609915419577,123.033438363942,2.32910377792192e-127,4.15245930692365e-126
"s__Candidatus_Neochristensenella_gallicola","fixed",NA,"carrierper",-0.114793640751402,0.140754653317492,-0.815558406388654,114.755378470374,0.416442282302361,0.66121196853098
"s__Candidatus_Neochristensenella_gallicola","fixed",NA,"carrierint",-0.0232755086144407,0.0855895188744394,-0.271943444951315,114.117619746096,0.786156893138618,0.893555375807829
"s__Candidatus_Parachristensenella_avicola","fixed",NA,"(Intercept)",-6.10526041710519,0.0525316378396403,-116.22063709002,117.634768374009,3.02326962804885e-123,4.45634704228933e-122
"s__Candidatus_Parachristensenella_avicola","fixed",NA,"carrierper",-0.154376936830034,0.162157076622272,-0.952020966618923,109.475952844016,0.343183540648729,0.597618221483182
"s__Candidatus_Parachristensenella_avicola","fixed",NA,"carrierint",-0.0696493635678488,0.0986050428461174,-0.706346871899273,108.849958618942,0.481481641951994,0.703617200416965
"s__Candidatus_Pararuminococcus_gallinarum","fixed",NA,"(Intercept)",-6.06165399581477,0.0973620629409015,-62.2588902978994,118.965391018527,1.2376195370879e-92,6.17819672914278e-92
"s__Candidatus_Pararuminococcus_gallinarum","fixed",NA,"carrierper",-0.523814546391167,0.300298173119389,-1.74431479535813,110.454683972501,0.0838859928298138,0.221487416893387
"s__Candidatus_Pararuminococcus_gallinarum","fixed",NA,"carrierint",-0.239866849342618,0.182594464588701,-1.31365893201048,109.797457638974,0.191699320633405,0.416795735453813
"s__Candidatus_Pseudobutyricicoccus_lothianensis","fixed",NA,"(Intercept)",-5.17940848521643,0.0455193208505566,-113.78483660204,128.3912158,8.89927540316812e-131,1.91487856950928e-129
"s__Candidatus_Pseudobutyricicoccus_lothianensis","fixed",NA,"carrierper",-0.167379174725977,0.134074858626798,-1.24840090409406,102.660564198021,0.214723873139923,0.44612995617973
"s__Candidatus_Pseudobutyricicoccus_lothianensis","fixed",NA,"carrierint",0.00852489718388252,0.0811285449164625,0.105078886755094,99.6113171227963,0.916524513686998,0.962747082496806
"s__Candidatus_Schneewindia_gallinarum","fixed",NA,"(Intercept)",-6.14867929289702,0.076775731767027,-80.0862349518849,121.084475095243,9.8916800203045e-107,7.29024606220867e-106
"s__Candidatus_Schneewindia_gallinarum","fixed",NA,"carrierper",-0.0543072160746174,0.232818581156326,-0.233259801708665,105.875170885479,0.816010052843191,0.910283977222262
"s__Candidatus_Schneewindia_gallinarum","fixed",NA,"carrierint",-0.0135611931481441,0.141352312265309,-0.095938955159719,104.52234762144,0.923752758914435,0.966022738276849
"s__Candidatus_Stoquefichus_sp_SB1","fixed",NA,"(Intercept)",-5.529053123395,0.0279959366665762,-197.494843242592,136.578728000918,1.07250170955575e-169,1.54440246176027e-167
"s__Candidatus_Stoquefichus_sp_SB1","fixed",NA,"carrierper",0.0709641087843792,0.0837346503254398,0.847487969539168,116.105308275871,0.398466817530631,0.648593979046871
"s__Candidatus_Stoquefichus_sp_SB1","fixed",NA,"carrierint",-0.0221173633691998,0.0507648607374211,-0.435682538037499,113.986816616677,0.663891016105269,0.834096632314808
"s__Candidatus_Woodwardibium_gallinarum","fixed",NA,"(Intercept)",-4.3477947544037,0.0261893601862221,-166.013782829678,92.7806365678384,1.36342530410988e-116,1.40172161342102e-115
"s__Candidatus_Woodwardibium_gallinarum","fixed",NA,"carrierper",-0.0781738910096799,0.0791883366996783,-0.987189455767385,78.0352369903254,0.32660084253333,0.581175643747522
"s__Candidatus_Woodwardibium_gallinarum","fixed",NA,"carrierint",-0.0144256075458651,0.0480643427747392,-0.300131172363532,76.7298033787665,0.76488872663059,0.88605921797801
"s__Catenibacterium_SGB4425","fixed",NA,"(Intercept)",-5.41118719578962,0.139620033418723,-38.7565241412125,114.529097206203,1.12449270707525e-67,4.08747640319393e-67
"s__Catenibacterium_SGB4425","fixed",NA,"carrierper",-0.567623374852082,0.434065975405568,-1.30768916942114,109.414628829815,0.193719779197817,0.418333383724991
"s__Catenibacterium_SGB4425","fixed",NA,"carrierint",0.122248481868876,0.264094273522504,0.462897132294158,109.039972620631,0.644360600176318,0.821691446546368
"s__Christensenella_hongkongensis","fixed",NA,"(Intercept)",-5.72445810559955,0.0661075943324572,-86.5930482481494,114.747809950046,2.23659470814119e-106,1.60417827342541e-105
"s__Christensenella_hongkongensis","fixed",NA,"carrierper",-0.297817898246397,0.202586078939367,-1.47008076668255,103.711650426019,0.144567143029052,0.343875084816245
"s__Christensenella_hongkongensis","fixed",NA,"carrierint",-0.0430800421654898,0.123114969964856,-0.349917172361634,102.819443395486,0.727116603367204,0.871818858031313
"s__Christensenella_minuta","fixed",NA,"(Intercept)",-5.93660380420628,0.0543554447817607,-109.218199355041,117.376019329176,6.78084827693994e-120,8.35114998317866e-119
"s__Christensenella_minuta","fixed",NA,"carrierper",-0.0689840699870697,0.16966586302003,-0.406587800039222,114.001220083198,0.685073048754531,0.847490707486333
"s__Christensenella_minuta","fixed",NA,"carrierint",0.169823140843454,0.103258764810464,1.64463657061143,113.758974597241,0.10280544207028,0.263632585692553
"s__Christensenellaceae_bacterium_NSJ_44","fixed",NA,"(Intercept)",-6.31349679354281,0.0546680268091223,-115.487921588735,117.62059276231,6.49176612399254e-123,9.27678334665193e-122
"s__Christensenellaceae_bacterium_NSJ_44","fixed",NA,"carrierper",-0.142435031818548,0.16408309961203,-0.868066438014227,98.8049072763131,0.387461494624956,0.640183510977863
"s__Christensenellaceae_bacterium_NSJ_44","fixed",NA,"carrierint",0.0505153873829073,0.0995155831937636,0.507612835715894,96.9710695762279,0.612877493408309,0.804562880547233
"s__Christensenellaceae_bacterium_NSJ_63","fixed",NA,"(Intercept)",-6.06903222600066,0.0797743210454358,-76.0775165048915,115.589905023101,1.41103463224123e-100,8.22883748148154e-100
"s__Christensenellaceae_bacterium_NSJ_63","fixed",NA,"carrierper",-0.24757470510896,0.240074097211028,-1.03124288702974,97.7946386011497,0.304970594966429,0.566936398984266
"s__Christensenellaceae_bacterium_NSJ_63","fixed",NA,"carrierint",-0.015155506449441,0.145645181520622,-0.104057726395124,96.1071640512351,0.917340382392683,0.962747082496806
"s__Citrobacter_freundii","fixed",NA,"(Intercept)",-4.96009590318687,0.0515532353562828,-96.2130867036336,136.56735380887,2.32593435105293e-127,4.15245930692365e-126
"s__Citrobacter_freundii","fixed",NA,"carrierper",-0.16984972499532,0.146932526587822,-1.15597089997497,99.6073275152323,0.250458221997631,0.500381848003805
"s__Citrobacter_freundii","fixed",NA,"carrierint",-0.01998339350479,0.0884228975058244,-0.225997949269573,93.6532450150726,0.821695502704241,0.912886635645305
"s__Cloacibacillus_evryensis","fixed",NA,"(Intercept)",-5.1592393284906,0.0369588504074184,-139.59415056522,110.822448517351,2.18410401131021e-126,3.82116141044178e-125
"s__Cloacibacillus_evryensis","fixed",NA,"carrierper",-0.0810927833903181,0.110634899651431,-0.732976516865932,91.4424488499058,0.465447603204063,0.691183484945703
"s__Cloacibacillus_evryensis","fixed",NA,"carrierint",0.0474761596936129,0.067079721862943,0.707757253236917,89.5234520244747,0.480934579071827,0.703617200416965
"s__Clostridia_bacterium","fixed",NA,"(Intercept)",-5.88966468969393,0.0486201522352336,-121.13628647641,118.731757334935,2.91987002243331e-126,5.0611080388844e-125
"s__Clostridia_bacterium","fixed",NA,"carrierper",-0.0891461849538877,0.146740687943208,-0.607508293735064,101.845923485564,0.544865815803356,0.750543640311907
"s__Clostridia_bacterium","fixed",NA,"carrierint",0.0829850096035709,0.0890494734546899,0.93189781347551,100.281143972946,0.353627523132913,0.607330938811755
"s__Clostridia_bacterium_UC5_1_1D1","fixed",NA,"(Intercept)",-5.25286132526202,0.0644675416314679,-81.4807140512707,115.220453854534,1.03752440301295e-103,6.7439086195842e-103
"s__Clostridia_bacterium_UC5_1_1D1","fixed",NA,"carrierper",-0.184543859408553,0.192146158360017,-0.96043481162283,94.1157377860165,0.339297403257237,0.592742154961264
"s__Clostridia_bacterium_UC5_1_1D1","fixed",NA,"carrierint",-0.125170627219113,0.116442954656253,-1.07495234545211,91.9260056228521,0.285209449131766,0.54425289375603
"s__Clostridiaceae_bacterium","fixed",NA,"(Intercept)",-3.89714522332231,0.160234842794118,-24.3214593990001,119.917030590801,3.44516436223014e-48,1.09682783777123e-47
"s__Clostridiaceae_bacterium","fixed",NA,"carrierper",-0.366535489995916,0.489852825950059,-0.748256354926662,107.825524914415,0.455934528384253,0.687632984651946
"s__Clostridiaceae_bacterium","fixed",NA,"carrierint",0.172240020592526,0.297629108664684,0.578706905938342,106.824531469878,0.564005132893286,0.763425602875078
"s__Clostridiaceae_bacterium_AF18_31LB","fixed",NA,"(Intercept)",-4.35720236140443,0.123471201902728,-35.2892196257801,117.254415874226,2.71617356113228e-64,9.57566272399175e-64
"s__Clostridiaceae_bacterium_AF18_31LB","fixed",NA,"carrierper",-0.882607625815827,0.384666243457064,-2.29447642164718,113.032354788261,0.0236097787252546,0.0676837760699489
"s__Clostridiaceae_bacterium_AF18_31LB","fixed",NA,"carrierint",-0.0731727108092562,0.234075136151613,-0.312603517025668,112.726322294575,0.755159464210143,0.8838829037247
"s__Clostridiaceae_bacterium_Marseille_Q3526","fixed",NA,"(Intercept)",-5.1193863471907,0.0600082215762905,-85.3114158812762,117.826207188994,9.07758567230572e-108,7.02200015642823e-107
"s__Clostridiaceae_bacterium_Marseille_Q3526","fixed",NA,"carrierper",0.273886452906727,0.18606383384615,1.47200263073797,111.539215143919,0.143836168573279,0.342571638128727
"s__Clostridiaceae_bacterium_Marseille_Q3526","fixed",NA,"carrierint",0.233005845589375,0.113181947948296,2.05868382558512,111.070756777629,0.0418639331847645,0.116447671503535
"s__Clostridiaceae_bacterium_Marseille_Q4143","fixed",NA,"(Intercept)",-4.38164936150393,0.0859098177392187,-51.0028943933339,118.491691068372,1.77483579292691e-82,7.62039588155773e-82
"s__Clostridiaceae_bacterium_Marseille_Q4143","fixed",NA,"carrierper",-0.147942980253727,0.26532622399158,-0.557588986222567,110.535048482531,0.578252553226332,0.775534515547909
"s__Clostridiaceae_bacterium_Marseille_Q4143","fixed",NA,"carrierint",-0.0800982381970306,0.161347101152601,-0.496434318465221,109.926442101884,0.620579269230419,0.809030362320542
"s__Clostridiaceae_bacterium_Marseille_Q4145","fixed",NA,"(Intercept)",-5.27473542471607,0.0954803851255032,-55.2441783491211,117.181041164305,9.29809733897993e-86,4.25575506566514e-85
"s__Clostridiaceae_bacterium_Marseille_Q4145","fixed",NA,"carrierper",-0.184449515618001,0.295489022093209,-0.624217828166281,110.096690572585,0.533775882252339,0.741817707183652
"s__Clostridiaceae_bacterium_Marseille_Q4145","fixed",NA,"carrierint",-0.20825887583172,0.179718427267248,-1.15880646741935,109.562563836114,0.249054572146346,0.498974176817817
"s__Clostridiaceae_bacterium_Marseille_Q4149","fixed",NA,"(Intercept)",-4.57223651930656,0.0944552813826922,-48.4063617446845,116.183229137104,7.37829190379339e-79,3.05578815130558e-78
"s__Clostridiaceae_bacterium_Marseille_Q4149","fixed",NA,"carrierper",-0.352216693018679,0.292700163054278,-1.20333616948947,109.663416545925,0.231437564829471,0.471437564048715
"s__Clostridiaceae_bacterium_Marseille_Q4149","fixed",NA,"carrierint",0.224770664321126,0.178040386481704,1.26247009885156,109.176181311857,0.209469698203655,0.438621113017049
"s__Clostridiaceae_bacterium_NSJ_31","fixed",NA,"(Intercept)",-5.60048244717028,0.0339662217576126,-164.883880436748,131.279185285819,4.7194235429601e-154,3.27213365645234e-152
"s__Clostridiaceae_bacterium_NSJ_31","fixed",NA,"carrierper",-0.0570947851485996,0.10381973726521,-0.549941529930378,119.005236136,0.583390143736334,0.7803670005227
"s__Clostridiaceae_bacterium_NSJ_31","fixed",NA,"carrierint",0.0566008401983432,0.0630787383348092,0.897304570327919,117.977951503466,0.37138386292218,0.624645634672346
"s__Clostridiaceae_bacterium_OM02_2AC","fixed",NA,"(Intercept)",-5.82709494730575,0.0631641862077054,-92.2531468725691,124.615189131579,1.46733445249489e-116,1.49285331253828e-115
"s__Clostridiaceae_bacterium_OM02_2AC","fixed",NA,"carrierper",-0.151715797053761,0.190954049388619,-0.794514688426415,108.18325001102,0.428635362763889,0.6653444436932
"s__Clostridiaceae_bacterium_OM02_2AC","fixed",NA,"carrierint",-0.053422633155573,0.115899836870297,-0.460937949510301,106.673837633032,0.645781514166403,0.822942814512938
"s__Clostridiaceae_unclassified_SGB15090","fixed",NA,"(Intercept)",-5.83681712922389,0.120109214899946,-48.5959144274328,122.539864210317,6.23053725122266e-82,2.65684868662616e-81
"s__Clostridiaceae_unclassified_SGB15090","fixed",NA,"carrierper",0.100231882207186,0.370541123320453,0.270501371909814,114.085605063018,0.787263316041143,0.894046394312868
"s__Clostridiaceae_unclassified_SGB15090","fixed",NA,"carrierint",-0.29114172830252,0.225309323818362,-1.29218677402463,113.432437108884,0.198918774365578,0.42411838908014
"s__Clostridiaceae_unclassified_SGB4771","fixed",NA,"(Intercept)",-5.88534317136004,0.0870431368201514,-67.6140978641468,121.351551162494,3.52756705635507e-98,1.96535878854068e-97
"s__Clostridiaceae_unclassified_SGB4771","fixed",NA,"carrierper",-0.030671878922529,0.267531830627467,-0.114647587356583,111.377218464055,0.908930886878065,0.960224954986308
"s__Clostridiaceae_unclassified_SGB4771","fixed",NA,"carrierint",-0.0797273088739752,0.162624304209616,-0.490254573333701,110.585491366415,0.624925058541094,0.812402576103422
"s__Clostridiales_bacterium","fixed",NA,"(Intercept)",-4.48798870452348,0.156633993597441,-28.6527119780774,123.094580604864,2.69638304666167e-56,8.88667088618071e-56
"s__Clostridiales_bacterium","fixed",NA,"carrierper",0.18911749191644,0.476871925598912,0.396579210820439,109.346656981414,0.692450678421074,0.849648237890239
"s__Clostridiales_bacterium","fixed",NA,"carrierint",0.673731265263659,0.289634083404243,2.32614634764284,108.164149251909,0.0218748273791273,0.0629995028518867
"s__Clostridiales_bacterium_1_7_47FAA","fixed",NA,"(Intercept)",-5.75574841780931,0.111385403297788,-51.6741713671526,125.497132249057,1.92896779502934e-86,8.96036653174918e-86
"s__Clostridiales_bacterium_1_7_47FAA","fixed",NA,"carrierper",-0.224817878705254,0.338837832595647,-0.663496980201562,111.401260319806,0.508383039774858,0.725144581814066
"s__Clostridiales_bacterium_1_7_47FAA","fixed",NA,"carrierint",0.0878012367442919,0.205781884998015,0.426671360042886,110.17724969838,0.670451257986903,0.838399969907469
"s__Clostridiales_bacterium_Choco116","fixed",NA,"(Intercept)",-5.38253621503454,0.063129122566452,-85.2623321252198,120.998459891907,6.56728709537761e-110,5.4398059480296e-109
"s__Clostridiales_bacterium_Choco116","fixed",NA,"carrierper",-0.170305275899045,0.195920219919022,-0.869258292836927,115.081233786881,0.386515216018899,0.639184173487084
"s__Clostridiales_bacterium_Choco116","fixed",NA,"carrierint",-0.000159766781245535,0.119185930736864,-0.00134048356427458,114.642238499742,0.998932778978799,0.999864113909732
"s__Clostridiales_bacterium_KLE1615","fixed",NA,"(Intercept)",-4.99688394670023,0.154400163521492,-32.3632037216378,120.053477807188,3.86113791407568e-61,1.3141909409363e-60
"s__Clostridiales_bacterium_KLE1615","fixed",NA,"carrierper",-0.413521418277113,0.4688636434289,-0.881965202618276,105.391374284522,0.379802740772324,0.631991760645147
"s__Clostridiales_bacterium_KLE1615","fixed",NA,"carrierint",0.128391637486032,0.284701542435664,0.450969237425351,104.104871202139,0.652949650204283,0.827145037256594
"s__Clostridiales_bacterium_NSJ_40","fixed",NA,"(Intercept)",-5.39208584176566,0.0406092138967444,-132.77986260645,112.21850516347,3.13000586203333e-125,5.13979909976e-124
"s__Clostridiales_bacterium_NSJ_40","fixed",NA,"carrierper",-0.10960399530961,0.124788915473665,-0.878315152380184,102.324729310755,0.3818304692132,0.633114825834464
"s__Clostridiales_bacterium_NSJ_40","fixed",NA,"carrierint",-0.0210226596910831,0.0758540055913815,-0.277146335611203,101.543035595699,0.782231155790072,0.891699517681475
"s__Clostridiales_Family_XIII_bacterium_BX16","fixed",NA,"(Intercept)",-5.26704486413599,0.132214238459548,-39.8371985158579,117.602727779188,3.9860523371418e-70,1.49536873249087e-69
"s__Clostridiales_Family_XIII_bacterium_BX16","fixed",NA,"carrierper",-0.132357097649448,0.408341201340411,-0.324133585381478,109.664016851276,0.746454305467149,0.882173270097539
"s__Clostridiales_Family_XIII_bacterium_BX16","fixed",NA,"carrierint",-0.110108666202263,0.248316053980418,-0.443421455992315,109.057147171061,0.658339358895,0.830465822002318
"s__Clostridioides_difficile","fixed",NA,"(Intercept)",-4.75842349953321,0.0391258422148023,-121.618429921822,130.034126862006,8.46289540466278e-136,2.55524841895625e-134
"s__Clostridioides_difficile","fixed",NA,"carrierper",0.0883437201816372,0.116285354732969,0.759714930435604,107.369544463207,0.449089857579609,0.684371923595877
"s__Clostridioides_difficile","fixed",NA,"carrierint",0.0623565977114215,0.0704463035583667,0.885164935016886,104.898154310849,0.378092221736321,0.631331163612106
"s__Clostridium_butyricum","fixed",NA,"(Intercept)",-5.21481693253454,0.138825865331351,-37.5637271922473,126.820201929181,1.4081933813194e-70,5.34713592257589e-70
"s__Clostridium_butyricum","fixed",NA,"carrierper",0.0339948927128627,0.412219824160499,0.0824678744698767,103.915093721873,0.934433307026392,0.96858203253234
"s__Clostridium_butyricum","fixed",NA,"carrierint",0.327624110976788,0.249696434485228,1.312089664605,101.407869258143,0.192452227274665,0.417463000530907
"s__Clostridium_fessum","fixed",NA,"(Intercept)",-4.65454588229053,0.134471931792077,-34.6135124279129,117.155833531168,2.31944957308867e-63,8.05567643937288e-63
"s__Clostridium_fessum","fixed",NA,"carrierper",-0.316205494929202,0.416452716064324,-0.759283065596244,110.369742347754,0.449301866506054,0.684371923595877
"s__Clostridium_fessum","fixed",NA,"carrierint",-0.0996647730189855,0.253303326268206,-0.393460182648597,109.860438300453,0.69474217591361,0.851150100333952
"s__Clostridium_hylemonae","fixed",NA,"(Intercept)",-5.47505636304181,0.0578393063575004,-94.6597860147371,119.514097219626,3.03452166690306e-114,2.8690023032538e-113
"s__Clostridium_hylemonae","fixed",NA,"carrierper",-0.138910429140338,0.170557395710421,-0.81444975494458,94.5847461908477,0.417433207534165,0.66121196853098
"s__Clostridium_hylemonae","fixed",NA,"carrierint",-0.117693122753707,0.103220095200823,-1.14021521220965,91.7075397985882,0.25716577340604,0.510066120599083
"s__Clostridium_leptum","fixed",NA,"(Intercept)",-5.03811844744909,0.144599583154412,-34.8418601045973,122.459756776381,2.10935004079079e-65,7.5070404493543e-65
"s__Clostridium_leptum","fixed",NA,"carrierper",-0.565604494517382,0.439384322388262,-1.28726598947148,107.986739441789,0.20075384290958,0.426058425837119
"s__Clostridium_leptum","fixed",NA,"carrierint",0.117066366123108,0.266817442687114,0.438750798838841,106.72107075499,0.6617290721778,0.832377007313018
"s__Clostridium_methylpentosum","fixed",NA,"(Intercept)",-6.70618970873684,0.0383966167638873,-174.65574506148,76.1394632868692,6.80456546606365e-101,3.98067079764723e-100
"s__Clostridium_methylpentosum","fixed",NA,"carrierper",-0.117718858489649,0.11209967475701,-1.05012667293477,54.002510423982,0.298336732733927,0.560166864270724
"s__Clostridium_methylpentosum","fixed",NA,"carrierint",-0.0272622749870822,0.0677449675009324,-0.40242509507008,51.4320395841589,0.68903891922767,0.847490707486333
"s__Clostridium_neonatale","fixed",NA,"(Intercept)",-5.77685076751755,0.0819222834702089,-70.5162322485591,135.873904351203,6.75234696084959e-109,5.37889085562146e-108
"s__Clostridium_neonatale","fixed",NA,"carrierper",0.330055167171668,0.245854650567009,1.34248087807356,116.627921380202,0.18204738487528,0.403304975723697
"s__Clostridium_neonatale","fixed",NA,"carrierint",0.0338213092342105,0.149107596549324,0.226824856794084,114.703951465549,0.820963683972806,0.912615211637229
"s__Clostridium_paraputrificum","fixed",NA,"(Intercept)",-5.22673085407309,0.0586829750147197,-89.067243996441,144.372848584402,4.56129000915096e-128,8.7129947929904e-127
"s__Clostridium_paraputrificum","fixed",NA,"carrierper",0.132736755691864,0.17527282542201,0.757315090757904,123.477951965093,0.450303859522476,0.68534050815128
"s__Clostridium_paraputrificum","fixed",NA,"carrierint",0.0629335540830525,0.10624362750113,0.592351330270451,121.260127146739,0.55471829963543,0.7572020003342
"s__Clostridium_perfringens","fixed",NA,"(Intercept)",-5.36773056110643,0.0619447589593749,-86.6535063059449,141.959634588104,8.40641459650435e-125,1.33362780717425e-123
"s__Clostridium_perfringens","fixed",NA,"carrierper",0.450784345664882,0.181376649391432,2.48534939407793,113.991732643196,0.0143937061514148,0.0423087004900677
"s__Clostridium_perfringens","fixed",NA,"carrierint",-0.02348075371743,0.109658652729333,-0.214125863605008,110.394890188071,0.830843909330523,0.917604600747338
"s__Clostridium_saudiense","fixed",NA,"(Intercept)",-5.37818655806281,0.0314411088036792,-171.055880746593,140.313849950349,9.47675361050589e-165,9.85582375492613e-163
"s__Clostridium_saudiense","fixed",NA,"carrierper",-0.077745223869081,0.092355744126463,-0.841801715793922,113.451612534355,0.401669907012944,0.650267974420365
"s__Clostridium_saudiense","fixed",NA,"carrierint",0.00269210629487615,0.0558631547458993,0.0481910895852828,110.111313189716,0.961651252246387,0.981257845244222
"s__Clostridium_scindens","fixed",NA,"(Intercept)",-5.33890884919933,0.128178918705537,-41.652004113596,118.63949879275,1.15847553149555e-72,4.49930745842255e-72
"s__Clostridium_scindens","fixed",NA,"carrierper",0.135486192645174,0.394510366817921,0.343428725936892,109.263361992894,0.731935884999684,0.874344075628301
"s__Clostridium_scindens","fixed",NA,"carrierint",0.0167218778589062,0.239838137247015,0.0697215132290824,108.528185932538,0.944543624352733,0.973306202483272
"s__Clostridium_SGB4750","fixed",NA,"(Intercept)",-4.95468868006929,0.116854565710873,-42.4004714743316,118.116138511677,2.59544038930261e-73,1.01222175182802e-72
"s__Clostridium_SGB4750","fixed",NA,"carrierper",-0.386740984333208,0.358838623951661,-1.07775740547179,107.829052436041,0.283547218125999,0.542740687455901
"s__Clostridium_SGB4750","fixed",NA,"carrierint",-0.487534369635877,0.218110551677806,-2.2352626495396,107.008692756143,0.0274770042206119,0.0782906421628394
"s__Clostridium_SGB4751","fixed",NA,"(Intercept)",-5.67859731535596,0.0361458421718894,-157.102365698155,114.194243467092,2.8367695247866e-135,8.42925801650874e-134
"s__Clostridium_SGB4751","fixed",NA,"carrierper",-0.117282571699742,0.1079066644527,-1.08688904707226,93.692401830037,0.27987415678606,0.538814710698586
"s__Clostridium_SGB4751","fixed",NA,"carrierint",-0.032653840728188,0.0654051462126055,-0.499254915233179,91.6002150971829,0.618796806167435,0.809030362320542
"s__Clostridium_SGB4909","fixed",NA,"(Intercept)",-5.30407660805456,0.0625261456938809,-84.8297388107459,133.420000193133,5.98144534794095e-118,6.51003819264271e-117
"s__Clostridium_SGB4909","fixed",NA,"carrierper",0.0078727670936333,0.191024585775159,0.0412133708427446,120.958888533131,0.967193745120068,0.982679961354458
"s__Clostridium_SGB4909","fixed",NA,"carrierint",0.109202018420664,0.116057752388527,0.940928254883724,119.909736698058,0.348633331470255,0.602067893461547
"s__Clostridium_SGB6179","fixed",NA,"(Intercept)",-5.0451228681085,0.0419192682192808,-120.353314416591,127.755224424234,2.32930653572696e-133,6.0561969928901e-132
"s__Clostridium_SGB6179","fixed",NA,"carrierper",-0.14531746068568,0.122267954607954,-1.18851632998714,98.7479400721784,0.237480514512429,0.480090197804824
"s__Clostridium_SGB6179","fixed",NA,"carrierint",0.0554148366169751,0.0738792336328009,0.750073246460586,94.9935243455566,0.455064346138532,0.687554847434489
"s__Clostridium_sp_1001270H_150608_G6","fixed",NA,"(Intercept)",-4.57436364430124,0.12142854761797,-37.671237398744,124.423536521906,6.85049066149892e-70,2.55970429507505e-69
"s__Clostridium_sp_1001270H_150608_G6","fixed",NA,"carrierper",-0.288572022824206,0.372992607657325,-0.773666868726049,114.172775754135,0.440726794546921,0.677373201471129
"s__Clostridium_sp_1001270H_150608_G6","fixed",NA,"carrierint",0.180928106724214,0.226719206366973,0.798027258578877,113.353552002943,0.426523352822761,0.664913117167805
"s__Clostridium_sp_AF12_28","fixed",NA,"(Intercept)",-5.52875855266063,0.0698236157759531,-79.181785291685,117.272988075226,1.17897595791655e-103,7.63682696615842e-103
"s__Clostridium_sp_AF12_28","fixed",NA,"carrierper",-0.149091180000946,0.210961423546396,-0.706722477951791,100.826303656111,0.481369028041149,0.703617200416965
"s__Clostridium_sp_AF12_28","fixed",NA,"carrierint",-0.195221386673365,0.128035724260015,-1.52474153445573,99.3198007616527,0.130501623075403,0.316859971980744
"s__Clostridium_sp_AF20_17LB","fixed",NA,"(Intercept)",-4.79887550935731,0.0968397245399371,-49.5548240368882,123.755060435225,1.78315650845034e-83,7.89141603739725e-83
"s__Clostridium_sp_AF20_17LB","fixed",NA,"carrierper",-0.414816654532708,0.295699845049317,-1.40283013832329,111.141358853413,0.163454843404622,0.374525663223319
"s__Clostridium_sp_AF20_17LB","fixed",NA,"carrierint",0.0312913322242567,0.179645141771273,0.17418412719503,110.083280347913,0.862040685876666,0.935501544325286
"s__Clostridium_sp_AF27_2AA","fixed",NA,"(Intercept)",-5.40563607988599,0.076766537989173,-70.4165671851503,128.128014954186,2.67998454805419e-104,1.76652502604135e-103
"s__Clostridium_sp_AF27_2AA","fixed",NA,"carrierper",-0.0449678034792823,0.230679730850582,-0.194936084386232,109.417672992673,0.845804490347971,0.926475135126624
"s__Clostridium_sp_AF27_2AA","fixed",NA,"carrierint",0.0150611712833213,0.139923790543753,0.10763838818826,107.589499983714,0.914483014622158,0.962534917863976
"s__Clostridium_sp_AF34_10BH","fixed",NA,"(Intercept)",-3.73784905135555,0.127093212121835,-29.4102964977576,118.775999548136,2.31143001035878e-56,7.63138797070835e-56
"s__Clostridium_sp_AF34_10BH","fixed",NA,"carrierper",-0.279291716378248,0.387974072090934,-0.719872116384073,106.144953904801,0.473185874381377,0.697483430584203
"s__Clostridium_sp_AF34_10BH","fixed",NA,"carrierint",0.175439924348537,0.235698375473254,0.744340829656864,105.087539562077,0.458331535355627,0.689067971947621
"s__Clostridium_sp_AF34_13","fixed",NA,"(Intercept)",-5.14807924874181,0.0847311011513219,-60.757846632346,125.987597483686,3.43414610583595e-95,1.76613228300135e-94
"s__Clostridium_sp_AF34_13","fixed",NA,"carrierper",-0.0246620699607783,0.258710979978592,-0.0953267231364478,113.324361701279,0.924223677486024,0.966022738276849
"s__Clostridium_sp_AF34_13","fixed",NA,"carrierint",-0.0583276362780266,0.157172643182051,-0.371105525091071,112.259541258663,0.711258356768286,0.861796533249341
"s__Clostridium_sp_AF36_4","fixed",NA,"(Intercept)",-4.58857973249805,0.0843707081568179,-54.3859336106243,118.074863993193,1.93727478459446e-85,8.80237474941947e-85
"s__Clostridium_sp_AF36_4","fixed",NA,"carrierper",-0.218088470768005,0.257991591568763,-0.845331700315812,106.11438123385,0.399827698621843,0.648593979046871
"s__Clostridium_sp_AF36_4","fixed",NA,"carrierint",0.0656041543904069,0.156756158605837,0.418510857716082,105.127717987206,0.67642739285836,0.840818113831906
"s__Clostridium_sp_AM22_11AC","fixed",NA,"(Intercept)",-4.75421965022299,0.120141623811183,-39.5717945155695,119.132037697416,2.20193702727452e-70,8.32732548496547e-70
"s__Clostridium_sp_AM22_11AC","fixed",NA,"carrierper",-0.278782187024667,0.371433841779402,-0.75055677664998,111.602042638478,0.454498998327229,0.687255351267021
"s__Clostridium_sp_AM22_11AC","fixed",NA,"carrierint",-0.279364170665997,0.225890625152116,-1.23672317289782,111.029940558883,0.218799444851989,0.451441535226112
"s__Clostridium_sp_AM33_3","fixed",NA,"(Intercept)",-5.70550483034095,0.105421578604881,-54.1208441938166,120.103468330452,3.30835978296047e-86,1.52919741079062e-85
"s__Clostridium_sp_AM33_3","fixed",NA,"carrierper",-0.544927456239071,0.322161267735774,-1.69147414917054,107.860222575867,0.0936336940408846,0.2434476045063
"s__Clostridium_sp_AM33_3","fixed",NA,"carrierint",0.0175624721240013,0.19573501764942,0.0897257544148659,106.843290150781,0.928673133084317,0.967200731084452
"s__Clostridium_sp_AM42_4","fixed",NA,"(Intercept)",-5.20419339608885,0.0388665723223943,-133.898954425942,114.954006128967,4.61056560793811e-128,8.71816042228297e-127
"s__Clostridium_sp_AM42_4","fixed",NA,"carrierper",-0.14259404670635,0.119402053135622,-1.19423446215272,104.893767043473,0.235079877328216,0.476781723031874
"s__Clostridium_sp_AM42_4","fixed",NA,"carrierint",-0.0670021760573097,0.0725779329064663,-0.923175590349999,104.095828213775,0.358050615797109,0.612112552886526
"s__Clostridium_sp_AM49_4BH","fixed",NA,"(Intercept)",-4.93355983215124,0.0665025102883963,-74.1860692289096,110.19836187756,6.68972972844488e-96,3.50789189121815e-95
"s__Clostridium_sp_AM49_4BH","fixed",NA,"carrierper",-0.182063392880614,0.203910813381626,-0.892857960111591,99.5007149035504,0.374087589513731,0.626939988871713
"s__Clostridium_sp_AM49_4BH","fixed",NA,"carrierint",-0.103733285137764,0.123926006820279,-0.837058239826943,98.6425878922295,0.404583212382005,0.650267974420365
"s__Clostridium_sp_AT4","fixed",NA,"(Intercept)",-4.92523322385438,0.117977964310031,-41.7470605859201,117.237420900012,3.24332518374458e-72,1.25444312891939e-71
"s__Clostridium_sp_AT4","fixed",NA,"carrierper",-0.114427278170582,0.36798653260071,-0.310955070452926,113.535960944926,0.75640495834421,0.8838829037247
"s__Clostridium_sp_AT4","fixed",NA,"carrierint",0.104660550885916,0.223944771081332,0.467349830855867,113.26929810684,0.641147444148362,0.819827879402823
"s__Clostridium_sp_C5_48","fixed",NA,"(Intercept)",-4.92675006692647,0.0563374796368012,-87.4506651466917,126.503953175151,5.30132703236345e-115,5.16879385655437e-114
"s__Clostridium_sp_C5_48","fixed",NA,"carrierper",-0.00488952289490949,0.17410288574448,-0.028084100237635,118.750213159559,0.977642217991503,0.988472124194713
"s__Clostridium_sp_C5_48","fixed",NA,"carrierint",0.281323758091096,0.105878678906067,2.65703880136887,118.157169502032,0.00897311225969001,0.0265365973935856
"s__Clostridium_sp_chh4_2","fixed",NA,"(Intercept)",-6.29071067082691,0.0555481094718307,-113.247970644564,125.189387148674,5.54729559991311e-128,1.03845373630373e-126
"s__Clostridium_sp_chh4_2","fixed",NA,"carrierper",0.0470751771731648,0.169286366825345,0.278080143463253,111.79888435908,0.781464466146915,0.891699517681475
"s__Clostridium_sp_chh4_2","fixed",NA,"carrierint",0.0620651763126772,0.10282767716907,0.603584346368429,110.655062521311,0.547355329590785,0.751758076162979
"s__Clostridium_sp_Marseille_P3244","fixed",NA,"(Intercept)",-6.05687342868252,0.0772151568555167,-78.441509094076,119.155598686765,2.06713917359015e-104,1.37711193343799e-103
"s__Clostridium_sp_Marseille_P3244","fixed",NA,"carrierper",0.110330854958389,0.23373761856011,0.472028660333149,103.342139058131,0.637901525439699,0.818523648550115
"s__Clostridium_sp_Marseille_P3244","fixed",NA,"carrierint",-0.0199358419866347,0.141885819874511,-0.140506232435818,101.915677446907,0.888537355012117,0.952113296269423
"s__Clostridium_spiroforme","fixed",NA,"(Intercept)",-6.14456747509481,0.0670897915959251,-91.5872195892768,135.542649222121,8.87267602811553e-124,1.3394878648897e-122
"s__Clostridium_spiroforme","fixed",NA,"carrierper",-0.058093035275669,0.20043660520772,-0.289832464561376,114.663214596676,0.77246786897207,0.889222631050573
"s__Clostridium_spiroforme","fixed",NA,"carrierint",0.22191278186925,0.121500755630977,1.82643129021555,112.481655072881,0.0704373928331825,0.189180486920685
"s__Clostridium_symbiosum","fixed",NA,"(Intercept)",-5.23527099196242,0.103786670447937,-50.4426143489074,126.097281812163,1.84135291209451e-85,8.3868920959633e-85
"s__Clostridium_symbiosum","fixed",NA,"carrierper",-0.189428413414393,0.312195402553225,-0.606762341357982,107.799580661298,0.545284426509683,0.750567975313328
"s__Clostridium_symbiosum","fixed",NA,"carrierint",0.136787721718575,0.189389732778612,0.722255212633271,106.03396853259,0.471727471659154,0.696242152954413
"s__Collinsella_aerofaciens","fixed",NA,"(Intercept)",-3.588983140946,0.16544104736648,-21.6934261362345,122.698022744029,8.24895625913177e-44,2.56512393971672e-43
"s__Collinsella_aerofaciens","fixed",NA,"carrierper",-1.01389768726749,0.503945502159001,-2.01191931056781,109.155695614482,0.0466917096470443,0.128539530087157
"s__Collinsella_aerofaciens","fixed",NA,"carrierint",-0.795976378340771,0.306092130662137,-2.60044705043191,107.996588983301,0.0106135001011234,0.0313382842102572
"s__Collinsella_bouchesdurhonensis","fixed",NA,"(Intercept)",-4.94369657030912,0.0478811918276488,-103.249237991073,112.358395664523,3.51866553203666e-113,3.26086231483793e-112
"s__Collinsella_bouchesdurhonensis","fixed",NA,"carrierper",-0.19897115040681,0.148109044102442,-1.34340986138016,105.136407046105,0.182031804518453,0.403304975723697
"s__Collinsella_bouchesdurhonensis","fixed",NA,"carrierint",-0.127495311382877,0.0900775005475065,-1.41539574930408,104.591472388971,0.159923218762558,0.369195023297567
"s__Collinsella_SGB14861","fixed",NA,"(Intercept)",-5.28192725311839,0.156675958425542,-33.712429821379,119.598435464662,6.45820330840775e-63,2.22647451074389e-62
"s__Collinsella_SGB14861","fixed",NA,"carrierper",-0.699399780091324,0.483095292020155,-1.44774704213459,110.954230062766,0.15050756225782,0.353070371612329
"s__Collinsella_SGB14861","fixed",NA,"carrierint",-0.0826000151532224,0.293735891357704,-0.281205047062615,110.284988897892,0.779080047464455,0.891097610563115
"s__Collinsella_SGB14987","fixed",NA,"(Intercept)",-5.02322335065123,0.0248707513847275,-201.973123889448,115.846789540012,1.92590920728653e-149,9.7440595568659e-148
"s__Collinsella_SGB14987","fixed",NA,"carrierper",0.121092396464982,0.0765707374266174,1.58144482519882,106.638253207244,0.116737924581952,0.291377859756553
"s__Collinsella_SGB14987","fixed",NA,"carrierint",0.0218987997449374,0.0465514826058393,0.47042110195198,105.91911052086,0.639021435452692,0.818523648550115
"s__Collinsella_SGB15196","fixed",NA,"(Intercept)",-4.70629208543222,0.035897775502413,-131.102610664995,105.75426542442,6.94777877658705e-119,7.93063528644571e-118
"s__Collinsella_SGB15196","fixed",NA,"carrierper",-0.089587714764568,0.110314018589468,-0.81211541298271,96.0493158458662,0.418733605400172,0.66121196853098
"s__Collinsella_SGB15196","fixed",NA,"carrierint",0.0165242542394861,0.0670554678421456,0.246426649030108,95.2860501754347,0.805882071745238,0.904443188433505
"s__Collinsella_SGB4121","fixed",NA,"(Intercept)",-4.6858657833496,0.0966958704847605,-48.4598334950416,117.604851685702,1.4630196561303e-79,6.11333213454448e-79
"s__Collinsella_SGB4121","fixed",NA,"carrierper",0.11586537341879,0.298081570042401,0.388703580037868,108.888479899643,0.698254444761111,0.854334850060653
"s__Collinsella_SGB4121","fixed",NA,"carrierint",0.110439238774491,0.18123871315934,0.609357884137016,108.213295356235,0.543564519253658,0.74996745492248
"s__Collinsella_stercoris","fixed",NA,"(Intercept)",-4.52681963825728,0.0397158530355251,-113.980168931739,123.257396465904,8.70145010058501e-127,1.53670892342407e-125
"s__Collinsella_stercoris","fixed",NA,"carrierper",0.085135250147245,0.122787925520764,0.6933519707754,115.697386603243,0.489478287507564,0.708116966162411
"s__Collinsella_stercoris","fixed",NA,"carrierint",0.142220928762117,0.0746745645385901,1.90454312845199,115.121823199772,0.0593350003791777,0.161212076501917
"s__Collinsella_tanakaei","fixed",NA,"(Intercept)",-5.30809961962382,0.0840916080786852,-63.1228221329409,118.250224606484,6.34019442197326e-93,3.19914931480699e-92
"s__Collinsella_tanakaei","fixed",NA,"carrierper",0.487015997214917,0.257379773189237,1.89220773326598,106.65352129256,0.0611750821543863,0.165677648676637
"s__Collinsella_tanakaei","fixed",NA,"carrierint",0.0147340383324057,0.156397285589728,0.0942090412685102,105.704076205563,0.925121450792674,0.966393676879788
"s__Coprobacillus_cateniformis","fixed",NA,"(Intercept)",-5.46131806139649,0.0862415113687853,-63.325862159846,126.81133625695,7.76423591889691e-98,4.30019220123521e-97
"s__Coprobacillus_cateniformis","fixed",NA,"carrierper",-0.148019879243176,0.256334638555957,-0.577447823973521,104.252148355927,0.56488199680546,0.763532309968558
"s__Coprobacillus_cateniformis","fixed",NA,"carrierint",-0.0119448098257645,0.155290224404412,-0.0769192643746682,101.806357542933,0.938838736850167,0.970461687125076
"s__Coprobacter_fastidiosus","fixed",NA,"(Intercept)",-4.75413214159342,0.108484590735229,-43.8231098939802,115.657993952466,7.05427695086673e-74,2.77428706975263e-73
"s__Coprobacter_fastidiosus","fixed",NA,"carrierper",-0.159811424726387,0.338555406776718,-0.472039204004751,112.199829277437,0.637815564349244,0.818523648550115
"s__Coprobacter_fastidiosus","fixed",NA,"carrierint",0.119395157769173,0.206041951305898,0.579470137088317,111.951447138788,0.56343625321803,0.763425602875078
"s__Coprobacter_secundus","fixed",NA,"(Intercept)",-5.0020586772257,0.0927644084484993,-53.9221751195959,117.337688688675,1.19297034196551e-84,5.3426805745441e-84
"s__Coprobacter_secundus","fixed",NA,"carrierper",0.0157383200236913,0.290237153032822,0.0542257249260971,115.015345853339,0.956849403284969,0.979880789359662
"s__Coprobacter_secundus","fixed",NA,"carrierint",0.0552673243534451,0.176668584392571,0.31283051564299,114.850465236924,0.754976764064888,0.8838829037247
"s__Coprococcus_catus","fixed",NA,"(Intercept)",-4.44884440729323,0.0849721144204515,-52.3565223442581,118.233968990729,1.21069009870363e-83,5.37064422932038e-83
"s__Coprococcus_catus","fixed",NA,"carrierper",-0.353249977604355,0.264188931928577,-1.33711119169767,113.120345971049,0.183868971674568,0.40520621864799
"s__Coprococcus_catus","fixed",NA,"carrierint",-0.045372135293085,0.160738581167791,-0.28227283682268,112.74541628027,0.778251830493597,0.891097610563115
"s__Coprococcus_comes","fixed",NA,"(Intercept)",-4.35390483618922,0.137646522303279,-31.6310558620303,118.258345826768,1.52570365469448e-59,5.10933316920942e-59
"s__Coprococcus_comes","fixed",NA,"carrierper",-0.607903636373608,0.428198920735036,-1.41967577902834,113.387197977753,0.158445588225565,0.36709175885923
"s__Coprococcus_comes","fixed",NA,"carrierint",-0.172449144064453,0.260536908964136,-0.661899094259201,113.031168728872,0.509383079639689,0.725144581814066
"s__Coprococcus_eutactus","fixed",NA,"(Intercept)",-4.29964543817876,0.113996837500115,-37.7172343765628,116.876005358586,2.84574021019658e-67,1.03240807625736e-66
"s__Coprococcus_eutactus","fixed",NA,"carrierper",-0.470815747360767,0.354121283091945,-1.32953247895728,111.394911892811,0.186388640673178,0.409529971056561
"s__Coprococcus_eutactus","fixed",NA,"carrierint",0.0140899890780451,0.215441283445869,0.0654005994240436,110.991206711725,0.947972699499142,0.974522182022182
"s__Coprococcus_SGB4669","fixed",NA,"(Intercept)",-4.52057878834655,0.0614533450594594,-73.5611508856459,118.982276392923,4.7940553934301e-101,2.82216091084942e-100
"s__Coprococcus_SGB4669","fixed",NA,"carrierper",-0.0125056798087913,0.190138521424733,-0.065771416097509,111.779726559161,0.947677302475975,0.974522182022182
"s__Coprococcus_SGB4669","fixed",NA,"carrierint",-0.112300247113144,0.115641398332825,-0.971107654630183,111.235369008031,0.333601595218349,0.590161383321797
"s__Desulfovibrio_piger","fixed",NA,"(Intercept)",-4.7031696960859,0.0549064458211103,-85.6578790659519,113.165391597478,9.62850651204037e-105,6.48365618364733e-104
"s__Desulfovibrio_piger","fixed",NA,"carrierper",-0.205163216030045,0.171078353570076,-1.19923538980054,109.025045593325,0.233036311750275,0.47366338284095
"s__Desulfovibrio_piger","fixed",NA,"carrierint",-0.106739313628001,0.10410467142351,-1.02530762710708,108.725477166426,0.307493826770672,0.56768091096124
"s__Desulfovibrio_porci","fixed",NA,"(Intercept)",-6.0520700457105,0.0709790387589088,-85.2655960341656,117.357287475509,2.02891014558329e-107,1.55660647234915e-106
"s__Desulfovibrio_porci","fixed",NA,"carrierper",0.249211861844822,0.222602116937412,1.11953949618049,116.109995792474,0.265220634389491,0.520979042578309
"s__Desulfovibrio_porci","fixed",NA,"carrierint",0.0298428987260298,0.135521701502809,0.220207526876507,116.02231052279,0.826096539364398,0.913979149935078
"s__Desulfovibrio_SGB5076","fixed",NA,"(Intercept)",-5.53342457927066,0.0589124640633584,-93.9262118338768,128.81390126191,1.65062902856011e-120,2.10202553841124e-119
"s__Desulfovibrio_SGB5076","fixed",NA,"carrierper",-0.0863641790177316,0.176115149237878,-0.490384724945383,108.229994555873,0.624854385101795,0.812402576103422
"s__Desulfovibrio_SGB5076","fixed",NA,"carrierint",0.320061365533958,0.106765155133792,2.99780733829194,106.113057778948,0.0033871509953107,0.0101128335936549
"s__Desulfovibrio_SGB5077","fixed",NA,"(Intercept)",-4.5046696131004,0.0659644443808851,-68.2893588414085,109.914226105013,7.55635161475852e-92,3.76209846351807e-91
"s__Desulfovibrio_SGB5077","fixed",NA,"carrierper",-0.221225824071513,0.19823026566835,-1.11600427576299,91.9083775238031,0.267329625430573,0.523473910884972
"s__Desulfovibrio_SGB5077","fixed",NA,"carrierint",-0.0461357357921285,0.12024153572835,-0.383692170202802,90.190373910624,0.702109631348672,0.85670812647084
"s__Dialister_hominis","fixed",NA,"(Intercept)",-5.03070712033033,0.204756844440092,-24.5691768403972,118.250646532858,2.81666739274738e-48,8.98262582491156e-48
"s__Dialister_hominis","fixed",NA,"carrierper",-0.259401914852829,0.639600878849188,-0.405568415289801,115.200203095706,0.68581199198777,0.847490707486333
"s__Dialister_hominis","fixed",NA,"carrierint",-0.184254695345187,0.389282382891561,-0.473318864256215,114.9819770925,0.636883079765737,0.818523648550115
"s__Dialister_invisus","fixed",NA,"(Intercept)",-5.11671121917129,0.119552103952131,-42.7990060402453,115.813370630894,8.01697488269642e-73,3.12011995434672e-72
"s__Dialister_invisus","fixed",NA,"carrierper",-0.170506367126147,0.368273149321826,-0.462988864217046,106.828777348116,0.644314125582163,0.821691446546368
"s__Dialister_invisus","fixed",NA,"carrierint",0.433971591297541,0.223903205293074,1.93821071355143,106.129937633981,0.0552540870979124,0.151221712057445
"s__Dielma_fastidiosa","fixed",NA,"(Intercept)",-5.72091310930419,0.0886849127434741,-64.5083017204092,123.60392271377,4.91791617322639e-97,2.66079164054329e-96
"s__Dielma_fastidiosa","fixed",NA,"carrierper",-0.368027305795957,0.265495702262883,-1.38618931553006,103.657173432408,0.168663705213853,0.384577900317092
"s__Dielma_fastidiosa","fixed",NA,"carrierint",0.256730372658437,0.160975741415137,1.59483888939738,101.648595335907,0.113852932935859,0.285362331746531
"s__Dorea_formicigenerans","fixed",NA,"(Intercept)",-3.945205898775,0.0791725272863716,-49.8304908785463,118.804511155545,1.76828656868576e-81,7.5232555831358e-81
"s__Dorea_formicigenerans","fixed",NA,"carrierper",-0.170141727783956,0.24304759267814,-0.700034614246393,108.37989354244,0.485405630962219,0.706941211379867
"s__Dorea_formicigenerans","fixed",NA,"carrierint",-0.27445491708157,0.14772611719418,-1.85786320181156,107.546126416815,0.0659237671264725,0.17782318740743
"s__Dorea_longicatena","fixed",NA,"(Intercept)",-3.41547929888968,0.106025512708552,-32.2137494234837,118.821434571955,1.48924651552957e-60,5.03225537377499e-60
"s__Dorea_longicatena","fixed",NA,"carrierper",-0.463913671296696,0.32803221355418,-1.41423205443837,111.602529105061,0.160077505060303,0.369195023297567
"s__Dorea_longicatena","fixed",NA,"carrierint",-0.13601780542701,0.199507059698589,-0.68176938516613,111.056824910578,0.496804138106011,0.715948688633143
"s__Dorea_sp_AF24_7LB","fixed",NA,"(Intercept)",-5.38824799454152,0.0834602823928768,-64.5606250069602,119.092998394184,1.57697345543456e-94,8.06583144418988e-94
"s__Dorea_sp_AF24_7LB","fixed",NA,"carrierper",0.108099267616665,0.257094049856104,0.420465847720585,110.058974591188,0.674964994269802,0.840818113831906
"s__Dorea_sp_AF24_7LB","fixed",NA,"carrierint",0.106397335217047,0.156308367367833,0.68068867334957,109.354864475204,0.497507239793186,0.716410425302188
"s__Dorea_sp_AF36_15AT","fixed",NA,"(Intercept)",-5.13317787643131,0.107032407748443,-47.9590993458332,116.081492863598,2.29302222323805e-78,9.41345965329306e-78
"s__Dorea_sp_AF36_15AT","fixed",NA,"carrierper",0.0888214256118872,0.329990763543835,0.269163368871348,107.443674687282,0.788320170398323,0.894046394312868
"s__Dorea_sp_AF36_15AT","fixed",NA,"carrierint",-0.0466906423074555,0.200642271336307,-0.23270590985882,106.775829045577,0.816435255211633,0.910283977222262
"s__Drancourtella_sp_An57","fixed",NA,"(Intercept)",-4.7463876642539,0.0306100125534023,-155.05997117686,143.564477129501,9.95549298654422e-162,8.87461089086228e-160
"s__Drancourtella_sp_An57","fixed",NA,"carrierper",-0.0257255877029833,0.09296494444432,-0.276723531184287,128.885226735644,0.78243569301752,0.891699517681475
"s__Drancourtella_sp_An57","fixed",NA,"carrierint",0.10826706422995,0.0564505115008101,1.91791112873081,127.567647675797,0.0573573158241723,0.156292423905168
"s__Duodenibacillus_massiliensis","fixed",NA,"(Intercept)",-5.3479427157737,0.113739533338757,-47.0192074715625,117.79854805793,3.51296167612524e-78,1.43586555845119e-77
"s__Duodenibacillus_massiliensis","fixed",NA,"carrierper",0.0964317577324825,0.353573056819705,0.27273502851111,112.617487657951,0.785556373758271,0.893415268332614
"s__Duodenibacillus_massiliensis","fixed",NA,"carrierint",0.173598258347221,0.215119296567815,0.806985989248507,112.237318602849,0.421381345329839,0.66121196853098
"s__Dysgonomonas_mossii","fixed",NA,"(Intercept)",-5.37766748439322,0.0462219683123348,-116.344406799269,179.286278928348,8.323882129508e-171,1.41657339513082e-168
"s__Dysgonomonas_mossii","fixed",NA,"carrierper",0.0718386474144925,0.134096344194433,0.535724130632004,151.192849289635,0.592936424296879,0.787776427454761
"s__Dysgonomonas_mossii","fixed",NA,"carrierint",0.102474482423401,0.0809576086296914,1.26577951298104,146.893990286446,0.207595914747493,0.435672143954381
"s__Dysosmobacter_sp_BX15","fixed",NA,"(Intercept)",-4.3358837650059,0.132037493069626,-32.8382769484989,119.456737698491,1.21948348628334e-61,4.1658267998584e-61
"s__Dysosmobacter_sp_BX15","fixed",NA,"carrierper",-0.143300522760603,0.407611783345631,-0.351561286046268,111.309228305776,0.725831930312668,0.871818858031313
"s__Dysosmobacter_sp_BX15","fixed",NA,"carrierint",-0.121927662286858,0.247863576402749,-0.491914399269137,110.683815823152,0.623754056700687,0.812008062686847
"s__Dysosmobacter_sp_NSJ_60","fixed",NA,"(Intercept)",-4.51732016302821,0.0859996260839529,-52.5272070208584,128.828335294841,7.2378269649737e-89,3.47415694318738e-88
"s__Dysosmobacter_sp_NSJ_60","fixed",NA,"carrierper",-0.454664443968557,0.260047425152649,-1.74839048570339,112.415178606339,0.0831263573008303,0.219791724388636
"s__Dysosmobacter_sp_NSJ_60","fixed",NA,"carrierint",0.0467882557526639,0.157839722428895,0.29642890289383,110.903510216144,0.76745695440747,0.887182007218298
"s__Dysosmobacter_welbionis","fixed",NA,"(Intercept)",-3.84789887824913,0.175161384761354,-21.9677349747586,121.051861925426,4.70090863379135e-44,1.4666834937429e-43
"s__Dysosmobacter_welbionis","fixed",NA,"carrierper",-0.700030554016084,0.537276809290951,-1.30292345009255,110.263808676568,0.195315321647646,0.419300782252745
"s__Dysosmobacter_welbionis","fixed",NA,"carrierint",0.177364334351806,0.326538012382395,0.543165964225023,109.39395134076,0.588120608046302,0.785279442412751
"s__Eggerthella_guodeyinii","fixed",NA,"(Intercept)",-5.50777391634816,0.0461930646522485,-119.23378450449,150.584922439191,5.83648402987297e-151,3.31087821330976e-149
"s__Eggerthella_guodeyinii","fixed",NA,"carrierper",-0.0322630646518962,0.133615009814262,-0.241462876788656,118.563006408679,0.809613493141209,0.905915396987653
"s__Eggerthella_guodeyinii","fixed",NA,"carrierint",-0.0367988887897448,0.0806272280815559,-0.456407713192398,113.862788220611,0.64896622627145,0.825876801889975
"s__Eggerthella_lenta","fixed",NA,"(Intercept)",-4.97804840775918,0.128977280032381,-38.5963202705888,123.606436840695,8.31975346124041e-71,3.17201191027333e-70
"s__Eggerthella_lenta","fixed",NA,"carrierper",-0.303975523650779,0.388733625186113,-0.781963545101726,106.080694037253,0.435977899621347,0.671728912009187
"s__Eggerthella_lenta","fixed",NA,"carrierint",0.124802213236423,0.235869430242626,0.529115676872778,104.426063836578,0.597848154950414,0.792614551039076
"s__Eisenbergiella_massiliensis","fixed",NA,"(Intercept)",-5.52339175626955,0.073617521848603,-75.0282217816106,119.708602233118,1.6737633861356e-102,1.03751160888935e-101
"s__Eisenbergiella_massiliensis","fixed",NA,"carrierper",-0.246159365781612,0.224722361911793,-1.09539328301575,107.044477356203,0.275802840155126,0.536140100488468
"s__Eisenbergiella_massiliensis","fixed",NA,"carrierint",0.05195039099346,0.136520795187356,0.380530972751552,105.983121696019,0.7043129308967,0.85670812647084
"s__Eisenbergiella_sp_OF01_20","fixed",NA,"(Intercept)",-5.66992705384706,0.0742578515005518,-76.3545798763775,142.203155344497,2.6054687744471e-117,2.74013345267695e-116
"s__Eisenbergiella_sp_OF01_20","fixed",NA,"carrierper",-0.16870494391796,0.224740277833837,-0.750666260378536,126.160931682142,0.454251336780202,0.687255351267021
"s__Eisenbergiella_sp_OF01_20","fixed",NA,"carrierint",0.0766167867500869,0.136421448018186,0.561618336875249,124.673649976184,0.575384275231517,0.773237159535822
"s__Eisenbergiella_tayi","fixed",NA,"(Intercept)",-5.29664746829315,0.117992130844496,-44.8898365542165,121.12394821704,2.43480467644729e-77,9.80205237485876e-77
"s__Eisenbergiella_tayi","fixed",NA,"carrierper",-0.428435013976045,0.360325883269002,-1.18902092208623,108.59165181355,0.2370249842131,0.479687319402079
"s__Eisenbergiella_tayi","fixed",NA,"carrierint",-0.0124253963279094,0.218909116691957,-0.0567605247130666,107.543698174287,0.954841283805501,0.978895335861938
"s__Ellagibacter_isourolithinifaciens","fixed",NA,"(Intercept)",-5.26747138733473,0.0365477590372958,-144.125700893437,113.353287495541,3.01275887275115e-130,6.33694899976422e-129
"s__Ellagibacter_isourolithinifaciens","fixed",NA,"carrierper",-0.125073719738938,0.110594154987695,-1.13092522613744,97.6147629528638,0.260857483389063,0.516200009412606
"s__Ellagibacter_isourolithinifaciens","fixed",NA,"carrierint",-0.00343713469516102,0.0671316434445519,-0.0511999188281449,96.1994474060594,0.959272379123383,0.980950685817808
"s__Emergencia_timonensis","fixed",NA,"(Intercept)",-4.39367859629167,0.0288689308161835,-152.194018693226,116.701677793435,4.64954534472516e-136,1.4268768664468e-134
"s__Emergencia_timonensis","fixed",NA,"carrierper",-0.0641188818508994,0.0894983522772019,-0.716425277331419,110.359804451285,0.475242136407037,0.698863534449312
"s__Emergencia_timonensis","fixed",NA,"carrierint",0.0596708882718744,0.0544408740214937,1.09606778627977,109.887033565537,0.275445444625851,0.536063000269258
"s__Enorma_massiliensis","fixed",NA,"(Intercept)",-6.16970501463004,0.111367989761484,-55.3992671309203,123.173323222695,6.4047211661797e-89,3.08216915760627e-88
"s__Enorma_massiliensis","fixed",NA,"carrierper",0.926232964086441,0.342225712151427,2.70649729461766,113.095930124794,0.00785371644071702,0.0232629069256681
"s__Enorma_massiliensis","fixed",NA,"carrierint",0.156649984818295,0.208024848392607,0.753034966873998,112.293760274583,0.453004737228909,0.687255351267021
"s__Enterobacter_cloacae","fixed",NA,"(Intercept)",-5.78394122264213,0.0572274450085803,-101.069359671307,154.653130476867,3.80245794741074e-143,1.51451091011764e-141
"s__Enterobacter_cloacae","fixed",NA,"carrierper",0.175640228929223,0.161808942162018,1.08547912483944,115.242782225883,0.279974939987457,0.538814710698586
"s__Enterobacter_cloacae","fixed",NA,"carrierint",0.222213574566434,0.0972131674711075,2.28583822898762,108.058857379828,0.024214568380069,0.0693114250879039
"s__Enterobacter_hormaechei","fixed",NA,"(Intercept)",-6.0317703257917,0.071121476296118,-84.8094083519599,107.537125209349,2.49126932551239e-100,1.4438564016592e-99
"s__Enterobacter_hormaechei","fixed",NA,"carrierper",-0.214475731664211,0.202061348037073,-1.06143868556623,72.5788256001709,0.292009879669911,0.552164136103104
"s__Enterobacter_hormaechei","fixed",NA,"carrierint",0.00181119351619721,0.121520506577545,0.0149044269745654,67.2280091695226,0.988152571927224,0.996671128581769
"s__Enterobacter_kobei","fixed",NA,"(Intercept)",-5.74087714806547,0.038804202111944,-147.944728550376,114.229726798453,2.42100640703549e-132,5.66515499246304e-131
"s__Enterobacter_kobei","fixed",NA,"carrierper",0.0300664379441434,0.112966759618391,0.266152964338445,85.5654706972454,0.790761694516944,0.89498542450769
"s__Enterobacter_kobei","fixed",NA,"carrierint",0.14001260037108,0.0682389070012556,2.05180016099179,81.8973611379404,0.0433841663592973,0.11978637083275
"s__Enterobacter_roggenkampii","fixed",NA,"(Intercept)",-5.29712256207865,0.0832488920541962,-63.6299466740068,123.302773389726,3.7466513211035e-96,1.98128002065134e-95
"s__Enterobacter_roggenkampii","fixed",NA,"carrierper",-0.0024926682143031,0.246477592796921,-0.0101131635781467,99.532500360932,0.991951243319325,0.99888796530058
"s__Enterobacter_roggenkampii","fixed",NA,"carrierint",0.188460181759017,0.149245696242707,1.26275119821571,96.8730428094845,0.209709750556617,0.438633131890488
"s__Enterocloster_aldenensis","fixed",NA,"(Intercept)",-5.28111608959445,0.0876133926484384,-60.2774978796416,127.625891101039,1.23310403796368e-95,6.39437883398339e-95
"s__Enterocloster_aldenensis","fixed",NA,"carrierper",-0.119827862700183,0.264000368037096,-0.453892786556059,109.929868495674,0.650800831022017,0.825965529269977
"s__Enterocloster_aldenensis","fixed",NA,"carrierint",0.0294518184579675,0.160181807328502,0.183864940402173,108.247121330571,0.854463395725973,0.932685409212257
"s__Enterocloster_asparagiformis","fixed",NA,"(Intercept)",-5.48058672948857,0.0890506025221054,-61.5446338853024,125.937875616115,7.60895220228182e-96,3.96767646871074e-95
"s__Enterocloster_asparagiformis","fixed",NA,"carrierper",-0.215383766364358,0.268174993925586,-0.803146345643707,108.059606222447,0.423653214142618,0.662827018054491
"s__Enterocloster_asparagiformis","fixed",NA,"carrierint",0.072415244133553,0.162704875728598,0.445071137599749,106.353581451561,0.657172878090807,0.830113109167335
"s__Enterocloster_bolteae","fixed",NA,"(Intercept)",-4.52309494216102,0.129840085232857,-34.8358901185966,123.747650480628,8.26648012769519e-66,2.95886248547713e-65
"s__Enterocloster_bolteae","fixed",NA,"carrierper",-0.367909861188472,0.394701114649504,-0.932122681019477,109.410433237191,0.353325490178334,0.607330938811755
"s__Enterocloster_bolteae","fixed",NA,"carrierint",0.248965418161326,0.239692890478054,1.03868503427356,108.159757272002,0.301267685018704,0.56359542104386
"s__Enterocloster_citroniae","fixed",NA,"(Intercept)",-5.67236509709444,0.095208238589573,-59.5785110734699,124.737798074406,1.6953357907478e-93,8.60072791403761e-93
"s__Enterocloster_citroniae","fixed",NA,"carrierper",-0.353774342233982,0.28278671613509,-1.25102885690352,102.002615553061,0.213785770969271,0.44516903587817
"s__Enterocloster_citroniae","fixed",NA,"carrierint",0.0877612645222848,0.171300283682787,0.512324104989812,99.5291257777019,0.609559242875489,0.802735198539297
"s__Enterocloster_clostridioformis","fixed",NA,"(Intercept)",-5.2508652811777,0.0721373780125598,-72.7897994887404,112.749413673626,1.2701498492821e-96,6.81295277322665e-96
"s__Enterocloster_clostridioformis","fixed",NA,"carrierper",-0.0847748062561712,0.222382230106162,-0.381212141886072,104.125825618667,0.703822565335524,0.85670812647084
"s__Enterocloster_clostridioformis","fixed",NA,"carrierint",-0.207523569833917,0.135212531013465,-1.53479539417283,103.459885007584,0.127886599867017,0.312537486881274
"s__Enterocloster_lavalensis","fixed",NA,"(Intercept)",-5.29585461306375,0.0235330359524033,-225.039158728813,95.879067059211,2.19568997537793e-132,5.20295143532594e-131
"s__Enterocloster_lavalensis","fixed",NA,"carrierper",-0.0509326994430837,0.0680310489353647,-0.748668442426547,67.5657635892627,0.456655450387,0.687738538314131
"s__Enterocloster_lavalensis","fixed",NA,"carrierint",0.0400724782521844,0.041047943820228,0.976235945646492,63.8767363424281,0.332630312821218,0.589662827273978
"s__Enterococcus_avium","fixed",NA,"(Intercept)",-4.92345332835585,0.0421957496184983,-116.681262280442,125.107532332922,1.59020241249105e-129,3.20092356578845e-128
"s__Enterococcus_avium","fixed",NA,"carrierper",0.0519500967642313,0.128142703376964,0.405408153528703,110.367458476169,0.68596231983498,0.847490707486333
"s__Enterococcus_avium","fixed",NA,"carrierint",-0.0661919079638851,0.0778107587235935,-0.850678094516698,109.068216344182,0.396811885420226,0.648195331157646
"s__Enterococcus_casseliflavus","fixed",NA,"(Intercept)",-4.99670579549123,0.0264302646849751,-189.052431182489,143.575243174337,4.88956839973543e-174,1.30761029204353e-171
"s__Enterococcus_casseliflavus","fixed",NA,"carrierper",-0.0128910115984179,0.0757907824932228,-0.170086799137753,108.475129447852,0.865258691270596,0.937733006359053
"s__Enterococcus_casseliflavus","fixed",NA,"carrierint",-0.0150379561122063,0.0456640996909423,-0.329316820302693,103.008074037467,0.742584897508843,0.879265609194532
"s__Enterococcus_faecalis","fixed",NA,"(Intercept)",-5.09477539432863,0.0597071027218749,-85.3294693943014,117.106023846571,2.77080197450602e-107,2.11711889643889e-106
"s__Enterococcus_faecalis","fixed",NA,"carrierper",0.0536092010870528,0.176912256022033,0.30302706150769,93.9160092468002,0.762539443056829,0.88552967580793
"s__Enterococcus_faecalis","fixed",NA,"carrierint",-0.102901108878608,0.107133400822683,-0.960495121861391,91.3662020119912,0.339341089410436,0.592742154961264
"s__Enterococcus_faecium","fixed",NA,"(Intercept)",-5.40266936097036,0.0680947886977575,-79.3404233171264,89.8646275538867,5.39808040797469e-85,2.4233109169613e-84
"s__Enterococcus_faecium","fixed",NA,"carrierper",-0.19819091356859,0.204466560586882,-0.969307220700151,73.1988941085874,0.335583902724489,0.590603196221208
"s__Enterococcus_faecium","fixed",NA,"carrierint",-0.242202133756044,0.124013476998469,-1.95303074809389,71.6370366714711,0.0547227671842058,0.150206774441105
"s__Enterococcus_gallinarum","fixed",NA,"(Intercept)",-5.80721574875655,0.0534497340934393,-108.648169111647,121.902894547107,3.44211534182026e-123,5.03409368741214e-122
"s__Enterococcus_gallinarum","fixed",NA,"carrierper",0.335092310272384,0.156348310291713,2.14324228798618,94.1684171968338,0.034670836975044,0.0975997094996729
"s__Enterococcus_gallinarum","fixed",NA,"carrierint",0.10121426602599,0.0945129669669804,1.07090348842133,90.7102349273171,0.287053954305226,0.545905201110548
"s__Enterococcus_raffinosus","fixed",NA,"(Intercept)",-5.35927720063436,0.0459059305034481,-116.744767873332,116.102739991815,3.2474558186669e-122,4.40524441488727e-121
"s__Enterococcus_raffinosus","fixed",NA,"carrierper",0.0155207882885806,0.138879626192519,0.111757128918717,100.173345837781,0.911239609617693,0.961036929129196
"s__Enterococcus_raffinosus","fixed",NA,"carrierint",-0.115031104427973,0.084299221786426,-1.36455713339094,98.7334934725118,0.175494279620942,0.394862129147118
"s__Erysipelatoclostridium_ramosum","fixed",NA,"(Intercept)",-4.85997329813801,0.133790447623339,-36.3252637573971,124.13772218778,5.43375893387905e-68,1.98671811019953e-67
"s__Erysipelatoclostridium_ramosum","fixed",NA,"carrierper",0.176276724908379,0.408506892765859,0.431514689299048,111.497953676528,0.666927396962189,0.836388370665766
"s__Erysipelatoclostridium_ramosum","fixed",NA,"carrierint",0.334251863637376,0.248177089896355,1.34682804031979,110.436851542528,0.180792997202461,0.402431023499413
"s__Erysipelotrichaceae_bacterium_3_1_53","fixed",NA,"(Intercept)",-5.86028605297597,0.0684224814709713,-85.6485460186392,120.0024227992,1.84040312132555e-109,1.49144356845084e-108
"s__Erysipelotrichaceae_bacterium_3_1_53","fixed",NA,"carrierper",-0.13439342341496,0.208673608978711,-0.644036512679811,106.979704514039,0.520930173462804,0.73432325656805
"s__Erysipelotrichaceae_bacterium_3_1_53","fixed",NA,"carrierint",-0.197650096127545,0.126760607576148,-1.55923910358991,105.879477499856,0.121923926648562,0.301508045820487
"s__Escherichia_coli","fixed",NA,"(Intercept)",-2.97102885992482,0.144322803257604,-20.5859974506023,129.727403556552,1.07479753646845e-42,3.33116057660419e-42
"s__Escherichia_coli","fixed",NA,"carrierper",0.533108043162635,0.435888824943786,1.22303673013729,112.861659599698,0.223863455832234,0.460013599690387
"s__Escherichia_coli","fixed",NA,"carrierint",-0.0417527079670834,0.264537775232637,-0.157832687336868,111.289084615345,0.874874662579999,0.941825499506814
"s__Escherichia_marmotae","fixed",NA,"(Intercept)",-5.78845514653222,0.0749200888402176,-77.2617229389208,128.070369453168,2.63105230103302e-109,2.1229870291094e-108
"s__Escherichia_marmotae","fixed",NA,"carrierper",0.340529643690418,0.223966226619333,1.5204508681088,107.49726881002,0.131333689669321,0.318467185312136
"s__Escherichia_marmotae","fixed",NA,"carrierint",-0.176600461873114,0.135773417493923,-1.30069983604131,105.383441836973,0.196198296680393,0.420232507306288
"s__Eubacteriaceae_bacterium","fixed",NA,"(Intercept)",-5.56763717401987,0.123364744729309,-45.1315097051153,119.240543044543,8.27469569433166e-77,3.32408376390319e-76
"s__Eubacteriaceae_bacterium","fixed",NA,"carrierper",0.0232073638182632,0.37658411838568,0.061625975937985,106.591241232119,0.950976096093978,0.976001782833294
"s__Eubacteriaceae_bacterium","fixed",NA,"carrierint",0.0332025444645127,0.228778412884806,0.145129708899724,105.531678428455,0.884885286420513,0.950921501825028
"s__Eubacteriales_unclassified_SGB15145","fixed",NA,"(Intercept)",-4.36736438681671,0.043388621745215,-100.656905224198,122.113934886635,2.39327045169656e-119,2.84703322955392e-118
"s__Eubacteriales_unclassified_SGB15145","fixed",NA,"carrierper",-0.178553212163837,0.133307043107641,-1.33941319229218,111.977790943201,0.183148440381257,0.404333979789627
"s__Eubacteriales_unclassified_SGB15145","fixed",NA,"carrierint",-0.0608985319439261,0.0810306628473434,-0.751549225984428,111.170447917038,0.453910288039769,0.687255351267021
"s__Eubacterium_callanderi","fixed",NA,"(Intercept)",-5.70298241523892,0.0612461725442307,-93.1157356995711,109.266647086954,6.4274165353747e-106,4.47290845881838e-105
"s__Eubacterium_callanderi","fixed",NA,"carrierper",-0.0879416009572099,0.187246209051537,-0.469657577596164,97.4788504951318,0.639648598608691,0.818523648550115
"s__Eubacterium_callanderi","fixed",NA,"carrierint",0.138621317880194,0.113769294024173,1.21844227890472,96.5119707584818,0.226026042512686,0.462427050911199
"s__Eubacterium_limosum","fixed",NA,"(Intercept)",-5.52204587988482,0.0526642165577539,-104.853850314646,117.364896824261,7.9029397018703e-118,8.551620301677e-117
"s__Eubacterium_limosum","fixed",NA,"carrierper",-0.0314997186390223,0.156124610078404,-0.201760110870435,94.3313784447551,0.840538725217829,0.924398277548747
"s__Eubacterium_limosum","fixed",NA,"carrierint",0.0122464528809083,0.0945511363861847,0.129522006281225,91.8098453005297,0.897227954672119,0.957133164615066
"s__Eubacterium_ramulus","fixed",NA,"(Intercept)",-4.76691353949833,0.103173985452041,-46.2026693900873,121.712516340103,5.00697540068202e-79,2.07828335921879e-78
"s__Eubacterium_ramulus","fixed",NA,"carrierper",0.064846433657571,0.316115623434206,0.205135174760091,110.470376027163,0.837844022908159,0.923427378443877
"s__Eubacterium_ramulus","fixed",NA,"carrierint",-0.152463441080617,0.192105641752237,-0.793643745649344,109.555288376499,0.429118467220017,0.665542477743058
"s__Eubacterium_rectale","fixed",NA,"(Intercept)",-3.41325799494102,0.194331324700449,-17.564116336892,118.879656696764,7.9781342054265e-35,2.43242137338085e-34
"s__Eubacterium_rectale","fixed",NA,"carrierper",-0.638353011428386,0.600123163562603,-1.06370333655984,110.880444479072,0.289774169806061,0.549045795422011
"s__Eubacterium_rectale","fixed",NA,"carrierint",-0.0267820558849316,0.364937259903343,-0.0733881103070293,110.268065342117,0.941630238166881,0.972810047377705
"s__Eubacterium_siraeum","fixed",NA,"(Intercept)",-5.56308022945851,0.145716302551629,-38.1774731587595,126.574799929854,2.59399550590544e-71,9.91012160623465e-71
"s__Eubacterium_siraeum","fixed",NA,"carrierper",-0.00292776180291449,0.443844785326788,-0.00659636408876334,112.962989914178,0.994748536249068,0.99914858567332
"s__Eubacterium_siraeum","fixed",NA,"carrierint",-0.0457327065331494,0.269586488494792,-0.169640202624743,111.793321566726,0.865599698177587,0.937733006359053
"s__Eubacterium_sp_AF16_48","fixed",NA,"(Intercept)",-5.07040694115588,0.0911327826854674,-55.6375740073219,127.146470460906,4.03832236197538e-91,1.99993107450209e-90
"s__Eubacterium_sp_AF16_48","fixed",NA,"carrierper",0.483056895410201,0.277965435432154,1.73783080136993,114.060870497334,0.0849395659329968,0.22395333440362
"s__Eubacterium_sp_AF16_48","fixed",NA,"carrierint",-0.26040525657087,0.168854203817757,-1.54218995253398,112.949309915686,0.125824544378523,0.308707139025681
"s__Eubacterium_sp_AF34_35BH","fixed",NA,"(Intercept)",-4.30924387387401,0.0534896746471194,-80.5621627408063,128.639580482721,5.92909058724998e-112,5.36196018325216e-111
"s__Eubacterium_sp_AF34_35BH","fixed",NA,"carrierper",-0.0413163122303068,0.16251775337848,-0.254226454472867,114.038170720906,0.799778450680992,0.900291797759962
"s__Eubacterium_sp_AF34_35BH","fixed",NA,"carrierint",-0.0307083232093538,0.0986883900808777,-0.311164496494344,112.752134489976,0.756250128501271,0.8838829037247
"s__Eubacterium_ventriosum","fixed",NA,"(Intercept)",-5.00871212114212,0.158846460719136,-31.5317829460379,121.425547563015,2.53028961807243e-60,8.50395361765098e-60
"s__Eubacterium_ventriosum","fixed",NA,"carrierper",-1.03501288242859,0.48816209106481,-2.12022379732715,111.399500336261,0.0362066381613642,0.101465309338434
"s__Eubacterium_ventriosum","fixed",NA,"carrierint",0.427485878573349,0.296735491422982,1.44062941889209,110.602858588589,0.152514317790722,0.35688350363029
"s__Evtepia_gabavorous","fixed",NA,"(Intercept)",-4.6474552624044,0.0846924108207586,-54.8745184765159,121.21594068882,1.8610386290294e-87,8.75342792347497e-87
"s__Evtepia_gabavorous","fixed",NA,"carrierper",-0.0439626504545266,0.261516568453036,-0.168106559039763,113.15195081539,0.866799555043869,0.938489743806896
"s__Evtepia_gabavorous","fixed",NA,"carrierint",0.207276881048049,0.159028002710969,1.30339863115034,112.533399673302,0.195099056754519,0.419300782252745
"s__Faecalibacillus_intestinalis","fixed",NA,"(Intercept)",-5.09797556315622,0.0999781161006253,-50.9909144319668,121.571714888257,6.42016296459933e-84,2.8615583499357e-83
"s__Faecalibacillus_intestinalis","fixed",NA,"carrierper",-0.105086983851715,0.303297340931319,-0.346481718333005,106.497550238754,0.729664354177926,0.873357845921406
"s__Faecalibacillus_intestinalis","fixed",NA,"carrierint",0.136727027307497,0.184149380609657,0.742478887818354,105.160823955368,0.459452505678553,0.689067971947621
"s__Faecalibacterium_prausnitzii","fixed",NA,"(Intercept)",-2.69747466808945,0.200714960755329,-13.4393303714797,116.673529403938,1.89067803856989e-25,5.67203411570967e-25
"s__Faecalibacterium_prausnitzii","fixed",NA,"carrierper",-0.189383999639907,0.620665044612079,-0.305130764627278,109.257418549497,0.760847084707347,0.885211772885117
"s__Faecalibacterium_prausnitzii","fixed",NA,"carrierint",0.402118600080318,0.377468825203794,1.06530280974387,108.695449343227,0.289099613914032,0.548322671982845
"s__Faecalibacterium_SGB15315","fixed",NA,"(Intercept)",-5.42764011403262,0.136354456647138,-39.8053737845799,118.115870185356,2.77883541672328e-70,1.04457427712972e-69
"s__Faecalibacterium_SGB15315","fixed",NA,"carrierper",-0.7272618459532,0.425435840269725,-1.70945128998092,114.546803056578,0.0900751666431765,0.235833163574862
"s__Faecalibacterium_SGB15315","fixed",NA,"carrierint",-0.159073136807967,0.258912416802081,-0.614389756863483,114.290020856442,0.540178954856754,0.747387290090054
"s__Faecalibacterium_SGB15346","fixed",NA,"(Intercept)",-4.73408760578695,0.181954407572722,-26.0179880715166,117.471282170355,1.39010352770221e-50,4.50220381290404e-50
"s__Faecalibacterium_SGB15346","fixed",NA,"carrierper",-1.20810663560341,0.564262217431472,-2.14103762095347,111.253506203732,0.0344537514190283,0.0972733749632232
"s__Faecalibacterium_SGB15346","fixed",NA,"carrierint",-0.0831517831571798,0.343242721654612,-0.242253594646797,110.790718232684,0.809031540520235,0.905805648237967
"s__Faecalicatena_contorta","fixed",NA,"(Intercept)",-5.79328730519301,0.0706023178640291,-82.0551998923056,132.728214904157,1.29975259091111e-115,1.29422172882212e-114
"s__Faecalicatena_contorta","fixed",NA,"carrierper",-0.303622794673937,0.207635582824562,-1.46228690932266,106.349485447544,0.146611459747604,0.347413484363943
"s__Faecalicatena_contorta","fixed",NA,"carrierint",0.115050095849682,0.125613355753191,0.915906554361433,103.152480729639,0.361852167242128,0.615247281632392
"s__Faecalicatena_fissicatena","fixed",NA,"(Intercept)",-4.74653479154233,0.125696562024069,-37.7618505638478,119.837083603294,2.16668435829378e-68,7.98431716284636e-68
"s__Faecalicatena_fissicatena","fixed",NA,"carrierper",-0.182551047336557,0.38696270517186,-0.471753595105455,110.54238864869,0.638032519827765,0.818523648550115
"s__Faecalicatena_fissicatena","fixed",NA,"carrierint",-0.0725752943167674,0.235254251365125,-0.308497270062624,109.814338499975,0.758288431293733,0.8838829037247
"s__Faecalimonas_umbilicata","fixed",NA,"(Intercept)",-4.92109791390721,0.10114488994366,-48.6539450153967,119.245325196155,1.67009483592599e-80,7.05737592066243e-80
"s__Faecalimonas_umbilicata","fixed",NA,"carrierper",-0.113940485093375,0.313292845947925,-0.363686839859452,112.509975803971,0.71677437157383,0.866237329623118
"s__Faecalimonas_umbilicata","fixed",NA,"carrierint",0.214415122996674,0.190559806545081,1.12518545691297,112.004535483643,0.262915845732143,0.518667558468596
"s__Faecalitalea_cylindroides","fixed",NA,"(Intercept)",-4.52902228204867,0.0248675676516952,-182.125664459183,119.95340274633,2.09593547971835e-148,9.80897804508186e-147
"s__Faecalitalea_cylindroides","fixed",NA,"carrierper",0.0292031892839465,0.0775374792477842,0.376633204577399,116.084151968908,0.707133757164564,0.85913266836915
"s__Faecalitalea_cylindroides","fixed",NA,"carrierint",-0.0175747423466299,0.0471855976149802,-0.372459886807714,115.804703249696,0.710231241482474,0.861109380864761
"s__Firmicutes_bacterium_AF16_15","fixed",NA,"(Intercept)",-5.08756531598428,0.125467351114978,-40.5489178720451,118.82289790425,1.93280375387796e-71,7.41436194110564e-71
"s__Firmicutes_bacterium_AF16_15","fixed",NA,"carrierper",-0.543655406790011,0.382149667950748,-1.42262430765759,105.326800919466,0.157800048199937,0.366802405487399
"s__Firmicutes_bacterium_AF16_15","fixed",NA,"carrierint",-0.344573173339747,0.232112553089506,-1.48450899683515,104.174921269206,0.140693535208183,0.336800892467672
"s__Flavonifractor_plautii","fixed",NA,"(Intercept)",-3.66221818884489,0.147909681898985,-24.7598273610378,122.285468336981,1.8165336708652e-49,5.83284911125155e-49
"s__Flavonifractor_plautii","fixed",NA,"carrierper",0.228324176636255,0.45123831721088,0.505994654991923,109.345583292876,0.613879007058651,0.805312895034194
"s__Flavonifractor_plautii","fixed",NA,"carrierint",0.650250517533715,0.27411668868253,2.37216683398218,108.253181927604,0.019449663570882,0.0561879169825481
"s__Formosa_SGB1638","fixed",NA,"(Intercept)",-4.90360759431034,0.0326309283435007,-150.274841790918,118.426646823441,5.07455358160457e-137,1.63785591461444e-135
"s__Formosa_SGB1638","fixed",NA,"carrierper",-0.105166547144351,0.100876059268248,-1.04253227086016,110.875765862938,0.299432799273687,0.561099299539881
"s__Formosa_SGB1638","fixed",NA,"carrierint",-0.0656034560936016,0.0613482998365047,-1.06936062235526,110.302023462221,0.287241785840753,0.545905201110548
"s__Fusicatenibacter_saccharivorans","fixed",NA,"(Intercept)",-3.78146589162287,0.151034430322368,-25.0371116278036,119.928395466077,1.86603265227664e-49,5.98152932373609e-49
"s__Fusicatenibacter_saccharivorans","fixed",NA,"carrierper",-0.595485553433944,0.458737711646996,-1.29809592347659,105.346986361661,0.197089196814014,0.421176913739538
"s__Fusicatenibacter_saccharivorans","fixed",NA,"carrierint",-0.132298184468412,0.27855837538675,-0.474938814116537,104.070085317264,0.63582578577402,0.818523648550115
"s__Fusobacterium_mortiferum","fixed",NA,"(Intercept)",-5.69730353301393,0.091341577786474,-62.3736054388322,119.473857299777,5.22831762751089e-93,2.64524610775686e-92
"s__Fusobacterium_mortiferum","fixed",NA,"carrierper",-0.281507298204448,0.280085164750396,-1.00507750367757,108.582925149414,0.317094077584233,0.57631078955115
"s__Fusobacterium_mortiferum","fixed",NA,"carrierint",-0.0201154969079622,0.170221323445667,-0.118172603177902,107.703572162464,0.90615100858037,0.959996993810104
"s__Fusobacterium_ulcerans","fixed",NA,"(Intercept)",-5.00040600411814,0.0344894081848157,-144.98381582319,103.998423841647,7.79753954437295e-122,1.04264243050473e-120
"s__Fusobacterium_ulcerans","fixed",NA,"carrierper",-0.0704222292020876,0.101053993997047,-0.696877247663714,78.3964094741317,0.487940928804524,0.706941211379867
"s__Fusobacterium_ulcerans","fixed",NA,"carrierint",-0.0177010713120408,0.0611022956398396,-0.28969568371666,75.3557739489875,0.77284466918765,0.889222631050573
"s__Fusobacterium_varium","fixed",NA,"(Intercept)",-5.25770378664965,0.0841339310226604,-62.4920733257258,118.769151561719,1.03323793910093e-92,5.17171503207736e-92
"s__Fusobacterium_varium","fixed",NA,"carrierper",0.167993650764857,0.26201684019814,0.641155929663979,114.37647850123,0.522704045526224,0.73516301519541
"s__Fusobacterium_varium","fixed",NA,"carrierint",0.0320694640416714,0.159436781986379,0.201142193426929,114.057308616523,0.840945655270041,0.924398277548747
"s__Gemella_sanguinis","fixed",NA,"(Intercept)",-6.43240342353126,0.0565714684218306,-113.704020824905,127.165801166825,9.08452357553743e-130,1.84850305797892e-128
"s__Gemella_sanguinis","fixed",NA,"carrierper",0.0138389265149692,0.164307291243285,0.0842258819450582,96.7830399895354,0.933050814651984,0.968221244472568
"s__Gemella_sanguinis","fixed",NA,"carrierint",-0.104322874949922,0.0992149693625378,-1.05148321488383,92.7068882510478,0.295769822528039,0.556770808603624
"s__Gemmiger_formicilis","fixed",NA,"(Intercept)",-4.27727609988118,0.193015747815698,-22.1602441680839,118.135449272974,6.7862492168388e-44,2.11378677769089e-43
"s__Gemmiger_formicilis","fixed",NA,"carrierper",-0.381406282246806,0.599193809316602,-0.636532414581872,112.362024941731,0.525724072393705,0.735681100266408
"s__Gemmiger_formicilis","fixed",NA,"carrierint",-0.147359358262635,0.364521030774667,-0.404254750266323,111.93493064295,0.686796762543332,0.847490707486333
"s__Gemmiger_SGB15295","fixed",NA,"(Intercept)",-6.05060574353782,0.0858631944951694,-70.4679784989623,115.217806883558,1.38539882688842e-96,7.4099045826718e-96
"s__Gemmiger_SGB15295","fixed",NA,"carrierper",-0.209031610397393,0.267152057331862,-0.782444322102784,110.43962804666,0.435627953882592,0.671728912009187
"s__Gemmiger_SGB15295","fixed",NA,"carrierint",0.0828339142828916,0.162550210914779,0.509589706569618,110.091058785605,0.611358935846864,0.803186577170874
"s__Gemmiger_SGB15299","fixed",NA,"(Intercept)",-5.57286398997551,0.0639007636347351,-87.2112267989583,115.389525584559,3.55073152648095e-107,2.70202008844404e-106
"s__Gemmiger_SGB15299","fixed",NA,"carrierper",-0.196686871498906,0.196417658419604,-1.00137061546028,105.540423283605,0.31893803619603,0.576362521058857
"s__Gemmiger_SGB15299","fixed",NA,"carrierint",-0.163863123033276,0.119396974003158,-1.37242274690263,104.762241896209,0.172863094390056,0.391186346144519
"s__GGB1093_SGB1404","fixed",NA,"(Intercept)",-4.35741802207422,0.0380119670928414,-114.632794757281,118.343594568982,3.99625423773969e-123,5.79921545197573e-122
"s__GGB1093_SGB1404","fixed",NA,"carrierper",-0.0948074462557431,0.11847617138505,-0.800223750880818,114.310633085811,0.425241097123824,0.664483584153421
"s__GGB1093_SGB1404","fixed",NA,"carrierint",-0.0316148023625217,0.0720968738130115,-0.438504482795148,114.018898735189,0.661850356678881,0.832377007313018
"s__GGB1146_SGB1472","fixed",NA,"(Intercept)",-4.33280851567033,0.0518838527591429,-83.5097681697667,115.021096744906,8.74244318219146e-105,5.90825041049185e-104
"s__GGB1146_SGB1472","fixed",NA,"carrierper",-0.070016595941409,0.16164489201939,-0.43315068646283,110.824772346019,0.66574716356145,0.835867666121419
"s__GGB1146_SGB1472","fixed",NA,"carrierint",-0.0915083738758159,0.0983635140304627,-0.930308100292921,110.520841417627,0.354239179198606,0.60782377952318
"s__GGB1239_SGB1657","fixed",NA,"(Intercept)",-3.50439627148825,0.027661450562206,-126.688810610544,124.491640492975,1.93491427745012e-133,5.10163313716426e-132
"s__GGB1239_SGB1657","fixed",NA,"carrierper",-0.0432031469611907,0.0860589798889416,-0.502017883746054,119.634727814185,0.61657764279577,0.807721026811533
"s__GGB1239_SGB1657","fixed",NA,"carrierint",-0.021010592536755,0.0523628101257545,-0.401250285962422,119.279199982922,0.688953785723973,0.847490707486333
"s__GGB1246_SGB1667","fixed",NA,"(Intercept)",-4.78174276190335,0.0642126112096497,-74.467346395419,118.036575841544,4.52988652414717e-101,2.6750623259317e-100
"s__GGB1246_SGB1667","fixed",NA,"carrierper",-0.126590323930407,0.199174838596058,-0.635573874806255,111.90798727988,0.526351767196659,0.735681100266408
"s__GGB1246_SGB1667","fixed",NA,"carrierint",0.0812363819065382,0.121160816690261,0.670483941307634,111.452348030583,0.503936331854229,0.723442341434905
"s__GGB1247_SGB1668","fixed",NA,"(Intercept)",-4.94793016559714,0.0784810096964705,-63.0462093280085,115.023004040561,4.79527707875506e-91,2.36230491879723e-90
"s__GGB1247_SGB1668","fixed",NA,"carrierper",-0.163219794605024,0.245193118108091,-0.665678530720714,112.061031006271,0.506984512083121,0.725144581814066
"s__GGB1247_SGB1668","fixed",NA,"carrierint",0.00809550153077274,0.149234514953611,0.0542468445271471,111.849441619492,0.956835274666122,0.979880789359662
"s__GGB1266_SGB1699","fixed",NA,"(Intercept)",-5.61503098052985,0.112262951636107,-50.0167766720638,121.261147641667,8.38381527275457e-83,3.64988423037129e-82
"s__GGB1266_SGB1699","fixed",NA,"carrierper",-0.223349492530627,0.349884861034488,-0.63835140471714,117.193547589904,0.52449043063953,0.735681100266408
"s__GGB1266_SGB1699","fixed",NA,"carrierint",0.125427690819048,0.21291632040358,0.58909383076554,116.898993229697,0.55693502642874,0.757996457634774
"s__GGB13404_SGB14252","fixed",NA,"(Intercept)",-5.12129361459573,0.0676963188173887,-75.6509911330698,108.923489210473,5.47797448057224e-96,2.88055287293012e-95
"s__GGB13404_SGB14252","fixed",NA,"carrierper",-0.282109202918889,0.207746856101568,-1.3579469177669,98.591275317978,0.177580216686023,0.397643738799324
"s__GGB13404_SGB14252","fixed",NA,"carrierint",-0.116435203364794,0.126266440663925,-0.92213895277766,97.768562955006,0.35872611642944,0.612112552886526
"s__GGB13493_SGB15238","fixed",NA,"(Intercept)",-5.97311849717472,0.0561907421006479,-106.300758343354,101.818425246116,3.79019006231914e-106,2.68758931691721e-105
"s__GGB13493_SGB15238","fixed",NA,"carrierper",-0.181783419381574,0.168811052395121,-1.0768454837666,84.2575938817744,0.284622878437444,0.54368778411724
"s__GGB13493_SGB15238","fixed",NA,"carrierint",-0.0663797021842475,0.102393429936127,-0.64828087334954,82.594742033524,0.518601552537038,0.732695929320253
"s__GGB14025_SGB14906","fixed",NA,"(Intercept)",-5.5241603489877,0.103604344320965,-53.3197752004871,113.542927833609,3.27128255448507e-82,1.39813720136896e-81
"s__GGB14025_SGB14906","fixed",NA,"carrierper",-0.415141940947024,0.319608501915202,-1.29890769006254,105.186408659095,0.196815762404228,0.421073265395103
"s__GGB14025_SGB14906","fixed",NA,"carrierint",-0.0333412149361944,0.194338785702609,-0.171562330265949,104.543907077942,0.864113269510264,0.937207439468838
"s__GGB1495_SGB2071","fixed",NA,"(Intercept)",-5.47750229621729,0.176889048750187,-30.9657513278447,118.025202917637,1.68185364209323e-58,5.61217472013996e-58
"s__GGB1495_SGB2071","fixed",NA,"carrierper",-0.719471153572622,0.550333219028706,-1.30733731618533,113.200160048087,0.193747352398273,0.418333383724991
"s__GGB1495_SGB2071","fixed",NA,"carrierint",-0.387611768525931,0.334851882574622,-1.15756186151813,112.847729458734,0.249487088408909,0.498974176817817
"s__GGB1627_SGB2230","fixed",NA,"(Intercept)",-4.80830893958139,0.0618267532859104,-77.7706847607854,118.627506595745,1.23787904737728e-103,7.99072267824227e-103
"s__GGB1627_SGB2230","fixed",NA,"carrierper",-0.140538711688841,0.193553160775083,-0.726098768555647,116.56458287866,0.469233672160821,0.694941008136912
"s__GGB1627_SGB2230","fixed",NA,"carrierint",0.018887259458118,0.117821533238943,0.160303969392542,116.418464082582,0.872919451009651,0.941304845789209
"s__GGB1663_SGB2279","fixed",NA,"(Intercept)",-4.83981085494535,0.0574116088262565,-84.300213038655,118.877629000102,6.95539715838845e-108,5.40269853962788e-107
"s__GGB1663_SGB2279","fixed",NA,"carrierper",-0.182465409477421,0.179522285306718,-1.01639419955954,116.288316878265,0.311551715925752,0.570649628148203
"s__GGB1663_SGB2279","fixed",NA,"carrierint",-0.182465409477333,0.109271394909673,-1.66983691960887,116.103951448117,0.0976456418330855,0.25317540375559
"s__GGB2653_SGB3574","fixed",NA,"(Intercept)",-4.68358744198994,0.11801199994596,-39.687383013038,121.576565232757,1.93794024008303e-71,7.4188632503792e-71
"s__GGB2653_SGB3574","fixed",NA,"carrierper",-0.616466757552015,0.361208274986216,-1.70667949834632,109.930635375026,0.0907049662191965,0.237150414472536
"s__GGB2653_SGB3574","fixed",NA,"carrierint",0.018600312288549,0.219489293013626,0.0847435974354992,108.974814590731,0.932620724905113,0.968221244472568
"s__GGB2734_SGB3677","fixed",NA,"(Intercept)",-5.92982398584111,0.107701039389815,-55.0581871766217,116.969900315082,1.74126232679616e-85,7.95034896527419e-85
"s__GGB2734_SGB3677","fixed",NA,"carrierper",-0.179987868484333,0.335037603723081,-0.537216916800476,112.100661954367,0.592182533272319,0.787776427454761
"s__GGB2734_SGB3677","fixed",NA,"carrierint",-0.145901486770987,0.203852828847853,-0.715719706199817,111.744893271764,0.475657346807512,0.698925081023284
"s__GGB28262_SGB40814","fixed",NA,"(Intercept)",-6.73886246402589,0.0280422040461699,-240.311441031195,116.501868167684,6.58321532096441e-159,5.60171776402062e-157
"s__GGB28262_SGB40814","fixed",NA,"carrierper",-0.0266644074866073,0.0851484664117971,-0.313151940490064,101.909198013797,0.754805220300554,0.8838829037247
"s__GGB28262_SGB40814","fixed",NA,"carrierint",-0.0279062194591086,0.051703131503261,-0.539739444164006,100.632460691563,0.590569078294517,0.78706792725725
"s__GGB2848_SGB3813","fixed",NA,"(Intercept)",-5.62449754882237,0.0644355143546893,-87.2887817401747,120.147132996664,1.55432578854763e-110,1.32258994370962e-109
"s__GGB2848_SGB3813","fixed",NA,"carrierper",-0.00308668558409193,0.193838708199159,-0.0159239896549482,102.038188406264,0.98732612607531,0.996374397850664
"s__GGB2848_SGB3813","fixed",NA,"carrierint",0.011921466805923,0.117590882320677,0.101380877247035,100.3049723166,0.919450497442287,0.96372414961476
"s__GGB2958_SGB3940","fixed",NA,"(Intercept)",-5.41848386437315,0.0444961571561133,-121.774198283294,116.415972093542,1.37553893672711e-124,2.14584074129429e-123
"s__GGB2958_SGB3940","fixed",NA,"carrierper",-0.00415575810249247,0.134419052675364,-0.0309164364707216,99.948384715362,0.975397834248462,0.988065338589351
"s__GGB2958_SGB3940","fixed",NA,"carrierint",-0.0502210420018887,0.0815798030709743,-0.615606315673457,98.4394469178246,0.539575094417392,0.74710397688562
"s__GGB2980_SGB3962","fixed",NA,"(Intercept)",-5.8701293421993,0.0889887228936942,-65.9648678092813,121.172908249843,8.26502039879876e-97,4.44601097314692e-96
"s__GGB2980_SGB3962","fixed",NA,"carrierper",-0.476658013736982,0.272423343396483,-1.74969592471104,109.604002411365,0.0829696332754794,0.219687628701128
"s__GGB2980_SGB3962","fixed",NA,"carrierint",-0.216279398468944,0.165541445681062,-1.30649697771539,108.656204740024,0.194142316707213,0.418703245248735
"s__GGB2982_SGB3964","fixed",NA,"(Intercept)",-5.78005841730051,0.0693486656209505,-83.3477957440947,118.525246674987,4.54290084512793e-107,3.4017241528318e-106
"s__GGB2982_SGB3964","fixed",NA,"carrierper",-0.0088080835221693,0.212398117103594,-0.0414696874072255,107.186609079372,0.966998606923015,0.982679961354458
"s__GGB2982_SGB3964","fixed",NA,"carrierint",-0.0333776228622999,0.129071608258703,-0.258597714188235,106.263124496235,0.796445877934914,0.898244745656681
"s__GGB2983_SGB3965","fixed",NA,"(Intercept)",-4.98951045677369,0.0352529404274908,-141.534589633346,119.8239793787,3.25564825261757e-135,9.52277113890639e-134
"s__GGB2983_SGB3965","fixed",NA,"carrierper",-0.118394593100086,0.108638560098873,-1.08980267220344,110.947690187457,0.278161436214112,0.538488323260411
"s__GGB2983_SGB3965","fixed",NA,"carrierint",-0.0356264645005021,0.0660523981244558,-0.539366707524756,110.257615273507,0.590721387711771,0.78706792725725
"s__GGB2987_SGB3969","fixed",NA,"(Intercept)",-5.28023237652526,0.0545794803778343,-96.7439107146512,122.195308399292,2.49086386133216e-117,2.63440516859537e-116
"s__GGB2987_SGB3969","fixed",NA,"carrierper",-0.187913778473505,0.167758058750383,-1.12014754983016,112.223414676525,0.265042418997493,0.520979042578309
"s__GGB2987_SGB3969","fixed",NA,"carrierint",-0.0137981437595943,0.101975178245275,-0.135308846692147,111.43161152701,0.892611810290175,0.954294294039524
"s__GGB2998_SGB3988","fixed",NA,"(Intercept)",-5.77899027674905,0.0859754622811125,-67.2167397931934,120.094451997758,3.82324681027564e-97,2.08662333202216e-96
"s__GGB2998_SGB3988","fixed",NA,"carrierper",-0.192448166685215,0.263956853433138,-0.729089486338963,109.688311795512,0.467500852195074,0.692922878312888
"s__GGB2998_SGB3988","fixed",NA,"carrierint",0.154659716048589,0.160436218448416,0.963995022721855,108.855882280112,0.337185067260263,0.591310485931654
"s__GGB2998_SGB3989","fixed",NA,"(Intercept)",-5.12115577381743,0.0356436138210609,-143.676670932605,136.316406758803,1.09717161000929e-150,5.70529237204833e-149
"s__GGB2998_SGB3989","fixed",NA,"carrierper",-0.0899692406954756,0.106110272449465,-0.847884362358254,114.161409216263,0.398276559666983,0.648593979046871
"s__GGB2998_SGB3989","fixed",NA,"carrierint",-0.000669642785096838,0.0642950340718074,-0.0104151556144904,111.760667723355,0.991708627392023,0.99888796530058
"s__GGB3000_SGB3991","fixed",NA,"(Intercept)",-5.74978429190398,0.056932869961874,-100.992349336234,124.17098934034,4.61484531176295e-121,5.99929890529183e-120
"s__GGB3000_SGB3991","fixed",NA,"carrierper",-0.101783622806186,0.174986219267134,-0.581666506268145,114.167276152707,0.561938083782936,0.762281226696852
"s__GGB3000_SGB3991","fixed",NA,"carrierint",-0.107100549714578,0.106368693512239,-1.00688037220514,113.37169152091,0.316136445589983,0.57624871094883
"s__GGB3002_SGB3993","fixed",NA,"(Intercept)",-6.04441304101999,0.0611127601580461,-98.9059081178512,119.862825889699,9.39371888255796e-117,9.76946763786028e-116
"s__GGB3002_SGB3993","fixed",NA,"carrierper",-0.215224226056298,0.187999270421758,-1.14481415578616,110.26598078537,0.254764999439392,0.506284584873187
"s__GGB3002_SGB3993","fixed",NA,"carrierint",-0.165231392549819,0.114287313287489,-1.44575445687642,109.51007487256,0.151101901578888,0.354020975914491
"s__GGB3005_SGB3996","fixed",NA,"(Intercept)",-4.9314530932221,0.0618210818498394,-79.7697637385313,118.625866846294,6.46444656461581e-105,4.40052507962211e-104
"s__GGB3005_SGB3996","fixed",NA,"carrierper",-0.154732880676351,0.188771208618049,-0.819684748585946,106.10385844388,0.414233324190893,0.659953006710938
"s__GGB3005_SGB3996","fixed",NA,"carrierint",0.179589812890292,0.114683326015438,1.5659627177722,105.058124700284,0.12036460172423,0.298440442950673
"s__GGB3033_SGB4029","fixed",NA,"(Intercept)",-4.78121690642838,0.0299666554105964,-159.551235895939,135.25945087682,7.05106590780899e-156,5.49983140809102e-154
"s__GGB3033_SGB4029","fixed",NA,"carrierper",0.0521163570437429,0.0900266982020209,0.57889890537575,116.398719950583,0.563775945379417,0.763425602875078
"s__GGB3033_SGB4029","fixed",NA,"carrierint",-0.0311570911486345,0.0546062315228484,-0.57057757475166,114.534271918845,0.569403740902529,0.768510312162606
"s__GGB3061_SGB4063","fixed",NA,"(Intercept)",-5.59677739893721,0.0243421756238945,-229.921001532967,108.820638492566,4.61367432037711e-148,2.10653617749901e-146
"s__GGB3061_SGB4063","fixed",NA,"carrierper",-0.0914688702953504,0.0739545318737145,-1.23682576277467,94.7198411275475,0.219209591624218,0.451441535226112
"s__GGB3061_SGB4063","fixed",NA,"carrierint",-0.0872647476615315,0.0449084060594849,-1.94317178716925,93.5014445558589,0.0550031520858092,0.150755345101954
"s__GGB3109_SGB4119","fixed",NA,"(Intercept)",-5.0502275920201,0.0731331515658207,-69.0552435371917,115.641933391836,7.51493940021756e-96,3.92959959698527e-95
"s__GGB3109_SGB4119","fixed",NA,"carrierper",-0.225199390050598,0.224910557353325,-1.00128421138017,105.992341616887,0.318969856739838,0.576362521058857
"s__GGB3109_SGB4119","fixed",NA,"carrierint",-0.0367918249554301,0.136722827625991,-0.269097893850434,105.232698895483,0.788381249271961,0.894046394312868
"s__GGB3189_SGB4212","fixed",NA,"(Intercept)",-4.82748718431269,0.0361537149781801,-133.526725738316,138.964550546756,1.29510389068569e-148,6.21649867529132e-147
"s__GGB3189_SGB4212","fixed",NA,"carrierper",-0.0687088775840541,0.111298330111747,-0.617339698763387,129.632013524702,0.538093561460263,0.745604105887204
"s__GGB3189_SGB4212","fixed",NA,"carrierint",-0.0216389553337674,0.0676637708667122,-0.319801203163699,128.891906546892,0.749636827327142,0.883327998264899
"s__GGB32387_SGB47381","fixed",NA,"(Intercept)",-4.84774337883422,0.0322643613810854,-150.250715381466,123.107172364997,2.47973067788838e-141,9.67094964376466e-140
"s__GGB32387_SGB47381","fixed",NA,"carrierper",-0.0972608030660798,0.0977890819350738,-0.994597772486046,107.657615319447,0.322162171422149,0.577670100481094
"s__GGB32387_SGB47381","fixed",NA,"carrierint",-0.03773362961906,0.0593681775658387,-0.635586793568217,106.273926461647,0.526412050939231,0.735681100266408
"s__GGB3256_SGB4303","fixed",NA,"(Intercept)",-5.38903296483265,0.155537920349164,-34.6477113281117,116.631273523945,3.10851883881727e-63,1.07562796049278e-62
"s__GGB3256_SGB4303","fixed",NA,"carrierper",-0.0952283838959916,0.483774464953656,-0.196844585224469,111.697423373621,0.844306886289684,0.925886629347501
"s__GGB3256_SGB4303","fixed",NA,"carrierint",-0.143626145554241,0.29434801225569,-0.487946714685058,111.33666400173,0.626547127352316,0.812817894943545
"s__GGB3277_SGB4327","fixed",NA,"(Intercept)",-4.599485903152,0.106031464142911,-43.3785003379068,120.195101660231,2.8970103460893e-75,1.15387305699557e-74
"s__GGB3277_SGB4327","fixed",NA,"carrierper",-0.108554984692656,0.330759425776719,-0.32819921741531,116.528517350452,0.743350034456107,0.879615211442372
"s__GGB3277_SGB4327","fixed",NA,"carrierint",-0.0705404056384374,0.201291130342191,-0.350439711469254,116.264315722532,0.726642839159909,0.871818858031313
"s__GGB3278_SGB4328","fixed",NA,"(Intercept)",-5.49985806848858,0.0870775953969458,-63.1604265530912,112.377330602134,1.25700188194493e-89,6.06471011082707e-89
"s__GGB3278_SGB4328","fixed",NA,"carrierper",0.0494683999912186,0.263265137107526,0.187903345405791,96.3625128943621,0.851347535389496,0.930369285609537
"s__GGB3278_SGB4328","fixed",NA,"carrierint",0.00443584293634357,0.159790222200311,0.0277604153449568,94.9123606443135,0.977911524577249,0.988472124194713
"s__GGB3304_SGB4367","fixed",NA,"(Intercept)",-4.95041817760877,0.115098575871769,-43.0102470001368,118.939091085442,2.45661412069578e-74,9.7020709576846e-74
"s__GGB3304_SGB4367","fixed",NA,"carrierper",-0.531067969372229,0.355868950234354,-1.49231330528415,111.442144608833,0.138442595058342,0.333545093885735
"s__GGB3304_SGB4367","fixed",NA,"carrierint",-0.0857804540537341,0.216425970560112,-0.396350095285394,110.872893745493,0.692608552895569,0.849648237890239
"s__GGB3321_SGB4394","fixed",NA,"(Intercept)",-5.01607284644597,0.0609136364749253,-82.3472893218385,119.450083714006,4.45465927087677e-107,3.36254925608117e-106
"s__GGB3321_SGB4394","fixed",NA,"carrierper",-0.259651501100443,0.184567387621284,-1.40681137901364,103.980551689849,0.162465207067704,0.372714298567086
"s__GGB3321_SGB4394","fixed",NA,"carrierint",-0.118786976592038,0.112048479360015,-1.06013912255224,102.596761962243,0.29157069913876,0.55189115145375
"s__GGB3341_SGB4420","fixed",NA,"(Intercept)",-5.32290707480777,0.0746131848571647,-71.34003306517,119.652285819867,6.632744862779e-100,3.80874183531358e-99
"s__GGB3341_SGB4420","fixed",NA,"carrierper",-0.160632732596417,0.23309238897678,-0.689137613208033,116.640443623563,0.492105269466944,0.710305642004045
"s__GGB3341_SGB4420","fixed",NA,"carrierint",0.022771581408593,0.141868779488248,0.160511576195518,116.425016855288,0.872756275133301,0.941304845789209
"s__GGB33469_SGB15236","fixed",NA,"(Intercept)",-4.93253166341692,0.0615736203535681,-80.1078714406158,115.456348828303,4.95186838615578e-103,3.14233817589275e-102
"s__GGB33469_SGB15236","fixed",NA,"carrierper",-0.24464634384427,0.190621448830027,-1.2834145650756,108.53728929648,0.202080318149469,0.4274512492382
"s__GGB33469_SGB15236","fixed",NA,"carrierint",-0.0527446065608687,0.115940384016603,-0.454928686050543,108.017215352272,0.650073562488972,0.825965529269977
"s__GGB33469_SGB15237","fixed",NA,"(Intercept)",-5.75715451415835,0.0333575135763656,-172.589437788235,143.415524378269,3.13654482803344e-168,4.19400851291329e-166
"s__GGB33469_SGB15237","fixed",NA,"carrierper",-0.0814774401772219,0.100251630211618,-0.812729329241167,124.771777878628,0.417921292388197,0.66121196853098
"s__GGB33469_SGB15237","fixed",NA,"carrierint",-0.0403806799514431,0.0608107058870406,-0.664038993831984,122.915944717552,0.507909052588018,0.725144581814066
"s__GGB3351_SGB4434","fixed",NA,"(Intercept)",-5.72411231941055,0.0361005521951653,-158.56024274823,102.199422971706,4.272049746845e-124,6.55514518532283e-123
"s__GGB3351_SGB4434","fixed",NA,"carrierper",-0.0855558955602537,0.10790512084317,-0.79288077240191,82.9574807935483,0.430109074499154,0.666526645250345
"s__GGB3351_SGB4434","fixed",NA,"carrierint",0.000401661753906408,0.065413570548731,0.00614034290647966,81.048696730134,0.995115834766113,0.99914858567332
"s__GGB33512_SGB15201","fixed",NA,"(Intercept)",-6.12395946623883,0.0843431304906921,-72.6076851856317,121.06086672596,1.14949544339058e-101,7.05526383615465e-101
"s__GGB33512_SGB15201","fixed",NA,"carrierper",-0.331972272263608,0.257876701457797,-1.28732945003152,108.997680083449,0.200706347210948,0.426058425837119
"s__GGB33512_SGB15201","fixed",NA,"carrierint",-0.266984805356305,0.156684715180061,-1.7039620300518,107.999118798557,0.0912638258497131,0.238278775440255
"s__GGB33586_SGB53517","fixed",NA,"(Intercept)",-5.20400878437011,0.0511430908473445,-101.753896726801,135.767476832799,4.73660084582663e-130,9.85212975931938e-129
"s__GGB33586_SGB53517","fixed",NA,"carrierper",-0.112930963523058,0.15299343435868,-0.738142548380872,115.357124777136,0.46192683594161,0.690545519580245
"s__GGB33586_SGB53517","fixed",NA,"carrierint",0.0132571294784492,0.0927554356923281,0.142925634271434,113.251253534273,0.886602894604835,0.951129294384098
"s__GGB3363_SGB4447","fixed",NA,"(Intercept)",-5.59442997747665,0.0550948436259448,-101.541806987581,110.821705739955,3.45345314350817e-111,3.02096461899407e-110
"s__GGB3363_SGB4447","fixed",NA,"carrierper",0.0378440545691709,0.167951421108749,0.22532738526021,97.8862186246298,0.822194354126616,0.912899069350548
"s__GGB3363_SGB4447","fixed",NA,"carrierint",-0.0248939080868711,0.102019377382773,-0.244011566483787,96.7981376036339,0.807738300627667,0.905440777709577
"s__GGB3363_SGB4448","fixed",NA,"(Intercept)",-5.46823600659224,0.0746810337126453,-73.2212147415192,119.446380157357,4.23539318102641e-101,2.51703366186713e-100
"s__GGB3363_SGB4448","fixed",NA,"carrierper",-0.199325663780494,0.231897974589884,-0.859540339379871,113.774599531465,0.391849932790423,0.644023770134919
"s__GGB3363_SGB4448","fixed",NA,"carrierint",0.0568229931049148,0.141078474619042,0.402775783182768,113.355459133811,0.687871778180896,0.847490707486333
"s__GGB33928_SGB15225","fixed",NA,"(Intercept)",-4.98934711173452,0.0530655577838729,-94.0223248393109,131.661063576815,1.40994351357736e-122,1.98452199805776e-121
"s__GGB33928_SGB15225","fixed",NA,"carrierper",-0.0939090691187056,0.160600841857487,-0.584735845918155,115.553454190942,0.559865336569983,0.760020239346634
"s__GGB33928_SGB15225","fixed",NA,"carrierint",-0.0562759089117049,0.0974875639277142,-0.577262438862795,114.077467493747,0.564899705826096,0.763532309968558
"s__GGB34228_SGB72916","fixed",NA,"(Intercept)",-5.77377746353203,0.0506538437409878,-113.984981930602,119.048308833858,2.09296960554356e-123,3.13443128126203e-122
"s__GGB34228_SGB72916","fixed",NA,"carrierper",-0.00614549778413433,0.155295929619957,-0.0395728194497672,108.096830680352,0.968506692681077,0.982679961354458
"s__GGB34228_SGB72916","fixed",NA,"carrierint",0.014932320462328,0.0943794846326716,0.158215744877662,107.211669995413,0.874584421539443,0.941825499506814
"s__GGB3444_SGB4594","fixed",NA,"(Intercept)",-6.38525259316871,0.11620184283426,-54.949667212043,120.528039914554,3.50428799205875e-87,1.64411707296591e-86
"s__GGB3444_SGB4594","fixed",NA,"carrierper",-0.460614604688248,0.357081404514316,-1.28994285018777,110.48329492797,0.199764002904414,0.425435965229878
"s__GGB3444_SGB4594","fixed",NA,"carrierint",-0.330741672418497,0.217055091125201,-1.52376832399531,109.685199240789,0.130444676700228,0.316859971980744
"s__GGB3446_SGB4597","fixed",NA,"(Intercept)",-5.6203039458581,0.052101085566635,-107.873067993372,116.445226262806,1.54983731581489e-118,1.72696158047944e-117
"s__GGB3446_SGB4597","fixed",NA,"carrierper",-0.0479539435002266,0.162900703637825,-0.294375299979318,113.819691984048,0.769007335780047,0.887182007218298
"s__GGB3446_SGB4597","fixed",NA,"carrierint",0.16529893578215,0.0991534925684063,1.6671014958763,113.63274467127,0.0982481247146368,0.254385185983126
"s__GGB3463_SGB4621","fixed",NA,"(Intercept)",-5.93628947969102,0.0834562440183874,-71.1305612841037,118.491735084239,4.7596687008923e-99,2.66769455331449e-98
"s__GGB3463_SGB4621","fixed",NA,"carrierper",-0.0687520567047853,0.255649014442731,-0.268931436542606,107.219800704255,0.788499250539821,0.894046394312868
"s__GGB3463_SGB4621","fixed",NA,"carrierint",-0.127902742379896,0.155356873489835,-0.823283447373604,106.303012498649,0.412189962982041,0.657256908605094
"s__GGB34797_SGB14321","fixed",NA,"(Intercept)",-5.74538237776354,0.0524891406225416,-109.458495788292,100.309804953678,3.4739216340658e-106,2.47269250911452e-105
"s__GGB34797_SGB14321","fixed",NA,"carrierper",-0.157707522369498,0.157810509640146,-0.999347399163193,83.1140473699537,0.32052707559144,0.576948736064592
"s__GGB34797_SGB14321","fixed",NA,"carrierint",-0.0240546713011858,0.0957287932758619,-0.251279374554188,81.4998870717778,0.802230607325155,0.901967385533147
"s__GGB34900_SGB14891","fixed",NA,"(Intercept)",-5.76072639886104,0.0407095532214686,-141.507974001126,115.60444607399,2.14246069458352e-131,4.718454612071e-130
"s__GGB34900_SGB14891","fixed",NA,"carrierper",-0.125330292261568,0.121803088642131,-1.02895824448097,95.7889865616593,0.306090512254306,0.567328157366397
"s__GGB34900_SGB14891","fixed",NA,"carrierint",0.0134638146389536,0.0738471105312573,0.182320127925043,93.8049413104714,0.855724937597203,0.932930963395188
"s__GGB35068_SGB47850","fixed",NA,"(Intercept)",-6.16042354112921,0.0634519472838244,-97.0880139197819,122.441002642985,1.07173313279262e-117,1.15303702562516e-116
"s__GGB35068_SGB47850","fixed",NA,"carrierper",-0.186364031954332,0.191972140979003,-0.970786860030466,106.342402260672,0.333857321013773,0.590161383321797
"s__GGB35068_SGB47850","fixed",NA,"carrierint",0.12585197768011,0.116526732212001,1.08002666247556,104.877765161152,0.282607746316445,0.542301130025989
"s__GGB3510_SGB4687","fixed",NA,"(Intercept)",-5.42824090913761,0.0618821815896014,-87.7189648085994,125.700098026793,1.28492189809094e-114,1.22723152715624e-113
"s__GGB3510_SGB4687","fixed",NA,"carrierper",0.0118051971120762,0.185133077321611,0.0637660070413475,105.456997051287,0.949277257670401,0.975327676377053
"s__GGB3510_SGB4687","fixed",NA,"carrierint",0.245491749681809,0.112241714300214,2.187170351169,103.399450812907,0.0309833994355853,0.0878801874900237
"s__GGB3534_SGB4722","fixed",NA,"(Intercept)",-6.25391637596195,0.0515017519948809,-121.431138431632,120.46161066671,7.92429592353275e-128,1.45434136949542e-126
"s__GGB3534_SGB4722","fixed",NA,"carrierper",-0.00542084492974553,0.152627513047849,-0.0355168266945822,97.1466677979789,0.971740506512417,0.984893464099212
"s__GGB3534_SGB4722","fixed",NA,"carrierint",-0.00618420047732535,0.0924293365649961,-0.0669073338309276,94.5734238361039,0.946796718159793,0.974522182022182
"s__GGB3538_SGB4728","fixed",NA,"(Intercept)",-5.37769816483892,0.0327611004809751,-164.148886511362,98.8995241068825,2.51909239623275e-122,3.44214669032679e-121
"s__GGB3538_SGB4728","fixed",NA,"carrierper",0.0440144051735751,0.0948281265040064,0.464149264529818,70.4476973963254,0.643971957854572,0.821691446546368
"s__GGB3538_SGB4728","fixed",NA,"carrierint",-0.018982801529241,0.0572287371994078,-0.331700513731368,66.7531493349414,0.741154600698192,0.878127476270263
"s__GGB3570_SGB4777","fixed",NA,"(Intercept)",-5.32569524916182,0.0312032284576122,-170.67769946935,143.797696310502,6.7236653492412e-168,8.39113435585301e-166
"s__GGB3570_SGB4777","fixed",NA,"carrierper",-0.00424423243446133,0.092389646377795,-0.0459383989533419,119.773088267292,0.963435854465214,0.981257845244222
"s__GGB3570_SGB4777","fixed",NA,"carrierint",-0.0248227889160259,0.05594365835081,-0.443710505315326,116.991765574304,0.658071441648716,0.830465822002318
"s__GGB3588_SGB4808","fixed",NA,"(Intercept)",-5.42549332760225,0.0380577845951769,-142.559357706014,116.493990632814,1.4220112312482e-132,3.50263819065347e-131
"s__GGB3588_SGB4808","fixed",NA,"carrierper",-0.0902067896215075,0.117539480310583,-0.767459490063659,108.565165414384,0.444474277497089,0.680896765527455
"s__GGB3588_SGB4808","fixed",NA,"carrierint",0.0335552315384214,0.0714767811911586,0.469456388203616,107.959369559039,0.639690223199155,0.818523648550115
"s__GGB3614_SGB4886","fixed",NA,"(Intercept)",-4.89475448285299,0.0491872927335736,-99.5125816207402,121.909492661981,1.35001294961882e-118,1.51330792915356e-117
"s__GGB3614_SGB4886","fixed",NA,"carrierper",-0.0521669433752088,0.15216700820414,-0.34282689783336,114.626948599419,0.732356576167295,0.874344075628301
"s__GGB3614_SGB4886","fixed",NA,"carrierint",0.135524345113525,0.0925463408342913,1.46439442004723,114.075269980318,0.145836642168558,0.346454561090787
"s__GGB3619_SGB4894","fixed",NA,"(Intercept)",-5.40922038489698,0.0667152594060675,-81.0792078611784,113.738729559848,1.79592910408236e-102,1.10956411974989e-101
"s__GGB3619_SGB4894","fixed",NA,"carrierper",-0.201613574167942,0.202517086466666,-0.995538587313851,99.1300018022594,0.321898295304435,0.577670100481094
"s__GGB3619_SGB4894","fixed",NA,"carrierint",0.0948334839410458,0.122967252796584,0.771209259248248,97.8520827963834,0.442441206740443,0.678893392637795
"s__GGB3626_SGB4905","fixed",NA,"(Intercept)",-5.53787282666419,0.037603561428987,-147.269902536287,135.310394320262,3.02922080153141e-151,1.82925849692477e-149
"s__GGB3626_SGB4905","fixed",NA,"carrierper",-0.0819162790596549,0.114778927779171,-0.713687439363935,122.495323894904,0.476778067766429,0.699056415571959
"s__GGB3626_SGB4905","fixed",NA,"carrierint",9.91783441509196e-05,0.0697287400980017,0.00142234527701959,121.405882355594,0.99886746754575,0.999864113909732
"s__GGB36267_SGB14177","fixed",NA,"(Intercept)",-5.24763559619374,0.0363182968784114,-144.490134373924,110.703575020179,6.29602763547494e-128,1.16694690431773e-126
"s__GGB36267_SGB14177","fixed",NA,"carrierper",-0.11387466912744,0.111316107685645,-1.02298464701102,99.8398742695875,0.308787430951535,0.56838748352141
"s__GGB36267_SGB14177","fixed",NA,"carrierint",-0.0866415208653878,0.0676496672267042,-1.28073831575607,98.9654570693049,0.203278947406638,0.429399642463871
"s__GGB3653_SGB4964","fixed",NA,"(Intercept)",-4.50995772334154,0.0657004662045023,-68.6442271094948,123.332536223338,4.02724359485485e-100,2.32685185480503e-99
"s__GGB3653_SGB4964","fixed",NA,"carrierper",-0.318825796252323,0.200047116059033,-1.59375352433593,109.623211306997,0.113870545841164,0.285362331746531
"s__GGB3653_SGB4964","fixed",NA,"carrierint",-0.089325117183403,0.121502341319039,-0.735171982808584,108.444912428542,0.46382169808353,0.690751168506259
"s__GGB36599_SGB9269","fixed",NA,"(Intercept)",-4.76307222541343,0.0423034203738865,-112.593076004645,148.563926963752,9.89115725183701e-146,4.3061038082416e-144
"s__GGB36599_SGB9269","fixed",NA,"carrierper",-0.0410283827539418,0.129685625105589,-0.316368007021107,137.680638621427,0.752202338959674,0.8838829037247
"s__GGB36599_SGB9269","fixed",NA,"carrierint",0.0637778104291709,0.0788146017148742,0.809213128550702,136.780563212182,0.419797967150228,0.66121196853098
"s__GGB3730_SGB5060","fixed",NA,"(Intercept)",-5.30854986880224,0.0540093878920628,-98.2893914556358,117.318367888612,1.55274228920404e-114,1.47549927177156e-113
"s__GGB3730_SGB5060","fixed",NA,"carrierper",-0.166405497878696,0.167639138459662,-0.992641094482463,111.48398256227,0.323034498478049,0.578126750622282
"s__GGB3730_SGB5060","fixed",NA,"carrierint",0.0531209411104557,0.101982458480058,0.520883119530241,111.052109770888,0.603485270886674,0.79782798524001
"s__GGB3746_SGB5089","fixed",NA,"(Intercept)",-4.35720678018287,0.147088209920038,-29.6230865992019,118.501697688771,1.2911124585954e-56,4.27780977431963e-56
"s__GGB3746_SGB5089","fixed",NA,"carrierper",-0.334131461034082,0.448355556350162,-0.745237694284597,105.31393016911,0.457788016267233,0.688890005186705
"s__GGB3746_SGB5089","fixed",NA,"carrierint",0.240923829699635,0.27234473799012,0.884628179261445,104.196319704743,0.378393998703409,0.631331163612106
"s__GGB3815_SGB5180","fixed",NA,"(Intercept)",-5.32147549037996,0.0502440634138493,-105.912522372009,135.516837884465,3.39134947859888e-132,7.83778546165073e-131
"s__GGB3815_SGB5180","fixed",NA,"carrierper",-0.116231558304651,0.1519574918517,-0.764895214367484,119.146107676027,0.445846323850471,0.6820906019039
"s__GGB3815_SGB5180","fixed",NA,"carrierint",0.0715379604267188,0.0922346237670846,0.775608524271427,117.629607309502,0.439536710504139,0.676099196436933
"s__GGB3817_SGB5182","fixed",NA,"(Intercept)",-5.22648617709085,0.059308710091104,-88.1234167639534,116.185755543398,2.99018363067262e-108,2.35194275488199e-107
"s__GGB3817_SGB5182","fixed",NA,"carrierper",-0.0457993004404116,0.183041303454991,-0.250212927770553,107.966505461416,0.802898183077105,0.902176109676075
"s__GGB3817_SGB5182","fixed",NA,"carrierint",-0.0979743935251204,0.11130266380903,-0.88025200989998,107.335533120406,0.38068944686752,0.632530609130884
"s__GGB3818_SGB5183","fixed",NA,"(Intercept)",-4.61046797257385,0.0344350110443355,-133.888964537802,146.682080752266,3.08452611206419e-155,2.30969315271367e-153
"s__GGB3818_SGB5183","fixed",NA,"carrierper",0.0880174416306538,0.102304386771627,0.860348655694835,123.929580498513,0.391258231893545,0.643616353343336
"s__GGB3818_SGB5183","fixed",NA,"carrierint",0.128107669590064,0.0619736198282692,2.06713227249036,121.371385353959,0.0408476904493093,0.113789994823076
"s__GGB3819_SGB5184","fixed",NA,"(Intercept)",-4.7914200762647,0.034118351645083,-140.435274426724,119.40524281628,1.95489481060613e-134,5.30371461660098e-133
"s__GGB3819_SGB5184","fixed",NA,"carrierper",0.0999414551584622,0.105511156913407,0.947212200890604,111.990904264136,0.345570036946832,0.599301153275545
"s__GGB3819_SGB5184","fixed",NA,"carrierint",0.0493629496672174,0.06416892618651,0.769265633707843,111.428578052178,0.443363207569691,0.67975096197417
"s__GGB3828_SGB5197","fixed",NA,"(Intercept)",-5.7156993544286,0.0693484207927331,-82.4200362328588,122.987044475827,1.76350041449144e-109,1.4353359895339e-108
"s__GGB3828_SGB5197","fixed",NA,"carrierper",-0.156091263903904,0.211456029220312,-0.738173626353665,109.834058354774,0.461983271173064,0.690545519580245
"s__GGB3828_SGB5197","fixed",NA,"carrierint",0.147093027655046,0.128448527362964,1.14515153014871,108.71796305645,0.254661060400388,0.506284584873187
"s__GGB42389_SGB59559","fixed",NA,"(Intercept)",-6.27215362886902,0.0552434628102685,-113.536576271667,117.252987293511,9.38653920680416e-122,1.24621286490336e-120
"s__GGB42389_SGB59559","fixed",NA,"carrierper",0.0465821695712815,0.165687862592577,0.281144127532299,98.1947357596538,0.77919142020354,0.891097610563115
"s__GGB42389_SGB59559","fixed",NA,"carrierint",0.0313840514495341,0.100480740758917,0.312338973742577,96.325195181067,0.755458063809303,0.8838829037247
"s__GGB4266_SGB5809","fixed",NA,"(Intercept)",-4.63376904325689,0.0638127539220739,-72.6150927276309,120.650458821756,2.02940669565834e-101,1.22946580397165e-100
"s__GGB4266_SGB5809","fixed",NA,"carrierper",-0.102074546387975,0.199406890913544,-0.51189076726657,117.760122941406,0.609686085594337,0.802735198539297
"s__GGB4266_SGB5809","fixed",NA,"carrierint",0.0844743627791762,0.121368955326675,0.696012934706458,117.553620120067,0.487794543096762,0.706941211379867
"s__GGB4285_SGB5849","fixed",NA,"(Intercept)",-3.59362250197729,0.0409402943267811,-87.7771535615589,116.760222954381,1.85560544344948e-108,1.46569341356009e-107
"s__GGB4285_SGB5849","fixed",NA,"carrierper",0.0713817526520789,0.128150496276246,0.55701503096957,114.645100805627,0.578602971157582,0.775534515547909
"s__GGB4285_SGB5849","fixed",NA,"carrierint",-0.116788588909643,0.0780082964926595,-1.49713035870015,114.495243232084,0.137111062559415,0.330762769473228
"s__GGB42994_SGB4746","fixed",NA,"(Intercept)",-5.19838536842179,0.0474185905152712,-109.627580911492,116.311193464937,3.08273887106556e-119,3.629488784047e-118
"s__GGB42994_SGB4746","fixed",NA,"carrierper",-0.0732607626980622,0.147372975746179,-0.497111239880502,111.043343746835,0.620093441557759,0.809030362320542
"s__GGB42994_SGB4746","fixed",NA,"carrierint",0.152517940394623,0.0896624560104387,1.70102345151984,110.656508028098,0.0917471092511397,0.239206947796843
"s__GGB4684_SGB6478","fixed",NA,"(Intercept)",-4.83163919654377,0.0588935675423336,-82.0401853406268,138.188065530589,4.20266277604208e-119,4.8865743582303e-118
"s__GGB4684_SGB6478","fixed",NA,"carrierper",-0.0714507035892712,0.180072003757556,-0.396789629138967,126.075973688578,0.692193449112085,0.849648237890239
"s__GGB4684_SGB6478","fixed",NA,"carrierint",0.25291679809495,0.109411287501885,2.31161522608526,125.059341189606,0.0224347397458662,0.064413853994266
"s__GGB4716_SGB14929","fixed",NA,"(Intercept)",-5.00450941559243,0.0485588932516009,-103.060615275194,115.909785728586,7.70533560877306e-116,7.71357660942416e-115
"s__GGB4716_SGB14929","fixed",NA,"carrierper",0.095912523201098,0.150488107450763,0.637342875964329,109.428722833624,0.525232767461119,0.735681100266408
"s__GGB4716_SGB14929","fixed",NA,"carrierint",-0.0989316115685513,0.0915378232527614,-1.08077304061922,108.944697601346,0.282184759929562,0.542301130025989
"s__GGB47687_SGB2286","fixed",NA,"(Intercept)",-4.47148629776621,0.0741198883886773,-60.327752712176,116.359802245226,1.22240736383728e-89,5.91304027158498e-89
"s__GGB47687_SGB2286","fixed",NA,"carrierper",-0.183346509758284,0.231844777131428,-0.790815786436063,113.927367667097,0.430694676572209,0.666882079853742
"s__GGB47687_SGB2286","fixed",NA,"carrierint",-0.144463326192302,0.141122350288904,-1.02367432158378,113.754505582531,0.308161139166335,0.568136631116196
"s__GGB4774_SGB6609","fixed",NA,"(Intercept)",-5.20856030752117,0.0411082027107414,-126.703673818369,149.915493323095,2.33651634133183e-154,1.68229176575892e-152
"s__GGB4774_SGB6609","fixed",NA,"carrierper",-0.0924697750016992,0.122978898068847,-0.751915787616927,129.76618594509,0.453463347796988,0.687255351267021
"s__GGB4774_SGB6609","fixed",NA,"carrierint",0.0210211975117463,0.0745588190706888,0.281941127471671,127.645236660201,0.77844525283053,0.891097610563115
"s__GGB51441_SGB71759","fixed",NA,"(Intercept)",-5.73688763161107,0.0896274134071193,-64.008180237804,120.732988765722,5.07289229382167e-95,2.60176832165319e-94
"s__GGB51441_SGB71759","fixed",NA,"carrierper",-0.230219215959728,0.275127741819466,-0.83677209152828,110.257692660904,0.404530645763974,0.650267974420365
"s__GGB51441_SGB71759","fixed",NA,"carrierint",0.0237840574017523,0.167223909792945,0.142228808255957,109.418367648004,0.887160838639173,0.951182754829629
"s__GGB51510_SGB71883","fixed",NA,"(Intercept)",-5.94653043969025,0.0709955581345867,-83.7591899540726,131.707457702865,4.16748773320875e-116,4.19437475084235e-115
"s__GGB51510_SGB71883","fixed",NA,"carrierper",-0.136898186185798,0.212183323640655,-0.645188244942581,110.987825441889,0.520136702902843,0.7338917111071
"s__GGB51510_SGB71883","fixed",NA,"carrierint",0.275394092217279,0.128626818487617,2.14103167174108,108.842771468537,0.034502949239092,0.0972733749632232
"s__GGB51647_SGB4348","fixed",NA,"(Intercept)",-5.20926470383173,0.155873111887159,-33.4199057217954,125.304768084157,2.87809983944475e-64,1.01274490590988e-63
"s__GGB51647_SGB4348","fixed",NA,"carrierper",-0.55617184355902,0.477665500257012,-1.16435422541458,114.092169266618,0.246709441052168,0.496068822394907
"s__GGB51647_SGB4348","fixed",NA,"carrierint",0.0874009974191156,0.290285043497006,0.301086808904149,113.178295728116,0.763900746644194,0.885717581299206
"s__GGB51884_SGB49168","fixed",NA,"(Intercept)",-5.23398060506106,0.0677593982429702,-77.2436110824534,117.899621009934,8.04393906793007e-103,5.03620532948665e-102
"s__GGB51884_SGB49168","fixed",NA,"carrierper",-0.191988127211235,0.211173774777952,-0.909147584320588,113.828063789199,0.365193200351981,0.617222518377088
"s__GGB51884_SGB49168","fixed",NA,"carrierint",-0.0184076142834117,0.128505713038863,-0.143243548073578,113.53343038851,0.886351763525336,0.951129294384098
"s__GGB52106_SGB72838","fixed",NA,"(Intercept)",-5.48137222504984,0.0373228986701565,-146.86351865357,117.669036425718,3.76330380344862e-135,1.0838314953932e-133
"s__GGB52106_SGB72838","fixed",NA,"carrierper",-0.0953819444427831,0.114503449939072,-0.833004983636184,107.01268314866,0.406697225255998,0.65294786078836
"s__GGB52106_SGB72838","fixed",NA,"carrierint",-0.00620648421238406,0.06959232246626,-0.0891834615146392,106.156871270397,0.929104147498734,0.967200731084452
"s__GGB52130_SGB14966","fixed",NA,"(Intercept)",-5.9812988904793,0.103950223076703,-57.5400293856589,113.981300419023,4.55674829102265e-86,2.10104256177202e-85
"s__GGB52130_SGB14966","fixed",NA,"carrierper",-0.100588852872369,0.318943989307148,-0.31538093284304,103.44339367586,0.753107805804424,0.8838829037247
"s__GGB52130_SGB14966","fixed",NA,"carrierint",-0.0921322486171169,0.193847887916547,-0.475281157857033,102.600049521161,0.635596856607424,0.818523648550115
"s__GGB55957_SGB77276","fixed",NA,"(Intercept)",-5.29278552330984,0.0601277035302303,-88.02573876198,118.416153561434,9.2690932186283e-110,7.57718013330663e-109
"s__GGB55957_SGB77276","fixed",NA,"carrierper",-0.153233244635733,0.182453086961927,-0.839850107154988,103.519791986053,0.402927899132449,0.650267974420365
"s__GGB55957_SGB77276","fixed",NA,"carrierint",0.0400324341493463,0.110780601572611,0.361366823984134,102.206202458213,0.718571182734508,0.867848551018709
"s__GGB58158_SGB79798","fixed",NA,"(Intercept)",-6.39178953128728,0.0620406616368488,-103.025811824852,121.905833242352,2.077756640595e-120,2.62808137242828e-119
"s__GGB58158_SGB79798","fixed",NA,"carrierper",-0.0094132237645536,0.184751269906651,-0.0509507932979829,100.174346763134,0.959466188959619,0.980950685817808
"s__GGB58158_SGB79798","fixed",NA,"carrierint",0.0622607449073507,0.111949893124289,0.556148319304135,97.8780102471968,0.5793786687878,0.775820363355337
"s__GGB58233_SGB79883","fixed",NA,"(Intercept)",-5.75493439656135,0.0722269621450973,-79.6784777546121,115.379492577926,1.0243475178472e-102,6.37069286847162e-102
"s__GGB58233_SGB79883","fixed",NA,"carrierper",-0.0972234598193115,0.216919480036028,-0.448200686278447,96.8801374289238,0.655009122685595,0.828498025450969
"s__GGB58233_SGB79883","fixed",NA,"carrierint",-0.083257515524917,0.131569426980935,-0.632802904408644,95.0927741170602,0.52838115440633,0.737056274998994
"s__GGB58485_SGB80143","fixed",NA,"(Intercept)",-6.47474156471372,0.0927631688924183,-69.7986241955875,127.136941218482,3.07279438084085e-103,1.96323245083074e-102
"s__GGB58485_SGB80143","fixed",NA,"carrierper",-0.349166959083324,0.284063855883391,-1.22918474790633,115.621999478375,0.221498218394914,0.455653477840965
"s__GGB58485_SGB80143","fixed",NA,"carrierint",-0.0350049609493989,0.172619472698546,-0.202786860614097,114.6765463955,0.839660984025186,0.924398277548747
"s__GGB6020_SGB14985","fixed",NA,"(Intercept)",-5.70409965333924,0.0497385935281301,-114.681563122874,136.862985003717,7.05251695746329e-138,2.49100221591911e-136
"s__GGB6020_SGB14985","fixed",NA,"carrierper",-0.119808740169349,0.145410780768904,-0.823932995447953,108.371556534849,0.411787269018115,0.657256908605094
"s__GGB6020_SGB14985","fixed",NA,"carrierint",0.0500696198709906,0.0878938318678299,0.569660223100554,104.692175519451,0.57012851006888,0.768934128853705
"s__GGB6518_SGB9205","fixed",NA,"(Intercept)",-4.90579913354324,0.0529061327347783,-92.726473850136,108.118829545735,7.12880706216485e-105,4.8351908769466e-104
"s__GGB6518_SGB9205","fixed",NA,"carrierper",-0.233862816456301,0.161120369440437,-1.45147889908951,94.9221127857201,0.149943627175878,0.352631243810608
"s__GGB6518_SGB9205","fixed",NA,"carrierint",-0.233862816456277,0.0978611300379485,-2.38974163046748,93.8055770786722,0.0188599965770635,0.0545686454285362
"s__GGB6547_SGB9247","fixed",NA,"(Intercept)",-4.34270146447056,0.0667497615871711,-65.0594303441708,117.331863827442,6.61663867452916e-94,3.37502659365629e-93
"s__GGB6547_SGB9247","fixed",NA,"carrierper",0.0815852872365606,0.209356995271813,0.389694584270454,116.125269364655,0.697476187577073,0.853940760722225
"s__GGB6547_SGB9247","fixed",NA,"carrierint",0.121041548560916,0.12745878091616,0.949652489148899,116.040474840354,0.344262519105461,0.59893999606452
"s__GGB6565_SGB9274","fixed",NA,"(Intercept)",-5.84691399756864,0.0867813467019852,-67.3752392625048,117.109438611927,1.64283850756179e-95,8.49556266893829e-95
"s__GGB6565_SGB9274","fixed",NA,"carrierper",-0.212374383563787,0.271298346277278,-0.782807512386129,114.424274340047,0.435357270016079,0.671728912009187
"s__GGB6565_SGB9274","fixed",NA,"carrierint",-0.0198918810848246,0.165130844367523,-0.120461329686853,114.232946825882,0.904329330950678,0.959152695489897
"s__GGB6569_SGB9281","fixed",NA,"(Intercept)",-4.26615789220858,0.0577772353092729,-73.8380413907394,115.036316994974,9.30713534533331e-99,5.20088279595939e-98
"s__GGB6569_SGB9281","fixed",NA,"carrierper",-0.107501349551224,0.181194663019464,-0.593292030569776,113.781786120907,0.554163243311431,0.7572020003342
"s__GGB6569_SGB9281","fixed",NA,"carrierint",0.0895842761322095,0.110312369221455,0.812096383791437,113.693600990444,0.418433412604746,0.66121196853098
"s__GGB6612_SGB9346","fixed",NA,"(Intercept)",-5.01064490954607,0.0683895355754792,-73.2662514430441,119.627492441969,3.04329279097472e-101,1.82597567458483e-100
"s__GGB6612_SGB9346","fixed",NA,"carrierper",0.0172052649475518,0.211080688890589,0.0815103695083634,111.391404054025,0.935182356697754,0.968822009816378
"s__GGB6612_SGB9346","fixed",NA,"carrierint",-0.174174912192243,0.128353355177957,-1.35699539720451,110.758205997034,0.177541754707643,0.397643738799324
"s__GGB77437_SGB9391","fixed",NA,"(Intercept)",-5.77245951359439,0.0488733496393619,-118.110576749692,119.22993673043,2.23406235656676e-125,3.70103073583449e-124
"s__GGB77437_SGB9391","fixed",NA,"carrierper",-0.113597307816519,0.148521045233532,-0.764856641278685,104.862994593344,0.446074790294492,0.6820906019039
"s__GGB77437_SGB9391","fixed",NA,"carrierint",0.0453320246112804,0.0901906002317582,0.502624713604223,103.611597784635,0.616294808262536,0.807721026811533
"s__GGB781_SGB1024","fixed",NA,"(Intercept)",-5.19287616740507,0.126752152984884,-40.9687413201127,118.480687867631,8.37476329893248e-72,3.2258347521814e-71
"s__GGB781_SGB1024","fixed",NA,"carrierper",0.202153869739365,0.395106329822644,0.511644219494303,114.495831487867,0.609885402426899,0.802735198539297
"s__GGB781_SGB1024","fixed",NA,"carrierint",-0.116242811427953,0.240437912753297,-0.483462903569723,114.207732569207,0.629692709113437,0.815387472880347
"s__GGB79630_SGB13983","fixed",NA,"(Intercept)",-4.95706356770622,0.0441227113605573,-112.347211104019,117.644266779062,1.54596948044332e-121,2.03806680802106e-120
"s__GGB79630_SGB13983","fixed",NA,"carrierper",0.325791089653142,0.133167718895339,2.4464719554834,100.798220527052,0.0161576750890424,0.047261199635449
"s__GGB79630_SGB13983","fixed",NA,"carrierint",-0.0686763769236859,0.080812775725166,-0.849820790183542,99.2391892470406,0.397470292120918,0.648593979046871
"s__GGB79734_SGB15291","fixed",NA,"(Intercept)",-5.13548390779275,0.107062965176704,-47.9669500962987,115.117715032497,6.18293039509371e-78,2.51618384774248e-77
"s__GGB79734_SGB15291","fixed",NA,"carrierper",-0.280491304269903,0.329005426298862,-0.852543094578357,105.172006635773,0.395850037522423,0.647447396591306
"s__GGB79734_SGB15291","fixed",NA,"carrierint",-0.378653869661177,0.199989228221239,-1.89337132319091,104.38482568453,0.061077664930298,0.165677648676637
"s__GGB79916_SGB4587","fixed",NA,"(Intercept)",-5.26163958920593,0.08916169592617,-59.0123318601164,116.17602350928,1.84083129014923e-88,8.79090861010042e-88
"s__GGB79916_SGB4587","fixed",NA,"carrierper",-0.185611540958369,0.266796249993797,-0.695705209359895,96.3630434436663,0.48828792003962,0.706941211379867
"s__GGB79916_SGB4587","fixed",NA,"carrierint",0.365697056277994,0.161755623951304,2.26079963926376,94.3793744253143,0.0260690737966886,0.0745058109120628
"s__GGB79973_SGB14341","fixed",NA,"(Intercept)",-5.5928869982922,0.0525111103872163,-106.508640877146,122.253657436862,2.03064533549811e-122,2.79512357945034e-121
"s__GGB79973_SGB14341","fixed",NA,"carrierper",-0.106083049473304,0.162635014682762,-0.652276815544494,115.453312529275,0.515519171688554,0.730546471915952
"s__GGB79973_SGB14341","fixed",NA,"carrierint",0.0503975619608382,0.0989216805004317,0.509469326702535,114.941956178642,0.611400038711803,0.803186577170874
"s__GGB80011_SGB15265","fixed",NA,"(Intercept)",-4.37032242973093,0.123312828571235,-35.4409389547518,120.111754688164,1.88940674131229e-65,6.73708460902213e-65
"s__GGB80011_SGB15265","fixed",NA,"carrierper",-0.614918585571294,0.379094012379484,-1.62207411747707,110.244553918239,0.107643948191414,0.272033659463291
"s__GGB80011_SGB15265","fixed",NA,"carrierint",-0.325243498664005,0.230443820780078,-1.41137869335363,109.463336152293,0.160969038265762,0.370644575194964
"s__GGB80011_SGB15267","fixed",NA,"(Intercept)",-4.04013611981316,0.0304841665774442,-132.532280636549,123.153910391619,1.05123894200106e-134,2.89399896974408e-133
"s__GGB80011_SGB15267","fixed",NA,"carrierper",-0.0423583706342799,0.0950398444213716,-0.445690656294412,119.226570358061,0.656628978841264,0.829986123153846
"s__GGB80011_SGB15267","fixed",NA,"carrierint",0.0581678393904352,0.057836238492665,1.00573344509277,118.942524943312,0.316585467856797,0.57631078955115
"s__GGB80140_SGB15224","fixed",NA,"(Intercept)",-4.79428894591834,0.055338367806018,-86.6358936122609,115.768139165675,4.10161295665987e-107,3.1085908724159e-106
"s__GGB80140_SGB15224","fixed",NA,"carrierper",-0.162348906348834,0.171790007148492,-0.945042782427398,110.012347327473,0.346708027322332,0.600404650460135
"s__GGB80140_SGB15224","fixed",NA,"carrierint",0.0336428750159887,0.10450881887471,0.32191422100293,109.586934707918,0.748130931583278,0.883039788098295
"s__GGB8965_SGB13825","fixed",NA,"(Intercept)",-6.34267543643926,0.0644382274962272,-98.430321299738,129.931224180565,6.61073931545981e-124,1.00612227630413e-122
"s__GGB8965_SGB13825","fixed",NA,"carrierper",-0.0213560787800309,0.197085306345171,-0.108359568635869,117.915183181447,0.913894645834826,0.962534917863976
"s__GGB8965_SGB13825","fixed",NA,"carrierint",-0.0875638208633884,0.119751736781701,-0.731211281077374,116.916129707357,0.466113062809846,0.691413354659296
"s__GGB9059_SGB13976","fixed",NA,"(Intercept)",-5.36291795546559,0.0799206379417075,-67.1030423878397,112.791854426277,9.38908720216212e-93,4.71216387196983e-92
"s__GGB9059_SGB13976","fixed",NA,"carrierper",-0.230541994388757,0.246783980413619,-0.934185411882735,104.842166813105,0.352354861453594,0.606719438291943
"s__GGB9059_SGB13976","fixed",NA,"carrierint",-0.168640138460064,0.150069219774787,-1.12374901870714,104.235214989475,0.263700926546548,0.51962961525804
"s__GGB9060_SGB13977","fixed",NA,"(Intercept)",-5.51842010823716,0.0636251137150282,-86.7333633846806,121.634884263437,3.12710017940668e-111,2.76128846030628e-110
"s__GGB9060_SGB13977","fixed",NA,"carrierper",-0.101368867198437,0.197960145679435,-0.512067046882194,116.815553515468,0.609570836265374,0.802735198539297
"s__GGB9060_SGB13977","fixed",NA,"carrierint",0.147069530563175,0.120449945526014,1.2210012210542,116.463236202039,0.22455169097538,0.46041704874689
"s__GGB9061_SGB13979","fixed",NA,"(Intercept)",-5.94149459403458,0.093178026531884,-63.764975661955,117.126917451941,8.57001280283055e-93,4.31265160400505e-92
"s__GGB9061_SGB13979","fixed",NA,"carrierper",-0.245592005893034,0.291894687673925,-0.84137196140885,115.369222312844,0.401880168871447,0.650267974420365
"s__GGB9061_SGB13979","fixed",NA,"carrierint",-0.0322764293195976,0.177693366116918,-0.18164116097818,115.245098499458,0.856183437560328,0.932930963395188
"s__GGB9062_SGB13981","fixed",NA,"(Intercept)",-4.3550735593584,0.0437694592790664,-99.5002824136166,118.757000291599,3.11373445465641e-116,3.15076264817124e-115
"s__GGB9062_SGB13981","fixed",NA,"carrierper",-0.119881763893084,0.136256486765621,-0.879824269205596,114.190587722312,0.380802348552621,0.632530609130884
"s__GGB9062_SGB13981","fixed",NA,"carrierint",0.019657903752576,0.0829093877320918,0.237101060450444,113.858078647262,0.813004471755128,0.908623505149612
"s__GGB9063_SGB13982","fixed",NA,"(Intercept)",-4.84089483832338,0.0601980266415219,-80.4161715657361,115.62167483877,2.4852253433721e-103,1.59326775438102e-102
"s__GGB9063_SGB13982","fixed",NA,"carrierper",-0.18138168667615,0.187488137558063,-0.967430201390624,111.281946073512,0.335426864995083,0.590603196221208
"s__GGB9063_SGB13982","fixed",NA,"carrierint",0.0489081165459504,0.114086852428532,0.428691961473722,110.967047328075,0.668978446947284,0.837117414896602
"s__GGB9082_SGB14007","fixed",NA,"(Intercept)",-6.42307377736178,0.0788600868774141,-81.448981756085,119.698422396334,1.1039686761161e-106,8.0108647448118e-106
"s__GGB9082_SGB14007","fixed",NA,"carrierper",-0.0998052284951465,0.246409929497561,-0.405037364763073,116.777811457718,0.686191062091623,0.847490707486333
"s__GGB9082_SGB14007","fixed",NA,"carrierint",0.268636868691618,0.149976549566378,1.79119248621413,116.569111907376,0.0758573848163464,0.201425566491064
"s__GGB9186_SGB14125","fixed",NA,"(Intercept)",-4.91506943212111,0.0375871825188603,-130.764508078115,121.998383717423,5.35329798950032e-133,1.35423970761414e-131
"s__GGB9186_SGB14125","fixed",NA,"carrierper",-0.123509517241894,0.115305388744255,-1.07115130166063,111.243889507848,0.286419836998967,0.54545059497667
"s__GGB9186_SGB14125","fixed",NA,"carrierint",0.00205758372288369,0.0700792624202149,0.0293608073461996,110.376933017062,0.9766298528569,0.988243829485469
"s__GGB9189_SGB14128","fixed",NA,"(Intercept)",-5.56519512548763,0.0528030689706911,-105.395296788083,135.746086496321,4.40522017551334e-132,1.00567953275134e-130
"s__GGB9189_SGB14128","fixed",NA,"carrierper",-0.144770219720411,0.160682720712289,-0.900969432672413,121.736853796994,0.369383541797308,0.622399631183223
"s__GGB9189_SGB14128","fixed",NA,"carrierint",0.0186150564289727,0.0975883645431539,0.19075077767843,120.512030674597,0.849041827750717,0.928391531278821
"s__GGB9261_SGB14209","fixed",NA,"(Intercept)",-6.28549466805228,0.0927231276191856,-67.7877766792644,119.070948158072,5.67923157824897e-97,3.06383905316486e-96
"s__GGB9261_SGB14209","fixed",NA,"carrierper",-0.170437461315192,0.287792100018264,-0.592224252522483,113.207448026365,0.554881421136545,0.7572020003342
"s__GGB9261_SGB14209","fixed",NA,"carrierint",0.188967441203767,0.17507645839751,1.07934237951466,112.773025229926,0.282738195996456,0.542301130025989
"s__GGB9290_SGB14247","fixed",NA,"(Intercept)",-5.86255827196441,0.0395870356036859,-148.092884010202,159.082968986907,2.38627565284607e-172,4.96345335791983e-170
"s__GGB9290_SGB14247","fixed",NA,"carrierper",-0.076744017970311,0.116559190193092,-0.658412415556225,133.734570492744,0.511405058285693,0.72691744047898
"s__GGB9290_SGB14247","fixed",NA,"carrierint",0.026392399828725,0.0705263163382574,0.374220591674491,130.541746001161,0.708847360667827,0.860546212172615
"s__GGB9342_SGB14306","fixed",NA,"(Intercept)",-5.09546101654213,0.0920005825412794,-55.3850951351952,104.511082856262,2.79688754619061e-79,1.1635052192153e-78
"s__GGB9342_SGB14306","fixed",NA,"carrierper",-0.420239100681619,0.282697444136029,-1.48653307413493,94.8179393079806,0.140455896545993,0.336800892467672
"s__GGB9342_SGB14306","fixed",NA,"carrierint",-0.352223400926123,0.171839383886598,-2.04972453322206,94.0558368401885,0.0431752465221942,0.119385615198741
"s__GGB9345_SGB14311","fixed",NA,"(Intercept)",-4.70342566234794,0.0391607304974878,-120.105667146574,125.793649809326,1.20758689178249e-131,2.72361766435762e-130
"s__GGB9345_SGB14311","fixed",NA,"carrierper",-0.0897485919085374,0.119544388689263,-0.750755371227208,113.04784518283,0.454359760293219,0.687255351267021
"s__GGB9345_SGB14311","fixed",NA,"carrierint",0.0259923140253514,0.0726244586311533,0.357900279262139,111.974265300287,0.721091711326464,0.869210356473368
"s__GGB9359_SGB14334","fixed",NA,"(Intercept)",-6.04219560106058,0.0633646190476864,-95.3559840155182,110.855184488033,3.19438329633963e-108,2.5020441551246e-107
"s__GGB9359_SGB14334","fixed",NA,"carrierper",-0.0694279157862164,0.194685733590455,-0.356615323094328,100.936528751672,0.72212420320511,0.869894793050171
"s__GGB9359_SGB14334","fixed",NA,"carrierint",-0.186359354596004,0.118339918844592,-1.57478014532643,100.152733910651,0.118460940559379,0.294658239964546
"s__GGB9444_SGB14834","fixed",NA,"(Intercept)",-5.12224510544409,0.0267656726861485,-191.373673492425,152.481051203274,1.5089416366295e-183,7.06184685942606e-181
"s__GGB9444_SGB14834","fixed",NA,"carrierper",0.0194461055407864,0.0795869404213188,0.24433789561255,130.243454067708,0.807353634836625,0.905440777709577
"s__GGB9444_SGB14834","fixed",NA,"carrierint",0.00559872407122654,0.0482169527040556,0.116115261484694,127.741234455011,0.907743538623752,0.960099004995481
"s__GGB9453_SGB14844","fixed",NA,"(Intercept)",-5.53331872426662,0.0676986494892299,-81.7345510732369,125.250195574054,1.56801414675838e-110,1.32820021843063e-109
"s__GGB9453_SGB14844","fixed",NA,"carrierper",0.133298729281465,0.203659150888668,0.654518732400754,107.003529272992,0.514182059952724,0.729203648660226
"s__GGB9453_SGB14844","fixed",NA,"carrierint",-0.119077495566714,0.123548647506084,-0.963810595829071,105.246234905279,0.337350213127674,0.591310485931654
"s__GGB9453_SGB14845","fixed",NA,"(Intercept)",-5.70045170990426,0.0877428506326091,-64.9677058450358,120.485805190771,1.22318711495325e-95,6.36057299775692e-95
"s__GGB9453_SGB14845","fixed",NA,"carrierper",-0.128558411641086,0.269395122610361,-0.477211355556076,110.092172743043,0.634157609019574,0.818523648550115
"s__GGB9453_SGB14845","fixed",NA,"carrierint",0.0289772883382787,0.163742288042194,0.176968873983315,109.260806050942,0.859860473926478,0.933676802314598
"s__GGB9469_SGB14863","fixed",NA,"(Intercept)",-5.31747902518982,0.0488554029324123,-108.841166094693,121.308577477987,8.11665598473003e-123,1.15108939419808e-121
"s__GGB9469_SGB14863","fixed",NA,"carrierper",0.048420498327581,0.151465191127242,0.319680700015783,114.944701555579,0.749790699381904,0.883327998264899
"s__GGB9469_SGB14863","fixed",NA,"carrierint",0.094648295042967,0.092134887806967,1.02727964721969,114.469455449779,0.306454669024885,0.567441286265662
"s__GGB9480_SGB14874","fixed",NA,"(Intercept)",-5.84071792472404,0.115113173388187,-50.7389185165444,120.357358171178,4.22808854136935e-83,1.85362570244577e-82
"s__GGB9480_SGB14874","fixed",NA,"carrierper",0.280616196781054,0.349073110279204,0.803889467614981,105.164037917537,0.423274226587518,0.662827018054491
"s__GGB9480_SGB14874","fixed",NA,"carrierint",-0.0834090416835647,0.211934398672417,-0.393560659364638,103.813597309864,0.694712563708081,0.851150100333952
"s__GGB9501_SGB14898","fixed",NA,"(Intercept)",-5.96346332558592,0.103256728292516,-57.7537505226008,122.428777094475,1.11402848309817e-90,5.47365175947448e-90
"s__GGB9501_SGB14898","fixed",NA,"carrierper",-0.434476856803847,0.316676671081083,-1.3719888342915,111.56533299983,0.172819423876114,0.391186346144519
"s__GGB9501_SGB14898","fixed",NA,"carrierint",0.130022162518419,0.192462636448963,0.675570931155242,110.687505136118,0.50072206048911,0.720485547452432
"s__GGB9512_SGB14909","fixed",NA,"(Intercept)",-5.75279922184164,0.0971219867980157,-59.232717652345,118.597365129836,6.07749256785869e-90,2.94742644741748e-89
"s__GGB9512_SGB14909","fixed",NA,"carrierper",0.366731653334784,0.303426195742003,1.20863543913198,115.612602619905,0.22926911701981,0.468039026238914
"s__GGB9512_SGB14909","fixed",NA,"carrierint",0.0784306090865833,0.184677284657588,0.424690070746938,115.399212699863,0.671853389743359,0.83959248704911
"s__GGB9522_SGB14921","fixed",NA,"(Intercept)",-5.29272834568311,0.0368362457093074,-143.6826213901,108.385553316557,1.62415383774464e-125,2.71465712880175e-124
"s__GGB9522_SGB14921","fixed",NA,"carrierper",-0.116207090719826,0.112036079557045,-1.03722917812968,94.7036001908064,0.302270193764976,0.56359542104386
"s__GGB9522_SGB14921","fixed",NA,"carrierint",-0.0084120907629853,0.06804020076309,-0.123634126128985,93.5329719454067,0.901870265420387,0.958298989865579
"s__GGB9523_SGB14922","fixed",NA,"(Intercept)",-5.3575651879361,0.060114352764357,-89.1228956408679,118.107295246021,3.60599670210444e-110,3.02709678311188e-109
"s__GGB9523_SGB14922","fixed",NA,"carrierper",-0.0240192156389249,0.187248628676653,-0.128274454177189,113.801580035174,0.898158192409035,0.957489826987309
"s__GGB9523_SGB14922","fixed",NA,"carrierint",0.148733181061445,0.113942063223559,1.30534042348895,113.489108701623,0.194417156658822,0.418791943035873
"s__GGB9531_SGB14932","fixed",NA,"(Intercept)",-5.78997912305605,0.0586774829003696,-98.6746335538462,122.936362617259,6.49273997600029e-119,7.45669278225309e-118
"s__GGB9531_SGB14932","fixed",NA,"carrierper",-0.188831621303465,0.179820908121192,-1.05010937424585,111.763518912523,0.295933202222546,0.556770808603624
"s__GGB9531_SGB14932","fixed",NA,"carrierint",-0.0978015221101497,0.109280419086043,-0.894959251877914,110.854803052925,0.372747974966675,0.625815434204139
"s__GGB9534_SGB14937","fixed",NA,"(Intercept)",-5.43252136839372,0.0950056646403629,-57.1810258783846,117.673983828289,1.04600215927789e-87,4.93228222208617e-87
"s__GGB9534_SGB14937","fixed",NA,"carrierper",-0.0518926038010988,0.290906625776974,-0.178382337158875,106.253714591514,0.858762386800088,0.933676802314598
"s__GGB9534_SGB14937","fixed",NA,"carrierint",-0.106935919285444,0.17677639476278,-0.604921937846643,105.322319443999,0.546531978577128,0.751732449593229
"s__GGB9537_SGB14940","fixed",NA,"(Intercept)",-5.98676860262217,0.0483833338216422,-123.736173796777,125.042117185039,1.23991828855992e-132,3.09483604824557e-131
"s__GGB9537_SGB14940","fixed",NA,"carrierper",-0.0185543532098079,0.143409089843536,-0.129380593866479,101.580213894844,0.897312341826625,0.957133164615066
"s__GGB9537_SGB14940","fixed",NA,"carrierint",-0.0256573556357862,0.0868485521025458,-0.295426406251326,98.9752252711999,0.768287031358379,0.887182007218298
"s__GGB9561_SGB14972","fixed",NA,"(Intercept)",-6.17842201766988,0.0760080899524754,-81.2863738785304,111.499622958269,4.4114929391562e-101,2.61339075382924e-100
"s__GGB9561_SGB14972","fixed",NA,"carrierper",-0.21951790414325,0.231704738665605,-0.947403602565318,98.5422817808546,0.345750665351276,0.599301153275545
"s__GGB9561_SGB14972","fixed",NA,"carrierint",0.0194180299783391,0.140745370039434,0.137965674983828,97.4517497441198,0.890552217780313,0.95318110445097
"s__GGB9581_SGB4365","fixed",NA,"(Intercept)",-5.55000062010543,0.0738203564978851,-75.1825225913727,121.672607165502,7.65058121145672e-104,4.99020488775156e-103
"s__GGB9581_SGB4365","fixed",NA,"carrierper",-0.219550501945725,0.22664068943571,-0.968716175777448,111.248130851478,0.334788172465959,0.590603196221208
"s__GGB9581_SGB4365","fixed",NA,"carrierint",-0.0965389758685678,0.137755084470968,-0.7008015438364,110.413350036716,0.484901123080635,0.706941211379867
"s__GGB9602_SGB15028","fixed",NA,"(Intercept)",-5.17955810126782,0.0435024740933956,-119.063529355774,115.268522506563,1.66875969685963e-122,2.31401344631202e-121
"s__GGB9602_SGB15028","fixed",NA,"carrierper",-0.104438685385719,0.131076620544732,-0.796775847223474,97.9181230039284,0.427508929498359,0.664913117167805
"s__GGB9602_SGB15028","fixed",NA,"carrierint",0.0452191545025331,0.0795300993617499,0.568579127467824,96.2919738429615,0.570965470751665,0.769508539414771
"s__GGB9602_SGB15031","fixed",NA,"(Intercept)",-5.04209264881092,0.0701168457580963,-71.9098612365734,115.948612182892,4.98426644547364e-98,2.76870824508210e-97
"s__GGB9602_SGB15031","fixed",NA,"carrierper",-0.233631394729414,0.217997537025583,-1.07171575384357,110.842976935867,0.28617564906539,0.54545059497667
"s__GGB9602_SGB15031","fixed",NA,"carrierint",-0.0657986521624294,0.132634475033986,-0.496090116431413,110.468885968839,0.620816438282867,0.809030362320542
"s__GGB9603_SGB15035","fixed",NA,"(Intercept)",-4.99674994356899,0.0391959498664906,-127.481282137286,93.5367164514192,1.10406148726573e-106,8.0108647448118e-106
"s__GGB9603_SGB15035","fixed",NA,"carrierper",-0.105623225717184,0.119141964254955,-0.886532519231919,80.4746962891313,0.377972305705041,0.631331163612106
"s__GGB9603_SGB15035","fixed",NA,"carrierint",-0.0436351005040108,0.0723516055364911,-0.603097888159553,79.3673433427114,0.548163165825129,0.751758076162979
"s__GGB9608_SGB15041","fixed",NA,"(Intercept)",-5.27012846737992,0.0528663024525769,-99.6878582932374,117.24179723898,3.44700558428363e-115,3.37842641559108e-114
"s__GGB9608_SGB15041","fixed",NA,"carrierper",-0.122416726552639,0.165030791566774,-0.741781126966886,113.90305742756,0.459746739830437,0.689067971947621
"s__GGB9608_SGB15041","fixed",NA,"carrierint",0.0295641813986049,0.100438441555465,0.294351255761756,113.663501253726,0.769026395760486,0.887182007218298
"s__GGB9614_SGB15049","fixed",NA,"(Intercept)",-4.79277113359717,0.121414741436103,-39.4743758204969,119.811370256565,1.61246104924534e-70,6.1103787129297e-70
"s__GGB9614_SGB15049","fixed",NA,"carrierper",-0.619983895692115,0.374132113802775,-1.65712557895776,110.902002389915,0.100320488331995,0.25903441952758
"s__GGB9614_SGB15049","fixed",NA,"carrierint",-0.000191446599721867,0.227471358254187,-0.000841629474546576,110.208953428179,0.999329998464268,0.999864113909732
"s__GGB9616_SGB15051","fixed",NA,"(Intercept)",-5.38819354331546,0.0732298264362239,-73.5792204561355,119.744711500714,1.56231839332187e-101,9.49564945551472e-101
"s__GGB9616_SGB15051","fixed",NA,"carrierper",-0.205266276250605,0.227128894380061,-0.903743562926552,113.573254053161,0.368044324011303,0.620701778873117
"s__GGB9616_SGB15051","fixed",NA,"carrierint",0.0275608109180089,0.138164929972382,0.199477616523369,113.113905953707,0.842247300629107,0.925285766888315
"s__GGB9616_SGB15052","fixed",NA,"(Intercept)",-5.32011871217822,0.102600062229646,-51.8529774404071,117.186376276619,1.15900202103507e-82,4.9991976575522e-82
"s__GGB9616_SGB15052","fixed",NA,"carrierper",-0.518513329016251,0.316542586238023,-1.63805235554105,108.814278812061,0.10429933475492,0.26673272494701
"s__GGB9616_SGB15052","fixed",NA,"carrierint",-0.0814296732327722,0.192476123875519,-0.423063762887472,108.169695550122,0.673088653971451,0.840014640156371
"s__GGB9618_SGB15065","fixed",NA,"(Intercept)",-5.74762817777013,0.0704424273509519,-81.5932726045175,115.741255679565,3.96125599116939e-104,2.59282210331087e-103
"s__GGB9618_SGB15065","fixed",NA,"carrierper",-0.038595238819163,0.216354365948102,-0.178388999223714,105.569473972802,0.858759367091978,0.933676802314598
"s__GGB9618_SGB15065","fixed",NA,"carrierint",-0.172829172234465,0.131507254420286,-1.31421778210134,104.760771157707,0.191643224138443,0.416795735453813
"s__GGB9619_SGB15066","fixed",NA,"(Intercept)",-5.06590922882011,0.0421767948188041,-120.111289883069,124.631261377453,1.07513117245323e-130,2.28709722140051e-129
"s__GGB9619_SGB15066","fixed",NA,"carrierper",0.162811773958762,0.129959401943364,1.25278949829051,115.658580895064,0.212809356872366,0.444123875211895
"s__GGB9619_SGB15066","fixed",NA,"carrierint",-0.0175646926203174,0.0790146924734951,-0.222296538409099,114.958328364383,0.82447749908414,0.913267383600894
"s__GGB9619_SGB15067","fixed",NA,"(Intercept)",-5.50731214046708,0.114015705781947,-48.3031008990962,124.295426920136,2.08578576504945e-82,8.934990737237e-82
"s__GGB9619_SGB15067","fixed",NA,"carrierper",-0.227623367502179,0.346443002824367,-0.657029772997247,109.780210545094,0.512536855741775,0.727837488622421
"s__GGB9619_SGB15067","fixed",NA,"carrierint",-0.164773171587706,0.21037807309249,-0.783224074475034,108.508260762011,0.435201691760345,0.671728912009187
"s__GGB9621_SGB15073","fixed",NA,"(Intercept)",-5.10741182043007,0.0716942300319889,-71.2388126373798,124.786257132407,6.20559235108653e-103,3.91140366371515e-102
"s__GGB9621_SGB15073","fixed",NA,"carrierper",0.349702568264131,0.220885460437578,1.58318509317618,115.763726259555,0.116107501406904,0.290191245171862
"s__GGB9621_SGB15073","fixed",NA,"carrierint",-0.013409262804229,0.134296008819004,-0.099848557839877,115.058898180114,0.920638323035238,0.964429177796288
"s__GGB9627_SGB15081","fixed",NA,"(Intercept)",-5.41857773521747,0.104340594574991,-51.9316355948408,118.080537215497,3.61523694605058e-83,1.58866750305321e-82
"s__GGB9627_SGB15081","fixed",NA,"carrierper",-0.374368668210632,0.323298028104766,-1.15796768203398,111.495734169869,0.249351697570465,0.498974176817817
"s__GGB9627_SGB15081","fixed",NA,"carrierint",-0.137325170556576,0.196650468306334,-0.698321095999917,111.002889938467,0.486436788569831,0.706941211379867
"s__GGB9634_SGB15093","fixed",NA,"(Intercept)",-5.08122642640069,0.0531614788505305,-95.5809833787191,105.339900889673,3.52811815938051e-104,2.31741655942467e-103
"s__GGB9634_SGB15093","fixed",NA,"carrierper",-0.186379813776352,0.163909819521173,-1.13708754192287,96.9509084657783,0.258304268924927,0.511688456536999
"s__GGB9634_SGB15093","fixed",NA,"carrierint",-0.126955957153846,0.0996614861752986,-1.27387180370297,96.3066005864142,0.205774549821828,0.433307038544952
"s__GGB9634_SGB15095","fixed",NA,"(Intercept)",-4.92113754234804,0.057490477879891,-85.5991761388602,116.508372294853,4.97907001916288e-107,3.71347373540754e-106
"s__GGB9634_SGB15095","fixed",NA,"carrierper",-0.143177493179332,0.175130357825211,-0.817548110774892,103.126465134178,0.415500112854923,0.66121196853098
"s__GGB9634_SGB15095","fixed",NA,"carrierint",-0.0784900696212271,0.106373228482146,-0.737874282290879,101.98818967847,0.462285250052138,0.690545519580245
"s__GGB9635_SGB15103","fixed",NA,"(Intercept)",-4.18480591812584,0.0511778175174636,-81.7699175369846,114.559385751006,1.93909348456587e-103,1.24741683955577e-102
"s__GGB9635_SGB15103","fixed",NA,"carrierper",-0.150552366894642,0.158964873629484,-0.947079461375538,109.05989909465,0.345692046918453,0.599301153275545
"s__GGB9635_SGB15103","fixed",NA,"carrierint",-0.00672252782021832,0.0967108163965492,-0.0695116437922883,108.654974119874,0.944710133500057,0.973306202483272
"s__GGB9635_SGB15106","fixed",NA,"(Intercept)",-4.97242704558012,0.09389284512047,-52.9585298986329,116.196343215116,3.32383732046237e-83,1.46750553393999e-82
"s__GGB9635_SGB15106","fixed",NA,"carrierper",-0.368921946004392,0.291328078303814,-1.2663453112805,110.218109299577,0.208059303727225,0.436155673658865
"s__GGB9635_SGB15106","fixed",NA,"carrierint",-0.18670737766904,0.177223152967301,-1.05351572039511,109.774829218031,0.294418062188674,0.555595375420561
"s__GGB9640_SGB15115","fixed",NA,"(Intercept)",-4.9662378425367,0.0265223640212929,-187.247178967519,134.175266222545,3.67629514627148e-164,3.62211816516854e-162
"s__GGB9640_SGB15115","fixed",NA,"carrierper",-0.0676204681537232,0.0808630541933168,-0.836234406779454,120.906199142205,0.404672696008668,0.650267974420365
"s__GGB9640_SGB15115","fixed",NA,"carrierint",-0.0359563467925142,0.0491196265255554,-0.732015883178738,119.767735606325,0.465588875275925,0.691183484945703
"s__GGB9642_SGB15119","fixed",NA,"(Intercept)",-4.66988356204556,0.0625143641614803,-74.7009687242891,114.905326845545,3.0442037288712e-99,1.71649077724304e-98
"s__GGB9642_SGB15119","fixed",NA,"carrierper",-0.254569693709109,0.194438729038702,-1.30925405122576,109.981481501946,0.193177037258026,0.418333383724991
"s__GGB9642_SGB15119","fixed",NA,"carrierint",-0.0218764493397402,0.118304335986951,-0.184916716342105,109.621645126976,0.853636042569111,0.93232594614316
"s__GGB9646_SGB15123","fixed",NA,"(Intercept)",-5.49898275162051,0.036357122374024,-151.249119637404,125.786995753414,3.79378846806526e-144,1.57821600271515e-142
"s__GGB9646_SGB15123","fixed",NA,"carrierper",-0.0860435095434664,0.111427169154155,-0.772195059756284,114.615481232072,0.44158823774822,0.678140427452557
"s__GGB9646_SGB15123","fixed",NA,"carrierint",0.0193032187186564,0.0677167475337634,0.285058267292473,113.705462495215,0.776118067563042,0.890798910164325
"s__GGB9691_SGB15198","fixed",NA,"(Intercept)",-4.69378540885778,0.0360349678596572,-130.256406142454,129.359332134689,4.51697690414251e-139,1.69115615291095e-137
"s__GGB9691_SGB15198","fixed",NA,"carrierper",-0.079614555646492,0.110300485881582,-0.721796962272369,117.660389103025,0.471851308121169,0.696242152954413
"s__GGB9691_SGB15198","fixed",NA,"carrierint",-0.0315264050329746,0.0670247141714117,-0.470369854205535,116.694650682181,0.638968735805091,0.818523648550115
"s__GGB9695_SGB15209","fixed",NA,"(Intercept)",-5.60960708353499,0.0522764111152223,-107.306660190786,123.948279974906,4.00547140820782e-124,6.19689460840086e-123
"s__GGB9695_SGB15209","fixed",NA,"carrierper",-0.172908798533283,0.159048978535402,-1.08714183596468,109.929534778562,0.279352078986661,0.538814710698586
"s__GGB9695_SGB15209","fixed",NA,"carrierint",-0.138407796841457,0.0965943796084322,-1.43287629572782,108.715571604848,0.15476257824084,0.361241329759168
"s__GGB9699_SGB15216","fixed",NA,"(Intercept)",-5.13521790284522,0.159029739832404,-32.290928151282,120.895424019407,2.75013082114769e-61,9.37749525899539e-61
"s__GGB9699_SGB15216","fixed",NA,"carrierper",-0.840238124301637,0.487936202363893,-1.7220245602416,110.22483658826,0.0878700712146113,0.230815839297472
"s__GGB9699_SGB15216","fixed",NA,"carrierint",0.103696074860887,0.296557783795034,0.349665665604505,109.366513592428,0.727262046373674,0.871818858031313
"s__GGB9707_SGB15229","fixed",NA,"(Intercept)",-5.34527706283194,0.0987837180392858,-54.1109118883959,120.210053446532,2.99241649657441e-86,1.38658506969983e-85
"s__GGB9707_SGB15229","fixed",NA,"carrierper",-0.411685018770053,0.307428796656025,-1.33912315062235,115.508128473271,0.18315983699872,0.404333979789627
"s__GGB9707_SGB15229","fixed",NA,"carrierint",0.0122547485135287,0.187060292000967,0.0655122922264303,115.165041412426,0.947879707482372,0.974522182022182
"s__GGB9708_SGB15233","fixed",NA,"(Intercept)",-5.54137223059131,0.0629902472728277,-87.9719078826622,121.429470425361,7.94724050678732e-112,7.11829388933295e-111
"s__GGB9708_SGB15233","fixed",NA,"carrierper",-0.19145604100568,0.191668706010077,-0.998890455260932,107.502884554093,0.320090858937562,0.576944475981062
"s__GGB9708_SGB15233","fixed",NA,"carrierint",-0.0668496025795735,0.116406462440584,-0.574277417060887,106.301101354316,0.566993339828942,0.765809186262466
"s__GGB9708_SGB15234","fixed",NA,"(Intercept)",-5.15254594697452,0.099453960832393,-51.8083533712444,117.672479072643,7.4392106196882e-83,3.24620099768212e-82
"s__GGB9708_SGB15234","fixed",NA,"carrierper",-0.44091382916212,0.308619685641264,-1.42866398248695,111.731759768983,0.155890447065632,0.363420818065833
"s__GGB9708_SGB15234","fixed",NA,"carrierint",-0.188401053364002,0.187743838358526,-1.00350059427367,111.291314591141,0.317796278584708,0.576362521058857
"s__GGB9712_SGB15244","fixed",NA,"(Intercept)",-4.89810242210462,0.0670730371599073,-73.0263997204594,116.94006464811,2.08580254963099e-99,1.17964422142272e-98
"s__GGB9712_SGB15244","fixed",NA,"carrierper",-0.241559614753846,0.208116751171534,-1.16069280052689,110.963911621424,0.248257846799391,0.498112207083023
"s__GGB9712_SGB15244","fixed",NA,"carrierint",-0.039448251077445,0.126603542477924,-0.311588841080996,110.520708458083,0.755940021466234,0.8838829037247
"s__GGB9713_SGB15249","fixed",NA,"(Intercept)",-4.60444931333303,0.0973486623407634,-47.2985370586339,116.014806330446,1.1370606909185e-77,4.6073108515139e-77
"s__GGB9713_SGB15249","fixed",NA,"carrierper",-0.473864080894997,0.303981342467513,-1.55885909657643,112.815734370111,0.121830663742443,0.301508045820487
"s__GGB9713_SGB15249","fixed",NA,"carrierint",-0.174251256506479,0.185008401845285,-0.941855909074864,112.586596306085,0.348282991856002,0.602018246310651
"s__GGB9719_SGB15272","fixed",NA,"(Intercept)",-5.72058077378416,0.0863064001920844,-66.2822312256377,124.985218195329,3.07439656399756e-99,1.72830941976079e-98
"s__GGB9719_SGB15272","fixed",NA,"carrierper",-0.218375369137346,0.261042955997588,-0.836549556768596,108.726576232802,0.404680657157973,0.650267974420365
"s__GGB9719_SGB15272","fixed",NA,"carrierint",-0.082974672323639,0.158448083370433,-0.523671038226787,107.239232980549,0.601587898474883,0.795881657911648
"s__GGB9724_SGB15278","fixed",NA,"(Intercept)",-5.92707278449963,0.0482614641057056,-122.81170690383,120.90209721852,8.78541125581443e-129,1.69549380112213e-127
"s__GGB9724_SGB15278","fixed",NA,"carrierper",0.0493235429806349,0.146430858428198,0.336838447237681,105.902628847648,0.736905288769659,0.875438748904608
"s__GGB9724_SGB15278","fixed",NA,"carrierint",-0.116058029312908,0.0889080008275454,-1.30537216260239,104.575341305032,0.194630870962184,0.418791943035873
"s__GGB9747_SGB15356","fixed",NA,"(Intercept)",-4.80936603331049,0.0757986772351628,-63.4492079378853,115.118859810663,2.07404957045677e-91,1.02987289015784e-90
"s__GGB9747_SGB15356","fixed",NA,"carrierper",-0.321402290387991,0.233568515856747,-1.37605143060084,106.277051700087,0.171698475836749,0.390072265493197
"s__GGB9747_SGB15356","fixed",NA,"carrierint",-0.124205463743211,0.142009030182357,-0.874630744141527,105.591199255819,0.383759897335281,0.635750909567829
"s__GGB9758_SGB15368","fixed",NA,"(Intercept)",-5.01833939891655,0.0576743248311977,-87.0116713737754,119.298135988584,8.75630553728283e-110,7.18938770429537e-109
"s__GGB9758_SGB15368","fixed",NA,"carrierper",-0.127354515852915,0.177250601298364,-0.718499767673794,109.318084278172,0.473982079886294,0.697558532662848
"s__GGB9758_SGB15368","fixed",NA,"carrierint",0.108547265304344,0.107744403854977,1.00745153734803,108.526508129177,0.315958779811052,0.57624871094883
"s__GGB9759_SGB15370","fixed",NA,"(Intercept)",-6.00228753951102,0.0721660518138172,-83.173284233374,130.459338573243,6.76117810387341e-115,6.5579924406482e-114
"s__GGB9759_SGB15370","fixed",NA,"carrierper",-0.211025070586883,0.218270018499291,-0.966807406888859,114.121670284357,0.33568472263855,0.590603196221208
"s__GGB9759_SGB15370","fixed",NA,"carrierint",-0.112283625157978,0.132485490151961,-0.847516396166773,112.617638210175,0.398504939079527,0.648593979046871
"s__GGB9760_SGB15373","fixed",NA,"(Intercept)",-5.51393139616504,0.0558950038446084,-98.6480189087044,125.465346721058,9.17397605499816e-121,1.17627966951757e-119
"s__GGB9760_SGB15373","fixed",NA,"carrierper",-0.0642145868057625,0.168341315578982,-0.381454704597663,107.627384766288,0.703617894055924,0.85670812647084
"s__GGB9760_SGB15373","fixed",NA,"carrierint",0.0345368783374946,0.102135520434594,0.33814757285749,105.927554065953,0.735921250365566,0.875438748904608
"s__GGB9760_SGB15374","fixed",NA,"(Intercept)",-6.06788336067733,0.0699084909953425,-86.7975159280951,92.1406970061638,3.6766317196395e-90,1.79235796332425e-89
"s__GGB9760_SGB15374","fixed",NA,"carrierper",-0.233146504698273,0.212307074723249,-1.09815702091976,78.8777155906658,0.275476819582813,0.536063000269258
"s__GGB9760_SGB15374","fixed",NA,"carrierint",-0.016012280234596,0.128917277075902,-0.124205851983427,77.7465533488603,0.901472858580604,0.958298989865579
"s__GGB9767_SGB15385","fixed",NA,"(Intercept)",-4.68171351137293,0.0275392514544065,-170.001480219021,108.114001179748,3.97669209598473e-133,1.01977638406622e-131
"s__GGB9767_SGB15385","fixed",NA,"carrierper",-0.0606081743344986,0.0848792941689761,-0.714051347008623,99.5084968223996,0.476867009981512,0.699056415571959
"s__GGB9767_SGB15385","fixed",NA,"carrierint",0.0158205461362056,0.051607320005245,0.306556243079427,98.8448193005367,0.759825986345962,0.884606065444229
"s__GGB9770_SGB15390","fixed",NA,"(Intercept)",-5.25375042394761,0.0688323938687414,-76.3267137558247,121.510198824918,1.60297146313213e-104,1.07170092106548e-103
"s__GGB9770_SGB15390","fixed",NA,"carrierper",-0.276427646933109,0.209884173460924,-1.31704855289899,108.385422363998,0.190600108903151,0.416340027849124
"s__GGB9770_SGB15390","fixed",NA,"carrierint",-0.0970074855514241,0.12749379533849,-0.760880051408571,107.27327145963,0.448398008460573,0.684371923595877
"s__GGB9774_SGB15394","fixed",NA,"(Intercept)",-5.33626025904074,0.0400326907278384,-133.297566614226,133.013694795395,1.77235011089139e-143,7.21269436432321e-142
"s__GGB9774_SGB15394","fixed",NA,"carrierper",-0.0839559271951495,0.121842193451922,-0.689054627273087,119.063112541118,0.492129496623529,0.710305642004045
"s__GGB9774_SGB15394","fixed",NA,"carrierint",0.0458387007882779,0.0740002752193106,0.619439598737007,117.848489321984,0.536822530297156,0.74549835067973
"s__GGB9775_SGB15395","fixed",NA,"(Intercept)",-4.97855716964636,0.0436551394615035,-114.042864850692,118.947512195116,2.37784951033354e-123,3.53280498678126e-122
"s__GGB9775_SGB15395","fixed",NA,"carrierper",-0.188934134794563,0.134106792536815,-1.40883344699111,108.796600106632,0.161736036255636,0.371953144804115
"s__GGB9775_SGB15395","fixed",NA,"carrierint",-0.17387670819905,0.0815158167247637,-2.13304258222844,107.988958455444,0.035186216296166,0.098753518600334
"s__GGB9818_SGB15459","fixed",NA,"(Intercept)",-5.86838945686339,0.0641956452544764,-91.4141361707737,119.526409950891,1.81858958498406e-112,1.6606827819952e-111
"s__GGB9818_SGB15459","fixed",NA,"carrierper",-0.177367859979465,0.194863117573355,-0.910217706604718,104.726737185421,0.364797894318748,0.617222518377088
"s__GGB9818_SGB15459","fixed",NA,"carrierint",0.0866572759110898,0.118319482375129,0.732400735462523,103.424166986174,0.46558056485706,0.691183484945703
"s__GGB9819_SGB15460","fixed",NA,"(Intercept)",-5.77299615969494,0.0668409049918348,-86.3692099979819,113.417010368298,2.55222168399443e-105,1.75009486902475e-104
"s__GGB9819_SGB15460","fixed",NA,"carrierper",-0.24928049559284,0.205616839448893,-1.21235447573738,103.923039524146,0.228125687657546,0.466213195736819
"s__GGB9819_SGB15460","fixed",NA,"carrierint",-0.181600120819247,0.124997084711632,-1.45283485001429,103.178274374121,0.149304154511244,0.35196725467604
"s__Gordonibacter_pamelaeae","fixed",NA,"(Intercept)",-5.99024913625517,0.0439392103527545,-136.330377541244,107.829153747067,1.48984402932518e-122,2.08133434544532e-121
"s__Gordonibacter_pamelaeae","fixed",NA,"carrierper",-0.10666092018234,0.131044237532837,-0.813930640449661,87.4220639128989,0.417896160014991,0.66121196853098
"s__Gordonibacter_pamelaeae","fixed",NA,"carrierint",0.0333593574641344,0.0794203764380536,0.420035247379544,85.3397648972489,0.675515365604172,0.840818113831906
"s__Gordonibacter_urolithinfaciens","fixed",NA,"(Intercept)",-5.53855051626478,0.0371706262523166,-149.003422182579,102.008208696404,3.63725718873784e-121,4.76150031980226e-120
"s__Gordonibacter_urolithinfaciens","fixed",NA,"carrierper",-0.0406464126720415,0.11309172958642,-0.359411009281465,88.7558418445162,0.720141328591968,0.868716602611738
"s__Gordonibacter_urolithinfaciens","fixed",NA,"carrierint",-0.0261821431499963,0.0686834913677785,-0.381199945264855,87.6320360713524,0.703977534790812,0.85670812647084
"s__Granulicatella_SGB8255","fixed",NA,"(Intercept)",-6.08470321086307,0.0620218162618284,-98.1058533528939,143.88550408516,1.09491725352103e-133,2.92812156941625e-132
"s__Granulicatella_SGB8255","fixed",NA,"carrierper",0.0922417651204953,0.184051292156597,0.501174232680817,120.65744069783,0.617161630270425,0.807920679626738
"s__Granulicatella_SGB8255","fixed",NA,"carrierint",-0.0736466093608757,0.111478069300729,-0.660637646694459,118.027434698684,0.510132091123287,0.725659023239205
"s__Haemophilus_parainfluenzae","fixed",NA,"(Intercept)",-4.75581392361223,0.132503438225047,-35.8920039156633,121.020213314778,2.32818519208878e-66,8.39761595296761e-66
"s__Haemophilus_parainfluenzae","fixed",NA,"carrierper",-0.543048474355077,0.40094456702274,-1.35442282804216,105.011427189582,0.178508686489358,0.398293517411298
"s__Haemophilus_parainfluenzae","fixed",NA,"carrierint",0.101447297422523,0.243376156420467,0.416833345199431,103.559220546605,0.677663068593208,0.841795132320163
"s__Haemophilus_SGB5071","fixed",NA,"(Intercept)",-4.98795965187878,0.0630126861787304,-79.1580228421121,131.537299120262,7.88366769712117e-113,7.27006203399548e-112
"s__Haemophilus_SGB5071","fixed",NA,"carrierper",-0.163851448276994,0.19234611708884,-0.85185732239822,118.736246204765,0.396008156568934,0.647447396591306
"s__Haemophilus_SGB5071","fixed",NA,"carrierint",-0.0187350422030779,0.116851710692092,-0.160331775137168,117.652089785364,0.872894687551852,0.941304845789209
"s__Harryflintia_acetispora","fixed",NA,"(Intercept)",-5.79630944591457,0.0416831578179309,-139.056389902906,116.418519468089,2.96504632168719e-131,6.45414734209119e-130
"s__Harryflintia_acetispora","fixed",NA,"carrierper",-0.0355314206665805,0.128157002108815,-0.277249155972076,106.649342064406,0.78212547966895,0.891699517681475
"s__Harryflintia_acetispora","fixed",NA,"carrierint",-0.0230250640937239,0.077904773254916,-0.295553958143007,105.878376233102,0.768149577834272,0.887182007218298
"s__Holdemanella_biformis","fixed",NA,"(Intercept)",-4.43159742135878,0.0558061364114089,-79.4105757239412,120.388649644443,7.69243187330717e-106,5.33341943215964e-105
"s__Holdemanella_biformis","fixed",NA,"carrierper",-0.149284153439034,0.172674107922937,-0.864542780818407,113.193523717096,0.389118226334469,0.641787946870596
"s__Holdemanella_biformis","fixed",NA,"carrierint",-0.10141178038069,0.105020012166573,-0.965642436032475,112.649524790027,0.336291621744834,0.591115413996554
"s__Holdemanella_porci","fixed",NA,"(Intercept)",-5.06300095684409,0.113169998113941,-44.7380139721005,122.57819471475,8.85835553124214e-78,3.59714567342414e-77
"s__Holdemanella_porci","fixed",NA,"carrierper",-0.497666175607824,0.350320170527027,-1.42060382894633,115.551298903324,0.158124754929664,0.366802405487399
"s__Holdemanella_porci","fixed",NA,"carrierint",0.0855457108062106,0.213071192973123,0.401488862067813,115.020988744668,0.688805200109703,0.847490707486333
"s__Holdemania_filiformis","fixed",NA,"(Intercept)",-5.28034112662391,0.0640165189130136,-82.4840403115155,113.538300411391,3.59922100412002e-103,2.29174888425601e-102
"s__Holdemania_filiformis","fixed",NA,"carrierper",-0.0510296399474767,0.198360951913692,-0.257256478430694,107.018338789839,0.797474766952943,0.898244745656681
"s__Holdemania_filiformis","fixed",NA,"carrierint",-0.0373557314767465,0.120656084121084,-0.309605037730697,106.531437710388,0.757466100183025,0.8838829037247
"s__Holdemania_massiliensis","fixed",NA,"(Intercept)",-5.46815088587426,0.124609139279002,-43.8824224090899,126.386728877173,2.33910737938593e-78,9.58163898076686e-78
"s__Holdemania_massiliensis","fixed",NA,"carrierper",-0.0670239063127869,0.378750146417487,-0.176960740337003,111.960820470005,0.859858955750449,0.933676802314598
"s__Holdemania_massiliensis","fixed",NA,"carrierint",0.284236386419269,0.230003415137796,1.23579202617049,110.697647534203,0.219151923856742,0.451441535226112
"s__Hungatella_effluvii","fixed",NA,"(Intercept)",-5.54316563566439,0.0601378353007025,-92.1743459495562,116.88300033412,5.44796562272933e-111,4.72157020636542e-110
"s__Hungatella_effluvii","fixed",NA,"carrierper",0.0249979868670509,0.181115569896648,0.138022296378582,99.2996191228922,0.890502294758003,0.95318110445097
"s__Hungatella_effluvii","fixed",NA,"carrierint",-0.0374105158878405,0.109885618684565,-0.3404496087448,97.641214580154,0.734249343948179,0.875438748904608
"s__Hungatella_hathewayi","fixed",NA,"(Intercept)",-5.02205532900529,0.130615891051347,-38.449037774669,124.079504700689,8.72429216128002e-71,3.3194867735602e-70
"s__Hungatella_hathewayi","fixed",NA,"carrierper",-0.347382700425183,0.395310255060435,-0.878759647588893,108.072473465807,0.381481237950753,0.633096522556568
"s__Hungatella_hathewayi","fixed",NA,"carrierint",0.238421229979092,0.239960728156591,0.993584374454414,106.618158453364,0.32267488255138,0.578035770465247
"s__Hydrogeniiclostidium_mannosilyticum","fixed",NA,"(Intercept)",-6.1959046122258,0.0615706112981034,-100.630876997914,130.956366899292,6.84077466769565e-126,1.16417547072057e-124
"s__Hydrogeniiclostidium_mannosilyticum","fixed",NA,"carrierper",-0.150882960857751,0.184714596290236,-0.816843735622675,111.612517248139,0.41575785268698,0.66121196853098
"s__Hydrogeniiclostidium_mannosilyticum","fixed",NA,"carrierint",0.115244076031232,0.112022767616933,1.02875583671807,109.685004496852,0.305857693160046,0.567328157366397
"s__Hydrogenoanaerobacterium_saccharovorans","fixed",NA,"(Intercept)",-4.88876662779587,0.14660066954745,-33.3475054574257,118.264269912296,5.48326769124163e-62,1.87654060658215e-61
"s__Hydrogenoanaerobacterium_saccharovorans","fixed",NA,"carrierper",-0.649444523632848,0.452779672333306,-1.43435000137279,110.323300008649,0.154300924102427,0.360613395655111
"s__Hydrogenoanaerobacterium_saccharovorans","fixed",NA,"carrierint",-0.275985397017765,0.275339801187944,-1.00234472396303,109.71609807233,0.318382667495448,0.576362521058857
"s__Intestinibacillus_sp_Marseille_P6563","fixed",NA,"(Intercept)",-6.3583457102727,0.0524385247131048,-121.253329399706,114.766935079066,5.48601904271944e-123,7.899867421516e-122
"s__Intestinibacillus_sp_Marseille_P6563","fixed",NA,"carrierper",-0.164532774430872,0.158776327188435,-1.03625507243032,99.1928156637825,0.302602797056466,0.563654165263387
"s__Intestinibacillus_sp_Marseille_P6563","fixed",NA,"carrierint",0.00556977530543608,0.0963844297752913,0.0577870857193567,97.7977953774864,0.954036132407496,0.978605830064018
"s__Intestinibacter_bartlettii","fixed",NA,"(Intercept)",-5.41235581287534,0.104478770644231,-51.8034025429469,128.375957300962,6.47347793783797e-88,3.06018957061431e-87
"s__Intestinibacter_bartlettii","fixed",NA,"carrierper",-0.500377281801948,0.304592086256818,-1.64277833988127,99.1801155527602,0.103595660841393,0.26529559110135
"s__Intestinibacter_bartlettii","fixed",NA,"carrierint",-0.0826033896935017,0.184033242248117,-0.448850374445581,95.3802821280383,0.654557733924332,0.828486868090838
"s__Intestinimonas_butyriciproducens","fixed",NA,"(Intercept)",-5.52055358727293,0.100089705112956,-55.1560580685369,122.987511694864,1.33464154210009e-88,6.38989505578354e-88
"s__Intestinimonas_butyriciproducens","fixed",NA,"carrierper",-0.525203686140458,0.304126322058644,-1.726926109471,108.493072336144,0.0870269894349563,0.229134351930011
"s__Intestinimonas_butyriciproducens","fixed",NA,"carrierint",-0.0409263248189727,0.184681099416276,-0.221605377855824,107.224527322903,0.825042590449404,0.913352885464982
"s__Intestinimonas_massiliensis","fixed",NA,"(Intercept)",-5.93481622571736,0.0792526295130665,-74.884786311587,126.630401521112,1.01850638217025e-106,7.4770350879322e-106
"s__Intestinimonas_massiliensis","fixed",NA,"carrierper",0.284454155592643,0.24249176689889,1.1730466532138,114.790995051385,0.243205494807109,0.489549125031084
"s__Intestinimonas_massiliensis","fixed",NA,"carrierint",0.0954551646656878,0.147346459998686,0.647828014779177,113.812575869829,0.518400920031667,0.732695929320253
"s__Intestinimonas_timonensis","fixed",NA,"(Intercept)",-5.29813623892556,0.0407529624514371,-130.006162011879,126.879244586243,7.32976075133679e-137,2.32564612313601e-135
"s__Intestinimonas_timonensis","fixed",NA,"carrierper",0.399216049932231,0.1236173322593,3.22945045517431,111.672680499171,0.0016291815804935,0.00487972466989414
"s__Intestinimonas_timonensis","fixed",NA,"carrierint",0.0228014260695851,0.0750545187146943,0.30379817844493,110.315514325813,0.761853913758087,0.88552967580793
"s__Klebsiella_pneumoniae","fixed",NA,"(Intercept)",-3.8673131780929,0.131157296099602,-29.4860697277262,125.389685533928,3.07494033695365e-58,1.02425058910627e-57
"s__Klebsiella_pneumoniae","fixed",NA,"carrierper",0.282373830475315,0.39498723459111,0.71489356046564,107.530571787568,0.476224042728266,0.699056415571959
"s__Klebsiella_pneumoniae","fixed",NA,"carrierint",-0.154059077134243,0.239643862297594,-0.642866775961614,105.827870219707,0.521700980829194,0.734856460581077
"s__Klebsiella_quasipneumoniae","fixed",NA,"(Intercept)",-4.83824272631169,0.111903896233687,-43.235694994999,128.986714191024,1.27456055574239e-78,5.2554567408585e-78
"s__Klebsiella_quasipneumoniae","fixed",NA,"carrierper",0.0413510315192962,0.337134368098381,0.122654453037637,111.206223840354,0.902602120350749,0.958298989865579
"s__Klebsiella_quasipneumoniae","fixed",NA,"carrierint",-0.0706556705719493,0.204552008549387,-0.345416655025855,109.509770302663,0.730443775715824,0.873732107437714
"s__Klebsiella_quasivariicola","fixed",NA,"(Intercept)",-5.28898743482313,0.0300264323958023,-176.144383891658,122.01278880827,1.0328856081107e-148,5.08832067995587e-147
"s__Klebsiella_quasivariicola","fixed",NA,"carrierper",-0.0826236785560012,0.0871256618067842,-0.94832770096178,91.6444369097716,0.345456676506013,0.599301153275545
"s__Klebsiella_quasivariicola","fixed",NA,"carrierint",-0.00655523889873188,0.0526015897921475,-0.124620547109595,87.5822492363041,0.901109547993457,0.958298989865579
"s__Klebsiella_variicola","fixed",NA,"(Intercept)",-5.44703737579348,0.0623734230731248,-87.3294603281197,119.759640445335,2.72992321983827e-110,2.30198930970146e-109
"s__Klebsiella_variicola","fixed",NA,"carrierper",-0.160659415064159,0.176037859818725,-0.912641264950609,81.2819208584067,0.364130277352746,0.617222518377088
"s__Klebsiella_variicola","fixed",NA,"carrierint",-0.105411591762144,0.105719096986771,-0.997091299174971,74.8519013095148,0.321932670591912,0.577670100481094
"s__Kluyvera_genomosp_3","fixed",NA,"(Intercept)",-5.62955141619021,0.0512508606259032,-109.843061120127,142.97865068568,5.653003382346e-140,2.1596780268881e-138
"s__Kluyvera_genomosp_3","fixed",NA,"carrierper",0.443092924439673,0.147880708144936,2.99628619579914,109.968767264588,0.00337796708540115,0.0101015245748737
"s__Kluyvera_genomosp_3","fixed",NA,"carrierint",-0.079671639166567,0.0891979844271049,-0.893199994128532,105.105815807159,0.373790644000066,0.626939988871713
"s__Lachnoclostridium_phocaeense","fixed",NA,"(Intercept)",-4.66718336186234,0.0322230744765822,-144.839790667839,132.453668817874,9.56007587872238e-148,4.26106239165912e-146
"s__Lachnoclostridium_phocaeense","fixed",NA,"carrierper",0.120825828271897,0.0971809674293228,1.24330752685468,115.030422832064,0.216282603107284,0.44827220874265
"s__Lachnoclostridium_phocaeense","fixed",NA,"carrierint",0.0963103658181878,0.0589697412157992,1.63321669440164,113.377869554143,0.105197528573484,0.268296694127468
"s__Lachnoclostridium_sp_An131","fixed",NA,"(Intercept)",-6.27487049449717,0.0453133348473941,-138.477349231294,123.165727529563,4.784449466675e-137,1.571313930108e-135
"s__Lachnoclostridium_sp_An131","fixed",NA,"carrierper",-0.123069601033759,0.137246956586101,-0.896701858423742,107.464786347797,0.371882401357445,0.62492267086278
"s__Lachnoclostridium_sp_An131","fixed",NA,"carrierint",-0.0365879811113476,0.0833177870362385,-0.439137696917393,106.049819321891,0.661455219117002,0.832377007313018
"s__Lachnoclostridium_sp_An138","fixed",NA,"(Intercept)",-6.23415192742114,0.0542446352056598,-114.926608019122,121.402653235469,9.87581770714736e-126,1.6655433106108e-124
"s__Lachnoclostridium_sp_An138","fixed",NA,"carrierper",0.0305406837783508,0.166721384093452,0.183183962539754,111.4217113735,0.854986598035719,0.932712652402602
"s__Lachnoclostridium_sp_An138","fixed",NA,"carrierint",0.00844373374263842,0.101344634710736,0.0833170277512868,110.629342034838,0.933750032295134,0.96841000579307
"s__Lachnospira_eligens","fixed",NA,"(Intercept)",-4.42802424659526,0.186343127919367,-23.7627450823479,119.132989865265,4.99977742409646e-47,1.58101069897104e-46
"s__Lachnospira_eligens","fixed",NA,"carrierper",-0.61767678220885,0.57378521895426,-1.0764947611139,109.932405430154,0.284062796013568,0.543172169701123
"s__Lachnospira_eligens","fixed",NA,"carrierint",0.158517775691183,0.348839083077935,0.454415182761412,109.213154363675,0.650431903037705,0.825965529269977
"s__Lachnospira_pectinoschiza","fixed",NA,"(Intercept)",-4.16741800882154,0.125916909160863,-33.0965716724949,122.061921180993,8.28647289105596e-63,2.85152155368691e-62
"s__Lachnospira_pectinoschiza","fixed",NA,"carrierper",-0.268027241115467,0.384576252255151,-0.696941736635474,109.564121919735,0.487315370933059,0.706941211379867
"s__Lachnospira_pectinoschiza","fixed",NA,"carrierint",-0.308541494716133,0.233644653981937,-1.32055876074094,108.519357885967,0.189426805290953,0.414260490075543
"s__Lachnospira_sp_NSJ_43","fixed",NA,"(Intercept)",-5.77460481177542,0.113917728683979,-50.6910107714212,116.634822300263,2.69490282827331e-81,1.14395875159357e-80
"s__Lachnospira_sp_NSJ_43","fixed",NA,"carrierper",-0.350333837973944,0.35400723519739,-0.989623383766724,111.316212847213,0.324504484247957,0.580079098932811
"s__Lachnospira_sp_NSJ_43","fixed",NA,"carrierint",0.208362316248277,0.215377961560357,0.967426354761396,110.925354174091,0.33543550754858,0.590603196221208
"s__Lachnospiraceae_bacterium","fixed",NA,"(Intercept)",-5.61264603486808,0.161457949597427,-34.7622774156518,121.584426989895,5.21861777404866e-65,1.85374809734708e-64
"s__Lachnospiraceae_bacterium","fixed",NA,"carrierper",-1.03084713164589,0.49456440005491,-2.08435368888549,110.241257762357,0.0394382969122509,0.110191778835423
"s__Lachnospiraceae_bacterium","fixed",NA,"carrierint",-0.288365945163039,0.300543480201513,-0.959481619663455,109.316092676628,0.339433541729955,0.592742154961264
"s__Lachnospiraceae_bacterium_AM48_27BH","fixed",NA,"(Intercept)",-5.78385383663572,0.0998866893826793,-57.9041499160814,127.786001395202,1.43834081959481e-93,7.31677721272142e-93
"s__Lachnospiraceae_bacterium_AM48_27BH","fixed",NA,"carrierper",-0.243441686222559,0.301145923635156,-0.808384464527878,110.286735886401,0.420609629972326,0.66121196853098
"s__Lachnospiraceae_bacterium_AM48_27BH","fixed",NA,"carrierint",-0.171870103218305,0.182730081609345,-0.940568196022276,108.630983803328,0.349013023747118,0.602168092584889
"s__Lachnospiraceae_bacterium_BX3","fixed",NA,"(Intercept)",-6.04394971064108,0.109058759023535,-55.4192048832759,125.520409164259,4.16183553706577e-90,2.02362496763302e-89
"s__Lachnospiraceae_bacterium_BX3","fixed",NA,"carrierper",0.0545283882196396,0.333702556556643,0.163404166819393,113.705004009783,0.870490302245947,0.941304845789209
"s__Lachnospiraceae_bacterium_BX3","fixed",NA,"carrierint",0.241921088914862,0.20276995847915,1.19308151330384,112.729737687394,0.235342459041442,0.476797709226818
"s__Lachnospiraceae_bacterium_Marseille_Q4251","fixed",NA,"(Intercept)",-5.19762011679485,0.121166277422255,-42.8965899371618,117.911553559735,8.64883375197219e-74,3.39425928379286e-73
"s__Lachnospiraceae_bacterium_Marseille_Q4251","fixed",NA,"carrierper",-0.715070508334361,0.372088199491817,-1.92177690480638,107.637768757557,0.0572780081122017,0.156292423905168
"s__Lachnospiraceae_bacterium_Marseille_Q4251","fixed",NA,"carrierint",-0.544615087196892,0.226164421735455,-2.40804934311874,106.818742564052,0.0177512810507317,0.0515999970915679
"s__Lachnospiraceae_bacterium_NSJ_29","fixed",NA,"(Intercept)",-5.93641853602386,0.0517180470729664,-114.784274967855,111.997457139594,5.29390579748355e-118,5.79543371513989e-117
"s__Lachnospiraceae_bacterium_NSJ_29","fixed",NA,"carrierper",-0.160491694131391,0.154703086200224,-1.03741753363391,92.29965065949,0.30225150982763,0.56359542104386
"s__Lachnospiraceae_bacterium_NSJ_29","fixed",NA,"carrierint",0.113384499871875,0.0937912375693678,1.20890290831291,90.3327440242495,0.229854940929336,0.468723801110803
"s__Lachnospiraceae_bacterium_NSJ_46","fixed",NA,"(Intercept)",-5.9379222013407,0.0485891716475107,-122.206697500778,109.154930444027,1.33473620849574e-118,1.50519649536387e-117
"s__Lachnospiraceae_bacterium_NSJ_46","fixed",NA,"carrierper",-0.0498949145271385,0.1448249583274,-0.3445187563206,88.4529136078854,0.731273970555326,0.874166585491424
"s__Lachnospiraceae_bacterium_NSJ_46","fixed",NA,"carrierint",-0.0282072926049012,0.0877660398523057,-0.321391880645052,86.3246523625068,0.748690309316104,0.883143200403116
"s__Lachnospiraceae_bacterium_OM04_12BH","fixed",NA,"(Intercept)",-5.54422086021554,0.0842535857225667,-65.8039751384795,120.492452808498,2.70782538594842e-96,1.43599125283157e-95
"s__Lachnospiraceae_bacterium_OM04_12BH","fixed",NA,"carrierper",0.0305164564841226,0.25609776192096,0.119159403249846,106.183285587917,0.905374217732287,0.959717177573523
"s__Lachnospiraceae_bacterium_OM04_12BH","fixed",NA,"carrierint",0.1220154683491,0.155520849483657,0.784560197261023,104.93796019903,0.43447900587993,0.671630635018356
"s__Lachnotalea_sp_AF33_28","fixed",NA,"(Intercept)",-6.0569867475735,0.054468891768184,-111.200844205747,123.797401018204,6.64210485758263e-126,1.14073580673346e-124
"s__Lachnotalea_sp_AF33_28","fixed",NA,"carrierper",-0.130099852354194,0.163407666327591,-0.796167372547732,104.59405862396,0.427738101358069,0.664913117167805
"s__Lachnotalea_sp_AF33_28","fixed",NA,"carrierint",0.169710093604971,0.0991007833658379,1.71250002109947,102.698592865118,0.0898223729091,0.235500675190245
"s__Lacrimispora_amygdalina","fixed",NA,"(Intercept)",-4.34483088969931,0.122432337281724,-35.4876087981691,119.946261921188,1.85704380492969e-65,6.63432443287859e-65
"s__Lacrimispora_amygdalina","fixed",NA,"carrierper",-0.300564055723812,0.377690123060982,-0.79579538190699,111.497151292372,0.427841979012947,0.664913117167805
"s__Lacrimispora_amygdalina","fixed",NA,"carrierint",-0.0540035045225586,0.229655430338164,-0.235150130972471,110.845131525564,0.814526080683172,0.9097809206676
"s__Lacrimispora_celerecrescens","fixed",NA,"(Intercept)",-5.24860150890555,0.127657777766126,-41.114623807107,117.729331222467,1.11167686239505e-71,4.27322194333375e-71
"s__Lacrimispora_celerecrescens","fixed",NA,"carrierper",-0.0204336972182399,0.397023706535007,-0.0514671967489634,112.750176650305,0.959044311187058,0.980950685817808
"s__Lacrimispora_celerecrescens","fixed",NA,"carrierint",0.00969418651103254,0.241563766426953,0.0401309627450439,112.385793531069,0.968059921600601,0.982679961354458
"s__Lacrimispora_saccharolytica","fixed",NA,"(Intercept)",-5.6828900983823,0.081442955990742,-69.7775520209298,121.769194773689,4.78319968170879e-100,2.75512301666427e-99
"s__Lacrimispora_saccharolytica","fixed",NA,"carrierper",0.0779226626132313,0.25233139764551,0.308810807296767,115.124106872622,0.758023588795165,0.8838829037247
"s__Lacrimispora_saccharolytica","fixed",NA,"carrierint",0.423309740113543,0.153483164731597,2.75802066535313,114.625691481436,0.00676984885036431,0.0201481034147567
"s__Lacticaseibacillus_paracasei","fixed",NA,"(Intercept)",-5.14838090123044,0.0490362952424318,-104.991228961675,84.1948391309615,4.77976044570835e-91,2.36087376104645e-90
"s__Lacticaseibacillus_paracasei","fixed",NA,"carrierper",-0.0800336461039316,0.148990038348922,-0.537174478178869,71.7121510072378,0.592809996218879,0.787776427454761
"s__Lacticaseibacillus_paracasei","fixed",NA,"carrierint",-0.0911743626422098,0.0904738998109405,-1.00774215362368,70.659729104645,0.317016822258053,0.57631078955115
"s__Lactobacillus_gasseri","fixed",NA,"(Intercept)",-4.86246489613111,0.0617709319335443,-78.7176871697897,108.859366421521,8.6154197049685e-98,4.75754150079676e-97
"s__Lactobacillus_gasseri","fixed",NA,"carrierper",-0.131068931331284,0.188346579953808,-0.695892282001769,96.0834412247117,0.488176138535845,0.706941211379867
"s__Lactobacillus_gasseri","fixed",NA,"carrierint",0.156084819721425,0.11441050312214,1.36425254204848,95.0127390859135,0.175710924995924,0.394874971899603
"s__Lactococcus_petauri","fixed",NA,"(Intercept)",-5.39931130664013,0.0323099666852081,-167.10977634997,149.545892711188,6.53181803710976e-172,1.22275633654695e-169
"s__Lactococcus_petauri","fixed",NA,"carrierper",-0.0324113345661947,0.0929549644809827,-0.348677822073996,115.637774199563,0.727965228547631,0.871881578913094
"s__Lactococcus_petauri","fixed",NA,"carrierint",-0.0277830898113575,0.0560390875541793,-0.495780552895271,110.426446754683,0.621034524922339,0.809030362320542
"s__Lactonifactor_sp_BIOML_A6","fixed",NA,"(Intercept)",-5.67076152972984,0.0494937969058744,-114.575196979013,113.53851723485,3.51392824980459e-119,4.11129605227137e-118
"s__Lactonifactor_sp_BIOML_A6","fixed",NA,"carrierper",-0.183110651739101,0.147244509937859,-1.24358220090092,91.9165804633665,0.216815769686056,0.448485216411377
"s__Lactonifactor_sp_BIOML_A6","fixed",NA,"carrierint",0.0402375625168188,0.0892122306442613,0.451031907018089,89.6398677206956,0.653055750569042,0.827145037256594
"s__Lawsonibacter_asaccharolyticus","fixed",NA,"(Intercept)",-4.67689186203303,0.125345215863253,-37.312089095888,120.69874648308,4.05508828328302e-68,1.48554310495222e-67
"s__Lawsonibacter_asaccharolyticus","fixed",NA,"carrierper",0.0359563643299692,0.388078252918079,0.0926523557030117,113.760876583894,0.926342718258992,0.966618488618079
"s__Lawsonibacter_asaccharolyticus","fixed",NA,"carrierint",0.436408205399104,0.236039650298709,1.84887668172203,113.238367388819,0.0670840835999997,0.180692668344172
"s__Leuconostoc_lactis","fixed",NA,"(Intercept)",-5.85864804727272,0.0317923127826627,-184.278762206555,147.329271656067,4.31407238144535e-176,1.34599058301095e-173
"s__Leuconostoc_lactis","fixed",NA,"carrierper",-0.0806541558031213,0.0914385855091392,-0.882058218136587,113.266963992138,0.379613382026261,0.631991760645147
"s__Leuconostoc_lactis","fixed",NA,"carrierint",-0.00628143941184584,0.0551219810143114,-0.113955255167897,108.047744509476,0.909484743504333,0.960268155578179
"s__Ligilactobacillus_ruminis","fixed",NA,"(Intercept)",-5.09979348165925,0.135610408898697,-37.6062097524451,120.366146414077,2.22076145042983e-68,8.16751558979299e-68
"s__Ligilactobacillus_ruminis","fixed",NA,"carrierper",-0.565425293392858,0.41730625039071,-1.35494086863896,110.891932831124,0.178190241269291,0.398293517411298
"s__Ligilactobacillus_ruminis","fixed",NA,"carrierint",-0.333816580090518,0.253692787734103,-1.31582999687162,110.147219330804,0.19096318426488,0.416646947487011
"s__Ligilactobacillus_salivarius","fixed",NA,"(Intercept)",-5.60781052331765,0.0744069960374313,-75.366710416539,129.83925156566,4.80783963495349e-109,3.8462717079628e-108
"s__Ligilactobacillus_salivarius","fixed",NA,"carrierper",-0.125017965426539,0.227453838077218,-0.549641045776052,117.61164244836,0.583607799536207,0.7803670005227
"s__Ligilactobacillus_salivarius","fixed",NA,"carrierint",0.309238029450286,0.138197593408722,2.23765133547375,116.590420663774,0.0271437658156813,0.0774590390349929
"s__Limosilactobacillus_fermentum","fixed",NA,"(Intercept)",-5.85992915577093,0.0685101973519672,-85.5336779379846,117.819147699486,6.78863927954388e-108,5.29513863804423e-107
"s__Limosilactobacillus_fermentum","fixed",NA,"carrierper",-0.040069438992023,0.208297812256067,-0.192366105807988,103.674419274245,0.847831743599356,0.927610183528927
"s__Limosilactobacillus_fermentum","fixed",NA,"carrierint",0.126992843058716,0.126496372214944,1.00392478325725,102.44941611295,0.317780166578815,0.576362521058857
"s__Limosilactobacillus_mucosae","fixed",NA,"(Intercept)",-4.97784145809595,0.0611699469785274,-81.3772400333015,119.803917816469,1.04216971128119e-106,7.62086601374373e-106
"s__Limosilactobacillus_mucosae","fixed",NA,"carrierper",-0.289764651792733,0.184061046984261,-1.57428557829246,101.796152273899,0.118524388190867,0.294658239964546
"s__Limosilactobacillus_mucosae","fixed",NA,"carrierint",-0.196474078632999,0.11166229047686,-1.75953831677592,100.077413980032,0.0815420227538477,0.216213408775075
"s__Longicatena_caecimuris","fixed",NA,"(Intercept)",-5.28223128147404,0.0603488586710014,-87.5282714172063,120.939262447276,3.17589296154966e-111,2.79120733522111e-110
"s__Longicatena_caecimuris","fixed",NA,"carrierper",-0.0997206652432965,0.186376409873948,-0.535049823691425,112.942403676971,0.593667290415403,0.788188062168535
"s__Longicatena_caecimuris","fixed",NA,"carrierint",0.134180170252858,0.113336734878346,1.18390714534776,112.329757078922,0.238949055302287,0.482537898086172
"s__Massiliimalia_massiliensis","fixed",NA,"(Intercept)",-5.78869571395802,0.0514019984487088,-112.616160629129,97.4010901139328,5.78564731229297e-105,3.9528218133622e-104
"s__Massiliimalia_massiliensis","fixed",NA,"carrierper",-0.169911210018538,0.156285018333341,-1.08718808642383,84.1762336219904,0.280057005079981,0.538814710698586
"s__Massiliimalia_massiliensis","fixed",NA,"carrierint",-0.0448492164730931,0.094909884804637,-0.472545262966139,83.0533569923134,0.637777043124611,0.818523648550115
"s__Massiliimalia_timonensis","fixed",NA,"(Intercept)",-6.09439189594732,0.0709405355291122,-85.9084562936002,123.41941054594,5.96384194592569e-112,5.36745775133312e-111
"s__Massiliimalia_timonensis","fixed",NA,"carrierper",-0.165245284270073,0.217519573726263,-0.75968006666851,112.457692755561,0.449035428014668,0.684371923595877
"s__Massiliimalia_timonensis","fixed",NA,"carrierint",0.306186853261362,0.132196721501066,2.31614558806508,111.569728441034,0.0223772043817019,0.0643473526920828
"s__Massilimicrobiota_sp_An134","fixed",NA,"(Intercept)",-5.76284444179044,0.0581433374835192,-99.1144418468225,111.574303524948,1.30663722823692e-110,1.11690634304088e-109
"s__Massilimicrobiota_sp_An134","fixed",NA,"carrierper",-0.21596651971623,0.17695621142036,-1.22045176025611,98.0053531910475,0.225222048315253,0.461286295892948
"s__Massilimicrobiota_sp_An134","fixed",NA,"carrierint",-0.111602044038526,0.107473119645862,-1.03841820546635,96.847349194656,0.301661059165303,0.56359542104386
"s__Massilioclostridium_coli","fixed",NA,"(Intercept)",-6.2698478805569,0.0600505602626525,-104.40948182887,116.21644945491,1.00292799029306e-116,1.03728242973956e-115
"s__Massilioclostridium_coli","fixed",NA,"carrierper",0.184562985643602,0.18318619284273,1.00751581098721,103.377155919145,0.316039408268647,0.57624871094883
"s__Massilioclostridium_coli","fixed",NA,"carrierint",0.000788297138876594,0.111280533639874,0.00708387274119014,102.298327610313,0.994361730660142,0.99914858567332
"s__Mediterraneibacter_butyricigenes","fixed",NA,"(Intercept)",-6.37970707283819,0.0899677325834569,-70.9110576608138,122.899014935917,1.47169534849546e-101,8.97398596867591e-101
"s__Mediterraneibacter_butyricigenes","fixed",NA,"carrierper",-0.0742028193018285,0.268983545479838,-0.275863786275323,102.513944858408,0.783208020864152,0.891803837872093
"s__Mediterraneibacter_butyricigenes","fixed",NA,"carrierint",-0.0174010203305728,0.16306628704593,-0.10671132976537,100.437315368628,0.915230851387755,0.962534917863976
"s__Mediterraneibacter_glycyrrhizinilyticus","fixed",NA,"(Intercept)",-5.50077810564034,0.110092087765608,-49.9652447081555,120.826464249636,1.50000578741332e-82,6.45519731962698e-82
"s__Mediterraneibacter_glycyrrhizinilyticus","fixed",NA,"carrierper",0.54016240065506,0.335222956947557,1.61135265189956,107.175848879539,0.110044059936461,0.277631374934036
"s__Mediterraneibacter_glycyrrhizinilyticus","fixed",NA,"carrierint",0.119891922460844,0.20360450228493,0.588847108562777,106.005673619162,0.557216543491024,0.757996457634774
"s__Mediterraneibacter_massiliensis","fixed",NA,"(Intercept)",-6.04213119474549,0.0624483417681392,-96.754069422355,122.197767937485,2.44933232709981e-117,2.60519892973343e-116
"s__Mediterraneibacter_massiliensis","fixed",NA,"carrierper",-0.0243923925616324,0.191774277005738,-0.127193244800514,111.867020838868,0.899015802609673,0.957858612683727
"s__Mediterraneibacter_massiliensis","fixed",NA,"carrierint",0.178563334472177,0.116565274587141,1.53187418040772,111.041048729998,0.128397602758194,0.312562174724757
"s__Megamonas_funiformis","fixed",NA,"(Intercept)",-3.61574361330236,0.156868399150342,-23.0495347239252,118.25185552509,1.46722651040204e-45,4.60075046477826e-45
"s__Megamonas_funiformis","fixed",NA,"carrierper",0.12371486958969,0.488089244363635,0.253467723409862,113.464569365278,0.800365497494616,0.900411184681443
"s__Megamonas_funiformis","fixed",NA,"carrierint",-0.177333978864176,0.296981346029676,-0.597121607922321,113.115045713797,0.551619569198584,0.755400024535296
"s__Megasphaera_elsdenii","fixed",NA,"(Intercept)",-5.60630431410598,0.0656473405450071,-85.4003264650509,120.75657588221,7.92046743353558e-110,6.53176873814035e-109
"s__Megasphaera_elsdenii","fixed",NA,"carrierper",-0.110372900804186,0.202872127618317,-0.544051576231512,113.034609984395,0.587477533166242,0.784980686714636
"s__Megasphaera_elsdenii","fixed",NA,"carrierint",-0.066904921356857,0.123374289850094,-0.542292250988029,112.445745128269,0.58869030901212,0.785479870613463
"s__Megasphaera_hominis","fixed",NA,"(Intercept)",-5.64116977542338,0.0633932487708194,-88.986917137146,119.465355664545,4.7801876741819e-111,4.16209829119466e-110
"s__Megasphaera_hominis","fixed",NA,"carrierper",-0.168498396117987,0.1975415985811,-0.852976777186556,115.330443327284,0.395440179876704,0.647447396591306
"s__Megasphaera_hominis","fixed",NA,"carrierint",-0.0586822229596752,0.12020899347744,-0.488168324699334,115.030895304839,0.626359870813192,0.812817894943545
"s__Megasphaera_micronuciformis","fixed",NA,"(Intercept)",-6.00570202175175,0.0804927381708989,-74.6117247123671,123.654957786838,1.10669197155664e-104,7.42554613173485e-104
"s__Megasphaera_micronuciformis","fixed",NA,"carrierper",-0.295328147629966,0.24576942781741,-1.20164721158636,111.018849332212,0.232057342225777,0.472186244181145
"s__Megasphaera_micronuciformis","fixed",NA,"carrierint",-0.253784549927852,0.149310337718235,-1.69971184719153,109.958430961187,0.092012334799823,0.23956479936755
"s__Megasphaera_sp_AM44_1BH","fixed",NA,"(Intercept)",-4.99643396113776,0.0912576502278134,-54.7508504620137,119.584327581099,1.58162969703711e-86,7.36520097724742e-86
"s__Megasphaera_sp_AM44_1BH","fixed",NA,"carrierper",0.16161397492073,0.284729817088915,0.567604673697597,116.008241228567,0.57140027628904,0.769540515980635
"s__Megasphaera_sp_AM44_1BH","fixed",NA,"carrierint",0.00223493786498594,0.173281291337271,0.0128977447463495,115.750859586133,0.989731577917468,0.997726178708401
"s__Megasphaera_sp_MJR8396C","fixed",NA,"(Intercept)",-5.19170764243027,0.0944023668562381,-54.9955241094382,118.05250328203,5.60333211450589e-86,2.57725742465725e-85
"s__Megasphaera_sp_MJR8396C","fixed",NA,"carrierper",0.0359648044453493,0.291096929906359,0.123549239962505,109.450709441675,0.901898784605854,0.958298989865579
"s__Megasphaera_sp_MJR8396C","fixed",NA,"carrierint",-0.0350688397189906,0.176996142708238,-0.198133355803117,108.785622428003,0.843310509649452,0.925380057165175
"s__Megasphaera_sp_NM10","fixed",NA,"(Intercept)",-4.26546406539315,0.125213736619408,-34.0654642258475,120.007298609949,1.54566657132504e-63,5.39829817447851e-63
"s__Megasphaera_sp_NM10","fixed",NA,"carrierper",-0.247669796488228,0.386105810939102,-0.64145576023794,111.381147517703,0.52254444073659,0.73516301519541
"s__Megasphaera_sp_NM10","fixed",NA,"carrierint",-0.364105053093884,0.234764531514896,-1.55093723376515,110.7134080693,0.12377066987578,0.304866702641396
"s__Merdimonas_faecis","fixed",NA,"(Intercept)",-5.60659709376471,0.0971585694041711,-57.7056365500994,117.549619571898,4.30627933957999e-88,2.04084934777057e-87
"s__Merdimonas_faecis","fixed",NA,"carrierper",-0.280653641795208,0.300238942356476,-0.934767620723849,109.842494373184,0.351958516225577,0.606690922996574
"s__Merdimonas_faecis","fixed",NA,"carrierint",-0.218401781124003,0.182586124501405,-1.19615760354408,109.255570958981,0.234224516626478,0.475562142217752
"s__Mesosutterella_multiformis","fixed",NA,"(Intercept)",-4.83573901067845,0.141357456468888,-34.2092955792734,119.137362292827,1.85855481359065e-63,6.47898437810371e-63
"s__Mesosutterella_multiformis","fixed",NA,"carrierper",-0.590573849299487,0.43832633959815,-1.34733826363461,112.866457583551,0.180569955845905,0.402413044456589
"s__Mesosutterella_multiformis","fixed",NA,"carrierint",0.101935174633025,0.266633610793128,0.382304295132969,112.399121455429,0.702957580653422,0.85670812647084
"s__Methanobrevibacter_smithii","fixed",NA,"(Intercept)",-5.25881423823691,0.0790644765743237,-66.5129836569957,109.905858731032,1.29417965950159e-90,6.34215791253138e-90
"s__Methanobrevibacter_smithii","fixed",NA,"carrierper",-0.360974780628108,0.242565993035618,-1.48815081665262,99.4369094681831,0.13987565228724,0.336132504597836
"s__Methanobrevibacter_smithii","fixed",NA,"carrierint",-0.16455835703213,0.147425674641273,-1.11621233840405,98.6009529590491,0.267044074111567,0.523462310719218
"s__Methylobacterium_SGB15164","fixed",NA,"(Intercept)",-5.73323815743469,0.0706833774965698,-81.1115478701187,140.140124562458,1.15259800101614e-119,1.40108016746897e-118
"s__Methylobacterium_SGB15164","fixed",NA,"carrierper",-0.0630334064726808,0.212155942018552,-0.29710884301873,120.971127807718,0.766892977411972,0.887182007218298
"s__Methylobacterium_SGB15164","fixed",NA,"carrierint",0.19305530265638,0.128671763533868,1.50037037928345,119.046553877182,0.136166012040834,0.328906805858633
"s__Mitsuokella_multacida","fixed",NA,"(Intercept)",-4.77871066033751,0.0721643438395334,-66.2198310978007,121.352259437362,4.13481734726328e-97,2.24358784755851e-96
"s__Mitsuokella_multacida","fixed",NA,"carrierper",-0.209464162325409,0.224445956408485,-0.933249881963521,116.372751489043,0.352623263280787,0.606719438291943
"s__Mitsuokella_multacida","fixed",NA,"carrierint",-0.0459725513969794,0.136561612517001,-0.336643296382108,116.007992006133,0.736994032443422,0.875438748904608
"s__Mogibacterium_sp_BX12","fixed",NA,"(Intercept)",-5.76347265840747,0.0831986889746896,-69.2735994933864,117.490198067045,4.053728348065e-97,2.2059824033656e-96
"s__Mogibacterium_sp_BX12","fixed",NA,"carrierper",-0.42361407180858,0.256606301246927,-1.65083269487192,108.987098078206,0.101651570825918,0.261616921557955
"s__Mogibacterium_sp_BX12","fixed",NA,"carrierint",-0.0913474203442244,0.156027538997234,-0.585457034901023,108.330890510392,0.559458072513185,0.760018513602817
"s__Mogibacterium_sp_NSJ_24","fixed",NA,"(Intercept)",-5.56339588500787,0.0485714016308083,-114.540567045919,115.717154049056,6.00981555034253e-121,7.75887911051118e-120
"s__Mogibacterium_sp_NSJ_24","fixed",NA,"carrierper",0.087643012915534,0.148225241142469,0.591282646869127,103.037126398802,0.555626012649184,0.757561468083957
"s__Mogibacterium_sp_NSJ_24","fixed",NA,"carrierint",0.0688382304710363,0.0900458252953158,0.764479977225743,101.975570286956,0.446346681267242,0.6820906019039
"s__Morganella_morganii","fixed",NA,"(Intercept)",-5.50240578857593,0.0435679158830405,-126.294904795247,96.2505781167979,9.48213141095766e-109,7.52141949208167e-108
"s__Morganella_morganii","fixed",NA,"carrierper",0.0594580097609835,0.123050512711058,0.4832000164079,61.9578864234863,0.630656899207906,0.815887847489426
"s__Morganella_morganii","fixed",NA,"carrierint",-0.0731568479817493,0.0739094356774338,-0.989817434150505,56.6164260276793,0.32647487800636,0.581175643747522
"s__Murimonas_intestini","fixed",NA,"(Intercept)",-5.60578286297778,0.0535317493703669,-104.718843096148,113.556535815688,8.43151840493923e-115,8.09425766874166e-114
"s__Murimonas_intestini","fixed",NA,"carrierper",-0.114268875944623,0.162567189334163,-0.702902451673314,99.1112312070548,0.483764323160497,0.706401570168837
"s__Murimonas_intestini","fixed",NA,"carrierint",-0.0102528350509571,0.0987139004834486,-0.103864146799429,97.8525646456443,0.917489741011913,0.962747082496806
"s__Negativibacillus_massiliensis","fixed",NA,"(Intercept)",-5.03264703833895,0.0879372542038052,-57.2299770319777,122.486377464095,3.05163018702431e-90,1.49155397130797e-89
"s__Negativibacillus_massiliensis","fixed",NA,"carrierper",0.0789790304510014,0.269814987630509,0.292715505334185,111.8029561162,0.770282174687611,0.887911472300004
"s__Negativibacillus_massiliensis","fixed",NA,"carrierint",0.144645219471639,0.163988380208611,0.882045540590341,110.942738909055,0.37965926187309,0.631991760645147
"s__Neobittarella_massiliensis","fixed",NA,"(Intercept)",-6.10274953937401,0.0454153635638652,-134.376322470523,122.420443726234,8.4477312511556e-135,2.36032132868109e-133
"s__Neobittarella_massiliensis","fixed",NA,"carrierper",0.286272704641865,0.138060621087218,2.0735290221606,108.113916325125,0.0404993648887106,0.112987795933929
"s__Neobittarella_massiliensis","fixed",NA,"carrierint",0.0203674778023958,0.0838411687590939,0.242929316275623,106.867733694441,0.808525809169581,0.905781157848867
"s__Nitrosopumilus_SGB14899","fixed",NA,"(Intercept)",-5.62597270110757,0.0677090361405478,-83.0904266519079,123.331127113835,3.9076117005257e-110,3.26564692115362e-109
"s__Nitrosopumilus_SGB14899","fixed",NA,"carrierper",0.240209841004274,0.209172647462163,1.1483807463293,115.447124358386,0.25318533067994,0.504752863719752
"s__Nitrosopumilus_SGB14899","fixed",NA,"carrierint",0.018192131845507,0.12720245906856,0.143017139595562,114.843669396746,0.886527272097808,0.951129294384098
"s__Odoribacter_splanchnicus","fixed",NA,"(Intercept)",-3.60064773404777,0.168286197507281,-21.3959777294985,118.853469836879,1.41996639824142e-42,4.39368115290568e-42
"s__Odoribacter_splanchnicus","fixed",NA,"carrierper",0.139888817166986,0.52305202287613,0.267447234785123,113.593997407593,0.78960981625726,0.894763665879897
"s__Odoribacter_splanchnicus","fixed",NA,"carrierint",-0.111488976844009,0.318228971010727,-0.350342008428425,113.207564911796,0.72673305502351,0.871818858031313
"s__Olsenella_SGB72492","fixed",NA,"(Intercept)",-4.74743197065611,0.0415655483799008,-114.21555003354,120.997571650433,4.41317293051293e-125,7.12194803958638e-124
"s__Olsenella_SGB72492","fixed",NA,"carrierper",-0.07694258463681,0.125725177806927,-0.611990263039986,104.84630590586,0.541869082326097,0.749172025195313
"s__Olsenella_SGB72492","fixed",NA,"carrierint",-0.0983251087254362,0.0763131247709144,-1.28844296470102,103.375960621941,0.2004680524856,0.426058425837119
"s__Olsenella_sp_AF16_14LB","fixed",NA,"(Intercept)",-5.068392497344,0.0744506808729795,-68.0771812683782,119.184906171649,2.96607937580661e-97,1.62829929369794e-96
"s__Olsenella_sp_AF16_14LB","fixed",NA,"carrierper",-0.179286406919135,0.230479198008632,-0.777885416420185,112.21239361303,0.438273615741836,0.674710697918353
"s__Olsenella_sp_AF16_14LB","fixed",NA,"carrierint",0.0312436436650914,0.140182438060556,0.222878443957401,111.68726761244,0.824037215416256,0.913267383600894
"s__Oscillibacter_SGB15077","fixed",NA,"(Intercept)",-6.00211306984263,0.0673678356984752,-89.094640010507,125.362897692157,3.20631878587242e-115,3.15906777218588e-114
"s__Oscillibacter_SGB15077","fixed",NA,"carrierper",-0.166490261626631,0.206164798837219,-0.807559110797019,113.606614198778,0.421032050683447,0.66121196853098
"s__Oscillibacter_SGB15077","fixed",NA,"carrierint",-0.173082405489975,0.125274907812401,-1.38162069733203,112.637527480146,0.169822526337525,0.386749111075239
"s__Oscillibacter_sp_ER4","fixed",NA,"(Intercept)",-3.5452477555491,0.109228953751652,-32.457032991543,117.750502657629,1.41241345791557e-60,4.78126219388418e-60
"s__Oscillibacter_sp_ER4","fixed",NA,"carrierper",-0.482259650555489,0.338969535181375,-1.42272269482106,111.830205810965,0.157600093810807,0.366802405487399
"s__Oscillibacter_sp_ER4","fixed",NA,"carrierint",-0.107217626115544,0.20620745760172,-0.519950283867182,111.391391465995,0.604130010412858,0.798116711004143
"s__Oscillibacter_valericigenes","fixed",NA,"(Intercept)",-5.67636445720629,0.0685790872652815,-82.7710703592285,122.000976267824,4.78794754570414e-109,3.8462717079628e-108
"s__Oscillibacter_valericigenes","fixed",NA,"carrierper",-0.282242987923811,0.208382745046265,-1.3544450998625,107.530661697717,0.178433658827849,0.398293517411298
"s__Oscillibacter_valericigenes","fixed",NA,"carrierint",-0.137741033537307,0.126540839395361,-1.08851050929852,106.265610374653,0.278832318559824,0.5386729621713
"s__Oscillospiraceae_bacterium_Marseille_Q3528","fixed",NA,"(Intercept)",-5.83432664161362,0.0785749222602549,-74.2517647333998,119.939866677615,4.0608753910063e-102,2.50064431972493e-101
"s__Oscillospiraceae_bacterium_Marseille_Q3528","fixed",NA,"carrierper",-0.170796169957625,0.2416630792755,-0.706753263550509,110.250333289164,0.481210876922682,0.703617200416965
"s__Oscillospiraceae_bacterium_Marseille_Q3528","fixed",NA,"carrierint",-0.0973766055321358,0.146907527734493,-0.66284285791076,109.485786804318,0.508824260897434,0.725144581814066
"s__Oscillospiraceae_bacterium_NSJ_64","fixed",NA,"(Intercept)",-6.13722555206354,0.0548662827037182,-111.85787061983,105.76940938179,1.1711858499645e-111,1.04402852911121e-110
"s__Oscillospiraceae_bacterium_NSJ_64","fixed",NA,"carrierper",-0.209562151308313,0.166078118661923,-1.26182878874554,90.5064574945811,0.210252625579996,0.439277807015348
"s__Oscillospiraceae_bacterium_NSJ_64","fixed",NA,"carrierint",-0.101072641805965,0.100814013504252,-1.00256540031215,89.148911744197,0.318784123658084,0.576362521058857
"s__Oscillospiraceae_unclassified_SGB15256","fixed",NA,"(Intercept)",-5.91870199210219,0.0677126418914326,-87.4091133763761,106.753978986545,3.69966303792074e-101,2.21270581692896e-100
"s__Oscillospiraceae_unclassified_SGB15256","fixed",NA,"carrierper",-0.206236701076629,0.210449015206038,-0.979984158513239,101.602586870532,0.329421673658337,0.585142873971011
"s__Oscillospiraceae_unclassified_SGB15256","fixed",NA,"carrierint",-0.142504530933682,0.128038410468001,-1.11298266209964,101.225631482921,0.268351926523743,0.524926652510394
"s__Oxalobacter_formigenes","fixed",NA,"(Intercept)",-5.45130568124097,0.0352929407819692,-154.458811322008,94.4784139166776,2.24117091305247e-115,2.21982642816625e-114
"s__Oxalobacter_formigenes","fixed",NA,"carrierper",-0.00465774465325434,0.106129846770742,-0.0438872267790589,77.8303849772545,0.965106699641693,0.981891163983287
"s__Oxalobacter_formigenes","fixed",NA,"carrierint",-0.0942101323922015,0.0643803123670864,-1.46333760940814,76.2814411129344,0.147483552628545,0.348597488031107
"s__Parabacteroides_distasonis","fixed",NA,"(Intercept)",-2.82210014254629,0.161444429560767,-17.4803190808394,118.429001958713,1.36532387008603e-34,4.15591265821307e-34
"s__Parabacteroides_distasonis","fixed",NA,"carrierper",0.461788340511453,0.500935448381245,0.921851991117228,112.439744554713,0.358579576423499,0.612112552886526
"s__Parabacteroides_distasonis","fixed",NA,"carrierint",-0.188292511424019,0.304733751052812,-0.617891883565554,111.995298417634,0.537901055789457,0.745604105887204
"s__Parabacteroides_faecis","fixed",NA,"(Intercept)",-6.0273402910805,0.0599642074715913,-100.515633329033,118.543612881235,1.37027273106862e-116,1.40172161342102e-115
"s__Parabacteroides_faecis","fixed",NA,"carrierper",0.166951287825857,0.183638640566097,0.909129403872744,107.167790830596,0.365321875193276,0.617222518377088
"s__Parabacteroides_faecis","fixed",NA,"carrierint",-0.0268669759218638,0.11159394054508,-0.240756584010137,106.240564204288,0.810207775087735,0.90603880224865
"s__Parabacteroides_goldsteinii","fixed",NA,"(Intercept)",-4.93678183679423,0.094995739047695,-51.9684554937311,118.050420474929,3.450149868148e-83,1.51968954192307e-82
"s__Parabacteroides_goldsteinii","fixed",NA,"carrierper",0.164091150169535,0.2918615871801,0.562222496474943,107.967089102827,0.57512984821057,0.773237159535822
"s__Parabacteroides_goldsteinii","fixed",NA,"carrierint",0.0151663451718161,0.177407863173295,0.0854885736208958,107.166135551853,0.932032490191302,0.968221244472568
"s__Parabacteroides_gordonii","fixed",NA,"(Intercept)",-5.69902273316075,0.116910465090471,-48.7468998498174,118.162473919809,4.19376527846732e-80,1.76420867444738e-79
"s__Parabacteroides_gordonii","fixed",NA,"carrierper",-0.394587043018822,0.361418338628003,-1.09177371717421,110.612673794525,0.277304905619913,0.537942780642981
"s__Parabacteroides_gordonii","fixed",NA,"carrierint",-0.0578593404638463,0.219798366190907,-0.263238264535561,110.039074766211,0.792859213869586,0.896756472969248
"s__Parabacteroides_johnsonii","fixed",NA,"(Intercept)",-4.8995245594169,0.104365852868717,-46.9456668512074,116.673580540139,1.32157602763281e-77,5.34339162792358e-77
"s__Parabacteroides_johnsonii","fixed",NA,"carrierper",0.0377579226959748,0.327082921124073,0.115438380476161,115.1124382932,0.908298791584934,0.960099004995481
"s__Parabacteroides_johnsonii","fixed",NA,"carrierint",0.234709487561612,0.199120592751041,1.17873035791465,115.00239422074,0.240938634816671,0.486031384026733
"s__Parabacteroides_merdae","fixed",NA,"(Intercept)",-3.61682239950303,0.210846752532153,-17.1537970401108,119.586237527965,4.98121049507562e-34,1.5113170254103e-33
"s__Parabacteroides_merdae","fixed",NA,"carrierper",-0.0471194519618062,0.653901739707252,-0.0720589181837951,113.377651643805,0.942681982403291,0.973099505541477
"s__Parabacteroides_merdae","fixed",NA,"carrierint",-0.562411047320427,0.397772676323348,-1.41390065431052,112.915314217661,0.160142285746594,0.369195023297567
"s__Parabacteroides_sp_TM07_1AC","fixed",NA,"(Intercept)",-4.9635542391738,0.0452992431903487,-109.572564343223,108.32536264748,8.49587495404499e-113,7.79621466371188e-112
"s__Parabacteroides_sp_TM07_1AC","fixed",NA,"carrierper",0.103901496638913,0.139676396572343,0.7438729748809,99.882787746664,0.458699674683734,0.689067971947621
"s__Parabacteroides_sp_TM07_1AC","fixed",NA,"carrierint",-0.0532491410222281,0.0849273093672598,-0.626996680089763,99.233478952553,0.532101329910136,0.741161613172617
"s__Paraprevotella_clara","fixed",NA,"(Intercept)",-5.08029504775142,0.170915033287625,-29.7240971143951,114.081961168078,1.51505718665653e-55,4.96705263296151e-55
"s__Paraprevotella_clara","fixed",NA,"carrierper",1.30176827540867e-05,0.533926214816185,2.43810518997804e-05,111.080830674672,0.999980590467072,0.999980590467072
"s__Paraprevotella_clara","fixed",NA,"carrierint",-0.441051257837957,0.324966914400682,-1.35721896074055,110.866387196779,0.177468251081672,0.397643738799324
"s__Parasutterella_excrementihominis","fixed",NA,"(Intercept)",-5.30108531978565,0.133922596158424,-39.5832030728759,117.005031771423,1.35146832541583e-69,5.03973845653074e-69
"s__Parasutterella_excrementihominis","fixed",NA,"carrierper",-0.561627073830766,0.417800219312643,-1.34424791531882,113.390140429362,0.181551480312769,0.403304975723697
"s__Parasutterella_excrementihominis","fixed",NA,"carrierint",-0.161496880325674,0.254263376670203,-0.635155886154798,113.129981909977,0.526609334592407,0.735681100266408
"s__Paratractidigestivibacter_faecalis","fixed",NA,"(Intercept)",-5.61164668392616,0.0726363385180984,-77.2567395110084,123.46652728069,2.1474887834497e-106,1.54619192408378e-105
"s__Paratractidigestivibacter_faecalis","fixed",NA,"carrierper",0.153324978360079,0.221525814988042,0.692131426616601,110.38376203972,0.49030817342667,0.708769807455388
"s__Paratractidigestivibacter_faecalis","fixed",NA,"carrierint",0.0516265905252562,0.134567839955127,0.383647315305586,109.275075063637,0.701985281892354,0.85670812647084
"s__Phascolarctobacterium_faecium","fixed",NA,"(Intercept)",-4.09274059212417,0.141656074700766,-28.8920937613841,118.833006974687,1.42661560041601e-55,4.68530597189259e-55
"s__Phascolarctobacterium_faecium","fixed",NA,"carrierper",0.26673261598252,0.437994089751123,0.608986792799151,111.349614927745,0.543773661456998,0.74996745492248
"s__Phascolarctobacterium_faecium","fixed",NA,"carrierint",0.23929105468224,0.266371983410836,0.898334170201268,110.781537442999,0.370955750323046,0.624486658817213
"s__Phascolarctobacterium_SGB4573","fixed",NA,"(Intercept)",-5.4982949047588,0.0409919060905614,-134.131232946614,105.906032759758,4.59339684975473e-120,5.73255926849391e-119
"s__Phascolarctobacterium_SGB4573","fixed",NA,"carrierper",0.0727071549458704,0.123486122294105,0.58878806456247,88.9754821022008,0.557495290854185,0.757996457634774
"s__Phascolarctobacterium_SGB4573","fixed",NA,"carrierint",0.0314918032905893,0.0749229611839702,0.420322459135892,87.4033929703483,0.675281475122493,0.840818113831906
"s__Phascolarctobacterium_succinatutens","fixed",NA,"(Intercept)",-4.13768915205041,0.0702487622449018,-58.9005274943573,113.345540071219,7.63910802352809e-87,3.56618708729291e-86
"s__Phascolarctobacterium_succinatutens","fixed",NA,"carrierper",-0.298829719125708,0.218753889850632,-1.36605442458533,108.948391411361,0.17473506907592,0.393627014813625
"s__Phascolarctobacterium_succinatutens","fixed",NA,"carrierint",-0.174671701240425,0.133110421875273,-1.31223159523974,108.629253552328,0.192208059203807,0.417417038085297
"s__Phocaeicola_coprocola","fixed",NA,"(Intercept)",-4.72005467401656,0.143561519205439,-32.8782719780366,117.09876743584,5.72403878270284e-61,1.94471880239922e-60
"s__Phocaeicola_coprocola","fixed",NA,"carrierper",0.412092242806186,0.449903530149863,0.915956900069039,115.51782471326,0.361597668328656,0.615247281632392
"s__Phocaeicola_coprocola","fixed",NA,"carrierint",0.642106056397889,0.273890156767118,2.34439259875942,115.406360904254,0.0207675957945465,0.0599028340945932
"s__Phocaeicola_dorei","fixed",NA,"(Intercept)",-3.42354514561463,0.228292959548938,-14.9962800095933,119.76309149302,2.90834168789708e-29,8.7530798066613e-29
"s__Phocaeicola_dorei","fixed",NA,"carrierper",-0.530820217629708,0.709245548059898,-0.74842939667614,114.305852720271,0.455738402256783,0.687632984651946
"s__Phocaeicola_dorei","fixed",NA,"carrierint",-0.0994155483808825,0.431496140574996,-0.230397306099667,113.903717419636,0.818196343909311,0.910481752204288
"s__Phocaeicola_massiliensis","fixed",NA,"(Intercept)",-4.67819385264435,0.196492522706787,-23.8085082740034,116.904955170309,1.17555967721873e-46,3.71104167917953e-46
"s__Phocaeicola_massiliensis","fixed",NA,"carrierper",0.494088192523407,0.613184217331383,0.805774477813064,113.42340179683,0.422058991239979,0.661720629481776
"s__Phocaeicola_massiliensis","fixed",NA,"carrierint",-0.313821762652388,0.37317766484198,-0.840944655102211,113.173218769128,0.402152220383253,0.650267974420365
"s__Phocaeicola_plebeius","fixed",NA,"(Intercept)",-4.9366044231799,0.203094893287317,-24.3068860239441,116.307785587216,2.08993027317067e-47,6.63105170258871e-47
"s__Phocaeicola_plebeius","fixed",NA,"carrierper",0.212437677465609,0.634675805750438,0.334718411417027,113.452506073678,0.738455539909161,0.875483705326124
"s__Phocaeicola_plebeius","fixed",NA,"carrierint",-0.593986142631397,0.386296579201885,-1.53764277141313,113.24872488551,0.126925341971878,0.310593778001772
"s__Phocaeicola_sartorii","fixed",NA,"(Intercept)",-6.54152035176341,0.039511370837257,-165.560450400651,101.384724235352,3.44010477290942e-125,5.59989229120559e-124
"s__Phocaeicola_sartorii","fixed",NA,"carrierper",-0.0517591567731676,0.114466002461207,-0.45217929918282,72.8034535507542,0.652484246959944,0.827145037256594
"s__Phocaeicola_sartorii","fixed",NA,"carrierint",0.0868346115632573,0.0690901549215278,1.25683046538083,69.0978124164547,0.213047098699337,0.44412490953804
"s__Phocaeicola_SGB6473","fixed",NA,"(Intercept)",-4.12026145126699,0.0388450522335914,-106.069144314446,116.030824169728,2.28399414385717e-117,2.44322116417179e-116
"s__Phocaeicola_SGB6473","fixed",NA,"carrierper",-0.119693003619905,0.118734734971214,-1.00807066819093,103.963235793603,0.315761029136155,0.57624871094883
"s__Phocaeicola_SGB6473","fixed",NA,"carrierint",-0.0619834223668413,0.0721409223362746,-0.859199194569685,102.96616326992,0.392226523336709,0.644028988157086
"s__Phocaeicola_vulgatus","fixed",NA,"(Intercept)",-2.69638466584099,0.180307257275894,-14.9543878964071,121.010463043517,2.8127063616227e-29,8.49255856283499e-29
"s__Phocaeicola_vulgatus","fixed",NA,"carrierper",0.087780278880787,0.556341312044624,0.157781342101279,112.635028381841,0.874911615193562,0.941825499506814
"s__Phocaeicola_vulgatus","fixed",NA,"carrierint",-0.248938747321871,0.338290291580112,-0.735873164314322,111.989239797145,0.46334639293366,0.690751168506259
"s__Phocea_massiliensis","fixed",NA,"(Intercept)",-5.89489706415248,0.123572539256282,-47.7039405326682,119.365739816135,1.38245383518611e-79,5.78960532319551e-79
"s__Phocea_massiliensis","fixed",NA,"carrierper",0.143686149627419,0.374622118350744,0.383549562583197,104.095860451795,0.702094560224512,0.85670812647084
"s__Phocea_massiliensis","fixed",NA,"carrierint",0.261567006766082,0.227440012016015,1.15004833339379,102.736627841857,0.252793970528866,0.504509928390231
"s__Prevotella_bivia","fixed",NA,"(Intercept)",-5.82714835321908,0.0806569155626402,-72.2461094944,121.43003576669,1.23414205201211e-101,7.55004549466234e-101
"s__Prevotella_bivia","fixed",NA,"carrierper",0.018815920417071,0.236298351410056,0.0796278107942413,94.2332377760637,0.936702133899142,0.969854945931097
"s__Prevotella_bivia","fixed",NA,"carrierint",0.099769549500377,0.142875462348919,0.69829729934121,90.8915605010351,0.486774049976648,0.706941211379867
"s__Prevotella_buccalis","fixed",NA,"(Intercept)",-5.56096458205719,0.0318873909195264,-174.393841004154,124.602372049519,9.93643331381807e-151,5.31457233241927e-149
"s__Prevotella_buccalis","fixed",NA,"carrierper",-0.0773075819252184,0.0935997121819127,-0.825938244072479,97.8666403217698,0.410848074987632,0.657256908605094
"s__Prevotella_buccalis","fixed",NA,"carrierint",-0.00691681230737619,0.0566098500294443,-0.12218390092499,94.6186439662782,0.903012509681026,0.958298989865579
"s__Prevotella_copri_clade_A","fixed",NA,"(Intercept)",-3.38662184763899,0.224886586931279,-15.0592433895307,118.20515838603,2.8939155485606e-29,8.72368745073341e-29
"s__Prevotella_copri_clade_A","fixed",NA,"carrierper",-0.737483126951414,0.698230749660192,-1.05621691297658,112.491480670905,0.293132192855295,0.553727008097993
"s__Prevotella_copri_clade_A","fixed",NA,"carrierint",-0.27205723229814,0.424774928448854,-0.640473846447596,112.0691488618,0.523171988959196,0.735268741239952
"s__Prevotella_copri_clade_B","fixed",NA,"(Intercept)",-4.99517959045769,0.124626456255186,-40.0812134161106,114.810784521726,2.42111871129978e-69,8.99272664197062e-69
"s__Prevotella_copri_clade_B","fixed",NA,"carrierper",-0.313975672143663,0.38905531003558,-0.807020657589659,111.499361160694,0.421372730364622,0.66121196853098
"s__Prevotella_copri_clade_B","fixed",NA,"carrierint",0.248081749698751,0.236781314993898,1.04772519615893,111.261935330978,0.297035908465822,0.55828435808034
"s__Prevotella_copri_clade_C","fixed",NA,"(Intercept)",-4.61851778660549,0.150670398811613,-30.6531198100838,118.292233736379,4.10063426642283e-58,1.36347910244113e-57
"s__Prevotella_copri_clade_C","fixed",NA,"carrierper",-0.464775628090967,0.469942998529884,-0.989004261250658,114.571721780026,0.324745136582044,0.580079098932811
"s__Prevotella_copri_clade_C","fixed",NA,"carrierint",-0.331912485655393,0.285991531633125,-1.16056753065394,114.303572099577,0.248235994191956,0.498112207083023
"s__Prevotella_copri_clade_D","fixed",NA,"(Intercept)",-5.76386564215083,0.145072029268298,-39.7310609855128,118.432263018214,2.59117231352787e-70,9.75990859340881e-70
"s__Prevotella_copri_clade_D","fixed",NA,"carrierper",-0.303484227016068,0.450145268840723,-0.674191751026602,112.453157094324,0.501572975677326,0.721155614798735
"s__Prevotella_copri_clade_D","fixed",NA,"carrierint",0.283941593570153,0.273837089527178,1.03689969120115,112.009527765134,0.302015929505151,0.56359542104386
"s__Prevotella_copri_clade_E","fixed",NA,"(Intercept)",-4.20914759804884,0.0479762825762768,-87.7339254319419,120.397168039014,5.70899364258226e-111,4.92499359396958e-110
"s__Prevotella_copri_clade_E","fixed",NA,"carrierper",-0.108707369006773,0.148104967406095,-0.733988676481751,112.233667140663,0.464486238419357,0.691183484945703
"s__Prevotella_copri_clade_E","fixed",NA,"carrierint",0.0117937216448502,0.0900606530763182,0.130953099294717,111.606635253979,0.896048168344717,0.956875168934004
"s__Prevotella_copri_clade_G","fixed",NA,"(Intercept)",-5.78710252658814,0.166658231098382,-34.7243726784301,117.748659330215,1.05091016824669e-63,3.68408957857266e-63
"s__Prevotella_copri_clade_G","fixed",NA,"carrierper",-0.361440849566837,0.516137293895767,-0.700280436700685,110.960789604329,0.485217902248994,0.706941211379867
"s__Prevotella_copri_clade_G","fixed",NA,"carrierint",-0.014985043104457,0.31393575239869,-0.0477328338360978,110.451245886545,0.962015369269389,0.981257845244222
"s__Prevotella_disiens","fixed",NA,"(Intercept)",-5.47922828516906,0.0414413942674698,-132.216311299885,142.519280801296,5.43171244900654e-151,3.17755178266883e-149
"s__Prevotella_disiens","fixed",NA,"carrierper",-0.0798085454255613,0.119642316510204,-0.667059513334936,109.696730207392,0.506134857445171,0.724930721604713
"s__Prevotella_disiens","fixed",NA,"carrierint",0.0338882700460438,0.0721721936687681,0.469547457592502,104.890223672027,0.639653021543127,0.818523648550115
"s__Prevotella_SGB1635","fixed",NA,"(Intercept)",-5.7312774021529,0.0828704523129957,-69.1594801547151,116.316668399533,2.48485521357187e-96,1.32149118176322e-95
"s__Prevotella_SGB1635","fixed",NA,"carrierper",-0.0418862562610183,0.258879632907505,-0.161798190883498,113.30216376954,0.871752955468823,0.941304845789209
"s__Prevotella_SGB1635","fixed",NA,"carrierint",-0.020686187400799,0.15756348671481,-0.131287951492474,113.086659685424,0.895780804675652,0.956875168934004
"s__Prevotella_SGB1680","fixed",NA,"(Intercept)",-5.07493215165733,0.0920244374370463,-55.1476574375049,122.115603045203,3.69988146427714e-88,1.75791322363625e-87
"s__Prevotella_SGB1680","fixed",NA,"carrierper",-0.0635300911791101,0.284331182825978,-0.223436946126282,114.301264477168,0.823594296332618,0.913267383600894
"s__Prevotella_SGB1680","fixed",NA,"carrierint",0.0544100849639947,0.172910002008554,0.314672860632452,113.704132765952,0.753586746794977,0.8838829037247
"s__Prevotella_sp_885","fixed",NA,"(Intercept)",-6.07166508630003,0.134219651830047,-45.2367816747741,116.830099379228,6.84853051061156e-76,2.73357124005647e-75
"s__Prevotella_sp_885","fixed",NA,"carrierper",0.00797362535831502,0.418444893275932,0.019055377390057,112.918305006985,0.984830558548316,0.994392020281795
"s__Prevotella_sp_885","fixed",NA,"carrierint",0.107762634598383,0.254643101744205,0.423190865412222,112.635827232905,0.672962937304443,0.840014640156371
"s__Prevotella_sp_Marseille_P4119","fixed",NA,"(Intercept)",-4.63623165303703,0.107899898879781,-42.9678961812799,119.825632815708,1.19733881122017e-74,4.73872781100245e-74
"s__Prevotella_sp_Marseille_P4119","fixed",NA,"carrierper",-0.31656770793336,0.33597664920498,-0.942231279115535,115.356886582634,0.348043316431984,0.602018246310651
"s__Prevotella_sp_Marseille_P4119","fixed",NA,"carrierint",-0.068564489796279,0.204438746970109,-0.335379133419869,115.031801509041,0.737949971031769,0.875438748904608
"s__Prevotella_sp_P4_51","fixed",NA,"(Intercept)",-4.66234073507933,0.0636193090319643,-73.2849948548927,119.619618882347,2.98693060306262e-101,1.79792092891744e-100
"s__Prevotella_sp_P4_51","fixed",NA,"carrierper",0.428738331424067,0.199003837928013,2.15442242666273,117.188254086454,0.0332539644808821,0.0941776422211972
"s__Prevotella_sp_P4_51","fixed",NA,"carrierint",0.248501407082822,0.121132491881939,2.05148431458854,117.015392984534,0.0424519292424194,0.11773335043231
"s__Prevotella_stercorea","fixed",NA,"(Intercept)",-6.07271190443998,0.15679647944393,-38.7298995868817,118.909037009992,2.86908986980306e-69,1.06355172995472e-68
"s__Prevotella_stercorea","fixed",NA,"carrierper",-0.294283785464728,0.489090379989341,-0.601696123058364,115.222177908027,0.548558510704396,0.751758076162979
"s__Prevotella_stercorea","fixed",NA,"carrierint",-0.123103811733527,0.297645774286108,-0.41359166623073,114.956523264165,0.679943731996965,0.844068081099681
"s__Prevotella_timonensis","fixed",NA,"(Intercept)",-5.57736554852708,0.045107982398469,-123.644757578791,130.610508429487,3.37303768713171e-137,1.12755831255546e-135
"s__Prevotella_timonensis","fixed",NA,"carrierper",0.100712417275071,0.136295467358623,0.738927120812275,113.89781882819,0.46147130111318,0.690545519580245
"s__Prevotella_timonensis","fixed",NA,"carrierint",0.0489806323141306,0.0827203338416541,0.592123242731236,112.344324555077,0.554957876313313,0.7572020003342
"s__Prevotellamassilia_timonensis","fixed",NA,"(Intercept)",-5.14574484098941,0.0934364007830445,-55.0721645725376,117.864000293873,5.95806942125435e-86,2.73370244034023e-85
"s__Prevotellamassilia_timonensis","fixed",NA,"carrierper",-0.236207105727922,0.291975256173409,-0.808996997977237,114.979168731524,0.420187753829669,0.66121196853098
"s__Prevotellamassilia_timonensis","fixed",NA,"carrierint",-0.0124034326505561,0.177710587336952,-0.0697956876763809,114.773165242851,0.944477741719937,0.973306202483272
"s__Proteus_mirabilis","fixed",NA,"(Intercept)",-5.80616239784005,0.0689168415477913,-84.2488173781685,115.364088689157,1.87521389174886e-105,1.29058838432128e-104
"s__Proteus_mirabilis","fixed",NA,"carrierper",0.185805395448904,0.204187706336473,0.909973468935111,92.2619509308,0.365207672662509,0.617222518377088
"s__Proteus_mirabilis","fixed",NA,"carrierint",0.0399671537502554,0.123649690148784,0.323228903381515,89.727499365968,0.747273982876422,0.882584792394109
"s__Pseudoflavonifractor_capillosus","fixed",NA,"(Intercept)",-5.65089595238172,0.0737024636640592,-76.6717375709296,125.754314094428,1.94470108137827e-107,1.49814009232104e-106
"s__Pseudoflavonifractor_capillosus","fixed",NA,"carrierper",0.0518844786089106,0.224300493356852,0.231316827851844,111.818609494388,0.817491422278233,0.910377122251548
"s__Pseudoflavonifractor_capillosus","fixed",NA,"carrierint",-0.245578512382067,0.136226825945989,-1.80271771493401,110.61280307692,0.0741554723491802,0.19774792626448
"s__Pseudoflavonifractor_gallinarum","fixed",NA,"(Intercept)",-5.89036944798011,0.0853096736872748,-69.046911017065,122.125982095749,1.02734797291975e-99,5.86340062593222e-99
"s__Pseudoflavonifractor_gallinarum","fixed",NA,"carrierper",-0.31396093776104,0.252386276090582,-1.24396992825536,98.150862980412,0.216473331572305,0.44827220874265
"s__Pseudoflavonifractor_gallinarum","fixed",NA,"carrierint",0.051443125910006,0.152808424792217,0.336651110565116,95.4544705934627,0.737118931707627,0.875438748904608
"s__Pseudoflavonifractor_sp_An184","fixed",NA,"(Intercept)",-5.07016752147541,0.0677382707144391,-74.8493793537994,122.878204253696,2.2941743834552e-104,1.5183331215397e-103
"s__Pseudoflavonifractor_sp_An184","fixed",NA,"carrierper",-0.179744310776919,0.205873044120455,-0.873083271026739,108.473974346034,0.384546328804677,0.636490475262913
"s__Pseudoflavonifractor_sp_An184","fixed",NA,"carrierint",0.0046550338048936,0.125019405445998,0.0372344900240653,107.216083794426,0.970367277991627,0.984034422752072
"s__Pyramidobacter_piscolens","fixed",NA,"(Intercept)",-5.09858172174668,0.0492263325211533,-103.57427540546,133.258850988101,3.17178678790618e-129,6.18498423641704e-128
"s__Pyramidobacter_piscolens","fixed",NA,"carrierper",0.118063056245274,0.148430198165156,0.795411295711589,115.75569428189,0.428002300313678,0.664913117167805
"s__Pyramidobacter_piscolens","fixed",NA,"carrierint",-0.0479938292047921,0.0900660362368746,-0.532873780284589,114.090626697096,0.595157368403729,0.789606373955904
"s__Raoultibacter_timonensis","fixed",NA,"(Intercept)",-5.95321382540214,0.0410065782241124,-145.177044348011,100.042385971739,3.70733180696483e-118,4.08242655449304e-117
"s__Raoultibacter_timonensis","fixed",NA,"carrierper",-0.0323577579462823,0.123080124269746,-0.262899945367021,82.3190955825876,0.793284572242027,0.896756472969248
"s__Raoultibacter_timonensis","fixed",NA,"carrierint",-0.0539836839504176,0.0746475565953666,-0.723180856984251,80.6306425899281,0.471661465246228,0.696242152954413
"s__Rheinheimera_SGB14999","fixed",NA,"(Intercept)",-5.12385149552085,0.120089808819166,-42.6668303156053,119.734556161625,2.87435278655109e-74,1.13279756135234e-73
"s__Rheinheimera_SGB14999","fixed",NA,"carrierper",-0.339605963776774,0.368697201370135,-0.921097210705007,109.338620132745,0.359027555058443,0.612112552886526
"s__Rheinheimera_SGB14999","fixed",NA,"carrierint",0.14844464333209,0.224098918129293,0.662406782555037,108.507297848783,0.509115076191704,0.725144581814066
"s__Romboutsia_timonensis","fixed",NA,"(Intercept)",-5.05376199068018,0.111353775788838,-45.384738459733,114.432088613552,5.22472930026739e-75,2.07658030787698e-74
"s__Romboutsia_timonensis","fixed",NA,"carrierper",-0.888851250042305,0.326470962004447,-2.72260431551091,87.9848590369566,0.00780896534654261,0.0231670097127223
"s__Romboutsia_timonensis","fixed",NA,"carrierint",0.288859412726381,0.19741858237561,1.46318248895534,84.7992211641964,0.147114279888537,0.348164262896765
"s__Roseburia_faecis","fixed",NA,"(Intercept)",-3.14959117117563,0.169247063192931,-18.6094287945504,124.454822196622,9.21382219392252e-38,2.83688735970772e-37
"s__Roseburia_faecis","fixed",NA,"carrierper",-0.760198759950783,0.515007703781141,-1.47609201642902,110.487819649037,0.142763539173817,0.340884369047686
"s__Roseburia_faecis","fixed",NA,"carrierint",-0.692136726500454,0.312781436829211,-2.21284464166709,109.279423553113,0.0289874509956249,0.0824604999261105
"s__Roseburia_hominis","fixed",NA,"(Intercept)",-4.13660206219136,0.122577802285129,-33.7467468422151,120.915617066764,2.22373839302419e-63,7.73761760546705e-63
"s__Roseburia_hominis","fixed",NA,"carrierper",-0.59777609630256,0.372514391207038,-1.60470604737073,106.521850011534,0.111519332051875,0.280597029033751
"s__Roseburia_hominis","fixed",NA,"carrierint",0.0680566983475731,0.226213115409194,0.300852133283547,105.266423581165,0.764120669764005,0.885717581299206
"s__Roseburia_intestinalis","fixed",NA,"(Intercept)",-4.44143926471425,0.18590324190465,-23.8911340071857,119.859185464322,2.0934570279006e-47,6.63105170258871e-47
"s__Roseburia_intestinalis","fixed",NA,"carrierper",-0.0858672370601742,0.563806568497954,-0.152299107278822,104.723195551479,0.879244066354701,0.945923861599689
"s__Roseburia_intestinalis","fixed",NA,"carrierint",0.0468563913701385,0.342310473630575,0.1368827277564,103.380000021642,0.891389715452882,0.95353231275874
"s__Roseburia_inulinivorans","fixed",NA,"(Intercept)",-3.89898948300017,0.194316361608689,-20.0651630707861,118.067294007593,7.51829093650351e-40,2.31865578799581e-39
"s__Roseburia_inulinivorans","fixed",NA,"carrierper",-0.334634115137752,0.600935955826309,-0.556854872625516,110.674881579878,0.578750917852793,0.775534515547909
"s__Roseburia_inulinivorans","fixed",NA,"carrierint",0.371739026843597,0.365472954564626,1.01714510526897,110.114668908546,0.3113140565406,0.570649628148203
"s__Roseburia_SGB4949","fixed",NA,"(Intercept)",-6.55637631921148,0.032820459823324,-199.764913547986,251.999999999499,1.59706848523747e-279,2.98971220436455e-276
"s__Roseburia_SGB4949","fixed",NA,"carrierper",-0.0456835852575815,0.0917693264952159,-0.49780887582261,251.999999999346,0.61905288241056,0.809030362320542
"s__Roseburia_SGB4949","fixed",NA,"carrierint",0.135387153319853,0.0549899817647386,2.46203306447845,251.999999998954,0.0144853950153053,0.0425026010480432
"s__Roseburia_sp_AF02_12","fixed",NA,"(Intercept)",-5.34704641734455,0.132007321169887,-40.5056808210143,125.132588508721,8.77053958377695e-74,3.43482219682645e-73
"s__Roseburia_sp_AF02_12","fixed",NA,"carrierper",0.124989690798572,0.40517902618935,0.30848015992852,114.56728766392,0.758277197654478,0.8838829037247
"s__Roseburia_sp_AF02_12","fixed",NA,"carrierint",0.265348614698667,0.246267540865648,1.07748107511834,113.717387231983,0.283545798765595,0.542740687455901
"s__Roseburia_sp_AM16_25","fixed",NA,"(Intercept)",-4.85991193081734,0.105978906346711,-45.8573512253288,123.49049199556,2.07697287220027e-79,8.6594503714007e-79
"s__Roseburia_sp_AM16_25","fixed",NA,"carrierper",-0.271735415826044,0.324383298305893,-0.83769854134043,111.825290942744,0.403986884912631,0.650267974420365
"s__Roseburia_sp_AM16_25","fixed",NA,"carrierint",0.178570498294661,0.197112783235142,0.905930581283704,110.866567848715,0.366937252068111,0.619392728468443
"s__Roseburia_sp_AM23_20","fixed",NA,"(Intercept)",-4.98679527216184,0.0924425727550883,-53.9447910582665,113.495198366101,9.67875039573778e-83,4.19412517148637e-82
"s__Roseburia_sp_AM23_20","fixed",NA,"carrierper",-0.142898198955538,0.28682695569621,-0.49820351998885,107.54401883902,0.619357929372396,0.809030362320542
"s__Roseburia_sp_AM23_20","fixed",NA,"carrierint",0.0811997954051625,0.174484933542239,0.465368520689528,107.103217732377,0.642612438801471,0.821140263096487
"s__Roseburia_sp_AM59_24XD","fixed",NA,"(Intercept)",-5.50304530415623,0.0707642575096634,-77.7658877209974,117.654193619313,5.32246025017004e-103,3.36609648253997e-102
"s__Roseburia_sp_AM59_24XD","fixed",NA,"carrierper",-0.174735357680417,0.219641748206612,-0.795547108448834,111.811805421355,0.427980972278764,0.664913117167805
"s__Roseburia_sp_AM59_24XD","fixed",NA,"carrierint",-0.0347038451866776,0.133617871728723,-0.259724576792653,111.379251441078,0.795555716219378,0.898244745656681
"s__Rothia_mucilaginosa","fixed",NA,"(Intercept)",-6.23524229780576,0.0492674052078955,-126.559177847802,129.970974309392,5.62346757276836e-138,2.02444832619661e-136
"s__Rothia_mucilaginosa","fixed",NA,"carrierper",0.040669561525297,0.144705639835014,0.281050286441264,103.226557603115,0.779234395561869,0.891097610563115
"s__Rothia_mucilaginosa","fixed",NA,"carrierint",-0.0557233604173134,0.0875268520199322,-0.63664303161073,99.9630958546474,0.525812585564491,0.735681100266408
"s__Ruminococcaceae_bacterium_AM28_23LB","fixed",NA,"(Intercept)",-5.28039928608577,0.0574478570464221,-91.9163839622218,118.916305319339,2.60649372623787e-112,2.36861954151325e-111
"s__Ruminococcaceae_bacterium_AM28_23LB","fixed",NA,"carrierper",-0.167227218114694,0.174099373575887,-0.960527396968505,103.53261908475,0.339027739943698,0.592742154961264
"s__Ruminococcaceae_bacterium_AM28_23LB","fixed",NA,"carrierint",-0.109351250722596,0.105695448790569,-1.03458807331687,102.159670418508,0.303304190358704,0.564399050051186
"s__Ruminococcus_bicirculans","fixed",NA,"(Intercept)",-4.81936465317149,0.204724092046677,-23.5407792262802,118.993246819505,1.34202005025719e-46,4.22939652202267e-46
"s__Ruminococcus_bicirculans","fixed",NA,"carrierper",-1.03198028877412,0.630948858645387,-1.63560053185567,110.16180296168,0.104777377745313,0.267589701417771
"s__Ruminococcus_bicirculans","fixed",NA,"carrierint",0.164997917384249,0.383620424065901,0.430107228482456,109.475977328786,0.66796311447319,0.836405986818603
"s__Ruminococcus_bromii","fixed",NA,"(Intercept)",-4.15821215351867,0.219382611470483,-18.9541555989643,118.288525287612,1.20038628024501e-37,3.68985733434919e-37
"s__Ruminococcus_bromii","fixed",NA,"carrierper",-0.562112627196138,0.675496981603851,-0.83214676379678,109.085738384011,0.407144120526974,0.653105221616534
"s__Ruminococcus_bromii","fixed",NA,"carrierint",0.272026014668245,0.41067473130724,0.662388001819213,108.366515748914,0.509128884115524,0.725144581814066
"s__Ruminococcus_callidus","fixed",NA,"(Intercept)",-4.48217771722393,0.123010610945765,-36.4373258758963,118.332791299775,3.67175198136721e-66,1.31929361019566e-65
"s__Ruminococcus_callidus","fixed",NA,"carrierper",-0.60349644638401,0.37990722563174,-1.58853637326973,110.375697507758,0.115025610615011,0.287871581646125
"s__Ruminococcus_callidus","fixed",NA,"carrierint",0.0466215863507685,0.231024667042469,0.201803499806356,109.767085801568,0.840443865692572,0.924398277548747
"s__Ruminococcus_gnavus","fixed",NA,"(Intercept)",-3.69376532884975,0.15244105134712,-24.2307783645415,123.214432452537,1.05954927643167e-48,3.39055768458135e-48
"s__Ruminococcus_gnavus","fixed",NA,"carrierper",0.223624679035615,0.467789233461952,0.47804580148338,112.573801116538,0.633544613434615,0.818523648550115
"s__Ruminococcus_gnavus","fixed",NA,"carrierint",0.515552286781803,0.284316397880681,1.81330479221309,111.717442653055,0.0724695562312321,0.194081558318836
"s__Ruminococcus_lactaris","fixed",NA,"(Intercept)",-5.04848472480974,0.105727570812597,-47.7499358588141,120.64816777045,3.32111720549272e-80,1.40025482177531e-79
"s__Ruminococcus_lactaris","fixed",NA,"carrierper",-0.29647580878458,0.324384445789759,-0.91396431805714,109.969172663675,0.36273515920039,0.616188945574529
"s__Ruminococcus_lactaris","fixed",NA,"carrierint",0.131894387548681,0.197153825672465,0.668992281021212,109.110125411465,0.504913431380921,0.72410491791194
"s__Ruminococcus_SGB4421","fixed",NA,"(Intercept)",-4.26973409904189,0.0510821450515979,-83.5856461142939,116.668245151891,5.93805952999957e-106,4.15505262819173e-105
"s__Ruminococcus_SGB4421","fixed",NA,"carrierper",0.05489195196996,0.157086200652057,0.349438408606907,106.975485927327,0.727447145429974,0.871818858031313
"s__Ruminococcus_SGB4421","fixed",NA,"carrierint",0.000216544684465297,0.0954920052393986,0.00226767344472889,106.211576453039,0.998194913674672,0.999864113909732
"s__Ruminococcus_sp_AF13_28","fixed",NA,"(Intercept)",-5.48245828684131,0.102733299525984,-53.3659320993061,119.525576024266,3.21094135254721e-85,1.45190391593439e-84
"s__Ruminococcus_sp_AF13_28","fixed",NA,"carrierper",-0.167876352249451,0.312142037215129,-0.537820390189068,105.086300221781,0.591838238100978,0.787776427454761
"s__Ruminococcus_sp_AF13_28","fixed",NA,"carrierint",-0.251356518308619,0.18954768103136,-1.32608595864084,103.826306038359,0.187721127538078,0.41118811204364
"s__Ruminococcus_sp_BSD2780120874_150323_B10","fixed",NA,"(Intercept)",-5.34733284583741,0.0911186793778171,-58.6853637733826,107.920970243781,1.03228234776209e-83,4.59010108078533e-83
"s__Ruminococcus_sp_BSD2780120874_150323_B10","fixed",NA,"carrierper",-0.0941391477540666,0.277474575448015,-0.339271256121639,94.708269154258,0.735156541586237,0.875438748904608
"s__Ruminococcus_sp_BSD2780120874_150323_B10","fixed",NA,"carrierint",-0.107376873949588,0.168531208337067,-0.637133472245873,93.589964965683,0.525593408332341,0.735681100266408
"s__Ruminococcus_sp_NSJ_13","fixed",NA,"(Intercept)",-5.55692083210329,0.0622188939439984,-89.3124335688919,113.524715970278,5.04825633663734e-107,3.75013327864488e-106
"s__Ruminococcus_sp_NSJ_13","fixed",NA,"carrierper",-0.238958968093551,0.193010592626933,-1.23806141850169,107.48614964093,0.218390662235483,0.451244282234906
"s__Ruminococcus_sp_NSJ_13","fixed",NA,"carrierint",0.00471459306214114,0.117411947341684,0.0401542872670449,107.038321985053,0.968044922849593,0.982679961354458
"s__Ruminococcus_torques","fixed",NA,"(Intercept)",-3.43095564706118,0.149781998282758,-22.9063284399788,120.591205747557,9.61087683527084e-46,3.01871836168239e-45
"s__Ruminococcus_torques","fixed",NA,"carrierper",-0.094570436126549,0.458512555866162,-0.206254844969074,109.015426207369,0.836976557711431,0.923288223945668
"s__Ruminococcus_torques","fixed",NA,"carrierint",0.454481654909781,0.278619889043687,1.63118884466471,108.0671835021,0.10576147339549,0.268637012478098
"s__Ruthenibacterium_lactatiformans","fixed",NA,"(Intercept)",-4.19825121554518,0.148155317752947,-28.3368243490651,122.769560315984,1.06615846447116e-55,3.507642610703e-55
"s__Ruthenibacterium_lactatiformans","fixed",NA,"carrierper",-0.0412510696935394,0.452100110902107,-0.0912432195852115,109.91850826015,0.927465407328378,0.967200731084452
"s__Ruthenibacterium_lactatiformans","fixed",NA,"carrierint",0.303300490742498,0.274646365583472,1.10433098249144,108.835463928669,0.271885131162525,0.530728848317254
"s__Sanguibacter_SGB15121","fixed",NA,"(Intercept)",-5.25433154463998,0.0917782981758726,-57.2502612172131,115.972024021488,7.09891957419324e-87,3.32229436072243e-86
"s__Sanguibacter_SGB15121","fixed",NA,"carrierper",-0.268701108663167,0.282105078045047,-0.952485898251928,106.108517246608,0.343015311579262,0.597618221483182
"s__Sanguibacter_SGB15121","fixed",NA,"carrierint",-0.369448326020766,0.171483917418328,-2.15441967726636,105.328843149019,0.0334865252083097,0.0946930138821085
"s__Sellimonas_intestinalis","fixed",NA,"(Intercept)",-4.77946583209577,0.0993058835489631,-48.1287277378609,118.732562836811,9.74820690787007e-80,4.09162406536609e-79
"s__Sellimonas_intestinalis","fixed",NA,"carrierper",-0.118330350102316,0.305196284914801,-0.387718841778657,108.760178614297,0.698981877630438,0.854666280159491
"s__Sellimonas_intestinalis","fixed",NA,"carrierint",0.296292896649171,0.18551804969472,1.59711088563478,107.969501932418,0.113163725554132,0.284352341258167
"s__Senegalimassilia_anaerobia","fixed",NA,"(Intercept)",-5.02621671272507,0.0541368869561711,-92.8427361697814,109.52468664715,5.68956362247871e-106,4.00408387266171e-105
"s__Senegalimassilia_anaerobia","fixed",NA,"carrierper",-0.261976014804301,0.166049890972914,-1.57769459088073,98.97449713164,0.117826735125695,0.293703925639549
"s__Senegalimassilia_anaerobia","fixed",NA,"carrierint",-0.128079650994356,0.100919017994419,-1.26913294976214,98.1307560965967,0.207395568098522,0.435672143954381
"s__Senegalimassilia_faecalis","fixed",NA,"(Intercept)",-5.6382379102357,0.0444264547336778,-126.911722847009,130.383906527034,1.77729611135773e-138,6.52372219698368e-137
"s__Senegalimassilia_faecalis","fixed",NA,"carrierper",-0.106489454372648,0.134838674200007,-0.789754534479418,115.365934823986,0.431291375042524,0.667254094280665
"s__Senegalimassilia_faecalis","fixed",NA,"carrierint",0.048156777404556,0.0818721489276925,0.588194862786452,114.027931591492,0.557564702010195,0.757996457634774
"s__Slackia_isoflavoniconvertens","fixed",NA,"(Intercept)",-5.13041074952409,0.0589190551572629,-87.0755774312798,120.810557667684,7.22486976826915e-111,6.20410835146782e-110
"s__Slackia_isoflavoniconvertens","fixed",NA,"carrierper",-0.289805784147439,0.178569633083053,-1.6229287093436,105.400244641509,0.107591982352652,0.272033659463291
"s__Slackia_isoflavoniconvertens","fixed",NA,"carrierint",-0.139518750718095,0.10841002688204,-1.2869543042352,104.022978324679,0.200966661332359,0.426058425837119
"s__Solibaculum_mannosilyticum","fixed",NA,"(Intercept)",-5.36145896811638,0.0261110862249653,-205.33266681913,132.484171358919,9.18190336584747e-168,1.07428269380415e-165
"s__Solibaculum_mannosilyticum","fixed",NA,"carrierper",0.0321588028702554,0.079399665091121,0.405024414565844,118.186063147473,0.686191736234187,0.847490707486333
"s__Solibaculum_mannosilyticum","fixed",NA,"carrierint",-0.0665305261314351,0.0482189834726703,-1.37975795713619,116.931572787403,0.170293861087475,0.387351285486942
"s__Streptococcus_anginosus","fixed",NA,"(Intercept)",-5.32907268477526,0.0371939468486545,-143.277956127101,120.187401785268,3.55489946894042e-136,1.10912863430941e-134
"s__Streptococcus_anginosus","fixed",NA,"carrierper",0.0939917335347282,0.111043438434541,0.846441130244138,99.4100451468843,0.399339698881566,0.648593979046871
"s__Streptococcus_anginosus","fixed",NA,"carrierint",0.0624773929008531,0.0673069831797674,0.928245331305146,97.2727784456184,0.355577969352436,0.60942972463029
"s__Streptococcus_australis","fixed",NA,"(Intercept)",-5.23157387034257,0.0398006506622666,-131.444430764103,144.285632198142,4.27734299933643e-152,2.76109865336476e-150
"s__Streptococcus_australis","fixed",NA,"carrierper",0.0334701735773279,0.116861267136379,0.286409469942402,117.312951668202,0.775069707768606,0.890141406713392
"s__Streptococcus_australis","fixed",NA,"carrierint",-0.00329661823423948,0.0706815142948801,-0.0466404585007352,113.919062589073,0.962881450719733,0.981257845244222
"s__Streptococcus_equinus","fixed",NA,"(Intercept)",-5.22147062995167,0.059802572576014,-87.3118062490498,132.474701131437,5.8822711710731e-119,6.79729113101781e-118
"s__Streptococcus_equinus","fixed",NA,"carrierper",0.0531225037115722,0.176229510771709,0.301439318982097,106.796227075605,0.763665671344025,0.885717581299206
"s__Streptococcus_equinus","fixed",NA,"carrierint",-0.00664144174015928,0.106643215189765,-0.0622772084313219,103.744302938868,0.950461904714541,0.976001782833294
"s__Streptococcus_gallolyticus","fixed",NA,"(Intercept)",-4.16116337326523,0.0308776525843283,-134.762944232917,141.643681897219,1.99444823540887e-151,1.24453569889514e-149
"s__Streptococcus_gallolyticus","fixed",NA,"carrierper",-0.0310787910165218,0.0921096189915618,-0.337410917087486,120.250166023881,0.736395401952457,0.875438748904608
"s__Streptococcus_gallolyticus","fixed",NA,"carrierint",-0.0339678477679609,0.0558251847513746,-0.6084681657435,117.959989076351,0.544046903731158,0.74996745492248
"s__Streptococcus_gordonii","fixed",NA,"(Intercept)",-5.51559249739618,0.0325825774851601,-169.28042294715,132.825870289963,5.0569928758279e-157,4.11595246241297e-155
"s__Streptococcus_gordonii","fixed",NA,"carrierper",0.254444048806634,0.0922800030506607,2.75730429556821,94.1158976055466,0.0070008130377532,0.0208024158836095
"s__Streptococcus_gordonii","fixed",NA,"carrierint",-0.017005891530388,0.0554609287219047,-0.306628322357526,87.601809931354,0.759853928009786,0.884606065444229
"s__Streptococcus_infantis","fixed",NA,"(Intercept)",-5.56316577654872,0.0262091179614651,-212.260701971282,133.513290399116,9.50778606285182e-171,1.48321462580488e-168
"s__Streptococcus_infantis","fixed",NA,"carrierper",0.0694860310347679,0.0750799291864714,0.92549409393008,98.3052473805681,0.356975361598512,0.610839009974784
"s__Streptococcus_infantis","fixed",NA,"carrierint",-0.0194893096527868,0.045227154991213,-0.430920531184713,92.9154728851312,0.667524198282204,0.836405986818603
"s__Streptococcus_mitis","fixed",NA,"(Intercept)",-5.12602192932758,0.0605602997408302,-84.6432720984632,134.288905304704,2.1447638385048e-118,2.3757384057284e-117
"s__Streptococcus_mitis","fixed",NA,"carrierper",0.0452130411293952,0.181370698715046,0.249285256382179,114.293684888779,0.80358758109966,0.902409089273283
"s__Streptococcus_mitis","fixed",NA,"carrierint",-0.0941628814056652,0.109973814228955,-0.856230022263547,112.257968702755,0.393694556539758,0.645355700387414
"s__Streptococcus_oralis","fixed",NA,"(Intercept)",-5.32677635115198,0.0291703839023692,-182.609058865329,144.512583251195,8.60602943552037e-173,2.01381088791177e-170
"s__Streptococcus_oralis","fixed",NA,"carrierper",0.169270446821304,0.0855219816322433,1.9792624491466,117.024095037377,0.0501345347204994,0.137814756236086
"s__Streptococcus_oralis","fixed",NA,"carrierint",0.0551452667789697,0.051715490405342,1.0663200976486,113.513989399797,0.288541681334276,0.547819500464264
"s__Streptococcus_parasanguinis","fixed",NA,"(Intercept)",-4.75474116351791,0.133974680040666,-35.4898489929192,124.625129438557,5.25665513987251e-67,1.90337687076235e-66
"s__Streptococcus_parasanguinis","fixed",NA,"carrierper",-0.362342279090336,0.406713083292135,-0.89090391722184,109.753079295405,0.374929590693094,0.627789082090762
"s__Streptococcus_parasanguinis","fixed",NA,"carrierint",0.120706496775072,0.246955500146095,0.488778329308982,108.438456163799,0.625985717828207,0.812817894943545
"s__Streptococcus_pasteurianus","fixed",NA,"(Intercept)",-5.46102423076242,0.0570184927121882,-95.7763695776385,142.937979761602,1.50020672594141e-131,3.34331784638372e-130
"s__Streptococcus_pasteurianus","fixed",NA,"carrierper",-0.0834340460447512,0.17152042462353,-0.486437963454676,124.628258938925,0.627510978346489,0.813504537025365
"s__Streptococcus_pasteurianus","fixed",NA,"carrierint",0.188368691280592,0.104051269524824,1.81034495918046,122.823701755887,0.0726869873956562,0.194385772006669
"s__Streptococcus_salivarius","fixed",NA,"(Intercept)",-4.03184101270805,0.114989604068183,-35.0626567104046,129.451539164975,5.99024617742014e-68,2.18166164282695e-67
"s__Streptococcus_salivarius","fixed",NA,"carrierper",-0.112913310932261,0.346066772727215,-0.326276082625432,111.279012206498,0.744828303723647,0.880807697138766
"s__Streptococcus_salivarius","fixed",NA,"carrierint",0.191434060910742,0.209948482574961,0.911814453540482,109.526480105298,0.363868957092366,0.617222518377088
"s__Streptococcus_SGB14888","fixed",NA,"(Intercept)",-5.22986659436996,0.0378551704982852,-138.154617335744,109.689212185906,7.28769131308708e-125,1.16603061009393e-123
"s__Streptococcus_SGB14888","fixed",NA,"carrierper",-0.0934396657168037,0.115238557556069,-0.810836821446165,96.2831045013275,0.419459140351118,0.66121196853098
"s__Streptococcus_SGB14888","fixed",NA,"carrierint",0.0649420350885987,0.0699909261574587,0.927863633958757,95.1434024970945,0.355826222767578,0.60942972463029
"s__Streptococcus_SGB15012","fixed",NA,"(Intercept)",-5.58905112778638,0.0666380936424904,-83.8717139444493,127.384912535961,2.49159899266408e-113,2.3205339871976e-112
"s__Streptococcus_SGB15012","fixed",NA,"carrierper",-0.167910780097891,0.203851012227152,-0.823693629300142,115.454703559525,0.411811928809799,0.657256908605094
"s__Streptococcus_SGB15012","fixed",NA,"carrierint",0.158977669981912,0.123864665961893,1.283478776997,114.466392006215,0.201916655164406,0.4274512492382
"s__Streptococcus_thermophilus","fixed",NA,"(Intercept)",-4.84884254250037,0.0538822515829361,-89.9896051121209,134.318948569893,6.31385705625153e-122,8.50326648151286e-121
"s__Streptococcus_thermophilus","fixed",NA,"carrierper",-0.043845783426804,0.159310593425329,-0.27522202060816,109.761146708528,0.783663094711321,0.891803837872093
"s__Streptococcus_thermophilus","fixed",NA,"carrierint",0.234024276479917,0.0964475619566646,2.42644056243815,106.9244732466,0.0169203629720577,0.049261150052398
"s__Streptococcus_vestibularis","fixed",NA,"(Intercept)",-4.79771563880362,0.0442105772270711,-108.519633529369,134.104266919523,1.54636897885377e-132,3.75948406287567e-131
"s__Streptococcus_vestibularis","fixed",NA,"carrierper",0.0417536878641798,0.134751617806101,0.309856672179334,120.717349158018,0.757204207869947,0.8838829037247
"s__Streptococcus_vestibularis","fixed",NA,"carrierint",0.101742951637987,0.0818515782015562,1.24301759200597,119.565743859352,0.216293364721458,0.44827220874265
"s__Sutterella_SGB9298","fixed",NA,"(Intercept)",-4.99389370493982,0.0623129686143047,-80.142124761384,132.226352571175,5.8372206911898e-114,5.49109403713935e-113
"s__Sutterella_SGB9298","fixed",NA,"carrierper",0.243891823564975,0.192199966606791,1.26894831393981,123.660245164986,0.206842799471358,0.435067101809419
"s__Sutterella_SGB9298","fixed",NA,"carrierint",0.192901781749042,0.116866271643508,1.65061979847765,122.993757273063,0.101367554991277,0.26137749716759
"s__Sutterella_sp_AM11_39","fixed",NA,"(Intercept)",-5.29352864476572,0.0610382420434761,-86.7247887151676,115.6366851112,4.50705690671029e-107,3.38843796359906e-106
"s__Sutterella_sp_AM11_39","fixed",NA,"carrierper",-0.156242958749801,0.191455700030041,-0.816078908725546,114.462719523356,0.416150077223713,0.66121196853098
"s__Sutterella_sp_AM11_39","fixed",NA,"carrierint",-0.0720763162141762,0.11656082177947,-0.618357996399021,114.380249743253,0.537568793381621,0.745604105887204
"s__Sutterella_wadsworthensis","fixed",NA,"(Intercept)",-4.16603111144041,0.192680335280482,-21.621464927264,117.309782744246,9.82250191022821e-43,3.04937372735443e-42
"s__Sutterella_wadsworthensis","fixed",NA,"carrierper",0.176333354679011,0.599440668575323,0.294163148953672,112.473413649233,0.769175426129967,0.887182007218298
"s__Sutterella_wadsworthensis","fixed",NA,"carrierint",-0.749389924435249,0.364730452176501,-2.0546404062598,112.120166234985,0.0422382737867387,0.117314612060497
"s__TM7_phylum_sp_oral_taxon_352","fixed",NA,"(Intercept)",-5.11673724386813,0.0264102064034077,-193.740903259579,132.906986875942,7.37178651567855e-165,8.11763785726485e-163
"s__TM7_phylum_sp_oral_taxon_352","fixed",NA,"carrierper",0.00657911580547002,0.0769788225050956,0.0854665684842675,103.472745355992,0.932055627454744,0.968221244472568
"s__TM7_phylum_sp_oral_taxon_352","fixed",NA,"carrierint",0.120004237903196,0.0465087695277091,2.58024968456108,99.5981570824592,0.0113318644579245,0.0334066933310783
"s__Turicibacter_bilis","fixed",NA,"(Intercept)",-5.35679104173777,0.0995754024786931,-53.7963282938676,117.40191977659,1.44258806099198e-84,6.4451667068663e-84
"s__Turicibacter_bilis","fixed",NA,"carrierper",-0.491132080307621,0.291309961852631,-1.68594330651856,90.0244487040152,0.0952698096343358,0.247357952337693
"s__Turicibacter_bilis","fixed",NA,"carrierint",-0.0512791412963645,0.176100987011663,-0.291191674541657,86.6445333079464,0.77160067408694,0.888883976548155
"s__Turicibacter_sanguinis","fixed",NA,"(Intercept)",-5.78973410013305,0.051412125825705,-112.614174324578,115.021658953032,1.53649898554897e-119,1.85569425867592e-118
"s__Turicibacter_sanguinis","fixed",NA,"carrierper",-0.0799323919485504,0.151836799435389,-0.526436227882715,90.8886420693556,0.599867507941338,0.794166884629551
"s__Turicibacter_sanguinis","fixed",NA,"carrierint",0.227742342724951,0.0919093097782438,2.47790287267352,88.163370502389,0.0151215141918678,0.0442996472099788
"s__Tyzzerella_nexilis","fixed",NA,"(Intercept)",-4.97407401403403,0.125513099512309,-39.6299193738439,118.923728039374,2.24122843914267e-70,8.45882991547396e-70
"s__Tyzzerella_nexilis","fixed",NA,"carrierper",-0.441762652011861,0.387902951636218,-1.13884839016681,111.247369707725,0.257212830045691,0.510066120599083
"s__Tyzzerella_nexilis","fixed",NA,"carrierint",0.430255183085154,0.235899840288962,1.82388925129461,110.662808609175,0.0708674054240845,0.190062726294966
"s__Veillonella_atypica","fixed",NA,"(Intercept)",-5.43465679693723,0.128175500732408,-42.4001214419529,126.366143083787,1.39365098258639e-76,5.57460393034557e-76
"s__Veillonella_atypica","fixed",NA,"carrierper",0.594382520836719,0.385646384566259,1.54126304465483,108.146052207704,0.126173839659049,0.309158936965629
"s__Veillonella_atypica","fixed",NA,"carrierint",0.385514694027754,0.2339535951372,1.64782547496939,106.391186063516,0.102338807096581,0.262795949087517
"s__Veillonella_dispar","fixed",NA,"(Intercept)",-5.33648465627245,0.144813750305263,-36.8506764379992,127.777183412032,6.22693953869649e-70,2.33136616328797e-69
"s__Veillonella_dispar","fixed",NA,"carrierper",0.162446215532394,0.435691409875312,0.372846955093477,109.518378109489,0.709982973728999,0.861109380864761
"s__Veillonella_dispar","fixed",NA,"carrierint",0.106294157221446,0.264312597767323,0.402153200866415,107.756067742431,0.688367871375847,0.847490707486333
"s__Veillonella_parvula","fixed",NA,"(Intercept)",-4.68541247033665,0.16338790037352,-28.6766184009058,124.064563964541,1.39606572110785e-56,4.61737637793974e-56
"s__Veillonella_parvula","fixed",NA,"carrierper",0.701400525445537,0.498596768504126,1.40674904001054,111.20555041241,0.162290341909028,0.372714298567086
"s__Veillonella_parvula","fixed",NA,"carrierint",0.24152440030702,0.302893393061676,0.797390784479213,110.120864257159,0.426940120541973,0.664913117167805
"s__Veillonella_ratti","fixed",NA,"(Intercept)",-4.94858655445548,0.0940507889020259,-52.6161089367415,127.489583007938,2.51143662815517e-88,1.19628737096857e-87
"s__Veillonella_ratti","fixed",NA,"carrierper",-0.182181682384079,0.29088168532201,-0.6263085356591,120.070321360265,0.532301466858649,0.741161613172617
"s__Veillonella_ratti","fixed",NA,"carrierint",0.265799735172778,0.176907479960649,1.50247878287511,119.505713473511,0.135611382832093,0.327990321268318
"s__Veillonella_rogosae","fixed",NA,"(Intercept)",-5.141375744865,0.0987731186921571,-52.0523783489003,117.34957873446,6.27635755037948e-83,2.74517320895102e-82
"s__Veillonella_rogosae","fixed",NA,"carrierper",-0.478356786188827,0.28933535298256,-1.65329532412052,90.3917764461362,0.101739913939205,0.261616921557955
"s__Veillonella_rogosae","fixed",NA,"carrierint",-0.110892248631952,0.174940450541151,-0.63388569246806,87.1015246387357,0.527816595045644,0.736817797110698
"s__Vescimonas_coprocola","fixed",NA,"(Intercept)",-4.60984643528962,0.137421727098969,-33.545251777906,121.61260976748,2.59597254535526e-63,8.99937149056491e-63
"s__Vescimonas_coprocola","fixed",NA,"carrierper",-0.216452432375652,0.423405010771699,-0.511218400512419,112.633175040526,0.610198818120416,0.802735198539297
"s__Vescimonas_coprocola","fixed",NA,"carrierint",-0.0595681729996225,0.257426593653603,-0.231398676236917,111.93328471104,0.81742756533424,0.910377122251548
"s__Vescimonas_fastidiosa","fixed",NA,"(Intercept)",-5.83168188327976,0.0846981054465334,-68.8525658576989,118.40011614134,2.33339223378358e-97,1.2847383122479e-96
"s__Vescimonas_fastidiosa","fixed",NA,"carrierper",-0.323220033276542,0.258742190666422,-1.24919725091625,106.056382148185,0.214342998778594,0.445833437459476
"s__Vescimonas_fastidiosa","fixed",NA,"carrierint",-0.0688983336980418,0.157198758357354,-0.438288027322822,105.029600657051,0.662077651650152,0.832377007313018
"s__Vescimonas_SGB15087","fixed",NA,"(Intercept)",-5.08355891090241,0.0718823836293126,-70.7205111215791,113.016842725625,2.09355734453899e-95,1.0796527132168e-94
"s__Vescimonas_SGB15087","fixed",NA,"carrierper",-0.226244791921795,0.222640111055895,-1.01619061744447,106.326761698612,0.311845389741246,0.570649628148203
"s__Vescimonas_SGB15087","fixed",NA,"carrierint",0.0377454705751488,0.135419824865901,0.27872928216032,105.825960206425,0.780996520028184,0.891699517681475
"s__Victivallis_lenta","fixed",NA,"(Intercept)",-4.61971902383624,0.101053788858982,-45.7154459619809,117.50165635847,1.09305999891764e-76,4.38160239394822e-76
"s__Victivallis_lenta","fixed",NA,"carrierper",-0.564039676171966,0.314591465545292,-1.79292745654844,112.950988058269,0.0756609490385736,0.201189341761662
"s__Victivallis_lenta","fixed",NA,"carrierint",-0.25366496204224,0.191422982314065,-1.32515416370462,112.61978870369,0.187802262712239,0.41118811204364
"s__Victivallis_vadensis","fixed",NA,"(Intercept)",-4.62384612776511,0.0515721035160934,-89.657892785432,117.363729683968,6.03923066018251e-110,5.02463990927185e-109
"s__Victivallis_vadensis","fixed",NA,"carrierper",-0.216285938283408,0.158175167141583,-1.36738239125621,106.603552210154,0.174381621694153,0.393304091339103
"s__Victivallis_vadensis","fixed",NA,"carrierint",-0.126443953489157,0.0961326377206036,-1.3153072305854,105.737720737282,0.191251786778829,0.416790855471441
"s__Waltera_intestinalis","fixed",NA,"(Intercept)",-4.6483423496808,0.174905087657987,-26.5763701440764,120.206727817175,3.70581452535688e-52,1.20648431155966e-51
"s__Waltera_intestinalis","fixed",NA,"carrierper",-0.40678876983907,0.539956297145956,-0.753373508169514,112.057741325543,0.452805465997699,0.687255351267021
"s__Waltera_intestinalis","fixed",NA,"carrierint",-0.0258994298780206,0.328341009265985,-0.0788796682324862,111.43202322816,0.93726981129076,0.969854945931097
"s__Weissella_cibaria","fixed",NA,"(Intercept)",-5.89939726229297,0.0411164946089802,-143.480063619151,251.999999995052,1.26662959851484e-243,1.18556530420989e-240
"s__Weissella_cibaria","fixed",NA,"carrierper",-0.157500760659973,0.114965879162632,-1.36997830840897,251.999999993674,0.171913021973658,0.390086275314774
"s__Weissella_cibaria","fixed",NA,"carrierint",-0.111851203022738,0.0688898114453291,-1.62362475199258,251.999999992597,0.105706109873741,0.268637012478098
"s__Weissella_confusa","fixed",NA,"(Intercept)",-5.61567345377195,0.0700998586036541,-80.109625976895,110.707634160111,7.44646720698259e-100,4.26293168546526e-99
"s__Weissella_confusa","fixed",NA,"carrierper",-0.279630971607974,0.203426163377824,-1.37460672199089,81.4244062034392,0.17302473002546,0.391186346144519
"s__Weissella_confusa","fixed",NA,"carrierint",-0.179245719570452,0.12281949108428,-1.45942405385356,77.604615315255,0.14848457184692,0.350520956491089
