"Species","effect","group","term","estimate","std.error","statistic","df","p.value","padj"
"s__Acidaminococcus_fermentans","fixed",NA,"(Intercept)",-3.76789392453253,7.25150050048475e-17,-51960196710744928,1.44890929044516e-18,1,1
"s__Acidaminococcus_fermentans","fixed",NA,"carrierper",-7.4337722089099e-16,1.52874315753473e-16,-4.86266916209634,1.44891056728812e-18,1,1
"s__Acidaminococcus_intestini","fixed",NA,"(Intercept)",-5.02346270081198,0.266704202358052,-18.835333888245,36.1514244644371,2.81942235731306e-20,6.30580484216254e-20
"s__Acidaminococcus_intestini","fixed",NA,"carrierper",0.304685245158682,0.556801534336754,0.547206188146759,36.5697987139245,0.587561210694472,0.702067978219281
"s__Acidaminococcus_massiliensis","fixed",NA,"(Intercept)",-5.43682573277143,0.082381609390018,-65.9956241815081,37.8755806785611,1.03731672365347e-40,8.9900782716634e-40
"s__Acidaminococcus_massiliensis","fixed",NA,"carrierper",-0.123841356251046,0.172151534189159,-0.719374107435896,38.4392233747254,0.476261516802229,0.608366809589746
"s__Acidaminococcus_SGB5735","fixed",NA,"(Intercept)",-6.12645790886325,0.0432440717881731,-141.671624699754,31.6320875322434,6.52331933716516e-46,1.14663415954678e-44
"s__Acidaminococcus_SGB5735","fixed",NA,"carrierper",-0.0696247814905395,0.0911912317919315,-0.763503026797581,33.352638665525,0.450530816445669,0.587641595671456
"s__Actinomyces_sp_ICM47","fixed",NA,"(Intercept)",-6.39651879876916,0.0781609123142093,-81.8378216090283,38.6554048307122,6.15914110594476e-45,9.48963962990008e-44
"s__Actinomyces_sp_ICM47","fixed",NA,"carrierper",-0.0356403502695209,0.164177033265085,-0.217084872108604,39.9698648682798,0.829246520894367,0.892154877651871
"s__Adlercreutzia_equolifaciens","fixed",NA,"(Intercept)",-5.65546898537106,0.0909451725890032,-62.1854775176368,33.0236127100545,8.4033019061489e-36,4.17821544975053e-35
"s__Adlercreutzia_equolifaciens","fixed",NA,"carrierper",0.0745624556167631,0.192775479072621,0.386783920732338,35.5092758093383,0.701224476320652,0.794848452723137
"s__Agathobaculum_butyriciproducens","fixed",NA,"(Intercept)",-4.06487905069734,0.218024396566948,-18.6441476949537,36.3400374663926,3.42929346575476e-20,7.64242543796776e-20
"s__Agathobaculum_butyriciproducens","fixed",NA,"carrierper",-0.439121134235882,0.457301506645891,-0.960244232424786,37.4189736777002,0.343096406913567,0.511399056045876
"s__Akkermansia_muciniphila","fixed",NA,"(Intercept)",-4.18282390179698,0.21958779792183,-19.048526108386,34.928350172226,4.96464926733517e-20,1.10051195126719e-19
"s__Akkermansia_muciniphila","fixed",NA,"carrierper",-0.588316568604231,0.465796412539164,-1.26303370478356,37.5877623216985,0.214356009793701,0.372067176943726
"s__Alistipes_communis","fixed",NA,"(Intercept)",-4.32957554572345,0.196745652530898,-22.0059528128252,37.0106210304111,7.45119907047128e-23,1.77802991203598e-22
"s__Alistipes_communis","fixed",NA,"carrierper",0.454813927710083,0.409886264026341,1.10961007388346,37.1283894407497,0.274302446082864,0.441715422853438
"s__Alistipes_dispar","fixed",NA,"(Intercept)",-4.2999418863463,0.211059783819926,-20.3730990742176,37.001512029849,1.05312517593817e-21,2.4165400707416e-21
"s__Alistipes_dispar","fixed",NA,"carrierper",-0.0882312770171206,0.439922025647871,-0.200561171919462,37.1906637754254,0.842134502265786,0.902561611434029
"s__Alistipes_finegoldii","fixed",NA,"(Intercept)",-5.4265208710336,0.287074741125639,-18.9028155168088,35.8725310610032,3.09263727010743e-20,6.90449251000728e-20
"s__Alistipes_finegoldii","fixed",NA,"carrierper",0.394618234970204,0.600595745468269,0.657044672640048,36.5872086429621,0.515264327909682,0.637946310745321
"s__Alistipes_ihumii","fixed",NA,"(Intercept)",-4.58848547288632,0.131911179103723,-34.7846596783002,36.4216699245389,1.52607678081215e-29,4.80945409710495e-29
"s__Alistipes_ihumii","fixed",NA,"carrierper",-0.123376058732538,0.275383660025724,-0.448015175341244,36.8368410803266,0.656766202979299,0.754042521911835
"s__Alistipes_indistinctus","fixed",NA,"(Intercept)",-4.76409420071088,0.202598021145097,-23.5150085562727,36.7662546546166,9.42309702331369e-24,2.33333831053482e-23
"s__Alistipes_indistinctus","fixed",NA,"carrierper",-0.203485913748418,0.423579954827946,-0.480395522566859,37.3948744948004,0.633744678104793,0.735049589474705
"s__Alistipes_onderdonkii","fixed",NA,"(Intercept)",-4.41165976498602,0.305925540363508,-14.4206977937964,36.5643586061196,1.15648455887852e-16,2.42978573986599e-16
"s__Alistipes_onderdonkii","fixed",NA,"carrierper",-0.0721184305440273,0.641250436112076,-0.112465312275316,37.5534080535637,0.911053508672966,0.949077444761153
"s__Alistipes_provencensis","fixed",NA,"(Intercept)",-5.27773533412604,0.143655810233089,-36.7387530345111,36.9919696310703,1.02326241615151e-30,3.47964985110921e-30
"s__Alistipes_provencensis","fixed",NA,"carrierper",0.168455084474958,0.299053361267649,0.563294402580525,36.9968901496279,0.576632742332957,0.69396110166975
"s__Alistipes_putredinis","fixed",NA,"(Intercept)",-4.20993998363394,0.35550971738939,-11.8419828705351,36.6700720234753,4.30326784104571e-14,8.86217535581692e-14
"s__Alistipes_putredinis","fixed",NA,"carrierper",0.579510990115481,0.74438415478978,0.778510647206266,37.5086187750155,0.441151818284266,0.583217658070724
"s__Alistipes_senegalensis","fixed",NA,"(Intercept)",-5.6428565573815,0.149012914952993,-37.8682381937269,33.1984201183871,6.77505696766445e-29,2.06730344636803e-28
"s__Alistipes_senegalensis","fixed",NA,"carrierper",-0.145771563046991,0.312944459295815,-0.465806499258702,34.4018414027271,0.64428979320363,0.744512649924195
"s__Alistipes_SGB2300","fixed",NA,"(Intercept)",-4.89976648595663,0.0816228877308114,-60.0293204782933,37.0659247337318,1.56794720625919e-38,1.02450163005836e-37
"s__Alistipes_SGB2300","fixed",NA,"carrierper",-0.0120710625286583,0.170285024080819,-0.0708873994869287,37.3872001063513,0.943865208786305,0.970299654501902
"s__Alistipes_SGB2302","fixed",NA,"(Intercept)",-6.0000483953636,0.132231057114314,-45.3754853534639,37.2688566844901,3.20016049408854e-34,1.40626771007835e-33
"s__Alistipes_SGB2302","fixed",NA,"carrierper",0.0603343334515793,0.275637831314785,0.218889885919455,37.4704347840367,0.827923750075265,0.892154877651871
"s__Alistipes_shahii","fixed",NA,"(Intercept)",-4.63065485175276,0.264898944576359,-17.4808354150235,36.5321650955845,2.48571112210329e-19,5.45196393740756e-19
"s__Alistipes_shahii","fixed",NA,"carrierper",-0.0284665638021989,0.552433514086448,-0.0515293932687513,36.7967457708951,0.959182402034635,0.977646683992459
"s__Alistipes_sp_AF17_16","fixed",NA,"(Intercept)",-4.66694268230545,0.110080989680652,-42.3955371026768,37.4867330749956,2.7872780137393e-33,1.1442509740614e-32
"s__Alistipes_sp_AF17_16","fixed",NA,"carrierper",-0.0177422197130936,0.229838961803377,-0.0771941344230043,37.9253704529539,0.9388749287772,0.966762302899295
"s__Alistipes_sp_D31t1_170403_E11","fixed",NA,"(Intercept)",-4.22301931487359,0.095281703076511,-44.321408817415,38.4932718655229,1.19674958996458e-34,5.39185374828805e-34
"s__Alistipes_sp_D31t1_170403_E11","fixed",NA,"carrierper",0.100285207280686,0.198889013160467,0.504226984120909,38.8996266399156,0.61694608782722,0.716676671976882
"s__Allisonella_histaminiformans","fixed",NA,"(Intercept)",-4.91787654119586,0.136710787825045,-35.9728491030969,37.3688004110105,1.33080311512371e-30,4.4526602886713e-30
"s__Allisonella_histaminiformans","fixed",NA,"carrierper",-0.361617474708743,0.285888956804275,-1.2648878737779,38.0329323335301,0.213607228798815,0.371604282772824
"s__Anaerobutyricum_hallii","fixed",NA,"(Intercept)",-4.65011813662514,0.208831484155754,-22.2673231262242,36.1326855292103,1.07953126901401e-22,2.57109737352955e-22
"s__Anaerobutyricum_hallii","fixed",NA,"carrierper",-0.357345275914342,0.438013593164334,-0.81583147530372,37.2069861686274,0.419788911063856,0.566374660548857
"s__Anaerobutyricum_soehngenii","fixed",NA,"(Intercept)",-5.68922473105841,0.185307752676037,-30.7014933207062,34.2082623024495,1.74194484273141e-26,4.71572052869589e-26
"s__Anaerobutyricum_soehngenii","fixed",NA,"carrierper",-0.493729146490794,0.388837772181658,-1.26975613434009,35.3133250304217,0.212475403851453,0.370348189953371
"s__Anaerococcus_SGB53821","fixed",NA,"(Intercept)",-5.23935815632869,0.106494760950922,-49.1982714411958,34.7070312153466,1.07976524992331e-33,4.56795604035354e-33
"s__Anaerococcus_SGB53821","fixed",NA,"carrierper",-0.0032354737790409,0.223200491548046,-0.0144958183407245,35.658520046395,0.988515218251077,0.996613715755673
"s__Anaerofilum_sp_BX8","fixed",NA,"(Intercept)",-6.539932228415,0.0319481142541294,-204.704796545846,17.0080703322426,2.7322381187177e-30,8.97324518989394e-30
"s__Anaerofilum_sp_BX8","fixed",NA,"carrierper",-0.0621278063424085,0.0695008665902962,-0.893914124965499,21.3391190787693,0.38133946573168,0.535141542208165
"s__Anaeromassilibacillus_sp_An250","fixed",NA,"(Intercept)",-5.4834076698251,0.182856306225552,-29.9875228971395,36.9839855179854,1.48647977014369e-27,4.3142482631147e-27
"s__Anaeromassilibacillus_sp_An250","fixed",NA,"carrierper",-0.339675283336654,0.384230442842975,-0.884040527406805,38.3274837265974,0.382186439924756,0.535141542208165
"s__Anaerosacchariphilus_sp_NSJ_68","fixed",NA,"(Intercept)",-6.1225553228608,0.166538332115452,-36.7636402087681,37.7345735464546,3.70792143045701e-31,1.31090253405392e-30
"s__Anaerosacchariphilus_sp_NSJ_68","fixed",NA,"carrierper",-0.226651913524007,0.347865366551997,-0.651550672521832,38.2363038070573,0.518588313320259,0.640790311904637
"s__Anaerostipes_caccae","fixed",NA,"(Intercept)",-5.69342689271009,0.205012426684244,-27.7711306811611,38.0492982575557,7.22382765046009e-27,2.01235198834245e-26
"s__Anaerostipes_caccae","fixed",NA,"carrierper",-0.524707219169724,0.429771848819448,-1.22089713556404,39.070034352251,0.229441973873192,0.389583106658155
"s__Anaerostipes_hadrus","fixed",NA,"(Intercept)",-3.65564893807651,0.223332858967759,-16.3686121020117,36.7742871598322,1.80732663067786e-18,3.90908775578158e-18
"s__Anaerostipes_hadrus","fixed",NA,"carrierper",-0.611117629505787,0.46789250962719,-1.306106887654,37.6946312674809,0.199430596662321,0.351042855619996
"s__Anaerotignum_faecicola","fixed",NA,"(Intercept)",-4.88773334186859,0.240151131342754,-20.3527391877768,36.7510867580196,1.33302498513378e-21,3.04691425173435e-21
"s__Anaerotignum_faecicola","fixed",NA,"carrierper",-0.412509587497471,0.502221060039788,-0.82137054838917,37.4156321556235,0.416638386963886,0.563953044393633
"s__Anaerotignum_lactatifermentans","fixed",NA,"(Intercept)",-5.08130132458874,0.164462398823953,-30.8964320168281,37.1392289893426,4.27846935090922e-28,1.27131660712731e-27
"s__Anaerotignum_lactatifermentans","fixed",NA,"carrierper",0.275094660122104,0.343480174421061,0.800904042237021,37.6171216368463,0.428217005420398,0.572241815777637
"s__Anaerotruncus_colihominis","fixed",NA,"(Intercept)",-4.60683490260402,0.200487160382773,-22.9782041593516,35.9594147912624,4.37521784369622e-23,1.05819222266141e-22
"s__Anaerotruncus_colihominis","fixed",NA,"carrierper",-0.610000748365579,0.422775495430279,-1.44284792983272,37.7896311218975,0.157301637217914,0.285337853558077
"s__Anaerotruncus_rubiinfantis","fixed",NA,"(Intercept)",-5.62104930047101,0.0902464956001657,-62.2855132832514,34.6444787895913,3.700296315679e-37,2.12809668293428e-36
"s__Anaerotruncus_rubiinfantis","fixed",NA,"carrierper",0.0901193075205766,0.189633327389993,0.47522926882594,35.9500635626455,0.637498331127316,0.73734746732798
"s__Angelakisella_massiliensis","fixed",NA,"(Intercept)",-6.44013185567608,0.104242310918888,-61.7804018244301,38.3551659632001,5.14659597970376e-40,3.96478505103104e-39
"s__Angelakisella_massiliensis","fixed",NA,"carrierper",-0.258838105230482,0.219499526720147,-1.17921942292154,40.0211114723558,0.24527379717744,0.406509560262211
"s__Bacteroides_bouchesdurhonensis","fixed",NA,"(Intercept)",-5.26545926546262,0.0585661358263926,-89.9062092993639,35.1754299543654,3.65497764794748e-43,4.47197265160633e-42
"s__Bacteroides_bouchesdurhonensis","fixed",NA,"carrierper",-0.0861803761208348,0.122033815689254,-0.706200782414963,35.3153356254668,0.48469651143427,0.614112940375602
"s__Bacteroides_caccae","fixed",NA,"(Intercept)",-3.81174857145528,0.342728394061606,-11.1217764197562,36.7176034031653,2.5909188922951e-13,5.28344244703314e-13
"s__Bacteroides_caccae","fixed",NA,"carrierper",0.517535212823283,0.717508116752621,0.721295272819493,37.5341632432252,0.47519710678514,0.608252296684979
"s__Bacteroides_cellulosilyticus","fixed",NA,"(Intercept)",-5.2056287159894,0.253141534277603,-20.5641035195779,37.0093453354733,7.61411077970564e-22,1.75970560242086e-21
"s__Bacteroides_cellulosilyticus","fixed",NA,"carrierper",-0.712093827638254,0.529693583425548,-1.34435048850907,37.7581916716482,0.186856632876462,0.331245849190091
"s__Bacteroides_clarus","fixed",NA,"(Intercept)",-5.23756441280785,0.34178780995798,-15.3240234444048,36.8202384817262,1.47024975677968e-17,3.13118036938745e-17
"s__Bacteroides_clarus","fixed",NA,"carrierper",-0.549468971336954,0.712920526991224,-0.770729626282338,37.1139862939382,0.445746155087709,0.584509691370389
"s__Bacteroides_cutis","fixed",NA,"(Intercept)",-5.33233664209258,0.0968733692421666,-55.0444016121982,38.9627533554217,1.45689681540994e-38,9.67131502995532e-38
"s__Bacteroides_cutis","fixed",NA,"carrierper",-0.228330533788798,0.203731977626367,-1.12073978984067,40.4589454591557,0.269007155159183,0.435435706405525
"s__Bacteroides_eggerthii","fixed",NA,"(Intercept)",-4.73805159973039,0.281832186136772,-16.8116057455234,35.6694112848231,1.56499260680371e-18,3.39671438833223e-18
"s__Bacteroides_eggerthii","fixed",NA,"carrierper",0.454854825268696,0.588823220813532,0.772481127086425,36.1905025615006,0.444845280940229,0.584509691370389
"s__Bacteroides_faecis","fixed",NA,"(Intercept)",-6.11951969531899,0.247696835200916,-24.7056838265827,36.8368379865339,1.58989773783891e-24,4.04937219759788e-24
"s__Bacteroides_faecis","fixed",NA,"carrierper",0.311717252431563,0.516418616889808,0.603613507020558,37.0628610725489,0.549777361950756,0.670041159877484
"s__Bacteroides_finegoldii","fixed",NA,"(Intercept)",-5.01417427688116,0.335473988438827,-14.9465366904161,36.8394720864854,3.21907389791941e-17,6.83232010986977e-17
"s__Bacteroides_finegoldii","fixed",NA,"carrierper",0.501186309082983,0.700739210544951,0.715225153011233,37.3363023267281,0.478918866192588,0.609266814483536
"s__Bacteroides_fragilis","fixed",NA,"(Intercept)",-3.50934483056886,0.304806595746953,-11.5133493813312,36.8748325237593,9.02413170030091e-14,1.84928019080058e-13
"s__Bacteroides_fragilis","fixed",NA,"carrierper",-1.32600630794587,0.640485137496154,-2.07031550041836,38.2175990022767,0.0452282312881831,0.0893114440627414
"s__Bacteroides_gallinarum","fixed",NA,"(Intercept)",-6.31634806532203,0.0447861255522744,-141.033589921718,34.0751238304769,9.79009156216153e-49,2.14351478413642e-47
"s__Bacteroides_gallinarum","fixed",NA,"carrierper",-0.0236193688267609,0.0943463078662221,-0.250347569088256,35.7189928741987,0.803752968951681,0.874676073109301
"s__Bacteroides_intestinalis","fixed",NA,"(Intercept)",-5.5634421544491,0.179670615531705,-30.9646746519181,36.7330939919407,6.38077938490949e-28,1.88255618732081e-27
"s__Bacteroides_intestinalis","fixed",NA,"carrierper",-0.482315205822984,0.37416705047319,-1.28903708975182,36.7932204197816,0.205430933615049,0.360081187010647
"s__Bacteroides_nordii","fixed",NA,"(Intercept)",-4.75901216373294,0.236939923491126,-20.085311473105,36.9462802222317,1.78500681867187e-21,4.06512501770527e-21
"s__Bacteroides_nordii","fixed",NA,"carrierper",0.272882908819086,0.494642818327082,0.551676682059179,37.3630484061306,0.584454604406099,0.700671802400396
"s__Bacteroides_ovatus","fixed",NA,"(Intercept)",-3.52438762728938,0.351378975983916,-10.0301607898439,37.0534967311682,4.15880838181491e-12,8.41198194571314e-12
"s__Bacteroides_ovatus","fixed",NA,"carrierper",-0.24251019005846,0.733436732494446,-0.330649092572271,37.4486982474644,0.742752468615017,0.822911022621304
"s__Bacteroides_salyersiae","fixed",NA,"(Intercept)",-5.55531037225134,0.186229121677299,-29.8305137360722,37.5534628146576,9.36108494765276e-28,2.74240235086165e-27
"s__Bacteroides_salyersiae","fixed",NA,"carrierper",-0.211885850368561,0.389458288738277,-0.544052743247564,38.2251602497521,0.589564753380013,0.702315089321919
"s__Bacteroides_sp_AF16_49","fixed",NA,"(Intercept)",-5.16533737170994,0.102095976127184,-50.5929574077954,37.0599453718945,8.31987320813506e-36,4.15328070550102e-35
"s__Bacteroides_sp_AF16_49","fixed",NA,"carrierper",0.214168012595644,0.212573229947357,1.00750227415128,37.090223403167,0.320221352744127,0.48627438317937
"s__Bacteroides_sp_AM10_21B","fixed",NA,"(Intercept)",-6.31210899739391,0.101402704832662,-62.2479351789516,35.6536128021043,5.69937444419846e-38,3.52119767641568e-37
"s__Bacteroides_sp_AM10_21B","fixed",NA,"carrierper",-0.210960498550369,0.211930192084651,-0.995424467251485,36.2228684005974,0.326133318884431,0.492157656551113
"s__Bacteroides_stercoris","fixed",NA,"(Intercept)",-3.92377918316209,0.35453924546341,-11.0672633096892,37.2210708470964,2.49004906890347e-13,5.08605767265389e-13
"s__Bacteroides_stercoris","fixed",NA,"carrierper",0.0238261562491202,0.740975788562116,0.0321551076525125,37.800121060473,0.974517546425754,0.987173618457257
"s__Bacteroides_thetaiotaomicron","fixed",NA,"(Intercept)",-2.97931078358634,0.29136693303407,-10.2252879301096,37.179986867756,2.35547121741926e-12,4.77212350542084e-12
"s__Bacteroides_thetaiotaomicron","fixed",NA,"carrierper",-0.421110553482394,0.608037938963493,-0.692572825636916,37.543670421388,0.492839562450761,0.619399570935095
"s__Bacteroides_uniformis","fixed",NA,"(Intercept)",-2.45263007630875,0.335199290028839,-7.3169309997576,36.985291864931,1.07899337962821e-08,2.16841181606442e-08
"s__Bacteroides_uniformis","fixed",NA,"carrierper",-0.111977983422143,0.699168516421801,-0.160158789751036,37.2776875976165,0.873620717331568,0.923182603920235
"s__Bacteroides_xylanisolvens","fixed",NA,"(Intercept)",-3.29926117371038,0.314970369499881,-10.4748303116545,37.2916311794988,1.16116552225575e-12,2.3563163768702e-12
"s__Bacteroides_xylanisolvens","fixed",NA,"carrierper",-0.0756238664704936,0.657357888472186,-0.115042152527076,37.6697025659227,0.909022761651735,0.949077444761153
"s__Barnesiella_intestinihominis","fixed",NA,"(Intercept)",-4.68284380134141,0.294338468576046,-15.9097240126176,36.5800269731644,5.10210868569481e-18,1.09783304133571e-17
"s__Barnesiella_intestinihominis","fixed",NA,"carrierper",0.102072732754702,0.614308679761984,0.16615870183415,36.9574020107685,0.868937761464088,0.919914573826416
"s__Bifidobacterium_adolescentis","fixed",NA,"(Intercept)",-4.30819348473541,0.247397125261689,-17.4140806210999,37.0368511490494,2.00081554796218e-19,4.40391147064692e-19
"s__Bifidobacterium_adolescentis","fixed",NA,"carrierper",-0.275212459657826,0.51728948994849,-0.532027936011672,37.6802165299806,0.597829872399661,0.704524722148042
"s__Bifidobacterium_bifidum","fixed",NA,"(Intercept)",-5.00044816362936,0.16857891539545,-29.662358141879,37.4957028778577,1.22529929576847e-27,3.58120262557155e-27
"s__Bifidobacterium_bifidum","fixed",NA,"carrierper",0.082606714649533,0.354772009885583,0.232844509565945,39.0661810888531,0.817097806109413,0.883655166399088
"s__Bifidobacterium_breve","fixed",NA,"(Intercept)",-5.19071446540035,0.278055863392338,-18.667883503957,38.2552948279719,8.14726617626692e-21,1.82545568904508e-20
"s__Bifidobacterium_breve","fixed",NA,"carrierper",0.0119343890593692,0.581823144901596,0.0205120562218055,39.0136610653639,0.983739444954858,0.994478653124831
"s__Bifidobacterium_catenulatum","fixed",NA,"(Intercept)",-5.11105532989218,0.246340224323659,-20.7479527305168,37.338010898451,4.29464219514792e-22,1.00181559991488e-21
"s__Bifidobacterium_catenulatum","fixed",NA,"carrierper",-0.0257255345621234,0.514871433946417,-0.0499649676909452,37.9256804839887,0.96041252770413,0.977646683992459
"s__Bifidobacterium_dentium","fixed",NA,"(Intercept)",-5.26343058782518,0.145707596688515,-36.1232407056788,35.6965058573015,1.05450203178487e-29,3.36577630605503e-29
"s__Bifidobacterium_dentium","fixed",NA,"carrierper",-0.176633838205221,0.304680386795491,-0.579734849568056,36.3369420069999,0.565670913169852,0.684730649501431
"s__Bifidobacterium_longum","fixed",NA,"(Intercept)",-3.81347576752303,0.242059108836938,-15.7543163149128,36.2554132919122,8.50096488021308e-18,1.81976057813138e-17
"s__Bifidobacterium_longum","fixed",NA,"carrierper",0.436748647955973,0.507043871507673,0.861362640391098,37.1475983391582,0.39456443809916,0.543505980957783
"s__Bifidobacterium_pseudocatenulatum","fixed",NA,"(Intercept)",-4.86384812116118,0.247385727556549,-19.6609892138962,36.6335100530388,4.69084893066198e-21,1.05671109484949e-20
"s__Bifidobacterium_pseudocatenulatum","fixed",NA,"carrierper",-0.261215369632389,0.518473674230624,-0.503816071317436,37.6039051178029,0.617329665364702,0.716676671976882
"s__Bilophila_SGB15450","fixed",NA,"(Intercept)",-5.95582529887861,0.104031713173993,-57.2500934298513,36.9648068752976,1.06669174684524e-37,6.36952775149696e-37
"s__Bilophila_SGB15450","fixed",NA,"carrierper",-0.169113654877205,0.216566121121049,-0.780886936524482,36.9694772453859,0.439840899512885,0.582719153494778
"s__Bilophila_SGB69261","fixed",NA,"(Intercept)",-4.46846666228644,0.0159462581293347,-280.22038938817,15.3663588580205,6.4336442053757e-30,2.06937834234765e-29
"s__Bilophila_SGB69261","fixed",NA,"carrierper",0.00100052237779556,0.034147902372331,0.0292996731361823,17.7771868702138,0.976952015779271,0.988837076798484
"s__Bilophila_wadsworthia","fixed",NA,"(Intercept)",-4.30548283568406,0.247132286467816,-17.421773970617,37.1489733299552,1.82805840169694e-19,4.03077188218689e-19
"s__Bilophila_wadsworthia","fixed",NA,"carrierper",-0.21443167095392,0.518803846627872,-0.413319354410507,38.3612211178767,0.681674095187398,0.776921708487555
"s__Blautia_caecimuris","fixed",NA,"(Intercept)",-5.28834386430876,0.26031423010716,-20.3152315650657,36.2805702634996,2.07506878162562e-21,4.70851970812504e-21
"s__Blautia_caecimuris","fixed",NA,"carrierper",-0.23406997839073,0.545306694323742,-0.429244644944273,37.1791239702885,0.670222464664461,0.766670610358614
"s__Blautia_faecicola","fixed",NA,"(Intercept)",-5.61449893183488,0.0341064724541733,-164.616816921736,14.9741543436543,8.2297163422622e-26,2.18525233939218e-25
"s__Blautia_faecicola","fixed",NA,"carrierper",-0.0530627819672769,0.074081726704191,-0.716273557974115,18.7413175303048,0.482653184852634,0.613392234924732
"s__Blautia_faecis","fixed",NA,"(Intercept)",-3.64834590724309,0.22428945301479,-16.266239264503,37.7928369434676,1.17906627290996e-18,2.56801868864159e-18
"s__Blautia_faecis","fixed",NA,"carrierper",-1.04588229343495,0.472080494526884,-2.21547449123718,39.3885877717877,0.0325748574779741,0.0645292414801773
"s__Blautia_glucerasea","fixed",NA,"(Intercept)",-5.41540555101847,0.0976743274042994,-55.4434895528146,35.6689222252474,3.30181064031067e-36,1.71694153296155e-35
"s__Blautia_glucerasea","fixed",NA,"carrierper",-0.0176006081893555,0.206423142031661,-0.0852647044131127,37.8084146706005,0.932500871670401,0.962581544950092
"s__Blautia_hansenii","fixed",NA,"(Intercept)",-5.22057048010636,0.228946157227213,-22.8026123842093,37.1420849728884,1.93852649836718e-23,4.73440522497503e-23
"s__Blautia_hansenii","fixed",NA,"carrierper",-0.039691545647041,0.482095088845953,-0.0823313627650828,38.7901947176013,0.934806597333651,0.964164159894543
"s__Blautia_hydrogenotrophica","fixed",NA,"(Intercept)",-5.37801644684994,0.102169510324185,-52.6381738523112,34.2646735539644,2.2809709734559e-34,1.00945098399751e-33
"s__Blautia_hydrogenotrophica","fixed",NA,"carrierper",-0.0900230274560549,0.214525178795969,-0.419638514981377,35.4597687042376,0.677281191833114,0.774035647809273
"s__Blautia_luti","fixed",NA,"(Intercept)",-5.32819976383889,0.102699697576459,-51.8813578771454,36.6988796392996,6.06782973964036e-36,3.07831362401267e-35
"s__Blautia_luti","fixed",NA,"carrierper",0.127158045088243,0.214042241766521,0.594079206229527,36.8739902686258,0.556086611003936,0.675447600577965
"s__Blautia_marasmi","fixed",NA,"(Intercept)",-5.37070768000349,0.0677489866399504,-79.2736238040862,36.4637770715311,1.99385765683155e-42,2.18274943484717e-41
"s__Blautia_marasmi","fixed",NA,"carrierper",-0.117408959017647,0.142237033236868,-0.825445781213146,37.678211295624,0.414314520894589,0.562638217711041
"s__Blautia_massiliensis","fixed",NA,"(Intercept)",-4.43438965511489,0.180528522414033,-24.5633742292802,36.5362277226388,2.6024796501073e-24,6.55294546829024e-24
"s__Blautia_massiliensis","fixed",NA,"carrierper",-0.68287200625737,0.377989100536277,-1.80659179137318,37.3694729484981,0.0788839048101363,0.153105930331338
"s__Blautia_obeum","fixed",NA,"(Intercept)",-4.3948155340127,0.214550874550933,-20.4837922157684,36.3505540354112,1.48649823394897e-21,3.39149871292197e-21
"s__Blautia_obeum","fixed",NA,"carrierper",-0.864796840504988,0.451747193226602,-1.91433804896093,37.9725867967392,0.0631347599505752,0.123305446664034
"s__Blautia_producta","fixed",NA,"(Intercept)",-5.5911971808311,0.270080410026364,-20.7019723506985,36.3651674182355,1.02925821721362e-21,2.36995250015239e-21
"s__Blautia_producta","fixed",NA,"carrierper",-0.110770214712546,0.56509310173331,-0.196021176639354,37.0971315744196,0.845663432355811,0.904359865964055
"s__Blautia_SGB4815","fixed",NA,"(Intercept)",-5.61412117216675,0.138517488859009,-40.5300530525871,35.1150972574204,4.43603119234572e-31,1.55074703866875e-30
"s__Blautia_SGB4815","fixed",NA,"carrierper",0.075640206342038,0.292448258807896,0.258644748477455,37.09667659256,0.797339093283369,0.869824465400039
"s__Blautia_sp_Marseille_P3087","fixed",NA,"(Intercept)",-5.33529803028759,0.0746093084160919,-71.5098175221373,37.1133792162813,2.29601311399872e-41,2.15445441072963e-40
"s__Blautia_sp_Marseille_P3087","fixed",NA,"carrierper",-0.173340536454716,0.156001360112028,-1.11114759724041,37.7561177452798,0.273530837526874,0.441041970585967
"s__Blautia_sp_MSK_20_85","fixed",NA,"(Intercept)",-5.30642054684593,0.118656898813573,-44.7207081923073,36.3670914449882,2.16278881720783e-33,8.90812027681639e-33
"s__Blautia_sp_MSK_20_85","fixed",NA,"carrierper",-0.212132677250448,0.248805427221209,-0.852604702476382,37.404018448005,0.399305211693431,0.547127304192449
"s__Blautia_sp_OF03_15BH","fixed",NA,"(Intercept)",-5.36162776751166,0.0484861103380416,-110.580694762496,102.99999999728,7.42669074367655e-109,1.15856375601354e-106
"s__Blautia_sp_OF03_15BH","fixed",NA,"carrierper",0.0890254594887059,0.105925532171907,0.840453266208056,102.999999996472,0.402601069561335,0.550927779399721
"s__Blautia_stercoris","fixed",NA,"(Intercept)",-5.2146807032607,0.0548980509530174,-94.988448819859,31.2788682333856,4.50423281423081e-40,3.55777376718991e-39
"s__Blautia_stercoris","fixed",NA,"carrierper",0.10614300757608,0.115733438123303,0.917133451639063,32.950663666615,0.365737039443562,0.523529598915778
"s__Blautia_wexlerae","fixed",NA,"(Intercept)",-3.12791715983196,0.21621187530847,-14.4669073119566,37.0331122855134,8.13854277185461e-17,1.72150870835162e-16
"s__Blautia_wexlerae","fixed",NA,"carrierper",-0.883425090024888,0.455201535892797,-1.94073398344803,38.6543880468239,0.0596088129842573,0.116601565210585
"s__Bradyrhizobium_denitrificans","fixed",NA,"(Intercept)",-5.51331931061373,0.131828664462785,-41.8218551563202,23.7817674212571,8.8539635064738e-24,2.19676867914102e-23
"s__Bradyrhizobium_denitrificans","fixed",NA,"carrierper",0.388292060228006,0.283148098891623,1.37133910398116,27.4984265006161,0.181357070828471,0.322872502701757
"s__Bradyrhizobium_viridifuturi","fixed",NA,"(Intercept)",-5.33782781332235,0.0821557863809065,-64.9720250813995,102.999999998676,2.04513760286039e-85,2.83592414263307e-83
"s__Bradyrhizobium_viridifuturi","fixed",NA,"carrierper",0.256361825398702,0.179482233834114,1.42834095566051,102.999999998468,0.156219099055391,0.283786660292763
"s__Butyricicoccus_SGB14990","fixed",NA,"(Intercept)",-5.27192173805552,0.0411992332216655,-127.961646996944,15.078011998589,2.60437576303843e-24,6.55294546829024e-24
"s__Butyricicoccus_SGB14990","fixed",NA,"carrierper",-0.0700669521462575,0.0886187803309,-0.790655794230405,17.8809939060954,0.439506283124489,0.582719153494778
"s__Butyricicoccus_sp_AM29_23AC","fixed",NA,"(Intercept)",-4.71310256943817,0.0737632069778048,-63.8950333444197,35.4509685775303,3.32379454516959e-38,2.1492723276537e-37
"s__Butyricicoccus_sp_AM29_23AC","fixed",NA,"carrierper",0.0504665734849494,0.15450341082744,0.326637277550551,36.3258511699288,0.745816869290431,0.825159089427711
"s__Butyricimonas_faecalis","fixed",NA,"(Intercept)",-5.15612487307831,0.0550543639388608,-93.6551529103909,35.554455194201,3.68893230957864e-44,5.17279496893724e-43
"s__Butyricimonas_faecalis","fixed",NA,"carrierper",-0.107478798362802,0.11636309076335,-0.923650254197729,37.7060944945761,0.36154175201611,0.521872420618976
"s__Butyricimonas_faecihominis","fixed",NA,"(Intercept)",-4.82576114819267,0.137146922672163,-35.1867986110647,37.0073203771195,4.74174271956916e-30,1.53706361403177e-29
"s__Butyricimonas_faecihominis","fixed",NA,"carrierper",0.225441083813695,0.286655028903711,0.786454312962435,37.5960660829556,0.436530728692118,0.579564201497621
"s__Butyricimonas_paravirosa","fixed",NA,"(Intercept)",-4.70852876376204,0.146175871323064,-32.2113952264783,36.0134339960033,3.79395071574465e-28,1.13003591724327e-27
"s__Butyricimonas_paravirosa","fixed",NA,"carrierper",0.290898441371832,0.305705753644309,0.951563514601999,36.677744484321,0.34754731785403,0.514119149338335
"s__Butyricimonas_SGB15260","fixed",NA,"(Intercept)",-5.41253632290364,0.258526506589066,-20.9360981754455,36.6895025274464,5.38170834998893e-22,1.25072104670134e-21
"s__Butyricimonas_SGB15260","fixed",NA,"carrierper",-0.0996547617789662,0.540055812845812,-0.184526782989035,37.1972862071635,0.854602594001085,0.910020509653032
"s__Butyricimonas_SGB15266","fixed",NA,"(Intercept)",-5.01257424041515,0.102022535986147,-49.1320294282412,38.7807676656376,1.53239334073836e-36,8.24321935017876e-36
"s__Butyricimonas_SGB15266","fixed",NA,"carrierper",0.19449174038549,0.213295543155751,0.911841557999501,39.4184645463635,0.367395186819424,0.525210988717802
"s__Butyricimonas_synergistica","fixed",NA,"(Intercept)",-5.11510087230339,0.07650482811494,-66.8598439907417,37.3530255476517,1.7266552441955e-40,1.45599036807837e-39
"s__Butyricimonas_synergistica","fixed",NA,"carrierper",0.0906039350208836,0.160749785876596,0.563633317001358,38.6954059573121,0.576255786461623,0.69396110166975
"s__Butyricimonas_virosa","fixed",NA,"(Intercept)",-5.20775386050908,0.202994211247945,-25.6546914736802,36.4407343624826,6.37441995983314e-25,1.63688808845098e-24
"s__Butyricimonas_virosa","fixed",NA,"carrierper",-0.67830261346622,0.424131399843096,-1.59927469109137,36.9742541000839,0.118271151300134,0.223979357849115
"s__Candidatus_Allochristensenella_caecavium","fixed",NA,"(Intercept)",-5.72426616982928,0.143386895103949,-39.9218224627811,35.7932889947773,2.81316854415693e-31,1.00309552660224e-30
"s__Candidatus_Allochristensenella_caecavium","fixed",NA,"carrierper",-0.28332373750657,0.299244082474972,-0.946798129350702,36.1592712697885,0.350026320516792,0.51554408627397
"s__Candidatus_Alloruminococcus_vanvlietii","fixed",NA,"(Intercept)",-6.53109149490313,0.0733686966487967,-89.0174119647557,37.5630685843809,2.6438516454815e-45,4.28509980981936e-44
"s__Candidatus_Alloruminococcus_vanvlietii","fixed",NA,"carrierper",0.0137989964959408,0.156370061970019,0.0882457698238072,41.0362760187653,0.930110591896804,0.962053407507581
"s__Candidatus_Avimonas_narfia","fixed",NA,"(Intercept)",-6.15851433492502,0.119818085539738,-51.3988711068374,39.1829938810812,1.41669503776945e-37,8.3397896563032e-37
"s__Candidatus_Avimonas_narfia","fixed",NA,"carrierper",-0.289280625429665,0.254087622014066,-1.13850735087619,41.9217238823449,0.261373266772875,0.428075901486283
"s__Candidatus_Borkfalkia_ceftriaxoniphila","fixed",NA,"(Intercept)",-4.77170661326293,0.123427323773052,-38.6600508493301,36.6966601021711,2.45147338700821e-31,8.81682647546469e-31
"s__Candidatus_Borkfalkia_ceftriaxoniphila","fixed",NA,"carrierper",-0.271645024679033,0.258399682404019,-1.0512591275337,37.5142985548425,0.29986456396737,0.469549530528579
"s__Candidatus_Catenibacterium_tridentinum","fixed",NA,"(Intercept)",-5.04539219251863,0.152466287574862,-33.0918544208752,37.3520744088369,2.80293538171049e-29,8.68005795626476e-29
"s__Candidatus_Catenibacterium_tridentinum","fixed",NA,"carrierper",-0.449457742302551,0.319404867137457,-1.40717249029623,38.2700737012092,0.167446387836129,0.301113965445949
"s__Candidatus_Cibionibacter_quicibialis","fixed",NA,"(Intercept)",-4.33407579409044,0.167033144713729,-25.9473998500024,36.0220728040423,6.61421834404905e-25,1.69497833539491e-24
"s__Candidatus_Cibionibacter_quicibialis","fixed",NA,"carrierper",0.052122557563665,0.349315850903056,0.149213261948798,36.6824706491487,0.88220269527237,0.930675370836786
"s__Candidatus_Heritagella_intestinalis","fixed",NA,"(Intercept)",-5.36871683850519,0.0644322394771332,-83.3234554948309,36.2855855610588,4.79566614973242e-43,5.6999917665391e-42
"s__Candidatus_Heritagella_intestinalis","fixed",NA,"carrierper",-0.0934641098510233,0.134519553973841,-0.694799433167898,36.7084791782539,0.491555676388456,0.618408754166122
"s__Candidatus_Neochristensenella_gallicola","fixed",NA,"(Intercept)",-5.29754435114342,0.0763194054150934,-69.4128095250561,37.451553209878,3.55306426817764e-41,3.26045897550418e-40
"s__Candidatus_Neochristensenella_gallicola","fixed",NA,"carrierper",-0.0896718355661829,0.159072990985617,-0.563715027991714,37.6387390026715,0.576291613407001,0.69396110166975
"s__Candidatus_Parachristensenella_avicola","fixed",NA,"(Intercept)",-6.1763500630044,0.0619324451916127,-99.7272115430838,37.5062477442646,4.30004326755549e-47,8.25608307370654e-46
"s__Candidatus_Parachristensenella_avicola","fixed",NA,"carrierper",-0.0832872909308314,0.129109384922672,-0.645090912490325,37.7199251924472,0.522772876823248,0.644047927221534
"s__Candidatus_Pararuminococcus_gallinarum","fixed",NA,"(Intercept)",-6.30373714173399,0.106823356581639,-59.0108506552723,35.5536227980219,4.50644677394067e-37,2.5680573396703e-36
"s__Candidatus_Pararuminococcus_gallinarum","fixed",NA,"carrierper",-0.28187434140881,0.224416507750691,-1.25603211739642,36.8441496721671,0.217010816984079,0.375630373919738
"s__Candidatus_Pseudobutyricicoccus_lothianensis","fixed",NA,"(Intercept)",-5.17043613270403,0.0657786261611679,-78.6035895616861,32.7552298502861,6.84686129897728e-39,4.72092977962632e-38
"s__Candidatus_Pseudobutyricicoccus_lothianensis","fixed",NA,"carrierper",-0.176351527238374,0.140087465772619,-1.25886728170682,35.9160555467508,0.216199358446552,0.374745554640691
"s__Candidatus_Schneewindia_gallinarum","fixed",NA,"(Intercept)",-6.16524069974722,0.120157731538663,-51.3095630285217,33.1126650840707,3.86949837714616e-33,1.55778515312207e-32
"s__Candidatus_Schneewindia_gallinarum","fixed",NA,"carrierper",-0.0322960488446777,0.253521525312102,-0.127389770177973,34.9496848223708,0.899362059846651,0.943989781908007
"s__Candidatus_Stoquefichus_sp_SB1","fixed",NA,"(Intercept)",-5.55384596407623,0.0463714220351992,-119.768722206976,44.5216778271117,1.63361309760953e-57,9.26704157189409e-56
"s__Candidatus_Stoquefichus_sp_SB1","fixed",NA,"carrierper",0.0855944589026942,0.0975896093084791,0.877085783099424,46.1814355959847,0.384980033707997,0.536927435377822
"s__Candidatus_Woodwardibium_gallinarum","fixed",NA,"(Intercept)",-4.3632526177292,0.0316413705569054,-137.897080339238,28.7909444428604,3.68346948181562e-42,3.83080826108825e-41
"s__Candidatus_Woodwardibium_gallinarum","fixed",NA,"carrierper",-0.0627160276841772,0.0667854512598275,-0.93906721450727,30.5413257761866,0.355064172085773,0.518875979816212
"s__Catenibacterium_SGB4425","fixed",NA,"(Intercept)",-5.28745156816692,0.217115931778131,-24.353125654409,37.1513687120766,1.93788164932957e-24,4.91560223244574e-24
"s__Catenibacterium_SGB4425","fixed",NA,"carrierper",-0.691359002474783,0.453982509454519,-1.52287585551585,37.7983536628783,0.136113095687053,0.255058773900064
"s__Christensenella_hongkongensis","fixed",NA,"(Intercept)",-5.76311214171186,0.110266947901435,-52.2650916833517,36.0226464567435,1.45313999165113e-35,7.00200273969349e-35
"s__Christensenella_hongkongensis","fixed",NA,"carrierper",-0.259163862134098,0.23036162079109,-1.12503055519447,36.5364597335694,0.267912709703753,0.435358153268599
"s__Christensenella_minuta","fixed",NA,"(Intercept)",-5.76549716051424,0.127087196332452,-45.3664674876615,36.8301880125746,6.33319306484588e-34,2.73488752419642e-33
"s__Christensenella_minuta","fixed",NA,"carrierper",-0.24006575274962,0.264744915706586,-0.906781352566869,36.9367847843156,0.370400291393422,0.527693565820765
"s__Christensenellaceae_bacterium_NSJ_44","fixed",NA,"(Intercept)",-6.26213704020956,0.0909035952622189,-68.8876718478066,34.660264192653,1.12365716063969e-38,7.62132682868661e-38
"s__Christensenellaceae_bacterium_NSJ_44","fixed",NA,"carrierper",-0.193794785151792,0.191129846721385,-1.01394307836333,36.0500475281487,0.317367089407062,0.485384960269625
"s__Christensenellaceae_bacterium_NSJ_63","fixed",NA,"(Intercept)",-6.08399723875405,0.124848081202607,-48.7312033965567,34.2275342650305,3.29325488645528e-33,1.33440977217409e-32
"s__Christensenellaceae_bacterium_NSJ_63","fixed",NA,"carrierper",-0.232971596680993,0.263411934946559,-0.884438272427778,36.0913724098411,0.382313956602675,0.535141542208165
"s__Citrobacter_freundii","fixed",NA,"(Intercept)",-4.97814014375918,0.0673981113467606,-73.8617157704441,46.9145122659804,3.36373228231528e-50,8.39587577665894e-49
"s__Citrobacter_freundii","fixed",NA,"carrierper",-0.150556578655449,0.145878606700443,-1.0320675667311,53.1971758085274,0.306709895081019,0.474699630696707
"s__Cloacibacillus_evryensis","fixed",NA,"(Intercept)",-5.1100294235288,0.0638179415471904,-80.0719875891041,31.5738999327096,4.84923810849173e-38,3.02592457969884e-37
"s__Cloacibacillus_evryensis","fixed",NA,"carrierper",-0.130302688352115,0.134551938997114,-0.968419253734499,33.2681655952431,0.33982315946865,0.507903356906438
"s__Clostridia_bacterium","fixed",NA,"(Intercept)",-5.80879396242735,0.0657266871041831,-88.3780123166691,33.5731319144437,2.38019031799445e-41,2.21677426631125e-40
"s__Clostridia_bacterium","fixed",NA,"carrierper",-0.170016912220465,0.140388538441251,-1.2110455319799,37.2172249904959,0.233512210191784,0.393815186918035
"s__Clostridia_bacterium_UC5_1_1D1","fixed",NA,"(Intercept)",-5.37260708395938,0.0805097196379504,-66.732403343594,39.1630606248821,5.94877308631635e-42,6.03582830221366e-41
"s__Clostridia_bacterium_UC5_1_1D1","fixed",NA,"carrierper",-0.070040094389371,0.171443680561136,-0.408531210716718,42.5524439534613,0.68493240002766,0.778502099148457
"s__Clostridiaceae_bacterium","fixed",NA,"(Intercept)",-3.72536598757533,0.254544586518016,-14.6354162881074,36.1050690779394,9.37161523167432e-17,1.97563780559621e-16
"s__Clostridiaceae_bacterium","fixed",NA,"carrierper",-0.538096988984378,0.534195656893933,-1.00730318945895,37.2581653541475,0.320286492767182,0.48627438317937
"s__Clostridiaceae_bacterium_AF18_31LB","fixed",NA,"(Intercept)",-4.43015379693763,0.194676204190374,-22.7565244317451,36.9749069845728,2.41686182565832e-23,5.87961707294655e-23
"s__Clostridiaceae_bacterium_AF18_31LB","fixed",NA,"carrierper",-0.809287859269824,0.405755050402883,-1.99452319439096,37.1575658598453,0.0534699618053142,0.104757476190003
"s__Clostridiaceae_bacterium_Marseille_Q3526","fixed",NA,"(Intercept)",-4.88709518933459,0.134242469650659,-36.404985710203,37.1787754426169,1.10914114531795e-30,3.74110310636973e-30
"s__Clostridiaceae_bacterium_Marseille_Q3526","fixed",NA,"carrierper",0.0419918739106622,0.280387305407421,0.149763819904918,37.6679291558632,0.881749988217621,0.930675370836786
"s__Clostridiaceae_bacterium_Marseille_Q4143","fixed",NA,"(Intercept)",-4.46289220684726,0.127018948764939,-35.1356411798548,36.8477615306045,6.14516089533203e-30,1.98682922211771e-29
"s__Clostridiaceae_bacterium_Marseille_Q4143","fixed",NA,"carrierper",-0.0613197989177344,0.266520079342382,-0.230075719131693,37.9866198113164,0.819267440270059,0.885234428967129
"s__Clostridiaceae_bacterium_Marseille_Q4145","fixed",NA,"(Intercept)",-5.4835998710691,0.134096684966518,-40.8928816729383,35.6064696595034,1.5911084280044e-31,5.77239336671364e-31
"s__Clostridiaceae_bacterium_Marseille_Q4145","fixed",NA,"carrierper",0.0248846173328444,0.280965316913352,0.0885682888059761,36.5269382113429,0.929908835674095,0.962053407507581
"s__Clostridiaceae_bacterium_Marseille_Q4149","fixed",NA,"(Intercept)",-4.35136678254099,0.151241193573132,-28.7710423313798,35.8284364580077,2.35245577686682e-26,6.32729484812455e-26
"s__Clostridiaceae_bacterium_Marseille_Q4149","fixed",NA,"carrierper",-0.573086429784244,0.316887122326757,-1.80848759512956,36.751457109272,0.0787185969354216,0.153023066939885
"s__Clostridiaceae_bacterium_NSJ_31","fixed",NA,"(Intercept)",-5.54339682234874,0.0538509452752895,-102.939638181104,37.958121211596,4.57674235905784e-48,9.36356469525276e-47
"s__Clostridiaceae_bacterium_NSJ_31","fixed",NA,"carrierper",-0.114180409970135,0.113243953859277,-1.00826936961263,39.4285127317143,0.319473042838053,0.486222387148646
"s__Clostridiaceae_bacterium_OM02_2AC","fixed",NA,"(Intercept)",-5.86604447042397,0.0750447899606016,-78.1672448347665,51.7283944104596,2.24457563521289e-55,1.11803125249291e-53
"s__Clostridiaceae_bacterium_OM02_2AC","fixed",NA,"carrierper",-0.112766273935536,0.160577311954231,-0.702255334599683,56.055458740318,0.485425888579908,0.614413295078829
"s__Clostridiaceae_unclassified_SGB15090","fixed",NA,"(Intercept)",-6.12108789933463,0.139561205130769,-43.8595230931057,39.5056110933834,3.96665579101782e-35,1.84029235211533e-34
"s__Clostridiaceae_unclassified_SGB15090","fixed",NA,"carrierper",0.360634937520587,0.293883471231651,1.22713583043369,41.1967545762222,0.226738194147781,0.386325947090855
"s__Clostridiaceae_unclassified_SGB4771","fixed",NA,"(Intercept)",-5.96693118192911,0.120097451831658,-49.6840781459127,33.4065778078482,6.76406359639947e-33,2.65457590198319e-32
"s__Clostridiaceae_unclassified_SGB4771","fixed",NA,"carrierper",0.0483379181712662,0.252586144842705,0.191372009740946,34.8119524166174,0.84934598331997,0.906744043783852
"s__Clostridiales_bacterium","fixed",NA,"(Intercept)",-3.81358194215799,0.258943967802554,-14.727440745273,37.0330929371162,4.62290333821138e-17,9.79521793902852e-17
"s__Clostridiales_bacterium","fixed",NA,"carrierper",-0.485111397959815,0.544470436708991,-0.890978398922874,38.4713833478695,0.378479316003934,0.533345994757945
"s__Clostridiales_bacterium_1_7_47FAA","fixed",NA,"(Intercept)",-5.6659750856593,0.180438748909554,-31.4010993752756,37.445661703003,1.66487782515826e-28,5.0187621396075e-28
"s__Clostridiales_bacterium_1_7_47FAA","fixed",NA,"carrierper",-0.307942868675191,0.380577824300384,-0.809145591289464,39.3374541807032,0.423298637782093,0.56926368529316
"s__Clostridiales_bacterium_Choco116","fixed",NA,"(Intercept)",-5.38049452522434,0.104019142820714,-51.7260033040079,36.9451843216692,4.4832357777276e-36,2.30250133769714e-35
"s__Clostridiales_bacterium_Choco116","fixed",NA,"carrierper",-0.172346965709045,0.216583355155737,-0.795753512937857,36.9794499631624,0.431253968546503,0.575005291395338
"s__Clostridiales_bacterium_KLE1615","fixed",NA,"(Intercept)",-4.87403183797013,0.22649041201774,-21.5198153182236,36.0018434899634,3.8149116473291e-22,8.9157485690388e-22
"s__Clostridiales_bacterium_KLE1615","fixed",NA,"carrierper",-0.512989458906502,0.478778302262883,-1.07145511081418,38.185722518969,0.290690280241332,0.458057411289371
"s__Clostridiales_bacterium_NSJ_40","fixed",NA,"(Intercept)",-5.41241303241438,0.0500436720555178,-108.153794677775,35.6768394903531,1.67369196708066e-46,3.07171702193627e-45
"s__Clostridiales_bacterium_NSJ_40","fixed",NA,"carrierper",-0.0892768046608895,0.104642992291049,-0.853156075779825,36.3166857790137,0.399164889090187,0.547127304192449
"s__Clostridiales_Family_XIII_bacterium_BX16","fixed",NA,"(Intercept)",-5.3766140490906,0.21322720996551,-25.215421849586,36.920373667623,7.18520559973575e-25,1.83752798944062e-24
"s__Clostridiales_Family_XIII_bacterium_BX16","fixed",NA,"carrierper",-0.0180047509421279,0.445101176306777,-0.0404509174554921,37.3246460920899,0.967949243044414,0.982837934536625
"s__Clostridioides_difficile","fixed",NA,"(Intercept)",-4.69516694232223,0.0666191950824465,-70.4776894483878,38.8859562600961,1.22198135300912e-42,1.39911259500494e-41
"s__Clostridioides_difficile","fixed",NA,"carrierper",0.0261442991912475,0.141627409133132,0.184599148930779,42.0047537486277,0.854431838115894,0.910020509653032
"s__Clostridium_butyricum","fixed",NA,"(Intercept)",-4.8883611981866,0.229958252564969,-21.2576028199097,36.0608125942983,5.46660078214131e-22,1.26808880596884e-21
"s__Clostridium_butyricum","fixed",NA,"carrierper",-0.298281024937266,0.486094088573233,-0.613628167774618,38.2417660177744,0.543094100839787,0.664614938721083
"s__Clostridium_fessum","fixed",NA,"(Intercept)",-4.74893260282005,0.218425081215958,-21.7417000665998,36.154246629685,2.36911944881738e-22,5.5891513650739e-22
"s__Clostridium_fessum","fixed",NA,"carrierper",-0.217426677630419,0.456045631307163,-0.476765180289544,36.584186445729,0.636364916456327,0.736719309589514
"s__Clostridium_hylemonae","fixed",NA,"(Intercept)",-5.59465345082577,0.0601534243789839,-93.0064000276665,32.6860923657422,3.32469659793778e-41,3.07349729942692e-40
"s__Clostridium_hylemonae","fixed",NA,"carrierper",-0.0145517194484036,0.129098145483557,-0.112718268677663,37.0179314173987,0.910862971232667,0.949077444761153
"s__Clostridium_leptum","fixed",NA,"(Intercept)",-4.92105431110015,0.226086263283396,-21.7662685013803,37.6788254829443,6.12717336914191e-23,1.46769911030501e-22
"s__Clostridium_leptum","fixed",NA,"carrierper",-0.690578140380817,0.474892644309051,-1.45417737810106,38.979695055626,0.153902387460812,0.282041379663866
"s__Clostridium_methylpentosum","fixed",NA,"(Intercept)",-6.734912519886,0.0436506443932436,-154.291250759369,27.761549016114,2.84374345190892e-42,3.00762019320537e-41
"s__Clostridium_methylpentosum","fixed",NA,"carrierper",-0.0889960473404886,0.0941863215876067,-0.944893545478465,32.5245261207925,0.351680269683305,0.51554408627397
"s__Clostridium_neonatale","fixed",NA,"(Intercept)",-5.75168336683575,0.149150993104669,-38.5628231305132,40.2985699005805,1.96450800274701e-33,8.11823174645123e-33
"s__Clostridium_neonatale","fixed",NA,"carrierper",0.305656920615661,0.313712756223903,0.974320981699283,41.8299172585016,0.33549821437003,0.50506848194668
"s__Clostridium_paraputrificum","fixed",NA,"(Intercept)",-5.1620749294481,0.0966772464604433,-53.394931262965,45.162873958729,1.8610477411927e-42,2.07373891161472e-41
"s__Clostridium_paraputrificum","fixed",NA,"carrierper",0.0686078742348526,0.204756648259869,0.335070313066359,47.8063422381788,0.739037906861832,0.822031468594979
"s__Clostridium_perfringens","fixed",NA,"(Intercept)",-5.38958009057371,0.0975683847114692,-55.2390008967747,34.5503808934318,2.68669124708239e-35,1.27007222589349e-34
"s__Clostridium_perfringens","fixed",NA,"carrierper",0.488061964902233,0.208891195011695,2.33644105906383,38.6095924053038,0.0247543687276946,0.0492718535441193
"s__Clostridium_saudiense","fixed",NA,"(Intercept)",-5.37549336690312,0.0435605755816945,-123.402716679485,43.329784777538,7.92594797730735e-57,4.12149294819982e-55
"s__Clostridium_saudiense","fixed",NA,"carrierper",-0.0804384150287688,0.092783562431333,-0.866946826797035,46.8542519201627,0.390389404657268,0.540739153176771
"s__Clostridium_scindens","fixed",NA,"(Intercept)",-5.3223775465179,0.221465043128911,-24.0325853295946,36.1051582327315,8.34312772959262e-24,2.07828810509613e-23
"s__Clostridium_scindens","fixed",NA,"carrierper",0.119547904594395,0.463973323245902,0.257661159822837,37.0162931612091,0.798095493098891,0.869889236146215
"s__Clostridium_SGB4750","fixed",NA,"(Intercept)",-5.44252636151493,0.159880834973848,-34.041142970045,34.5779832775391,3.51026994879339e-28,1.04804231963975e-27
"s__Clostridium_SGB4750","fixed",NA,"carrierper",0.0888160698054857,0.335752064580203,0.264528737646138,35.799065832403,0.79288960576912,0.867473787290239
"s__Clostridium_SGB4751","fixed",NA,"(Intercept)",-5.71189004090551,0.0473598425036896,-120.606187414169,38.1471953050206,7.12815368402185e-51,1.97687462170206e-49
"s__Clostridium_SGB4751","fixed",NA,"carrierper",-0.0839898461501798,0.0994423055684097,-0.844608797735491,39.4013991036759,0.40342869394056,0.551455651739122
"s__Clostridium_SGB4909","fixed",NA,"(Intercept)",-5.20252627831699,0.121237540800124,-42.911842684883,38.0595610786741,7.66846673399424e-34,3.28874449622846e-33
"s__Clostridium_SGB4909","fixed",NA,"carrierper",-0.0938572800537326,0.253212596660323,-0.37066591983036,38.5467562683144,0.712915621344985,0.805791671325711
"s__Clostridium_SGB6179","fixed",NA,"(Intercept)",-4.98978534511267,0.0674411009058531,-73.9873056354514,38.2246636436494,7.01418116061926e-43,8.25820574382343e-42
"s__Clostridium_SGB6179","fixed",NA,"carrierper",-0.200654983681513,0.144073014376345,-1.39273121028318,42.0928988422243,0.171014269406007,0.306646276176288
"s__Clostridium_sp_1001270H_150608_G6","fixed",NA,"(Intercept)",-4.39178105881571,0.198740790824662,-22.0980355396208,37.0705935177458,6.12320025516553e-23,1.46769911030501e-22
"s__Clostridium_sp_1001270H_150608_G6","fixed",NA,"carrierper",-0.468136733599154,0.417356331118539,-1.12167157580795,38.329638239725,0.268980120804298,0.435435706405525
"s__Clostridium_sp_AF12_28","fixed",NA,"(Intercept)",-5.72038793696381,0.0709350567116356,-80.6426075081362,42.6909651562004,2.70493419035371e-48,5.72162350773123e-47
"s__Clostridium_sp_AF12_28","fixed",NA,"carrierper",0.0537844832859544,0.151445711981573,0.355140350837391,46.5861997494648,0.724087335950909,0.809007157803701
"s__Clostridium_sp_AF20_17LB","fixed",NA,"(Intercept)",-4.75961874905638,0.143682790966965,-33.1258790076726,38.0004999315721,1.21494007536817e-29,3.85813031567295e-29
"s__Clostridium_sp_AF20_17LB","fixed",NA,"carrierper",-0.456203903670239,0.30294135303802,-1.50591492080972,39.8494627649273,0.139975453351867,0.261120128225904
"s__Clostridium_sp_AF27_2AA","fixed",NA,"(Intercept)",-5.39185000917964,0.115300255594406,-46.7635564325775,37.5625885159451,6.70139057357609e-35,3.0412128857538e-34
"s__Clostridium_sp_AF27_2AA","fixed",NA,"carrierper",-0.0570999121309612,0.243044565525434,-0.234935975661575,39.3703258008658,0.815476091125956,0.882749966044661
"s__Clostridium_sp_AF34_10BH","fixed",NA,"(Intercept)",-3.56004174937774,0.191093879459096,-18.6298052007457,35.0685192596344,9.07343039721632e-20,2.00418427180991e-19
"s__Clostridium_sp_AF34_10BH","fixed",NA,"carrierper",-0.463080961091148,0.402299039078254,-1.15108642106667,36.6444843692335,0.257152412458491,0.422271329931838
"s__Clostridium_sp_AF34_13","fixed",NA,"(Intercept)",-5.20780697815598,0.122444698444168,-42.5319106856277,35.0839362276397,8.83908165771197e-32,3.24446291436016e-31
"s__Clostridium_sp_AF34_13","fixed",NA,"carrierper",0.0369264475291175,0.257624002257233,0.143334655178003,36.5777217492451,0.88681262111343,0.933735530981843
"s__Clostridium_sp_AF36_4","fixed",NA,"(Intercept)",-4.5087379232699,0.137900487564574,-32.6955908778685,35.3537674493705,5.13061296961671e-28,1.52090379716904e-27
"s__Clostridium_sp_AF36_4","fixed",NA,"carrierper",-0.301079813977653,0.288246820404386,-1.04452085041307,35.9386617998469,0.303219641000565,0.471843032379932
"s__Clostridium_sp_AM22_11AC","fixed",NA,"(Intercept)",-5.03377445204675,0.175982109795731,-28.6038987593094,36.4839256772316,1.38341811516677e-26,3.78619694677221e-26
"s__Clostridium_sp_AM22_11AC","fixed",NA,"carrierper",-0.000289310433250198,0.368463556768785,-0.000785180590957993,37.3142333183615,0.999377699415784,1
"s__Clostridium_sp_AM33_3","fixed",NA,"(Intercept)",-5.68879743478909,0.158452801254447,-35.9021575494516,36.6437961251632,3.712159690927e-30,1.21276840164317e-29
"s__Clostridium_sp_AM33_3","fixed",NA,"carrierper",-0.561738494088982,0.332901424360603,-1.68740189432323,37.9604831623436,0.099727789016841,0.19089000106291
"s__Clostridium_sp_AM42_4","fixed",NA,"(Intercept)",-5.2718230726953,0.0508745066569532,-103.624062799138,37.7960602832802,5.20466087710967e-48,1.04764786687627e-46
"s__Clostridium_sp_AM42_4","fixed",NA,"carrierper",-0.0749643700998866,0.106231280402571,-0.705671341019366,38.2498550503432,0.484668414305653,0.614112940375602
"s__Clostridium_sp_AM49_4BH","fixed",NA,"(Intercept)",-5.03971984263345,0.0758375189749646,-66.4541761222062,32.5534883026923,2.41322182640715e-36,1.26542052073787e-35
"s__Clostridium_sp_AM49_4BH","fixed",NA,"carrierper",-0.0741197967955056,0.159756698001831,-0.463954236176413,34.158311201389,0.645623776901471,0.745363990354335
"s__Clostridium_sp_AT4","fixed",NA,"(Intercept)",-4.8193226656533,0.198497453613586,-24.2790150599869,36.918503170706,2.69385877037537e-24,6.76445824029871e-24
"s__Clostridium_sp_AT4","fixed",NA,"carrierper",-0.214376706100798,0.413686820786064,-0.518210141897806,37.0895127031631,0.607389467036162,0.710902606165207
"s__Clostridium_sp_C5_48","fixed",NA,"(Intercept)",-4.64901110766497,0.134396759759265,-34.5916904246233,38.6584477642982,1.07422330213936e-30,3.63314547715427e-30
"s__Clostridium_sp_C5_48","fixed",NA,"carrierper",-0.284069752280016,0.280781093513481,-1.01171253635842,39.1926573476422,0.317880974402309,0.485575833603528
"s__Clostridium_sp_chh4_2","fixed",NA,"(Intercept)",-6.23005347748794,0.0939960832900716,-66.279926348229,33.0096744779098,1.06881560112369e-36,5.82481166027233e-36
"s__Clostridium_sp_chh4_2","fixed",NA,"carrierper",-0.0099770425835176,0.198035837343941,-0.0503799853467424,34.6445511369054,0.960108936053023,0.977646683992459
"s__Clostridium_sp_Marseille_P3244","fixed",NA,"(Intercept)",-6.08144693452399,0.113729837902038,-53.4727477565058,32.9629381131783,1.30288955253172e-33,5.45639651530061e-33
"s__Clostridium_sp_Marseille_P3244","fixed",NA,"carrierper",0.12782653960396,0.240573968130974,0.531339864396168,35.1526140202144,0.598525014400381,0.704678507520449
"s__Clostridium_spiroforme","fixed",NA,"(Intercept)",-5.92484119542874,0.138003549478881,-42.9325275893388,37.117966068815,3.03252237527851e-33,1.24084849978609e-32
"s__Clostridium_spiroforme","fixed",NA,"carrierper",-0.281052232545333,0.290388959057571,-0.967847515475316,38.6634135767077,0.339136142360006,0.507484299358858
"s__Clostridium_symbiosum","fixed",NA,"(Intercept)",-5.08809526847045,0.156276583158287,-32.5582705075968,38.6334383889345,1.06744532629153e-29,3.39839736533628e-29
"s__Clostridium_symbiosum","fixed",NA,"carrierper",-0.334309675822007,0.331617727239309,-1.00811762569242,41.4584843680277,0.319245833544945,0.486222387148646
"s__Collinsella_aerofaciens","fixed",NA,"(Intercept)",-4.38587110204012,0.277738598604533,-15.7913632605494,36.8154982805451,5.62428041435829e-18,1.2081070494181e-17
"s__Collinsella_aerofaciens","fixed",NA,"carrierper",-0.217183346047005,0.584089082875921,-0.371832572144036,38.2746054540536,0.712068227832535,0.805676471745244
"s__Collinsella_bouchesdurhonensis","fixed",NA,"(Intercept)",-5.06927729235415,0.038112688923556,-133.007600238382,36.9216903079144,4.12388797598886e-51,1.2253838557224e-49
"s__Collinsella_bouchesdurhonensis","fixed",NA,"carrierper",-0.0733904283617692,0.0806631739104441,-0.909838093443367,39.3059733021438,0.368453625729632,0.526121424382815
"s__Collinsella_SGB14861","fixed",NA,"(Intercept)",-5.36565440722677,0.23507979940576,-22.8248212768182,36.3326937970645,3.9001733984365e-23,9.45129398300728e-23
"s__Collinsella_SGB14861","fixed",NA,"carrierper",-0.616552776546837,0.492691617577418,-1.25139692771403,37.302123808324,0.218580999859,0.377301642910141
"s__Collinsella_SGB14987","fixed",NA,"(Intercept)",-5.00038620928477,0.05530497814866,-90.4147578875037,36.6659901837527,1.07725745650347e-44,1.60049679251944e-43
"s__Collinsella_SGB14987","fixed",NA,"carrierper",0.0995506265248184,0.115278970504614,0.863562765082412,36.8596188499837,0.393412838582954,0.543118609017175
"s__Collinsella_SGB15196","fixed",NA,"(Intercept)",-4.68997305881011,0.0545115273200511,-86.0363539490296,35.0060752584441,2.47428409899097e-42,2.66198840994891e-41
"s__Collinsella_SGB15196","fixed",NA,"carrierper",-0.10590674138668,0.114404978309078,-0.925717944725805,36.1494443327501,0.360731682993456,0.521872420618976
"s__Collinsella_SGB4121","fixed",NA,"(Intercept)",-4.57534356802316,0.16124434606425,-28.3752186027041,37.4629040632167,6.25395287522012e-27,1.75391757039881e-26
"s__Collinsella_SGB4121","fixed",NA,"carrierper",0.00484498161786122,0.337714924188009,0.014346365146611,38.3485631895233,0.988628028930708,0.996613715755673
"s__Collinsella_stercoris","fixed",NA,"(Intercept)",-4.38324232116204,0.0962942081400431,-45.5192727145893,36.4207851735609,1.05699002839427e-33,4.48681481440834e-33
"s__Collinsella_stercoris","fixed",NA,"carrierper",-0.0616046999018291,0.201059863981146,-0.306399789008143,36.858533928161,0.761024445960437,0.839009283178998
"s__Collinsella_tanakaei","fixed",NA,"(Intercept)",-5.29200718257528,0.155152068024657,-34.1085185002771,35.6578116814204,8.12733263553266e-29,2.4678615885997e-28
"s__Collinsella_tanakaei","fixed",NA,"carrierper",0.477155855083581,0.324921078283809,1.46852847344917,36.509965010614,0.150524550554377,0.277071739073544
"s__Coprobacillus_cateniformis","fixed",NA,"(Intercept)",-5.47073614429192,0.124796337799943,-43.8373131835157,41.730487747887,1.56711037716639e-36,8.35792201155407e-36
"s__Coprobacillus_cateniformis","fixed",NA,"carrierper",-0.136800970093908,0.264956353445102,-0.516315114980824,44.7078048557155,0.608178839237779,0.710902606165207
"s__Coprobacter_fastidiosus","fixed",NA,"(Intercept)",-4.63340761802845,0.198686142538648,-23.3202354166555,36.6975699726341,1.33796462208743e-23,3.29345137744599e-23
"s__Coprobacter_fastidiosus","fixed",NA,"carrierper",-0.27304383967071,0.414062701682239,-0.659426310463118,36.862022229004,0.513720971097001,0.636667102213562
"s__Coprobacter_secundus","fixed",NA,"(Intercept)",-4.94756955941842,0.168869107528819,-29.2982513605934,37.063045814543,3.10657520340925e-27,8.87186694245936e-27
"s__Coprobacter_secundus","fixed",NA,"carrierper",-0.0359283973942533,0.35175736191513,-0.102139716987421,37.1588269936696,0.919194978458731,0.956760077661798
"s__Coprococcus_catus","fixed",NA,"(Intercept)",-4.49316401562088,0.134870387779228,-33.3146815220539,36.9280389235733,3.72685809277651e-29,1.14559578812441e-28
"s__Coprococcus_catus","fixed",NA,"carrierper",-0.308557897670287,0.281186957366243,-1.0973407179352,37.1533475641418,0.279553833333419,0.447458339184365
"s__Coprococcus_comes","fixed",NA,"(Intercept)",-4.52893728152124,0.209440294359647,-21.6240017011446,36.5082064013218,2.09483250401512e-22,4.95142228221756e-22
"s__Coprococcus_comes","fixed",NA,"carrierper",-0.432972671911757,0.437799821799243,-0.988974070689093,37.1071577498488,0.329081079699267,0.496006265053968
"s__Coprococcus_eutactus","fixed",NA,"(Intercept)",-4.28518294151647,0.155335557782034,-27.5866195911783,37.272169821581,2.10225373872001e-26,5.66655003439e-26
"s__Coprococcus_eutactus","fixed",NA,"carrierper",-0.483199386656089,0.325532833778087,-1.48433379529846,38.2405131266738,0.145917216532638,0.270184994410582
"s__Coprococcus_SGB4669","fixed",NA,"(Intercept)",-4.63322107997969,0.0899558725627699,-51.5054876127925,35.8344096511608,3.35403920953802e-35,1.56188094533711e-34
"s__Coprococcus_SGB4669","fixed",NA,"carrierper",0.100357079482832,0.188387005607721,0.532717631765991,36.6888403863164,0.59744110131319,0.704524722148042
"s__Desulfovibrio_piger","fixed",NA,"(Intercept)",-4.80816567996219,0.0634384754567679,-75.7925792721621,39.0382727270971,5.42678117271451e-44,7.36154663429099e-43
"s__Desulfovibrio_piger","fixed",NA,"carrierper",-0.100167232153774,0.132697363902432,-0.754854725127948,39.7526351836186,0.454785209762061,0.589991623475106
"s__Desulfovibrio_porci","fixed",NA,"(Intercept)",-6.0222046224047,0.144833092010403,-41.5803083315526,37.0648879056716,1.04953603704806e-32,4.08043917207471e-32
"s__Desulfovibrio_porci","fixed",NA,"carrierper",0.219108085480101,0.301705750862561,0.726231054110445,37.1683854923255,0.472245960385994,0.606340492347449
"s__Desulfovibrio_SGB5076","fixed",NA,"(Intercept)",-5.20661901816535,0.129440910726073,-40.2239059425638,34.3579369054949,1.73339163265978e-30,5.72294380306722e-30
"s__Desulfovibrio_SGB5076","fixed",NA,"carrierper",-0.41316974012304,0.272584673856743,-1.51574824173784,35.9597211483777,0.13832505937451,0.258815103597284
"s__Desulfovibrio_SGB5077","fixed",NA,"(Intercept)",-4.54541581524868,0.0814972488938146,-55.773855890167,39.419456107901,4.01622594770082e-39,2.85850514191328e-38
"s__Desulfovibrio_SGB5077","fixed",NA,"carrierper",-0.176666025635206,0.173585401943391,-1.01774702052895,42.8516575695535,0.314510174710763,0.482197417738369
"s__Dialister_hominis","fixed",NA,"(Intercept)",-5.21485004425123,0.312468396371239,-16.6892079481073,36.8917873505299,8.91685755953898e-19,1.9454961948085e-18
"s__Dialister_hominis","fixed",NA,"carrierper",-0.0755446564488736,0.651639753362263,-0.115930091832314,37.1580780500431,0.908332223380856,0.949077444761153
"s__Dialister_invisus","fixed",NA,"(Intercept)",-4.68477178081152,0.224182526156862,-20.8971317306575,37.525165468346,2.87735356975607e-22,6.76259370066962e-22
"s__Dialister_invisus","fixed",NA,"carrierper",-0.604325281919078,0.46884472693506,-1.28896678836442,38.2012463065974,0.205160654968608,0.360081187010647
"s__Dielma_fastidiosa","fixed",NA,"(Intercept)",-5.46584890900995,0.147830956881777,-36.9736422215076,36.8172187400196,1.02886853195932e-30,3.48920632577509e-30
"s__Dielma_fastidiosa","fixed",NA,"carrierper",-0.625498116446524,0.311811136013213,-2.00601596352229,38.7001860050874,0.0518806778155315,0.101963914824856
"s__Dorea_formicigenerans","fixed",NA,"(Intercept)",-4.22091033910053,0.110247423529498,-38.2857957489697,37.7232464046489,8.47099239695391e-32,3.11852463463082e-31
"s__Dorea_formicigenerans","fixed",NA,"carrierper",0.11953895594494,0.232065459906585,0.515108780053088,39.3294097848,0.609360243458382,0.710902606165207
"s__Dorea_longicatena","fixed",NA,"(Intercept)",-3.55095291217247,0.163644970241178,-21.6991265111242,36.8321692177322,1.40829868038913e-22,3.34136264852783e-22
"s__Dorea_longicatena","fixed",NA,"carrierper",-0.328343987092895,0.342155330136131,-0.959634289380378,37.4679820579664,0.343391353338497,0.511399056045876
"s__Dorea_sp_AF24_7LB","fixed",NA,"(Intercept)",-5.28167235444544,0.149849707035969,-35.2464643336118,34.5888311764455,1.0734538970722e-28,3.25162733870414e-28
"s__Dorea_sp_AF24_7LB","fixed",NA,"carrierper",0.00529388763752851,0.313632628688106,0.0168792630399213,35.3479583908245,0.986627851847092,0.996206763030074
"s__Dorea_sp_AF36_15AT","fixed",NA,"(Intercept)",-5.17685371686471,0.176568946596056,-29.3191629483299,36.0778190980626,9.24615952272099e-27,2.54728633208737e-26
"s__Dorea_sp_AF36_15AT","fixed",NA,"carrierper",0.153153943393834,0.368730660093748,0.415354512030258,36.5365140987714,0.680311635472194,0.776077624377786
"s__Drancourtella_sp_An57","fixed",NA,"(Intercept)",-4.64135617766487,0.0756350175779302,-61.3651761617252,39.4563780147894,9.06889481651992e-41,7.91467183987193e-40
"s__Drancourtella_sp_An57","fixed",NA,"carrierper",-0.130757074292022,0.158489818947244,-0.825018762470459,40.4313372787933,0.414202207012046,0.562638217711041
"s__Duodenibacillus_massiliensis","fixed",NA,"(Intercept)",-5.1740175658813,0.206334432293536,-25.075880493473,37.4041459957232,5.42030857200131e-25,1.40052693537425e-24
"s__Duodenibacillus_massiliensis","fixed",NA,"carrierper",-0.0760992939872631,0.431064342232727,-0.1765381325514,37.9283683528198,0.860810492599916,0.913513175820319
"s__Dysgonomonas_mossii","fixed",NA,"(Intercept)",-5.27739714576365,0.0953370273950445,-55.3551677659919,50.2645658733211,1.02910934618807e-46,1.91690815528764e-45
"s__Dysgonomonas_mossii","fixed",NA,"carrierper",-0.0291343552029243,0.203849574924464,-0.142920853348455,54.4785197234145,0.886879994415274,0.933735530981843
"s__Dysosmobacter_sp_BX15","fixed",NA,"(Intercept)",-4.45799174368002,0.195574540398808,-22.7943357790306,37.5139230944343,1.40626223347935e-23,3.45475446335084e-23
"s__Dysosmobacter_sp_BX15","fixed",NA,"carrierper",-0.0162239515216342,0.409713619852625,-0.0395982723919942,38.4336958086741,0.968618389833285,0.982837934536625
"s__Dysosmobacter_sp_NSJ_60","fixed",NA,"(Intercept)",-4.47097257310494,0.134550471117811,-33.2289626038559,37.673577806406,1.62173307621068e-29,5.0980425166522e-29
"s__Dysosmobacter_sp_NSJ_60","fixed",NA,"carrierper",-0.500947857351009,0.283204550481948,-1.76885525496859,39.26991520549,0.0846849622735884,0.163601908540926
"s__Dysosmobacter_welbionis","fixed",NA,"(Intercept)",-3.67059901864339,0.276000919620777,-13.2992274941937,36.7197886866629,1.30547207301153e-15,2.71538191186398e-15
"s__Dysosmobacter_welbionis","fixed",NA,"carrierper",-0.875785570202276,0.580333569991502,-1.50910720228558,38.152509696995,0.139509097712003,0.260639751414041
"s__Eggerthella_guodeyinii","fixed",NA,"(Intercept)",-5.54726907193129,0.0653121997684178,-84.9346537339218,46.1383716950936,2.44755900424604e-52,8.72729610656874e-51
"s__Eggerthella_guodeyinii","fixed",NA,"carrierper",0.00916793311252551,0.139572078169559,0.0656860113624436,50.2429646815824,0.947888484387667,0.972378451640216
"s__Eggerthella_lenta","fixed",NA,"(Intercept)",-4.84953569964404,0.196896345987253,-24.6298918109836,35.7414204118452,5.16657860657511e-24,1.29216234489093e-23
"s__Eggerthella_lenta","fixed",NA,"carrierper",-0.434672536589616,0.416001052309434,-1.04488326213727,37.8424237429549,0.302705783447166,0.471843032379932
"s__Eisenbergiella_massiliensis","fixed",NA,"(Intercept)",-5.47176105441023,0.102949259988391,-53.1500766011068,36.9023804580766,1.790443900666e-36,9.46811011877611e-36
"s__Eisenbergiella_massiliensis","fixed",NA,"carrierper",-0.297790067640936,0.217523216417396,-1.36900360589336,39.0406624056697,0.178823514966769,0.318816780969325
"s__Eisenbergiella_sp_OF01_20","fixed",NA,"(Intercept)",-5.59841576379685,0.127081017009876,-44.0539106116986,43.3680470580108,1.20600643982118e-37,7.16712398522303e-37
"s__Eisenbergiella_sp_OF01_20","fixed",NA,"carrierper",-0.240216233968174,0.266943118503637,-0.899877978929437,44.736609046568,0.373003789121693,0.530796726138966
"s__Eisenbergiella_tayi","fixed",NA,"(Intercept)",-5.31103774250134,0.175132080306427,-30.3258987914073,35.6740519702256,4.60025144725539e-27,1.29889452628388e-26
"s__Eisenbergiella_tayi","fixed",NA,"carrierper",-0.407363331424105,0.36877859449348,-1.104628461377,37.2941200231889,0.276396642207681,0.443942097136661
"s__Ellagibacter_isourolithinifaciens","fixed",NA,"(Intercept)",-5.27089164136198,0.0578307770202073,-91.1433654007489,37.7168621530258,7.77917729129147e-46,1.32991962459339e-44
"s__Ellagibacter_isourolithinifaciens","fixed",NA,"carrierper",-0.121653465711673,0.121522113396722,-1.00108089228602,39.0759985140946,0.322946846799383,0.489123379618482
"s__Emergencia_timonensis","fixed",NA,"(Intercept)",-4.3336040721143,0.0545780811221337,-79.4019134241207,36.3209069349932,2.53698440471559e-42,2.7061166983633e-41
"s__Emergencia_timonensis","fixed",NA,"carrierper",-0.124193406028265,0.113946293769334,-1.08992931599579,36.7439030706263,0.28284081457679,0.450811413271819
"s__Enorma_massiliensis","fixed",NA,"(Intercept)",-6.01063956105252,0.204102994505522,-29.4490513263386,36.183294420042,7.03181177745731e-27,1.96563687017516e-26
"s__Enorma_massiliensis","fixed",NA,"carrierper",0.761373447079863,0.428564265166242,1.77656773782696,37.4120041225267,0.0837721730579142,0.162089413916708
"s__Enterobacter_cloacae","fixed",NA,"(Intercept)",-5.56039140016209,0.101223829492695,-54.9316443373976,40.2000967893956,1.94240795140456e-39,1.44293162104338e-38
"s__Enterobacter_cloacae","fixed",NA,"carrierper",-0.0433334799699523,0.219922835151409,-0.197039474960018,46.9748937382637,0.844646726008989,0.904047267632263
"s__Enterobacter_hormaechei","fixed",NA,"(Intercept)",-6.0319135881439,0.0854577733506866,-70.5835566694582,24.0317509844953,2.22149974414345e-29,6.91379471494022e-29
"s__Enterobacter_hormaechei","fixed",NA,"carrierper",-0.206933590529362,0.185944419478827,-1.11287873607266,29.5652895368084,0.274727447404313,0.441829709227555
"s__Enterobacter_kobei","fixed",NA,"(Intercept)",-5.60928826465684,0.0671401461798955,-83.5459644312852,25.8486512812585,5.58656058169435e-33,2.20633784998562e-32
"s__Enterobacter_kobei","fixed",NA,"carrierper",-0.0991465396462739,0.144919807078262,-0.684147609944933,30.464991956429,0.499053537234012,0.623774680597505
"s__Enterobacter_roggenkampii","fixed",NA,"(Intercept)",-5.12794610648506,0.11800938728317,-43.4537135099284,19.6348488073848,5.49059951393649e-21,1.23464291772842e-20
"s__Enterobacter_roggenkampii","fixed",NA,"carrierper",-0.169446423244995,0.253404794860619,-0.668678835924145,22.8621632796984,0.510396344502525,0.635069429650201
"s__Enterocloster_aldenensis","fixed",NA,"(Intercept)",-5.240519308262,0.127173249607099,-41.2077172239646,38.6315632978072,1.53277375254295e-33,6.35515496070965e-33
"s__Enterocloster_aldenensis","fixed",NA,"carrierper",-0.165574188816528,0.270091676250169,-0.613029587269351,41.588545650481,0.543194901839347,0.664614938721083
"s__Enterocloster_asparagiformis","fixed",NA,"(Intercept)",-5.40852119848348,0.149965876929939,-36.06501231617,37.8452044707982,6.487946459987e-31,2.24292442716448e-30
"s__Enterocloster_asparagiformis","fixed",NA,"carrierper",-0.28987496703839,0.316165431882674,-0.91684585918286,39.6805296731922,0.364762433779282,0.523245422248901
"s__Enterocloster_bolteae","fixed",NA,"(Intercept)",-4.27560116331818,0.211491619628934,-20.2164093821769,36.6320645685373,1.84069009836977e-21,4.18430098864385e-21
"s__Enterocloster_bolteae","fixed",NA,"carrierper",-0.615478740010007,0.443867370501119,-1.38662758498139,37.8001518066181,0.173679423460137,0.31008858437518
"s__Enterocloster_citroniae","fixed",NA,"(Intercept)",-5.58458826482393,0.150351514793423,-37.1435450616971,34.8302713062444,1.31315177417579e-29,4.15942490906442e-29
"s__Enterocloster_citroniae","fixed",NA,"carrierper",-0.442034079629111,0.318469669925865,-1.38799427817415,37.2741832211554,0.17337998572555,0.309997452987803
"s__Enterocloster_clostridioformis","fixed",NA,"(Intercept)",-5.45942491541134,0.0734413120746492,-74.337246451454,32.606490666009,5.75172182361542e-38,3.53603390929657e-37
"s__Enterocloster_clostridioformis","fixed",NA,"carrierper",0.118412225645328,0.154979967368377,0.764048590640555,34.4521089045324,0.450039662507836,0.587641595671456
"s__Enterocloster_lavalensis","fixed",NA,"(Intercept)",-5.2555894162225,0.0393096715090555,-133.69710848415,29.3591594967482,1.90084187822488e-42,2.09933687081827e-41
"s__Enterocloster_lavalensis","fixed",NA,"carrierper",-0.0911978962843273,0.0842580723770137,-1.08236390545776,33.2731085247967,0.286872836418221,0.453760836311711
"s__Enterococcus_avium","fixed",NA,"(Intercept)",-4.99162305684059,0.0642042033601726,-77.7460476978212,38.0873582512516,1.41574406143394e-43,1.84046727986412e-42
"s__Enterococcus_avium","fixed",NA,"carrierper",0.111478962284316,0.134147735225729,0.831016357426622,38.6320311516898,0.411071241182535,0.560062127724676
"s__Enterococcus_casseliflavus","fixed",NA,"(Intercept)",-5.011006858422,0.0321531411466251,-155.848128043563,103.000000000353,4.10747671693812e-124,1.28153273568469e-121
"s__Enterococcus_casseliflavus","fixed",NA,"carrierper",0.0126273598083681,0.0702435927157171,0.179765289902986,102.999999999554,0.857690015903731,0.911752248592723
"s__Enterococcus_faecalis","fixed",NA,"(Intercept)",-5.1859102099303,0.0968320643529096,-53.5557126101327,34.8166618989587,4.87391618238702e-35,2.24451933417675e-34
"s__Enterococcus_faecalis","fixed",NA,"carrierper",0.142325280918734,0.202684425442905,0.702201368495509,35.5896066809711,0.487121038743231,0.615934200964086
"s__Enterococcus_faecium","fixed",NA,"(Intercept)",-5.63239653467927,0.0771096850394901,-73.0439572123107,21.1193882109834,7.04038205904085e-27,1.96563687017516e-26
"s__Enterococcus_faecium","fixed",NA,"carrierper",0.0313692124300642,0.161757519748359,0.193927382658094,21.9084594038346,0.848019580480192,0.906103113389794
"s__Enterococcus_gallinarum","fixed",NA,"(Intercept)",-5.6986617135499,0.109767794125375,-51.9156074781004,32.0612759727679,1.63246578509305e-32,6.24943956992676e-32
"s__Enterococcus_gallinarum","fixed",NA,"carrierper",0.225707153218951,0.2327791072547,0.969619464052627,34.5744831305712,0.338970751714516,0.507484299358858
"s__Enterococcus_raffinosus","fixed",NA,"(Intercept)",-5.46467389146255,0.0420263617803525,-130.029668521468,37.5455786876192,1.90570381755687e-51,5.80077649831946e-50
"s__Enterococcus_raffinosus","fixed",NA,"carrierper",0.105775845846206,0.0906117732322607,1.16735212294186,42.8986410354507,0.249515946590392,0.411899340403187
"s__Erysipelatoclostridium_ramosum","fixed",NA,"(Intercept)",-4.52599528873837,0.224083778170489,-20.1977819442819,38.0488474191018,6.17028326955009e-22,1.42866670137264e-21
"s__Erysipelatoclostridium_ramosum","fixed",NA,"carrierper",-0.158114099088005,0.470392866587088,-0.336132008623333,39.2652182655275,0.738561032530854,0.822031468594979
"s__Erysipelotrichaceae_bacterium_3_1_53","fixed",NA,"(Intercept)",-6.06758297195846,0.0357505730655553,-169.719880037515,102.999999998181,6.51689827811423e-128,2.71102968369552e-125
"s__Erysipelotrichaceae_bacterium_3_1_53","fixed",NA,"carrierper",0.0879744868931494,0.0781027484163529,1.1263942521481,102.999999998131,0.262616197326078,0.428985620763017
"s__Escherichia_coli","fixed",NA,"(Intercept)",-3.01298372776058,0.196192555930217,-15.3572785342184,37.3955773682258,9.8418764675993e-18,2.10319551910341e-17
"s__Escherichia_coli","fixed",NA,"carrierper",0.589731443661754,0.41426914730925,1.42354661816397,39.4498609700238,0.16243914339446,0.293802972400414
"s__Escherichia_marmotae","fixed",NA,"(Intercept)",-5.96573776677783,0.108793921458999,-54.8352121770528,35.1520912435128,1.20136395062644e-35,5.8566492593039e-35
"s__Escherichia_marmotae","fixed",NA,"carrierper",0.521840267195429,0.230383142919607,2.26509743977895,37.5676482711453,0.0293601160763295,0.0583462179351262
"s__Eubacteriaceae_bacterium","fixed",NA,"(Intercept)",-5.53603356050059,0.200710439328424,-27.5821904382459,37.5314008745236,1.60368408838054e-26,4.36986406615485e-26
"s__Eubacteriaceae_bacterium","fixed",NA,"carrierper",-0.00240440556980831,0.421944556236442,-0.0056983922040719,38.9501910716966,0.995482451800768,1
"s__Eubacteriales_unclassified_SGB15145","fixed",NA,"(Intercept)",-4.42853859656156,0.0527710731581132,-83.9198131008768,37.5731227540849,2.34545531473154e-44,3.44368027386466e-43
"s__Eubacteriales_unclassified_SGB15145","fixed",NA,"carrierper",-0.117379002418987,0.110489389744768,-1.06235542335906,38.4134519668266,0.29470777810738,0.463218270879106
"s__Eubacterium_callanderi","fixed",NA,"(Intercept)",-5.56376751695643,0.106471598201685,-52.2558843008744,36.1684968228482,1.14288833126816e-35,5.61545132843567e-35
"s__Eubacterium_callanderi","fixed",NA,"carrierper",-0.226942915015138,0.223250152399036,-1.01654091867987,37.2000561149152,0.315938041674693,0.483792240503088
"s__Eubacterium_limosum","fixed",NA,"(Intercept)",-5.5136863181195,0.0762508451402665,-72.3098387693521,25.7899062669986,2.61514257238665e-31,9.37844232855904e-31
"s__Eubacterium_limosum","fixed",NA,"carrierper",-0.0382226753556022,0.162349044355438,-0.235435173070188,28.5188220817949,0.815553454206326,0.882749966044661
"s__Eubacterium_ramulus","fixed",NA,"(Intercept)",-4.9193886522414,0.156918601088472,-31.34993951079,34.946771621486,3.54044928042334e-27,1.00878554839459e-26
"s__Eubacterium_ramulus","fixed",NA,"carrierper",0.217270458931596,0.329159466370003,0.660076592442175,36.0176392263845,0.513404021109156,0.636667102213562
"s__Eubacterium_rectale","fixed",NA,"(Intercept)",-3.43810166407401,0.295028060964643,-11.6534734114192,36.1007228034375,8.59762290859093e-14,1.76477522860551e-13
"s__Eubacterium_rectale","fixed",NA,"carrierper",-0.641678873594544,0.619056206355198,-1.03654380168893,37.2312116539013,0.306634191046855,0.474699630696707
"s__Eubacterium_siraeum","fixed",NA,"(Intercept)",-5.6141404598194,0.241014818000653,-23.2937564021652,39.0527658392521,1.63305143301115e-24,4.15081097433384e-24
"s__Eubacterium_siraeum","fixed",NA,"carrierper",0.0220401620301281,0.505127080383907,0.0436329052352077,40.0501865669909,0.965413842857736,0.98193681816337
"s__Eubacterium_sp_AF16_48","fixed",NA,"(Intercept)",-5.33087741742831,0.129757227497658,-41.0834719593908,37.1529971163194,1.42976286191633e-32,5.49028938975871e-32
"s__Eubacterium_sp_AF16_48","fixed",NA,"carrierper",0.7511888922222,0.272941845121608,2.7521939403887,38.6491860357468,0.00896688731376372,0.0179337746275274
"s__Eubacterium_sp_AF34_35BH","fixed",NA,"(Intercept)",-4.35514793083892,0.06229080504359,-69.9163853764815,27.3057818315044,2.45071054541674e-32,9.29631234249269e-32
"s__Eubacterium_sp_AF34_35BH","fixed",NA,"carrierper",0.0189604011408668,0.132719239335756,0.142860984102692,30.227639923091,0.887348028641399,0.933735530981843
"s__Eubacterium_ventriosum","fixed",NA,"(Intercept)",-4.583785670117,0.255071700738568,-17.9705771233912,37.7173804015715,4.38047100626186e-20,9.72745162956371e-20
"s__Eubacterium_ventriosum","fixed",NA,"carrierper",-1.46078884908314,0.534180706031073,-2.73463424004342,38.5923931094028,0.00938097493155192,0.0187319307433229
"s__Evtepia_gabavorous","fixed",NA,"(Intercept)",-4.44112371375347,0.143868177319318,-30.8693958351633,36.8403025034057,6.27240687926555e-28,1.85496772164062e-27
"s__Evtepia_gabavorous","fixed",NA,"carrierper",-0.247537726801092,0.301378722670298,-0.821351038347497,37.7464828158265,0.41660401865158,0.563953044393633
"s__Faecalibacillus_intestinalis","fixed",NA,"(Intercept)",-4.96193472431006,0.168709558214149,-29.4111061449862,37.2048772521624,2.30875706056288e-27,6.65433905677246e-27
"s__Faecalibacillus_intestinalis","fixed",NA,"carrierper",-0.244134481832513,0.354124042934381,-0.689403859194476,38.3988963738037,0.49471439466517,0.620506095017218
"s__Faecalibacterium_prausnitzii","fixed",NA,"(Intercept)",-2.29701090126312,0.304586623203636,-7.54140440280406,36.3344701207048,6.11386215048974e-09,1.23066128448568e-08
"s__Faecalibacterium_prausnitzii","fixed",NA,"carrierper",-0.589811877385484,0.636858592151585,-0.92612690580627,36.970251096014,0.360386539610538,0.521872420618976
"s__Faecalibacterium_SGB15315","fixed",NA,"(Intercept)",-5.58659609666373,0.18198429155059,-30.698232518111,36.4115353578026,1.26434817947589e-27,3.68669749529419e-27
"s__Faecalibacterium_SGB15315","fixed",NA,"carrierper",-0.568305863322067,0.380162736347654,-1.49490154869455,36.9182938583353,0.143439609151893,0.266784846827963
"s__Faecalibacterium_SGB15346","fixed",NA,"(Intercept)",-4.82276216415021,0.261982668994759,-18.4087068913963,36.6114818293035,4.27993075293677e-20,9.5211293755171e-20
"s__Faecalibacterium_SGB15346","fixed",NA,"carrierper",-1.12129238192896,0.549311395719987,-2.04126910649519,37.644675649579,0.0482798888598096,0.0950367528344517
"s__Faecalicatena_contorta","fixed",NA,"(Intercept)",-5.67960672442443,0.114070000422034,-49.7905382958807,40.2856983964768,8.32833884312353e-38,5.04551790107678e-37
"s__Faecalicatena_contorta","fixed",NA,"carrierper",-0.417303375442516,0.242613571422657,-1.7200331085994,43.5119080902521,0.0925325461927366,0.177662488690054
"s__Faecalicatena_fissicatena","fixed",NA,"(Intercept)",-4.82213873221185,0.19407109662771,-24.8472792497393,35.866050055012,3.3917133094776e-24,8.49971528158242e-24
"s__Faecalicatena_fissicatena","fixed",NA,"carrierper",-0.107222981351852,0.407256155784618,-0.263281425778027,37.0061633277581,0.793794122664626,0.867473787290239
"s__Faecalimonas_umbilicata","fixed",NA,"(Intercept)",-4.7064838712373,0.164294066334875,-28.6467063371859,37.1844461605817,6.04130328734647e-27,1.69809605914603e-26
"s__Faecalimonas_umbilicata","fixed",NA,"carrierper",-0.327161916932779,0.343707773707767,-0.951860685033396,37.9040008782588,0.34719831441754,0.514119149338335
"s__Faecalitalea_cylindroides","fixed",NA,"(Intercept)",-4.54653587080618,0.0338029840208224,-134.501021211783,37.3544849677589,8.83354418122441e-52,2.82673413799181e-50
"s__Faecalitalea_cylindroides","fixed",NA,"carrierper",0.0466746238768332,0.0705625370633339,0.661464649930885,37.7618031747659,0.512330565684082,0.636207508431576
"s__Firmicutes_bacterium_AF16_15","fixed",NA,"(Intercept)",-5.43137592262285,0.16169657483728,-33.5899256251322,36.333957189901,5.86405587662851e-29,1.79371120932166e-28
"s__Firmicutes_bacterium_AF16_15","fixed",NA,"carrierper",-0.204239677548917,0.341041867654316,-0.598869807257613,38.2000651523246,0.552794798830807,0.673061374576436
"s__Flavonifractor_plautii","fixed",NA,"(Intercept)",-3.01191661302007,0.21736486713855,-13.8565015251534,37.5106665320383,2.4811629452139e-16,5.18675268949236e-16
"s__Flavonifractor_plautii","fixed",NA,"carrierper",-0.422036051622524,0.456599973827351,-0.924301523902635,38.8174932793324,0.361039818121648,0.521872420618976
"s__Formosa_SGB1638","fixed",NA,"(Intercept)",-4.96879821113019,0.0324607745571661,-153.070845625687,36.5046559411866,7.30325924242744e-53,2.76195985895438e-51
"s__Formosa_SGB1638","fixed",NA,"carrierper",-0.0399759303245403,0.0676955888509768,-0.5905248924349,36.7697131366558,0.558451152263288,0.676647609732606
"s__Fusicatenibacter_saccharivorans","fixed",NA,"(Intercept)",-3.91354707137817,0.231541626146903,-16.902131752738,35.7062944484774,1.28728741730359e-18,2.79884093518272e-18
"s__Fusicatenibacter_saccharivorans","fixed",NA,"carrierper",-0.463341176495487,0.487317473940387,-0.950799430090141,37.2563960054142,0.347833895939758,0.514119149338335
"s__Fusobacterium_mortiferum","fixed",NA,"(Intercept)",-5.71697682621033,0.138049894464443,-41.4123954849007,37.1040678425607,1.1484223012587e-32,4.45102804959894e-32
"s__Fusobacterium_mortiferum","fixed",NA,"carrierper",-0.261834005008015,0.287910817870317,-0.909427464187719,37.3778602492133,0.368951683324734,0.526230515187734
"s__Fusobacterium_ulcerans","fixed",NA,"(Intercept)",-5.01771357319535,0.0431401289536238,-116.311974370532,37.5828793605106,1.13163117204464e-49,2.71591481290712e-48
"s__Fusobacterium_ulcerans","fixed",NA,"carrierper",-0.0528603729365389,0.0922704233391365,-0.572885340974893,41.6209997916899,0.569804572645487,0.688398941589127
"s__Fusobacterium_varium","fixed",NA,"(Intercept)",-5.22615452116623,0.150692391458228,-34.6809448744791,36.8721809808009,9.49259084689324e-30,3.03762907100584e-29
"s__Fusobacterium_varium","fixed",NA,"carrierper",0.137069595503083,0.314123987271674,0.436355073337767,37.0743055689372,0.665109794482641,0.762219488993881
"s__Gemella_sanguinis","fixed",NA,"(Intercept)",-6.54189821416917,0.0583314841291338,-112.150381767876,102.999999999626,1.75966893908406e-109,3.66011139329484e-107
"s__Gemella_sanguinis","fixed",NA,"carrierper",0.130736056086354,0.127434299342174,1.02590948246449,102.999999999797,0.307337581412612,0.474699630696707
"s__Gemmiger_formicilis","fixed",NA,"(Intercept)",-4.42481916279553,0.318235696262453,-13.9042200946129,37.0040605955438,2.87258331661408e-16,5.99495648684677e-16
"s__Gemmiger_formicilis","fixed",NA,"carrierper",-0.234490722625002,0.665183749520507,-0.352520221358433,37.5991128822999,0.726416641243093,0.810883692550429
"s__Gemmiger_SGB15295","fixed",NA,"(Intercept)",-5.96532969221427,0.15353450438026,-38.8533490650407,35.8585950612098,6.63338899556294e-31,2.28687001835982e-30
"s__Gemmiger_SGB15295","fixed",NA,"carrierper",-0.294307661720975,0.320237316050544,-0.919029878686977,36.142738891479,0.364173003500879,0.523001045303909
"s__Gemmiger_SGB15299","fixed",NA,"(Intercept)",-5.72681416043488,0.0376658139586849,-152.042755978048,51.0671807007846,1.62140431088957e-69,1.68626048332515e-67
"s__Gemmiger_SGB15299","fixed",NA,"carrierper",-0.0427367010395483,0.0805326979543533,-0.530675143452562,55.2689766948178,0.597769913107381,0.704524722148042
"s__GGB1093_SGB1404","fixed",NA,"(Intercept)",-4.39044508939576,0.0546899605720386,-80.2788124817275,37.5841839789106,1.20243034102616e-43,1.5964181548943e-42
"s__GGB1093_SGB1404","fixed",NA,"carrierper",-0.0617803789342252,0.113923473313377,-0.542297185447304,37.684838540482,0.590806492819332,0.702315089321919
"s__GGB1146_SGB1472","fixed",NA,"(Intercept)",-4.41812935160615,0.0385063196211881,-114.737772788212,46.2325268037608,1.97055704425525e-58,1.29434483748977e-56
"s__GGB1146_SGB1472","fixed",NA,"carrierper",0.0203235238910145,0.0813989456065056,0.249677974813843,48.587708966501,0.803888987064398,0.874676073109301
"s__GGB1239_SGB1657","fixed",NA,"(Intercept)",-3.52428654377877,0.0308556118626346,-114.218656867621,41.4448971936387,1.98590031464065e-53,7.74501122709855e-52
"s__GGB1239_SGB1657","fixed",NA,"carrierper",-0.0230924971773643,0.0645915960643732,-0.357515506418975,42.2876147040801,0.722484146686108,0.809007157803701
"s__GGB1246_SGB1667","fixed",NA,"(Intercept)",-4.7021446844917,0.114232606746261,-41.1628940144588,37.56419941258,7.36650874414809e-33,2.88194448673881e-32
"s__GGB1246_SGB1667","fixed",NA,"carrierper",-0.206188401342033,0.238290914766547,-0.865280162040736,37.8715131741317,0.392333362490279,0.542627601127658
"s__GGB1247_SGB1668","fixed",NA,"(Intercept)",-4.94063744537263,0.116994129121924,-42.2297894984441,37.5172295344526,3.07809605038253e-33,1.25538034995993e-32
"s__GGB1247_SGB1668","fixed",NA,"carrierper",-0.17049860581107,0.24380464591791,-0.699324679269968,37.6762840384809,0.488644374619386,0.6169541731928
"s__GGB1266_SGB1699","fixed",NA,"(Intercept)",-5.49356074898984,0.192404976284758,-28.5520720673015,37.6837180850774,3.92956489800446e-27,1.11456749834308e-26
"s__GGB1266_SGB1699","fixed",NA,"carrierper",-0.344721470816616,0.401032552572198,-0.859584760901811,37.8720227068517,0.395426632407443,0.54409309508764
"s__GGB13404_SGB14252","fixed",NA,"(Intercept)",-5.23762616700135,0.0865931813832694,-60.4854341107891,36.4076513871639,3.94522021315604e-38,2.51363287210175e-37
"s__GGB13404_SGB14252","fixed",NA,"carrierper",-0.165776650513277,0.18105825916469,-0.915598389590652,37.0448031298259,0.365799527447563,0.523529598915778
"s__GGB13493_SGB15238","fixed",NA,"(Intercept)",-6.03417781034008,0.0771214672691384,-78.2425182508784,34.937106876522,7.81199141881192e-41,6.96383235048376e-40
"s__GGB13493_SGB15238","fixed",NA,"carrierper",-0.120724106216223,0.161516780422336,-0.747440023882048,35.788214142786,0.459681158471307,0.59387379479523
"s__GGB14025_SGB14906","fixed",NA,"(Intercept)",-5.5608959676912,0.14506390312202,-38.3341124015785,35.7913089036921,1.16737357494017e-30,3.9163500578638e-30
"s__GGB14025_SGB14906","fixed",NA,"carrierper",-0.378406322243517,0.305164315684266,-1.24000842429765,37.2753167798074,0.222721799388757,0.381742202030096
"s__GGB1495_SGB2071","fixed",NA,"(Intercept)",-5.85642246070588,0.215489624687953,-27.1772827540373,38.6163097918867,8.7656988763381e-27,2.42026376054645e-26
"s__GGB1495_SGB2071","fixed",NA,"carrierper",-0.341421639303002,0.451363707532413,-0.756422445148594,39.5242633362339,0.45388129069239,0.589991623475106
"s__GGB1627_SGB2230","fixed",NA,"(Intercept)",-4.78935008129764,0.0965678806827708,-49.5956838592207,37.554002761019,7.72502725136688e-36,3.88743306842978e-35
"s__GGB1627_SGB2230","fixed",NA,"carrierper",-0.15949756997262,0.201290636325056,-0.792374513214088,37.7513445023721,0.433093691154457,0.576841970715861
"s__GGB1663_SGB2279","fixed",NA,"(Intercept)",-5.02227626442278,6.30055846236352e-16,-7971160484302187,5.927875400899e-16,0.999999999999967,1
"s__GGB1663_SGB2279","fixed",NA,"carrierper",-4.15435879303624e-15,1.37517985425124e-15,-3.02095669900445,5.92787542985119e-16,0.999999999999989,1
"s__GGB2653_SGB3574","fixed",NA,"(Intercept)",-4.66537241795461,0.175131616126836,-26.6392357995245,36.6575841612769,1.37843626371108e-25,3.62930054242918e-25
"s__GGB2653_SGB3574","fixed",NA,"carrierper",-0.63497478614381,0.367535088803912,-1.72765759103502,37.8176229290436,0.0922092458838884,0.177314543702762
"s__GGB2734_SGB3677","fixed",NA,"(Intercept)",-6.07579253508976,0.132527999674531,-45.84535003932,36.1334470444755,1.28154864401046e-33,5.38509329200355e-33
"s__GGB2734_SGB3677","fixed",NA,"carrierper",-0.0339243165604531,0.276754366511049,-0.122579155617762,36.5898162796544,0.903111170846864,0.946333116051122
"s__GGB28262_SGB40814","fixed",NA,"(Intercept)",-6.766968071772,0.0405055882160717,-167.062579999444,31.7524386357836,2.51612776193234e-48,5.41401283946821e-47
"s__GGB28262_SGB40814","fixed",NA,"carrierper",0.00170946070698765,0.0852383183142357,0.020055073126685,33.1962619853055,0.984119500488114,0.994478653124831
"s__GGB2848_SGB3813","fixed",NA,"(Intercept)",-5.6150472756289,0.102517124069595,-54.7717986296326,38.4041300702639,4.56066726053088e-38,2.86015715635303e-37
"s__GGB2848_SGB3813","fixed",NA,"carrierper",-1.77874236331586e-05,0.217096739674582,-8.19331679500168e-05,40.9121812814042,0.999935025005578,1
"s__GGB2958_SGB3940","fixed",NA,"(Intercept)",-5.4650516848165,0.0528798020731052,-103.348565436406,39.7991367569865,5.45906518612569e-50,1.33586536319311e-48
"s__GGB2958_SGB3940","fixed",NA,"carrierper",0.0375161970033051,0.112643610737598,0.333052152338214,43.2589818069719,0.74070374178478,0.822439982990536
"s__GGB2980_SGB3962","fixed",NA,"(Intercept)",-6.0855799313402,0.101181126615898,-60.1454059158894,36.9494353988135,1.80442565700101e-38,1.17287667705066e-37
"s__GGB2980_SGB3962","fixed",NA,"carrierper",-0.261207424596073,0.211950047001977,-1.23240088073034,37.8522459159707,0.225399658796991,0.38481364456723
"s__GGB2982_SGB3964","fixed",NA,"(Intercept)",-5.81347321493439,0.104649543103093,-55.5518260524785,36.6852318173463,5.21468340834895e-37,2.95814767891795e-36
"s__GGB2982_SGB3964","fixed",NA,"carrierper",0.0249459062075928,0.219612523912322,0.113590544670176,37.8409307419571,0.910162906535548,0.949077444761153
"s__GGB2983_SGB3965","fixed",NA,"(Intercept)",-5.02469477564735,0.0420856784530977,-119.392034543226,38.1492369328502,1.04226090634449e-50,2.7675353428041e-49
"s__GGB2983_SGB3965","fixed",NA,"carrierper",-0.0832102742264418,0.0883799888906171,-0.941505823557259,39.4228836428064,0.352179587663523,0.51554408627397
"s__GGB2987_SGB3969","fixed",NA,"(Intercept)",-5.2930033067028,0.0804510099718408,-65.7916328030616,38.1019624555049,7.59699518569718e-41,6.82089927464034e-40
"s__GGB2987_SGB3969","fixed",NA,"carrierper",-0.175259706758463,0.168983541632457,-1.03714068876398,39.4058604822095,0.30599292701225,0.474699630696707
"s__GGB2998_SGB3988","fixed",NA,"(Intercept)",-5.62495300202928,0.153131898722917,-36.7327320364994,37.4958786766849,5.25321106604837e-31,1.82618590819731e-30
"s__GGB2998_SGB3988","fixed",NA,"carrierper",-0.347165397738618,0.320701307431836,-1.0825194337956,38.3717768587554,0.285777759886321,0.452602340530621
"s__GGB2998_SGB3989","fixed",NA,"(Intercept)",-5.12404981921838,0.0540901391138035,-94.731681285522,37.4904076975033,3.03980979394524e-46,5.49809075774443e-45
"s__GGB2998_SGB3989","fixed",NA,"carrierper",-0.0870751952945083,0.113563606027445,-0.76675264497558,38.722815446799,0.4478782427052,0.586518412272917
"s__GGB3000_SGB3991","fixed",NA,"(Intercept)",-5.85690480105097,0.065579237512865,-89.3103522269834,35.5273733518867,2.10635309097866e-43,2.655281472264e-42
"s__GGB3000_SGB3991","fixed",NA,"carrierper",0.00543649611052852,0.137436131929671,0.0395565273425368,36.4789574898514,0.968662387403885,0.982837934536625
"s__GGB3002_SGB3993","fixed",NA,"(Intercept)",-6.20890622804147,0.0449717544052036,-138.062352918192,36.0722836493623,9.86110493844811e-51,2.67536064417027e-49
"s__GGB3002_SGB3993","fixed",NA,"carrierper",-0.0507310390348108,0.0939068986897637,-0.540226966736585,36.5187602255303,0.592320135422355,0.702334779417337
"s__GGB3005_SGB3996","fixed",NA,"(Intercept)",-4.7513858268249,0.109872819810122,-43.2444150886093,38.6965655853352,2.24535718711967e-34,9.97226252500125e-34
"s__GGB3005_SGB3996","fixed",NA,"carrierper",-0.334800147073546,0.230868966472063,-1.45017388949961,40.0623407780799,0.154794552502589,0.283260412790661
"s__GGB3033_SGB4029","fixed",NA,"(Intercept)",-4.81340821580691,0.0435462772717319,-110.535469789321,37.8516043681216,3.99887913761155e-49,9.07382029770767e-48
"s__GGB3033_SGB4029","fixed",NA,"carrierper",0.086782390518953,0.0913768283691086,0.949719880497529,39.0109822531101,0.348101507364498,0.514119149338335
"s__GGB3061_SGB4063","fixed",NA,"(Intercept)",-5.68388976437522,0.00392454381697052,-1448.29310856384,26.6080282701835,1.09525266001371e-66,9.76339514069361e-65
"s__GGB3061_SGB4063","fixed",NA,"carrierper",-0.00435650485735038,0.00855811983462231,-0.509049293715884,32.8219289069987,0.614122993611269,0.714282848114504
"s__GGB3109_SGB4119","fixed",NA,"(Intercept)",-5.08528620480736,0.103158678637286,-49.29576718104,35.5663711033062,2.45169618270562e-34,1.08117202686099e-33
"s__GGB3109_SGB4119","fixed",NA,"carrierper",-0.190679018630468,0.215886896609372,-0.883235720301659,36.32113621444,0.382917786211451,0.535141542208165
"s__GGB3189_SGB4212","fixed",NA,"(Intercept)",-4.84806379034961,0.0425619657005151,-113.906012341224,43.0653448789837,4.7130850804671e-55,2.1784926594159e-53
"s__GGB3189_SGB4212","fixed",NA,"carrierper",-0.0481322715471279,0.0893008928599074,-0.538989813042927,44.2584061778186,0.592594970133378,0.702334779417337
"s__GGB32387_SGB47381","fixed",NA,"(Intercept)",-4.88773981552442,0.0309407364045321,-157.971024077128,28.2994460825756,3.08469692166739e-43,3.8497017582409e-42
"s__GGB32387_SGB47381","fixed",NA,"carrierper",-0.0572643663758759,0.0655400230188124,-0.873731252115046,30.4948249658248,0.389093558204567,0.539543067377
"s__GGB3256_SGB4303","fixed",NA,"(Intercept)",-5.53246416511498,0.244850969149285,-22.5952308228025,37.6025984278655,1.76762568292709e-23,4.33398202808057e-23
"s__GGB3256_SGB4303","fixed",NA,"carrierper",0.0510194676539737,0.51148338730391,0.0997480444534151,38.1144723519478,0.921067175609771,0.957112269076598
"s__GGB3277_SGB4327","fixed",NA,"(Intercept)",-4.66948342054582,0.16156446539859,-28.9016734529211,37.7496105256585,2.35520914516414e-27,6.77258297964251e-27
"s__GGB3277_SGB4327","fixed",NA,"carrierper",-0.0388405211364065,0.337311239633719,-0.115147426390484,38.1807281371546,0.908931728867852,0.949077444761153
"s__GGB3278_SGB4328","fixed",NA,"(Intercept)",-5.49450471673045,0.12982797402159,-42.3214238544361,34.9399165609844,1.30150673458818e-31,4.73551138415759e-31
"s__GGB3278_SGB4328","fixed",NA,"carrierper",0.0501233940399055,0.275966373516783,0.181628628883863,37.9086637555827,0.856841886864167,0.911627173748065
"s__GGB3304_SGB4367","fixed",NA,"(Intercept)",-5.03605531032728,0.160394853113174,-31.3978610446674,37.0798203220964,2.58008880750638e-28,7.72170463253708e-28
"s__GGB3304_SGB4367","fixed",NA,"carrierper",-0.445430836653709,0.335402308203471,-1.32804940741043,37.735536306392,0.192139012957061,0.33868571775482
"s__GGB3321_SGB4394","fixed",NA,"(Intercept)",-5.13880230797627,0.052897284523892,-97.1468073310122,34.8941936364474,4.6461575196876e-44,6.42025683235885e-43
"s__GGB3321_SGB4394","fixed",NA,"carrierper",-0.136922039570133,0.113029979569372,-1.21137807944217,38.6631080925924,0.233102763971265,0.393656629818861
"s__GGB3341_SGB4420","fixed",NA,"(Intercept)",-5.30097434554838,0.122063362293261,-43.4280544625065,37.6265526544993,9.34408520293317e-34,3.9936364155002e-33
"s__GGB3341_SGB4420","fixed",NA,"carrierper",-0.182612512094427,0.254426302473032,-0.71774227082431,37.8192543732829,0.477326593516219,0.6084817045028
"s__GGB33469_SGB15236","fixed",NA,"(Intercept)",-4.98601780741085,0.0841847782211586,-59.2270706506142,38.1368644684696,3.77145481874961e-39,2.70504345620662e-38
"s__GGB33469_SGB15236","fixed",NA,"carrierper",-0.19116019985035,0.17585529753281,-1.08703122699323,38.6490992310297,0.283756033956919,0.451117873093293
"s__GGB33469_SGB15237","fixed",NA,"(Intercept)",-5.79822190077833,0.0357036160411307,-162.398729980145,46.0494170762934,3.54893873055794e-65,2.95271702382421e-63
"s__GGB33469_SGB15237","fixed",NA,"carrierper",-0.0404100535572352,0.0752825125580124,-0.536778757564652,48.010708684396,0.593899333851178,0.702546320991725
"s__GGB3351_SGB4434","fixed",NA,"(Intercept)",-5.72269016080326,0.0621336825448094,-92.1028647654383,34.6941762903095,4.66551425851062e-43,5.59861711021275e-42
"s__GGB3351_SGB4434","fixed",NA,"carrierper",-0.0869780541675372,0.130328520616371,-0.66737544288991,35.7551634131247,0.508817015780837,0.63373616336775
"s__GGB33512_SGB15201","fixed",NA,"(Intercept)",-6.38822893853618,0.0428537330985826,-149.070535438311,25.9998910945947,1.17629386239546e-39,8.9513093918874e-39
"s__GGB33512_SGB15201","fixed",NA,"carrierper",-0.0677027999662489,0.0936134568813766,-0.723216535546158,32.3932038053606,0.474736993113719,0.608252296684979
"s__GGB33586_SGB53517","fixed",NA,"(Intercept)",-5.19503652368217,0.0841011359009682,-61.7713003282084,41.60112008476,1.49150347838463e-42,1.67693364056218e-41
"s__GGB33586_SGB53517","fixed",NA,"carrierper",-0.121125519188044,0.177267870996828,-0.683290877850119,43.4646047519894,0.498049458833509,0.623436032722387
"s__GGB3363_SGB4447","fixed",NA,"(Intercept)",-5.61725809993109,0.0931105947493301,-60.3288821755861,33.4636566484993,9.94928422784916e-36,4.92726456998244e-35
"s__GGB3363_SGB4447","fixed",NA,"carrierper",0.0864258339235774,0.194622344679635,0.444069431317568,34.0314044678022,0.659803389699057,0.756833299948918
"s__GGB3363_SGB4448","fixed",NA,"(Intercept)",-5.41180262787766,0.132249445123873,-40.9211745486618,37.2896676950427,1.35653585544865e-32,5.22517514691331e-32
"s__GGB3363_SGB4448","fixed",NA,"carrierper",-0.25575904249507,0.276041413847151,-0.926524172335563,37.6837851122701,0.360069825020632,0.521872420618976
"s__GGB33928_SGB15225","fixed",NA,"(Intercept)",-5.0448978335854,0.0719927043082943,-70.0751261125244,37.0181489009134,5.84147127116112e-41,5.28272184522397e-40
"s__GGB33928_SGB15225","fixed",NA,"carrierper",-0.0358028404407278,0.152230384732912,-0.235188530223739,39.2710762359101,0.815284516096035,0.882749966044661
"s__GGB34228_SGB72916","fixed",NA,"(Intercept)",-5.76252707299857,0.0846330282713635,-68.0883951655596,38.7227233858352,6.31726546592949e-42,6.35802201732258e-41
"s__GGB34228_SGB72916","fixed",NA,"carrierper",-0.0165148765340845,0.176763593043653,-0.0934291742418138,39.2148806156408,0.92603833513022,0.959880267643285
"s__GGB3444_SGB4594","fixed",NA,"(Intercept)",-6.73328572411045,0.103903953784396,-64.8029788941645,26.4938457143395,1.01749626772649e-30,3.46949547028048e-30
"s__GGB3444_SGB4594","fixed",NA,"carrierper",-0.121494480140407,0.221348598816799,-0.548882987242052,29.3424666255632,0.587238602105299,0.702067978219281
"s__GGB3446_SGB4597","fixed",NA,"(Intercept)",-5.45276651043964,0.127742746404968,-42.6855274674725,36.9231718703336,4.99253515827283e-33,1.98429422851098e-32
"s__GGB3446_SGB4597","fixed",NA,"carrierper",-0.215464818199402,0.265988917368415,-0.810051863555525,36.9626858294813,0.423095032608314,0.56926368529316
"s__GGB3463_SGB4621","fixed",NA,"(Intercept)",-6.06170875687604,0.106255483374877,-57.048432366449,40.400337407427,3.06753586221336e-40,2.50214689937403e-39
"s__GGB3463_SGB4621","fixed",NA,"carrierper",0.0549527767777828,0.223539402700974,0.245830382088354,41.9657659595808,0.807011902390591,0.876245750510001
"s__GGB34797_SGB14321","fixed",NA,"(Intercept)",-5.77474184115825,0.0551961856998508,-104.622117777494,31.5420659175174,1.16380430005969e-41,1.15272044958293e-40
"s__GGB34797_SGB14321","fixed",NA,"carrierper",-0.128348058974792,0.118885195985063,-1.07959664709572,36.356408769648,0.287432154477511,0.454070036440423
"s__GGB34900_SGB14891","fixed",NA,"(Intercept)",-5.74714440628843,0.0639399381188355,-89.8834840222566,31.3062136930323,2.36646131674538e-39,1.72710159257206e-38
"s__GGB34900_SGB14891","fixed",NA,"carrierper",-0.138912284834174,0.1351624657056,-1.02774305062429,33.3467931529768,0.311468193847048,0.479300007301006
"s__GGB35068_SGB47850","fixed",NA,"(Intercept)",-6.03469566426265,0.101766499613341,-59.2994323985918,35.9236566740557,1.93664445358919e-37,1.13470998970859e-36
"s__GGB35068_SGB47850","fixed",NA,"carrierper",-0.312091908820891,0.214275737646853,-1.45649671889241,37.5383443645108,0.153569507230459,0.281845213270019
"s__GGB3510_SGB4687","fixed",NA,"(Intercept)",-5.18345716392312,0.119814235984567,-43.2624480833043,32.8800064366117,1.45351070546246e-30,4.83728362777907e-30
"s__GGB3510_SGB4687","fixed",NA,"carrierper",-0.234236271477304,0.253929122182473,-0.922447450942559,35.33791049728,0.362550792208856,0.521872420618976
"s__GGB3534_SGB4722","fixed",NA,"(Intercept)",-6.25513400066446,0.0794021663322504,-78.7778758389347,30.8064513880055,4.26951027315188e-37,2.4441967068319e-36
"s__GGB3534_SGB4722","fixed",NA,"carrierper",-0.00120232994947055,0.167604779837221,-0.00717360179487877,32.6339688419531,0.994320017527183,1
"s__GGB3538_SGB4728","fixed",NA,"(Intercept)",-5.4004734641168,0.0446096971063937,-121.060527517968,11.3046946490571,5.88362638930546e-19,1.28820451471109e-18
"s__GGB3538_SGB4728","fixed",NA,"carrierper",0.0587304837095981,0.0967706893016301,0.606903641313722,14.192335803543,0.553500653355775,0.67326395261989
"s__GGB3570_SGB4777","fixed",NA,"(Intercept)",-5.34941639016235,0.0379063575377849,-141.121878693569,39.3769255961433,7.05542007517639e-55,3.14470151922148e-53
"s__GGB3570_SGB4777","fixed",NA,"carrierper",0.0227370909709831,0.0812674710100498,0.279780958954308,43.866666949963,0.780960628729601,0.857202167682095
"s__GGB3588_SGB4808","fixed",NA,"(Intercept)",-5.391242429599,0.0690981791579945,-78.0229304924491,36.2255672410097,5.82458863557978e-42,5.95826771901932e-41
"s__GGB3588_SGB4808","fixed",NA,"carrierper",-0.124457687624742,0.144259025176506,-0.862737617091643,36.6462412918657,0.393892846860305,0.543180412023934
"s__GGB3614_SGB4886","fixed",NA,"(Intercept)",-4.75783747880695,0.109165984948579,-43.5835162486561,36.5298143928427,4.24559033374195e-33,1.70369669984243e-32
"s__GGB3614_SGB4886","fixed",NA,"carrierper",-0.189083947421238,0.227654727078548,-0.830573341690366,36.7909122622195,0.41157236467471,0.560133381803749
"s__GGB3619_SGB4894","fixed",NA,"(Intercept)",-5.31015136164448,0.127137081480529,-41.7671327657285,36.1012939262154,3.66332115363834e-32,1.37292036028248e-31
"s__GGB3619_SGB4894","fixed",NA,"carrierper",-0.300682597420446,0.266123446741511,-1.12986135232385,36.8904738309936,0.26582776962078,0.432732072277078
"s__GGB3626_SGB4905","fixed",NA,"(Intercept)",-5.54337189059851,0.0676207504060406,-81.9773790931388,39.7879027253335,5.40819259697106e-46,9.64203480145697e-45
"s__GGB3626_SGB4905","fixed",NA,"carrierper",-0.0764172151253122,0.141239018645707,-0.5410488961057,40.2925092576255,0.591452851664532,0.702315089321919
"s__GGB36267_SGB14177","fixed",NA,"(Intercept)",-5.33262054665155,0.0180465873829121,-295.491908442528,33.1623005327686,2.6348115779964e-58,1.64412242466975e-56
"s__GGB36267_SGB14177","fixed",NA,"carrierper",-0.0288897186696259,0.0389421616288127,-0.741862224932345,38.3894979808249,0.46268563659861,0.596520324870936
"s__GGB3653_SGB4964","fixed",NA,"(Intercept)",-4.5998683338043,0.0880875020961202,-52.2193072155114,35.5706776272446,3.22242372525934e-35,1.50621153899762e-34
"s__GGB3653_SGB4964","fixed",NA,"carrierper",-0.227475641323333,0.185624035419697,-1.22546436838855,37.2928881834383,0.228083602857513,0.387804272978442
"s__GGB36599_SGB9269","fixed",NA,"(Intercept)",-4.69326700288738,0.0744975393431471,-62.998953311323,45.209511031664,1.07688303322204e-45,1.81614868305555e-44
"s__GGB36599_SGB9269","fixed",NA,"carrierper",-0.110833605279997,0.156905433772927,-0.706372001369916,46.9941707094062,0.483444421751296,0.61377277552962
"s__GGB3730_SGB5060","fixed",NA,"(Intercept)",-5.25507130484158,0.0904947352753148,-58.0704644182219,37.9196283237254,1.16497371943567e-38,7.77479787088618e-38
"s__GGB3730_SGB5060","fixed",NA,"carrierper",-0.21988406183935,0.189151088213364,-1.16247843941199,38.5184152838393,0.252193210573867,0.415220483899981
"s__GGB3746_SGB5089","fixed",NA,"(Intercept)",-4.11706419268215,0.223212687855836,-18.4445796170028,36.2000481950317,5.41553909425476e-20,1.19833205489893e-19
"s__GGB3746_SGB5089","fixed",NA,"carrierper",-0.572441630798537,0.469301059761149,-1.21977485218099,37.6127741794295,0.230143733013509,0.390227308414258
"s__GGB3815_SGB5180","fixed",NA,"(Intercept)",-5.25000224491389,0.0833117988792297,-63.0163112013028,38.5096399812966,1.82470707472563e-40,1.51815628617173e-39
"s__GGB3815_SGB5180","fixed",NA,"carrierper",-0.187704803770718,0.17547017079845,-1.06972485931139,40.2141053928021,0.29112212819797,0.458159414868937
"s__GGB3817_SGB5182","fixed",NA,"(Intercept)",-5.3254129269341,0.0730335677099863,-72.9173323160267,35.4626345949352,3.11002048614192e-40,2.52032829006825e-39
"s__GGB3817_SGB5182","fixed",NA,"carrierper",0.0553424695407359,0.153171800316339,0.361309780432427,36.5165727532059,0.719950028056595,0.808001470336898
"s__GGB3818_SGB5183","fixed",NA,"(Intercept)",-4.48747262595028,0.0682601063284202,-65.7407798979932,43.1567142580273,6.61797098440248e-45,1.00722290104077e-43
"s__GGB3818_SGB5183","fixed",NA,"carrierper",-0.0427627012798565,0.144192579003198,-0.296566588762576,45.3708609836566,0.768150814836322,0.846118461531977
"s__GGB3819_SGB5184","fixed",NA,"(Intercept)",-4.74195084266595,0.066917169902133,-70.8629915102672,36.2461200849254,1.78751545868503e-40,1.49719415599928e-39
"s__GGB3819_SGB5184","fixed",NA,"carrierper",0.0506641494230428,0.139875093570208,0.362209941240274,36.8390748798273,0.71926479666992,0.808001470336898
"s__GGB3828_SGB5197","fixed",NA,"(Intercept)",-5.56876336509107,0.116742994048656,-47.7010497329724,36.9780287302795,8.12809486127878e-35,3.67531245901301e-34
"s__GGB3828_SGB5197","fixed",NA,"carrierper",-0.303828127810543,0.244837567565427,-1.24093753598231,38.0486684800187,0.222225798809877,0.381482526705263
"s__GGB42389_SGB59559","fixed",NA,"(Intercept)",-6.23824669137336,0.0900709360173336,-69.2592635006352,40.4014054484786,1.30813694840676e-43,1.71847885432804e-42
"s__GGB42389_SGB59559","fixed",NA,"carrierper",0.0165952700472886,0.191074754148552,0.0868522381265843,43.22397667858,0.931190072976244,0.962053407507581
"s__GGB4266_SGB5809","fixed",NA,"(Intercept)",-4.55041899132806,0.121091469861732,-37.5783611886448,37.1730839976115,3.54274093868926e-31,1.25606269644438e-30
"s__GGB4266_SGB5809","fixed",NA,"carrierper",-0.185532602618966,0.252204915125741,-0.735642295180749,37.2510181143596,0.466555394323755,0.60088868123431
"s__GGB4285_SGB5849","fixed",NA,"(Intercept)",-3.71043916560764,0.0297202454009691,-124.845509030913,8.23444466716171,8.66005259221483e-15,1.7923292927171e-14
"s__GGB4285_SGB5849","fixed",NA,"carrierper",0.194724502590522,0.0618675019194361,3.14744407886538,8.27116702357353,0.0130889262975592,0.0260942172833129
"s__GGB42994_SGB4746","fixed",NA,"(Intercept)",-5.04532784630726,0.107846574204268,-46.7824581683154,36.2707403086906,5.02432226240931e-34,2.20012427490765e-33
"s__GGB42994_SGB4746","fixed",NA,"carrierper",-0.226318284812611,0.225116849359816,-1.0053369414871,36.6670897005842,0.321323290457816,0.487255730852192
"s__GGB4684_SGB6478","fixed",NA,"(Intercept)",-4.58208213621401,0.137215688101812,-33.3932817712081,37.6906232134545,1.32641452656419e-29,4.1907983016509e-29
"s__GGB4684_SGB6478","fixed",NA,"carrierper",-0.321007763919025,0.286663285644227,-1.11980773260732,38.2158283179646,0.269784408075232,0.436128162277058
"s__GGB4716_SGB14929","fixed",NA,"(Intercept)",-5.10359449762878,0.0647683242633733,-78.7976924781251,39.6185106557722,3.65576276628087e-45,5.84922042604939e-44
"s__GGB4716_SGB14929","fixed",NA,"carrierper",0.198675917039518,0.135529019710306,1.46592897568498,40.3906406871189,0.150410066438107,0.277071739073544
"s__GGB47687_SGB2286","fixed",NA,"(Intercept)",-4.61642638847909,0.0698495684649949,-66.0909793707976,35.3897988563911,1.13987256767362e-38,7.68543050054806e-38
"s__GGB47687_SGB2286","fixed",NA,"carrierper",-0.0384350994668788,0.145669857899058,-0.263850737696968,35.6525677829144,0.793414088304501,0.867473787290239
"s__GGB4774_SGB6609","fixed",NA,"(Intercept)",-5.1863721749615,0.0659621749620531,-78.626457935099,44.0334963667737,5.41296123065717e-49,1.20631707426074e-47
"s__GGB4774_SGB6609","fixed",NA,"carrierper",-0.114657907561368,0.139683478001181,-0.820840869672496,46.6412662047976,0.41591269711265,0.563953044393633
"s__GGB51441_SGB71759","fixed",NA,"(Intercept)",-5.7119546205865,0.133676510754188,-42.7296806922944,37.1582307481047,3.39454819040134e-33,1.37100198757957e-32
"s__GGB51441_SGB71759","fixed",NA,"carrierper",-0.250520430184044,0.281095918298507,-0.891227562820767,38.6087117284544,0.378327753733634,0.533345994757945
"s__GGB51510_SGB71883","fixed",NA,"(Intercept)",-5.67194383673344,0.127449764442119,-44.5033685355249,40.0324424545607,1.0309656864507e-35,5.08555405806511e-35
"s__GGB51510_SGB71883","fixed",NA,"carrierper",-0.413074964643909,0.269236585668136,-1.53424529440835,42.2059372997008,0.132432207492594,0.248534428497379
"s__GGB51647_SGB4348","fixed",NA,"(Intercept)",-5.10140461881732,0.22133008350851,-23.048853269064,37.6229370261351,8.63205744156637e-24,2.14597762690734e-23
"s__GGB51647_SGB4348","fixed",NA,"carrierper",-0.660766467895394,0.467631634280704,-1.41300634828045,39.7714070976139,0.165432604437626,0.298784211777362
"s__GGB51884_SGB49168","fixed",NA,"(Intercept)",-5.25230691811398,0.0946868392974213,-55.4702951021095,36.4816619851105,7.83960471191876e-37,4.31005580637648e-36
"s__GGB51884_SGB49168","fixed",NA,"carrierper",-0.173661814158287,0.197547374981096,-0.879089454744239,36.8063747631708,0.385056133544191,0.536927435377822
"s__GGB52106_SGB72838","fixed",NA,"(Intercept)",-5.48745140028761,0.0554967475985937,-98.8787926812971,37.6974725126567,3.81366850076202e-47,7.43665357648594e-46
"s__GGB52106_SGB72838","fixed",NA,"carrierper",-0.0893027692049597,0.1158670481858,-0.770734825847613,38.1308281909596,0.44561371732646,0.584509691370389
"s__GGB52130_SGB14966","fixed",NA,"(Intercept)",-6.0761096672834,0.147834287411298,-41.1008147952762,33.6708240880828,2.32864802514555e-30,7.66794916987242e-30
"s__GGB52130_SGB14966","fixed",NA,"carrierper",-0.011634357615563,0.310362354048262,-0.0374863686391355,34.8359256584261,0.970311208175489,0.983711119255085
"s__GGB55957_SGB77276","fixed",NA,"(Intercept)",-5.25448840298961,0.0824852165713698,-63.7021835111896,35.4343684226467,3.81441353979822e-38,2.4538082977671e-37
"s__GGB55957_SGB77276","fixed",NA,"carrierper",-0.194613518409378,0.175156692810037,-1.11108239877789,38.2698179274208,0.273464894404649,0.441041970585967
"s__GGB58158_SGB79798","fixed",NA,"(Intercept)",-6.32520700540043,0.105488631398164,-59.96103012775,31.3927914295304,5.95853625630384e-34,2.58203237773166e-33
"s__GGB58158_SGB79798","fixed",NA,"carrierper",-0.0736199981826379,0.222783501294762,-0.330455342315643,33.3087802229963,0.743125578921643,0.822911022621304
"s__GGB58233_SGB79883","fixed",NA,"(Intercept)",-5.83814428121572,0.107335641728476,-54.3914787968039,34.8171685915813,2.85785317746973e-35,1.34588708131404e-34
"s__GGB58233_SGB79883","fixed",NA,"carrierper",-0.0146030017734414,0.226774895499823,-0.0643942608429195,36.8917484002196,0.949003969629634,0.972378451640216
"s__GGB58485_SGB80143","fixed",NA,"(Intercept)",-6.51110113307223,0.136233314919542,-47.7937510139691,37.8975877247617,1.7636861563472e-35,8.43325794299352e-35
"s__GGB58485_SGB80143","fixed",NA,"carrierper",-0.312807390724829,0.285300631587436,-1.09641324305643,38.7721497452867,0.279661461990228,0.447458339184365
"s__GGB6020_SGB14985","fixed",NA,"(Intercept)",-5.65459843808599,0.0836076548325652,-67.6325445249006,38.3270410491939,1.74066108977944e-41,1.67103464618826e-40
"s__GGB6020_SGB14985","fixed",NA,"carrierper",-0.169309955422606,0.178167808488729,-0.950283650333593,41.8040073542214,0.347430067209733,0.514119149338335
"s__GGB6518_SGB9205","fixed",NA,"(Intercept)",-5.13966194999955,3.68011525886815e-16,-13966035269178764,2.05182662661981e-16,0.999999999999988,1
"s__GGB6518_SGB9205","fixed",NA,"carrierper",-1.6618117580341e-15,8.03231800771584e-16,-2.06890682918401,2.05182698415045e-16,0.999999999999996,1
"s__GGB6547_SGB9247","fixed",NA,"(Intercept)",-4.22181011772581,0.134754086220057,-31.3297372729127,37.317212797656,2.10423138041368e-28,6.31269414124104e-28
"s__GGB6547_SGB9247","fixed",NA,"carrierper",-0.0396324855355135,0.280687309638045,-0.141197995686448,37.4091521191589,0.888471152871685,0.934129737812858
"s__GGB6565_SGB9274","fixed",NA,"(Intercept)",-5.86771417601614,0.126109305557781,-46.5287961904417,37.0407019740219,1.82227546708626e-34,8.15125370223533e-34
"s__GGB6565_SGB9274","fixed",NA,"carrierper",-0.19169274027681,0.262592275582126,-0.73000144369006,37.0828264392476,0.469976003979031,0.604154771594598
"s__GGB6569_SGB9281","fixed",NA,"(Intercept)",-4.17652141664966,0.102575610053286,-40.7165154999327,36.8866899726721,2.90426909302602e-32,1.09834176608984e-31
"s__GGB6569_SGB9281","fixed",NA,"carrierper",-0.19713782511008,0.21365848827712,-0.92267724395011,36.9765469837414,0.362157160206984,0.521872420618976
"s__GGB6612_SGB9346","fixed",NA,"(Intercept)",-5.18462991952945,0.0523238982041933,-99.0872258656359,34.7851924314233,3.01388020960876e-44,4.32335919723187e-43
"s__GGB6612_SGB9346","fixed",NA,"carrierper",0.190420483289281,0.109742887898156,1.73515101466982,35.8360332741508,0.0913079394610468,0.175852327850905
"s__GGB77437_SGB9391","fixed",NA,"(Intercept)",-5.72586545543408,0.0819524126256392,-69.8681743707777,36.6957052682945,1.22669556675123e-40,1.05580418434864e-39
"s__GGB77437_SGB9391","fixed",NA,"carrierper",-0.160191365976817,0.171412381161172,-0.934537895638916,37.3827485265033,0.356024230610599,0.519670455908804
"s__GGB781_SGB1024","fixed",NA,"(Intercept)",-5.30846178653038,0.18182872489624,-29.1948469063929,36.9441149872249,4.02632568461561e-27,1.13942277877557e-26
"s__GGB781_SGB1024","fixed",NA,"carrierper",0.318368419251797,0.379127894790537,0.839738841763915,37.1844218051123,0.406421678620766,0.554939009757894
"s__GGB79630_SGB13983","fixed",NA,"(Intercept)",-5.0242518467751,0.0817940762917213,-61.4256199783458,35.7830119619527,7.17384187554014e-38,4.38870326503632e-37
"s__GGB79630_SGB13983","fixed",NA,"carrierper",0.381180413467986,0.17115708246207,2.22707940556569,36.5245592347461,0.0321918176751905,0.0638718417466418
"s__GGB79734_SGB15291","fixed",NA,"(Intercept)",-5.51612619223733,0.125283532973923,-44.0291398342469,33.5799505224585,2.7547965679813e-31,9.85096308550335e-31
"s__GGB79734_SGB15291","fixed",NA,"carrierper",0.0962898066064642,0.263562201677979,0.365339969060174,35.024694937938,0.717054761209249,0.808001470336898
"s__GGB79916_SGB4587","fixed",NA,"(Intercept)",-4.89767985128886,0.162090576985642,-30.215697558549,35.6751486077532,5.20676883924632e-27,1.46682788067255e-26
"s__GGB79916_SGB4587","fixed",NA,"carrierper",-0.549306745539854,0.342355888496781,-1.60449042647332,37.7290016791351,0.116945405276155,0.221805267149912
"s__GGB79973_SGB14341","fixed",NA,"(Intercept)",-5.54266788866012,0.087412008101908,-63.4085408745933,37.0803999955454,2.04316852391832e-39,1.49992606932356e-38
"s__GGB79973_SGB14341","fixed",NA,"carrierper",-0.156302159105499,0.18214013527671,-0.85814232468886,37.2240400254121,0.396305891600031,0.544702370833523
"s__GGB80011_SGB15265","fixed",NA,"(Intercept)",-4.68949849983779,0.146424441009976,-32.0267468155695,38.2205973042267,3.224291336385e-29,9.93559404397155e-29
"s__GGB80011_SGB15265","fixed",NA,"carrierper",-0.299207448908378,0.308861191835719,-0.968744072798646,40.1397641354832,0.338474131043479,0.507484299358858
"s__GGB80011_SGB15267","fixed",NA,"(Intercept)",-3.98216481383875,0.0632049492254286,-63.0040030510245,37.2142401567405,2.01576548354666e-39,1.48856528015753e-38
"s__GGB80011_SGB15267","fixed",NA,"carrierper",-0.100329676608709,0.131730344310127,-0.761629198907333,37.3919107153888,0.451058612987368,0.587641595671456
"s__GGB80140_SGB15224","fixed",NA,"(Intercept)",-4.76151212850485,0.0975504176918655,-48.810781554469,37.035100895987,3.20891028690247e-35,1.50553384889259e-34
"s__GGB80140_SGB15224","fixed",NA,"carrierper",-0.195125723762057,0.203172908165099,-0.960392433835209,37.1117799774063,0.343073515717533,0.511399056045876
"s__GGB8965_SGB13825","fixed",NA,"(Intercept)",-6.43140952653733,0.0904855497128564,-71.0766475635782,37.9563560910445,5.4503339296741e-42,5.62150144151511e-41
"s__GGB8965_SGB13825","fixed",NA,"carrierper",0.0684085222278351,0.189379085852268,0.361225327073338,38.7433799915253,0.719893430959082,0.808001470336898
"s__GGB9059_SGB13976","fixed",NA,"(Intercept)",-5.5217059638678,0.0633562479107072,-87.1532981506413,47.8264465709474,2.31929129551129e-54,9.64825178932697e-53
"s__GGB9059_SGB13976","fixed",NA,"carrierper",-0.0717539859865578,0.13407333850542,-0.535184599611183,50.3589758856084,0.594877766871816,0.70303736084851
"s__GGB9060_SGB13977","fixed",NA,"(Intercept)",-5.37111188185519,0.129224101615571,-41.5643197724347,36.5954239221137,2.11039418748317e-32,8.05434845865137e-32
"s__GGB9060_SGB13977","fixed",NA,"carrierper",-0.248677093580441,0.269654807368439,-0.922205303911621,36.9480746413111,0.362404551659786,0.521872420618976
"s__GGB9061_SGB13979","fixed",NA,"(Intercept)",-5.97414427052406,0.135284538746375,-44.1598450634784,37.4450101555758,6.62850894700786e-34,2.85254453995373e-33
"s__GGB9061_SGB13979","fixed",NA,"carrierper",-0.212942329403666,0.28183900902328,-0.755545976909383,37.561581205058,0.454633575876101,0.589991623475106
"s__GGB9062_SGB13981","fixed",NA,"(Intercept)",-4.3354634582443,0.0718725534140279,-60.3215449055983,37.1996017507265,1.02924424864503e-38,7.01910831862841e-38
"s__GGB9062_SGB13981","fixed",NA,"carrierper",-0.139491865007162,0.14986767184688,-0.930766877793908,37.4478881311154,0.357936028575298,0.521850658483612
"s__GGB9063_SGB13982","fixed",NA,"(Intercept)",-4.79135554389509,0.10518281023945,-45.5526481274601,36.8274797889929,5.48340736117817e-34,2.39275957578684e-33
"s__GGB9063_SGB13982","fixed",NA,"carrierper",-0.230920981104546,0.219216267880024,-1.05339345176211,37.0020841988311,0.298991116167857,0.468769991177746
"s__GGB9082_SGB14007","fixed",NA,"(Intercept)",-6.15485829551038,0.182002559449961,-33.8174271510867,37.0410005357732,1.89118359879912e-29,5.93014354598318e-29
"s__GGB9082_SGB14007","fixed",NA,"carrierper",-0.368020710346501,0.379199863163822,-0.970519101130342,37.1697706946401,0.338061235547806,0.507484299358858
"s__GGB9186_SGB14125","fixed",NA,"(Intercept)",-4.91347778637814,0.0493289738386163,-99.6063247221194,35.5324842837588,4.37939413168046e-45,6.91833402068002e-44
"s__GGB9186_SGB14125","fixed",NA,"carrierper",-0.125101162984859,0.103672331687691,-1.20669768826771,36.878129442615,0.235232425551475,0.394614182491258
"s__GGB9189_SGB14128","fixed",NA,"(Intercept)",-5.54570027428107,0.0756493832035289,-73.3079377443275,35.358169056751,3.18550755062979e-40,2.5648473697974e-39
"s__GGB9189_SGB14128","fixed",NA,"carrierper",-0.164265070926966,0.158581603377863,-1.03583938759631,36.3437930494265,0.307120377982482,0.474699630696707
"s__GGB9261_SGB14209","fixed",NA,"(Intercept)",-6.09653353237084,0.180579810002015,-33.7608813095042,36.689167609716,3.12888096165783e-29,9.66545405977467e-29
"s__GGB9261_SGB14209","fixed",NA,"carrierper",-0.35939859699663,0.377077719849347,-0.953115440340045,37.140365287134,0.346693865133568,0.514119149338335
"s__GGB9290_SGB14247","fixed",NA,"(Intercept)",-5.84058570402818,0.0649789032343422,-89.8843380437569,45.0917413218836,1.64887124510627e-52,6.05232739380185e-51
"s__GGB9290_SGB14247","fixed",NA,"carrierper",-0.0987165859065348,0.137430361777034,-0.718302597985528,47.5173169214452,0.476087919398215,0.608366809589746
"s__GGB9342_SGB14306","fixed",NA,"(Intercept)",-5.46180652964298,0.0371319237387128,-147.09193544822,16.0314521612902,1.58265131746278e-26,4.32198871814781e-26
"s__GGB9342_SGB14306","fixed",NA,"carrierper",-0.053893587580778,0.0793469399935038,-0.679214442109428,18.3158005376667,0.505495472679398,0.630427439803264
"s__GGB9345_SGB14311","fixed",NA,"(Intercept)",-4.67474727619941,0.0699407400622999,-66.838687609473,36.1816463608974,1.65882853749618e-39,1.23965150586541e-38
"s__GGB9345_SGB14311","fixed",NA,"carrierper",-0.118426978057048,0.146012740133665,-0.811072910135349,36.5968857092022,0.422567447826346,0.56926368529316
"s__GGB9359_SGB14334","fixed",NA,"(Intercept)",-6.22654123451291,0.0435747931721821,-142.89319079288,25.1106598240995,4.49938258136094e-38,2.83597447552447e-37
"s__GGB9359_SGB14334","fixed",NA,"carrierper",0.0995463076295248,0.0937719207390162,1.06157906167433,29.2242893724015,0.297121352833698,0.466424463316295
"s__GGB9444_SGB14834","fixed",NA,"(Intercept)",-5.11612639740376,0.0489271055724197,-104.566299958846,47.1370858337724,1.86337247617733e-57,1.01108210881274e-55
"s__GGB9444_SGB14834","fixed",NA,"carrierper",0.0136649120335423,0.103793823451812,0.131654385387263,50.0551900353294,0.895785430798551,0.94102711922272
"s__GGB9453_SGB14844","fixed",NA,"(Intercept)",-5.65625942085064,0.0946023909724623,-59.7898146411237,28.0153756423287,4.26833608139756e-31,1.49631557010791e-30
"s__GGB9453_SGB14844","fixed",NA,"carrierper",0.261683462690091,0.200973640701014,1.30207853018592,30.5829515901489,0.202611325757191,0.356139344429541
"s__GGB9453_SGB14845","fixed",NA,"(Intercept)",-5.66927987274874,0.151872233614096,-37.3292717031754,35.7715933866678,3.03397934876528e-30,9.93807408729413e-30
"s__GGB9453_SGB14845","fixed",NA,"carrierper",-0.163691360153044,0.317711494289668,-0.515220138695394,36.4747861114109,0.609507843426901,0.710902606165207
"s__GGB9469_SGB14863","fixed",NA,"(Intercept)",-5.22044063026456,0.110877637881172,-47.082899041007,36.9207880981676,1.43004554033437e-34,6.41977278538593e-34
"s__GGB9469_SGB14863","fixed",NA,"carrierper",-0.0480511678669036,0.23088655710833,-0.208115918348414,36.9695924561027,0.836280769304467,0.898174182523214
"s__GGB9480_SGB14874","fixed",NA,"(Intercept)",-5.92331912630398,0.15776396001188,-37.5454516092137,35.1026715912624,6.24247906882006e-30,2.01307852141794e-29
"s__GGB9480_SGB14874","fixed",NA,"carrierper",0.341740307221762,0.333604842960702,1.02438652925077,37.3088208180355,0.31224914974168,0.479910023248297
"s__GGB9501_SGB14898","fixed",NA,"(Intercept)",-5.83243735295258,0.171964412234875,-33.9165370157312,36.8482034122192,2.17212456639668e-29,6.77702864715765e-29
"s__GGB9501_SGB14898","fixed",NA,"carrierper",-0.565502829437197,0.359703648679585,-1.57213537175135,37.5449365531073,0.12430950538523,0.234702364176652
"s__GGB9512_SGB14909","fixed",NA,"(Intercept)",-5.67440134988596,0.18453470855944,-30.7497781538381,36.8194280779335,7.37784105965752e-28,2.17159095340863e-27
"s__GGB9512_SGB14909","fixed",NA,"carrierper",0.288813489214417,0.384814806715467,0.75052592617094,37.0762282924774,0.457674941658379,0.592508638163544
"s__GGB9522_SGB14921","fixed",NA,"(Intercept)",-5.30119157730574,0.0413975985837071,-128.055533621995,37.3475967567501,5.60755176152161e-51,1.59050559054067e-49
"s__GGB9522_SGB14921","fixed",NA,"carrierper",-0.1077438590972,0.0869954157933548,-1.23850042113863,38.7095143945304,0.222988834358926,0.381742202030096
"s__GGB9523_SGB14922","fixed",NA,"(Intercept)",-5.20818081926322,0.136499939356324,-38.1551877885281,36.5458313832501,4.83402906358826e-31,1.68515873501624e-30
"s__GGB9523_SGB14922","fixed",NA,"carrierper",-0.173330211142052,0.284650607171643,-0.608922681965456,36.8037617622098,0.546316214981177,0.666944265205956
"s__GGB9531_SGB14932","fixed",NA,"(Intercept)",-5.90235750628326,0.0392640450995313,-150.324743447122,15.3590201247324,9.4014401697508e-26,2.48580451945953e-25
"s__GGB9531_SGB14932","fixed",NA,"carrierper",-0.0764532380762498,0.0845049238052023,-0.904719330349165,18.2607930017215,0.377396053031642,0.533345994757945
"s__GGB9534_SGB14937","fixed",NA,"(Intercept)",-5.53978691026986,0.155498939404091,-35.6258822825392,36.3583794334031,7.11727607092433e-30,2.28338317134025e-29
"s__GGB9534_SGB14937","fixed",NA,"carrierper",0.0548535474840697,0.32533014318639,0.168608868968661,37.0805130412878,0.867020675415507,0.919321837653826
"s__GGB9537_SGB14940","fixed",NA,"(Intercept)",-6.01453108949615,0.0738528193040637,-81.439424333056,41.5154565117825,1.97899300766364e-47,3.9202909104194e-46
"s__GGB9537_SGB14940","fixed",NA,"carrierper",0.0103879096113281,0.156357925254361,0.0664367322246646,44.0510320707675,0.94733074400602,0.972378451640216
"s__GGB9561_SGB14972","fixed",NA,"(Intercept)",-6.16097909510713,0.128261681552054,-48.0344481731027,37.2049586885726,4.39289631758809e-35,2.03049429790738e-34
"s__GGB9561_SGB14972","fixed",NA,"carrierper",-0.236960826706005,0.268246003672351,-0.883371321331745,37.8815851671967,0.382607661417301,0.535141542208165
"s__GGB9581_SGB4365","fixed",NA,"(Intercept)",-5.65335626414791,0.0997722848303962,-56.6625919588602,39.0607483526953,4.03122520013412e-39,2.85850514191328e-38
"s__GGB9581_SGB4365","fixed",NA,"carrierper",-0.116194857903205,0.20820420390974,-0.558081228530704,39.4281254154005,0.579944325471442,0.697274102300925
"s__GGB9602_SGB15028","fixed",NA,"(Intercept)",-5.13436007604204,0.0800486539919302,-64.1404923130829,35.7943487686446,1.51430002815073e-38,9.94656018490585e-38
"s__GGB9602_SGB15028","fixed",NA,"carrierper",-0.149636710611504,0.167760118988682,-0.891968314719659,36.7492311819793,0.378213363426837,0.533345994757945
"s__GGB9602_SGB15031","fixed",NA,"(Intercept)",-5.10791086697008,0.103953484032094,-49.1365047985605,37.2767851864041,1.70379981053857e-35,8.17823909058514e-35
"s__GGB9602_SGB15031","fixed",NA,"carrierper",-0.167813176570232,0.21706688354485,-0.773094328484053,37.7287214974725,0.44428334177427,0.584509691370389
"s__GGB9603_SGB15035","fixed",NA,"(Intercept)",-5.03772315420046,0.0398269351519479,-126.49035470544,38.456430216366,5.31595059244298e-52,1.79305576739698e-50
"s__GGB9603_SGB15035","fixed",NA,"carrierper",-0.0646500150857102,0.0852420298832692,-0.758428854571415,42.6380469272212,0.452366364109917,0.58868949156327
"s__GGB9608_SGB15041","fixed",NA,"(Intercept)",-5.24055498329389,0.0813393324323214,-64.4283008795813,36.9136806519846,1.55564482029952e-39,1.16954502152639e-38
"s__GGB9608_SGB15041","fixed",NA,"carrierper",-0.151990210638687,0.169648382487537,-0.89591311399537,37.1959411320971,0.376060865009262,0.533345994757945
"s__GGB9614_SGB15049","fixed",NA,"(Intercept)",-4.7948178753703,0.176234886746838,-27.2069733971463,36.4704290988437,8.05236597583481e-26,2.1427191338682e-25
"s__GGB9614_SGB15049","fixed",NA,"carrierper",-0.616478755684644,0.370353183920999,-1.66456988207275,37.8197565100269,0.104263408201668,0.199266054265975
"s__GGB9616_SGB15051","fixed",NA,"(Intercept)",-5.36007760807516,0.111888931466235,-47.9053427165194,37.1025377851847,5.70587001821069e-35,2.6083977226106e-34
"s__GGB9616_SGB15051","fixed",NA,"carrierper",-0.233382211490905,0.234213958038635,-0.996448774638818,37.9060336576025,0.32535083478222,0.491571237055945
"s__GGB9616_SGB15052","fixed",NA,"(Intercept)",-5.40556670527795,0.133351266382793,-40.5362982437748,35.5657566080916,2.29096567664458e-31,8.26336752731918e-31
"s__GGB9616_SGB15052","fixed",NA,"carrierper",-0.433065335916526,0.280188495885518,-1.54562140229152,36.8772832967233,0.130735518100685,0.245719768960324
"s__GGB9618_SGB15065","fixed",NA,"(Intercept)",-5.91678131434005,0.0738979291260526,-80.0669434761481,37.4761372210328,1.66335040634242e-43,2.14006320321169e-42
"s__GGB9618_SGB15065","fixed",NA,"carrierper",0.125567462353833,0.156098943380037,0.804409431831498,39.5888621812262,0.425964974573742,0.57185202739171
"s__GGB9619_SGB15066","fixed",NA,"(Intercept)",-5.08352049873936,0.0732085354399906,-69.4389044690881,36.081280847115,5.13318343887869e-40,3.96478505103104e-39
"s__GGB9619_SGB15066","fixed",NA,"carrierper",0.18122442898728,0.153044726167729,1.18412723865223,36.6905241657489,0.243977322575951,0.405437681191461
"s__GGB9619_SGB15067","fixed",NA,"(Intercept)",-5.66548088513661,0.146876768901689,-38.5730223200156,34.6805225962359,4.49073215674328e-30,1.45948795094157e-29
"s__GGB9619_SGB15067","fixed",NA,"carrierper",-0.0708722524589181,0.311801266594733,-0.227299437340115,37.4460873284281,0.821427359162036,0.886034005388263
"s__GGB9621_SGB15073","fixed",NA,"(Intercept)",-5.12286816951772,0.120201190506176,-42.6191134043259,34.197553950611,3.14802226851501e-31,1.11929680658312e-30
"s__GGB9621_SGB15073","fixed",NA,"carrierper",0.356120302750237,0.252425922655531,1.41079132841761,35.4130713968901,0.167030862856654,0.300800168607654
"s__GGB9627_SGB15081","fixed",NA,"(Intercept)",-5.55585937100724,0.147204035985313,-37.7425750171792,36.6844849280231,5.89237041296178e-31,2.04268840982675e-30
"s__GGB9627_SGB15081","fixed",NA,"carrierper",-0.237256810344376,0.307947598215349,-0.770445399539894,37.3964758851939,0.44587598251972,0.584509691370389
"s__GGB9634_SGB15093","fixed",NA,"(Intercept)",-5.20146188548811,0.0430801218107764,-120.739256688614,46.5501703481033,8.80425013084312e-60,6.46335539017189e-58
"s__GGB9634_SGB15093","fixed",NA,"carrierper",-0.066144354688923,0.0917802161076884,-0.720682054303663,50.1522579997492,0.474451116229799,0.608252296684979
"s__GGB9634_SGB15095","fixed",NA,"(Intercept)",-4.99438089938163,0.0685222893835075,-72.8869531989646,47.4807226464995,2.15118524511115e-50,5.478937114079e-49
"s__GGB9634_SGB15095","fixed",NA,"carrierper",-0.0693552860088002,0.144941255921591,-0.478506175262613,49.9419684749096,0.634378212323624,0.735101215394506
"s__GGB9635_SGB15103","fixed",NA,"(Intercept)",-4.1915532531697,0.0730419722577076,-57.3855431830483,36.4265377761737,2.54061051313238e-37,1.46790829647648e-36
"s__GGB9635_SGB15103","fixed",NA,"carrierper",-0.143805031850793,0.152682480869744,-0.9418567934685,37.0253446923312,0.352371078198475,0.51554408627397
"s__GGB9635_SGB15106","fixed",NA,"(Intercept)",-5.15860591543229,0.109242647315103,-47.2215388606673,38.3512936788018,1.35922506095725e-35,6.57485610881648e-35
"s__GGB9635_SGB15106","fixed",NA,"carrierper",-0.183365899359883,0.228459789613009,-0.802617824653034,39.0301496038127,0.427056161481629,0.57185202739171
"s__GGB9640_SGB15115","fixed",NA,"(Intercept)",-4.99845903519725,0.023820614935276,-209.837531431442,48.1490714455573,5.73055452943295e-73,7.15173205273232e-71
"s__GGB9640_SGB15115","fixed",NA,"carrierper",-0.0353992754931657,0.0508478032424502,-0.696181019352527,52.0826885007186,0.48941076238852,0.6169541731928
"s__GGB9642_SGB15119","fixed",NA,"(Intercept)",-4.69160668864252,0.0908386272674175,-51.6477057147839,36.8393188402547,5.65239297046067e-36,2.87925976617752e-35
"s__GGB9642_SGB15119","fixed",NA,"carrierper",-0.232846567112125,0.189504086628647,-1.22871528131429,37.154255911861,0.226904582706408,0.386325947090855
"s__GGB9646_SGB15123","fixed",NA,"(Intercept)",-5.48181094751863,0.0648055688038293,-84.5885785542974,38.0176336334151,6.73369944433362e-45,1.01248878391908e-43
"s__GGB9646_SGB15123","fixed",NA,"carrierper",-0.103215313645351,0.135337035664456,-0.762653867351249,38.4899535157119,0.45031875191821,0.587641595671456
"s__GGB9691_SGB15198","fixed",NA,"(Intercept)",-4.72000460408728,0.0412172705581342,-114.515215106979,48.1501046220928,2.48295579943431e-60,1.93670552355876e-58
"s__GGB9691_SGB15198","fixed",NA,"carrierper",-0.0533953604169964,0.0873491592249695,-0.611286483931409,50.9115858871584,0.543729857211142,0.664617886189525
"s__GGB9695_SGB15209","fixed",NA,"(Intercept)",-5.74676701407437,0.0317930658065702,-180.755358701103,38.558242553481,4.42498014000454e-58,2.6297024832027e-56
"s__GGB9695_SGB15209","fixed",NA,"carrierper",-0.0357488679939002,0.067592938125881,-0.528884658443516,41.6753696077241,0.599691197082307,0.705386064051573
"s__GGB9699_SGB15216","fixed",NA,"(Intercept)",-5.03207428425439,0.245580483397532,-20.490530088699,37.1133482750072,7.90980324032079e-22,1.82466440737899e-21
"s__GGB9699_SGB15216","fixed",NA,"carrierper",-0.945421453769915,0.515558633092643,-1.83378066641749,38.328550741213,0.0744600468879226,0.144970574908155
"s__GGB9707_SGB15229","fixed",NA,"(Intercept)",-5.33480252190302,0.158092777576665,-33.7447580065192,37.0953710103718,1.90807347554975e-29,5.96810951750899e-29
"s__GGB9707_SGB15229","fixed",NA,"carrierper",-0.422159559698977,0.329298248106201,-1.28199758767871,37.185906832626,0.207778891431737,0.363176549729423
"s__GGB9708_SGB15233","fixed",NA,"(Intercept)",-5.6076547754422,0.0738336785136636,-75.9498224703034,37.5222369684987,1.08207333970365e-42,1.26208180182257e-41
"s__GGB9708_SGB15233","fixed",NA,"carrierper",-0.125173496154781,0.155781808152685,-0.803518059259502,39.4654472456367,0.426488664830278,0.57185202739171
"s__GGB9708_SGB15234","fixed",NA,"(Intercept)",-5.34351789759006,0.134495826685692,-39.7299903593107,38.1298785034448,1.22542851305033e-32,4.73478261389105e-32
"s__GGB9708_SGB15234","fixed",NA,"carrierper",-0.249941878546616,0.280621553679613,-0.890672420807619,38.4710853759602,0.378641467432323,0.533345994757945
"s__GGB9712_SGB15244","fixed",NA,"(Intercept)",-4.93740076320221,0.0941987825936689,-52.4146982291685,36.9157005631567,2.90856466861789e-36,1.51878188553771e-35
"s__GGB9712_SGB15244","fixed",NA,"carrierper",-0.202261273656246,0.19698728280069,-1.02677325551463,37.575834763059,0.311091892831485,0.479300007301006
"s__GGB9713_SGB15249","fixed",NA,"(Intercept)",-4.77880437429915,0.130120454817616,-36.7260042319818,36.6117341588829,1.72496157082671e-30,5.71021761377117e-30
"s__GGB9713_SGB15249","fixed",NA,"carrierper",-0.299509019928848,0.271477505135935,-1.10325538677275,36.9391605200864,0.277052018984051,0.444422775953851
"s__GGB9719_SGB15272","fixed",NA,"(Intercept)",-5.805713279763,0.0965627043991398,-60.1237643030917,38.9901646999379,4.62975970894195e-40,3.63392460173557e-39
"s__GGB9719_SGB15272","fixed",NA,"carrierper",-0.081919574046402,0.207119720941964,-0.395517981937394,43.5446833438528,0.694391788499509,0.787819047315807
"s__GGB9724_SGB15278","fixed",NA,"(Intercept)",-6.04261045274712,0.0548084860766344,-110.24954136296,34.3558489617721,2.12822526387793e-45,3.49476990699955e-44
"s__GGB9724_SGB15278","fixed",NA,"carrierper",0.166736385760021,0.11492759843517,1.4507950051186,35.3689222347215,0.155648750672187,0.283539843894207
"s__GGB9747_SGB15356","fixed",NA,"(Intercept)",-4.93360588451319,0.089805204154109,-54.9367481649164,35.4982433330041,6.14860998923277e-36,3.10666609982287e-35
"s__GGB9747_SGB15356","fixed",NA,"carrierper",-0.197162439185295,0.188650774647593,-1.045118630197,36.7777247001841,0.302789000754934,0.471843032379932
"s__GGB9758_SGB15368","fixed",NA,"(Intercept)",-4.90976553359117,0.102952516450111,-47.6896117053182,37.7721067461448,2.3318973290793e-35,1.10654291509162e-34
"s__GGB9758_SGB15368","fixed",NA,"carrierper",-0.235928381178303,0.21577515814378,-1.09339918092469,38.7591346022711,0.280967788215844,0.448398720835516
"s__GGB9759_SGB15370","fixed",NA,"(Intercept)",-6.10994872448554,0.0694322493806571,-87.9987149917641,34.1342465444911,7.84114947548136e-42,7.82860363632059e-41
"s__GGB9759_SGB15370","fixed",NA,"carrierper",-0.0950020048362943,0.149141406329991,-0.636992818923088,38.6910460119913,0.527880806069682,0.647146607048098
"s__GGB9760_SGB15373","fixed",NA,"(Intercept)",-5.47802855262266,0.096270581471176,-56.902414724303,37.1315887168313,9.93798934266378e-38,5.96279360559827e-37
"s__GGB9760_SGB15373","fixed",NA,"carrierper",-0.10960185592742,0.201940531263426,-0.542743228621339,38.2311325982893,0.59045688254628,0.702315089321919
"s__GGB9760_SGB15374","fixed",NA,"(Intercept)",-6.08369769030734,0.0948858676092912,-64.115951548844,35.1223080297813,5.4994986899819e-38,3.41461411198876e-37
"s__GGB9760_SGB15374","fixed",NA,"carrierper",-0.217332175068277,0.200633330493461,-1.08323066029829,37.3213630445856,0.285654948338652,0.452602340530621
"s__GGB9767_SGB15385","fixed",NA,"(Intercept)",-4.66567165530274,0.0464563472897883,-100.431306538134,35.4011274410838,4.44840108144078e-45,6.93950568704762e-44
"s__GGB9767_SGB15385","fixed",NA,"carrierper",-0.0766500304046721,0.0971898419366581,-0.788662980382534,36.1077847148993,0.435456785380584,0.578754066192725
"s__GGB9770_SGB15390","fixed",NA,"(Intercept)",-5.35059042553234,0.0836802771740144,-63.9408783793307,37.7434113574024,4.35171359772479e-40,3.45919654137614e-39
"s__GGB9770_SGB15390","fixed",NA,"carrierper",-0.179587645348378,0.175566432144398,-1.02290422579569,38.8795063591405,0.312675916380245,0.479974838428716
"s__GGB9774_SGB15394","fixed",NA,"(Intercept)",-5.29043927116343,0.065337438022695,-80.971024136664,39.5693703239914,1.38645052196322e-45,2.30705366854679e-44
"s__GGB9774_SGB15394","fixed",NA,"carrierper",-0.12977691507246,0.137342957841064,-0.944911316258674,41.0031073867253,0.3502392664128,0.51554408627397
"s__GGB9775_SGB15395","fixed",NA,"(Intercept)",-5.1547200421462,0.0115157081387451,-447.625103036688,14.7569659018827,6.54393280955123e-32,2.42339114134123e-31
"s__GGB9775_SGB15395","fixed",NA,"carrierper",-0.0127712622947423,0.0247408509259273,-0.516201416555104,17.3989198423123,0.612211958449027,0.712724369547075
"s__GGB9818_SGB15459","fixed",NA,"(Intercept)",-5.77908852573403,0.107636253324752,-53.6909112610765,35.5317871829596,1.29779233267914e-35,6.30211996569481e-35
"s__GGB9818_SGB15459","fixed",NA,"carrierper",-0.266668791108835,0.225553582290515,-1.18228577174786,36.4694971116849,0.244743630598895,0.406170280568379
"s__GGB9819_SGB15460","fixed",NA,"(Intercept)",-5.94536661545843,0.050130609918789,-118.597532028632,39.4080320144035,6.05642741144138e-52,1.98905826565233e-50
"s__GGB9819_SGB15460","fixed",NA,"carrierper",-0.07691003982933,0.107289277373682,-0.716847402760083,43.6143010472263,0.477289758368041,0.6084817045028
"s__Gordonibacter_pamelaeae","fixed",NA,"(Intercept)",-5.94900598206392,0.0552467325869361,-107.680684512927,37.2626429022312,4.36685379329949e-48,9.08305589006295e-47
"s__Gordonibacter_pamelaeae","fixed",NA,"carrierper",-0.14790407437358,0.118723230047519,-1.24578883437034,42.0551657650628,0.21973783302927,0.3783548912845
"s__Gordonibacter_urolithinfaciens","fixed",NA,"(Intercept)",-5.55340941767136,0.0713819469933218,-77.7985142124368,29.6309876690177,8.04030321655126e-36,4.02983872058473e-35
"s__Gordonibacter_urolithinfaciens","fixed",NA,"carrierper",-0.0247970901315142,0.14913479096017,-0.166273006934625,30.1021978920835,0.869053912292744,0.919914573826416
"s__Granulicatella_SGB8255","fixed",NA,"(Intercept)",-6.15718691070213,0.0908467309876151,-67.7755472735889,40.2620701231749,4.0525930553956e-43,4.91032634284826e-42
"s__Granulicatella_SGB8255","fixed",NA,"carrierper",0.16660065302125,0.19293516641682,0.86350589224011,43.2551696059351,0.392622374854387,0.542627601127658
"s__Haemophilus_parainfluenzae","fixed",NA,"(Intercept)",-4.65995015987065,0.203612226999657,-22.8863965024974,35.9226119547098,5.17955930517086e-23,1.24789382487514e-22
"s__Haemophilus_parainfluenzae","fixed",NA,"carrierper",-0.642330066190213,0.428019193542654,-1.50070388403319,37.306810898037,0.141848843775946,0.264219935869225
"s__Haemophilus_SGB5071","fixed",NA,"(Intercept)",-5.00737865721018,0.0920336871300627,-54.4081065679104,36.6640540655744,1.14980904713313e-36,6.23896387313975e-36
"s__Haemophilus_SGB5071","fixed",NA,"carrierper",-0.144432442945593,0.192769239068729,-0.74925046985374,37.5498326488584,0.458374595875097,0.59279947735971
"s__Harryflintia_acetispora","fixed",NA,"(Intercept)",-5.81974318165064,0.0638979691515022,-91.0786877725647,35.5317493053491,1.042393432103e-43,1.39882473469306e-42
"s__Harryflintia_acetispora","fixed",NA,"carrierper",-0.00823923429128589,0.134252794718002,-0.0613710448902939,36.8372727358205,0.951395484936836,0.973230791148501
"s__Holdemanella_biformis","fixed",NA,"(Intercept)",-4.53187724701173,0.0626939331859088,-72.285738295812,37.2336061443122,1.21385726437234e-41,1.19282981569818e-40
"s__Holdemanella_biformis","fixed",NA,"carrierper",-0.04950571883656,0.131539198009388,-0.376357158822168,38.3670766215955,0.708724702032951,0.802621078164358
"s__Holdemanella_porci","fixed",NA,"(Intercept)",-4.97731825841801,0.188303587261316,-26.4324133746363,37.4105042838381,8.31635021815328e-26,2.20356795589284e-25
"s__Holdemanella_porci","fixed",NA,"carrierper",-0.583348874033881,0.393794471044545,-1.48135364238746,38.080362627056,0.146740254489901,0.271306426079106
"s__Holdemania_filiformis","fixed",NA,"(Intercept)",-5.31990283836148,0.0903118984208911,-58.9058909333133,34.2767326939213,4.92322886879393e-36,2.51811050338312e-35
"s__Holdemania_filiformis","fixed",NA,"carrierper",-0.0118879160985863,0.189012352695703,-0.0628949162794932,35.0261546658058,0.950207741525096,0.972813175901001
"s__Holdemania_massiliensis","fixed",NA,"(Intercept)",-5.18630771065846,0.210383463903297,-24.6516889418759,38.1992505058002,4.6144298080753e-25,1.19975175009958e-24
"s__Holdemania_massiliensis","fixed",NA,"carrierper",-0.35474647781729,0.441982083460503,-0.802626375801931,39.5310118673863,0.426990029101932,0.57185202739171
"s__Hungatella_effluvii","fixed",NA,"(Intercept)",-5.57965122459628,0.0873717357527933,-63.8610550256568,29.307309255,5.13546804071599e-33,2.03462352851224e-32
"s__Hungatella_effluvii","fixed",NA,"carrierper",0.0609467514188688,0.184117408813341,0.331021122943658,30.8662584214571,0.742865337745494,0.822911022621304
"s__Hungatella_hathewayi","fixed",NA,"(Intercept)",-4.78457762265515,0.207456832234144,-23.0630033782406,37.4544447325945,9.83889996634042e-24,2.43147468475106e-23
"s__Hungatella_hathewayi","fixed",NA,"carrierper",-0.587140052570585,0.436517684682918,-1.34505444606918,39.0003991340118,0.186377394684833,0.330866271076346
"s__Hydrogeniiclostidium_mannosilyticum","fixed",NA,"(Intercept)",-6.07515325283379,0.0998455732715732,-60.8454942344793,43.1489462319344,1.8273215494163e-43,2.32703805476687e-42
"s__Hydrogeniiclostidium_mannosilyticum","fixed",NA,"carrierper",-0.271634320249755,0.212071498537719,-1.28086198344773,46.2174459004545,0.206632452247553,0.361679243204693
"s__Hydrogenoanaerobacterium_saccharovorans","fixed",NA,"(Intercept)",-5.16485816776275,0.225866857799133,-22.8668261385915,36.4127028199105,3.40593077149549e-23,8.26965292378672e-23
"s__Hydrogenoanaerobacterium_saccharovorans","fixed",NA,"carrierper",-0.373310757362275,0.472636737983999,-0.78984710108361,37.1607172985689,0.434628387624758,0.57826889952633
"s__Intestinibacillus_sp_Marseille_P6563","fixed",NA,"(Intercept)",-6.35612682933791,0.0657113306653179,-96.728018820849,31.496028198572,1.52971194092095e-40,1.30758938511599e-39
"s__Intestinibacillus_sp_Marseille_P6563","fixed",NA,"carrierper",-0.166751655365663,0.139321312755584,-1.19688547335324,33.9564376712447,0.239640800928272,0.399294685658857
"s__Intestinibacter_bartlettii","fixed",NA,"(Intercept)",-5.48057118800771,0.134608873207799,-40.7147839321649,38.4316184085927,3.20573084046698e-33,1.30317657618983e-32
"s__Intestinibacter_bartlettii","fixed",NA,"carrierper",-0.418833747519216,0.289953528066688,-1.44448577781363,43.6689706681317,0.155739718004081,0.283539843894207
"s__Intestinimonas_butyriciproducens","fixed",NA,"(Intercept)",-5.55758879043884,0.131673327703714,-42.207399838366,39.4302566186715,1.95364195236947e-34,8.70766127341819e-34
"s__Intestinimonas_butyriciproducens","fixed",NA,"carrierper",-0.488168482974548,0.277799938572469,-1.75726634600101,41.400252144064,0.0862658094244767,0.166398346463287
"s__Intestinimonas_massiliensis","fixed",NA,"(Intercept)",-5.83926051080989,0.140582835410538,-41.5360843573666,36.1931215774415,3.89606487237827e-32,1.45577513794254e-31
"s__Intestinimonas_massiliensis","fixed",NA,"carrierper",0.1886558495559,0.294990344823622,0.639532285942102,37.3277203285571,0.526382451087026,0.64594424676166
"s__Intestinimonas_timonensis","fixed",NA,"(Intercept)",-5.27551725575029,0.0870583968742227,-60.597454641533,34.3834194403306,1.54356676310858e-36,8.26768807021248e-36
"s__Intestinimonas_timonensis","fixed",NA,"carrierper",0.376519554636226,0.182959013970019,2.05794481761869,35.7029783490275,0.0469530477110018,0.0925709376671883
"s__Klebsiella_pneumoniae","fixed",NA,"(Intercept)",-4.02713507995326,0.191895012272054,-20.9861373272375,35.7923963635738,1.05336362057967e-21,2.4165400707416e-21
"s__Klebsiella_pneumoniae","fixed",NA,"carrierper",0.464883818645564,0.405732632111907,1.14578858551693,38.0014361444576,0.259046988928747,0.424823445707064
"s__Klebsiella_quasipneumoniae","fixed",NA,"(Intercept)",-4.9097649749277,0.170855758677068,-28.736315433228,36.8057002853364,8.22649596668128e-27,2.28148154809294e-26
"s__Klebsiella_quasipneumoniae","fixed",NA,"carrierper",0.115985573837978,0.360637356585245,0.321612755085071,38.7935116388304,0.74947263017812,0.828469302446673
"s__Klebsiella_quasivariicola","fixed",NA,"(Intercept)",-5.2937087281177,0.0395661345839943,-133.793932204314,36.2885586019191,1.734231804047e-50,4.50900269052219e-49
"s__Klebsiella_quasivariicola","fixed",NA,"carrierper",-0.0779023852614309,0.0839890575621254,-0.927530175032715,39.1000239326992,0.359341811801257,0.521872420618976
"s__Klebsiella_variicola","fixed",NA,"(Intercept)",-5.55241268949667,0.0709037286145999,-78.309177782131,31.6892105877695,7.61315108226576e-38,4.63473782959398e-37
"s__Klebsiella_variicola","fixed",NA,"carrierper",-0.0557602745047705,0.153962296327893,-0.362168373911611,37.8054087968388,0.719242906286748,0.808001470336898
"s__Kluyvera_genomosp_3","fixed",NA,"(Intercept)",-5.71009203669134,0.0749525555700492,-76.1827531198026,39.0128327353624,4.68143727359499e-44,6.42025683235885e-43
"s__Kluyvera_genomosp_3","fixed",NA,"carrierper",0.541192906061868,0.161453216665573,3.35201067677004,44.2772237987451,0.00165008516248886,0.00330546754861333
"s__Lachnoclostridium_phocaeense","fixed",NA,"(Intercept)",-4.57086951037232,0.0704869018565727,-64.8470764068076,35.7367697238342,1.14542473806245e-38,7.68543050054806e-38
"s__Lachnoclostridium_phocaeense","fixed",NA,"carrierper",0.024218081793063,0.14842391251487,0.163168329029438,37.3566247291507,0.8712654260036,0.921473942078384
"s__Lachnoclostridium_sp_An131","fixed",NA,"(Intercept)",-6.32311374713773,0.052500222081329,-120.439752375571,14.8779800972426,1.17530533554469e-23,2.89877679596794e-23
"s__Lachnoclostridium_sp_An131","fixed",NA,"carrierper",-0.0748263483932002,0.112860056814331,-0.663001158295525,17.5938830122247,0.515922891888374,0.638128611572538
"s__Lachnoclostridium_sp_An138","fixed",NA,"(Intercept)",-6.2234748564278,0.111840309146916,-55.6460805938268,36.4914820796612,6.8752795299987e-37,3.83051288099927e-36
"s__Lachnoclostridium_sp_An138","fixed",NA,"carrierper",0.0152512553460601,0.233337598912316,0.0653613280377982,36.8177969651036,0.948239933269223,0.972378451640216
"s__Lachnospira_eligens","fixed",NA,"(Intercept)",-4.26926431831054,0.296591228905373,-14.3944388850172,37.191112713292,8.77200560365254e-17,1.85236260462917e-16
"s__Lachnospira_eligens","fixed",NA,"carrierper",-0.775152171029288,0.621324126056241,-1.24758099439892,38.1049027156318,0.219797512965755,0.3783548912845
"s__Lachnospira_pectinoschiza","fixed",NA,"(Intercept)",-4.46877788402562,0.172584754420557,-25.8932366246908,39.7223394248471,1.73275883692466e-26,4.70105006191735e-26
"s__Lachnospira_pectinoschiza","fixed",NA,"carrierper",0.0351156694967104,0.363288755245397,0.0966604911098616,41.3622161797196,0.923462861940229,0.958803370799838
"s__Lachnospira_sp_NSJ_43","fixed",NA,"(Intercept)",-5.56711263266481,0.18396773069705,-30.2613540514477,36.1469756934959,2.84543243602998e-27,8.16344754061014e-27
"s__Lachnospira_sp_NSJ_43","fixed",NA,"carrierper",-0.557826017084596,0.384652454877002,-1.45020786949863,36.7795534401518,0.155475597060608,0.283539843894207
"s__Lachnospiraceae_bacterium","fixed",NA,"(Intercept)",-5.90073692585973,0.238183194393432,-24.7739431864067,38.2395840698406,3.71490456489649e-25,9.67891627764263e-25
"s__Lachnospiraceae_bacterium","fixed",NA,"carrierper",-0.737765708457798,0.50010364481192,-1.47522561795217,39.4909913531565,0.148080799556428,0.273379937642636
"s__Lachnospiraceae_bacterium_AM48_27BH","fixed",NA,"(Intercept)",-5.95346205499133,0.134456056476414,-44.278124846207,36.9213022446563,1.32778397205312e-33,5.52358132374096e-33
"s__Lachnospiraceae_bacterium_AM48_27BH","fixed",NA,"carrierper",-0.0764288943749224,0.284191630532849,-0.268934360352629,39.1102037153315,0.789393863988701,0.8649372627374
"s__Lachnospiraceae_bacterium_BX3","fixed",NA,"(Intercept)",-5.80378642001896,0.20381875590845,-28.4752322922914,38.7557356791761,1.3529708320283e-27,3.9359151477187e-27
"s__Lachnospiraceae_bacterium_BX3","fixed",NA,"carrierper",-0.193640106532215,0.427095817808863,-0.453387971639831,39.7251079651352,0.652736424571785,0.751197686843953
"s__Lachnospiraceae_bacterium_Marseille_Q4251","fixed",NA,"(Intercept)",-5.74188510868255,0.155392101320762,-36.9509457680225,37.0997580553557,7.19423546771098e-31,2.46659501750091e-30
"s__Lachnospiraceae_bacterium_Marseille_Q4251","fixed",NA,"carrierper",-0.17026327324122,0.326045739783746,-0.522206710488378,38.2380345746163,0.604538748336199,0.709750101527353
"s__Lachnospiraceae_bacterium_NSJ_29","fixed",NA,"(Intercept)",-5.82616012457179,0.0788006289995371,-73.9354520203895,35.3594018601007,2.35518633692174e-40,1.93373193978837e-39
"s__Lachnospiraceae_bacterium_NSJ_29","fixed",NA,"carrierper",-0.270750105583451,0.167872147296449,-1.61283518406021,38.6808308277568,0.114910541101269,0.218277557525698
"s__Lachnospiraceae_bacterium_NSJ_46","fixed",NA,"(Intercept)",-5.96123487173997,0.0758964737283207,-78.544293020501,33.5665512997577,1.24326530769267e-39,9.40360669091185e-39
"s__Lachnospiraceae_bacterium_NSJ_46","fixed",NA,"carrierper",-0.0303289845941377,0.15950918325838,-0.190139426298795,34.8772701722065,0.850302250047043,0.906989066716846
"s__Lachnospiraceae_bacterium_OM04_12BH","fixed",NA,"(Intercept)",-5.4227995232387,0.159186409684804,-34.0657191400704,36.7026014615821,2.23388799906504e-29,6.93505528067953e-29
"s__Lachnospiraceae_bacterium_OM04_12BH","fixed",NA,"carrierper",-0.10556886491123,0.333524670702834,-0.31652490560523,37.6314501960214,0.753353334382892,0.831286437939743
"s__Lachnotalea_sp_AF33_28","fixed",NA,"(Intercept)",-5.8872066094255,0.101331830389085,-58.0982953413584,34.9717242113769,2.22949797483642e-36,1.17401412345817e-35
"s__Lachnotalea_sp_AF33_28","fixed",NA,"carrierper",-0.299879990502203,0.214192430413493,-1.40004943182769,37.1189979274912,0.169801744742662,0.30491018336524
"s__Lacrimispora_amygdalina","fixed",NA,"(Intercept)",-4.39806718153717,0.198269688669291,-22.1822468732123,37.0815948575899,5.31802661802194e-23,1.27878559138562e-22
"s__Lacrimispora_amygdalina","fixed",NA,"carrierper",-0.245918714447596,0.415165860591649,-0.592338479125281,37.9306056532315,0.557138800885683,0.675713531103336
"s__Lacrimispora_celerecrescens","fixed",NA,"(Intercept)",-5.2330561442444,0.21282806432525,-24.588186529043,36.5724228081731,2.42636157217994e-24,6.12975555077038e-24
"s__Lacrimispora_celerecrescens","fixed",NA,"carrierper",-0.0345806630537163,0.443678517663119,-0.0779408100167994,36.7837418743039,0.938297577468659,0.966762302899295
"s__Lacrimispora_saccharolytica","fixed",NA,"(Intercept)",-5.25628402646638,0.191204708220656,-27.4903483046059,36.7910035380036,3.97970328017099e-26,1.06580894713592e-25
"s__Lacrimispora_saccharolytica","fixed",NA,"carrierper",-0.347801409584571,0.398766847898685,-0.872192388653476,37.0633048796214,0.388718794951089,0.539543067377
"s__Lacticaseibacillus_paracasei","fixed",NA,"(Intercept)",-5.23990631496115,0.0512148963930712,-102.312152986607,32.7604358564513,1.24459468393504e-42,1.41204924140994e-41
"s__Lacticaseibacillus_paracasei","fixed",NA,"carrierper",0.010838825302972,0.107978230201612,0.100379727309238,34.4853370198299,0.920624181299147,0.957112269076598
"s__Lactobacillus_gasseri","fixed",NA,"(Intercept)",-4.68786726863508,0.125564832667916,-37.3342373738767,36.2710843915816,1.52600372341672e-30,5.06503363517038e-30
"s__Lactobacillus_gasseri","fixed",NA,"carrierper",-0.305666558827242,0.261780089488795,-1.16764632262197,36.4912845382592,0.250522426570588,0.413014515667232
"s__Lactococcus_petauri","fixed",NA,"(Intercept)",-5.4256957445406,0.0365341174043892,-148.510382349862,103.000000000181,5.77319606759563e-122,1.44098973847187e-119
"s__Lactococcus_petauri","fixed",NA,"carrierper",0.00745803076674895,0.0798145242319962,0.0934420249761905,103.000000000284,0.925733926816774,0.959880267643285
"s__Lactonifactor_sp_BIOML_A6","fixed",NA,"(Intercept)",-5.6270917886394,0.0788641796631898,-71.3516809871272,32.0516874228244,6.7768655410956e-37,3.79261354048758e-36
"s__Lactonifactor_sp_BIOML_A6","fixed",NA,"carrierper",-0.226780392829542,0.166492125494367,-1.36210882140017,33.9372217713224,0.182136591015746,0.323798384027993
"s__Lawsonibacter_asaccharolyticus","fixed",NA,"(Intercept)",-4.23883225864953,0.219699591723956,-19.2937648422008,36.881333804011,7.30277356355876e-21,1.63918370635276e-20
"s__Lawsonibacter_asaccharolyticus","fixed",NA,"carrierper",-0.400219130894703,0.459069280797826,-0.871805515278986,37.4282775876349,0.388872719331109,0.539543067377
"s__Leuconostoc_lactis","fixed",NA,"(Intercept)",-5.86323585644035,0.0384051250836838,-152.668057809069,41.6105434667829,7.8523568075682e-59,5.44430071991395e-57
"s__Leuconostoc_lactis","fixed",NA,"carrierper",-0.0760663466354829,0.0829756396577865,-0.916731066481688,47.4792420119146,0.363916740235118,0.523001045303909
"s__Ligilactobacillus_ruminis","fixed",NA,"(Intercept)",-5.42750196700795,0.150374696640047,-36.0931864753803,37.2113882589454,1.45033811834884e-30,4.83728362777907e-30
"s__Ligilactobacillus_ruminis","fixed",NA,"carrierper",-0.241309837621433,0.31699589992257,-0.761239617548291,39.0200413638796,0.451090263343954,0.587641595671456
"s__Ligilactobacillus_salivarius","fixed",NA,"(Intercept)",-5.29597324839159,0.16681188906237,-31.7481762130963,36.9900016795457,1.93210638624354e-28,5.81028619284804e-28
"s__Ligilactobacillus_salivarius","fixed",NA,"carrierper",-0.436855240352603,0.348256343498015,-1.25440713000277,37.4131364355117,0.217474629998683,0.375911825814898
"s__Limosilactobacillus_fermentum","fixed",NA,"(Intercept)",-5.71069754002517,0.145783069415289,-39.1725703329599,35.4751081478852,8.57425537203182e-31,2.93169060391663e-30
"s__Limosilactobacillus_fermentum","fixed",NA,"carrierper",-0.195034899988957,0.304057474369309,-0.641440899926923,35.7521473107519,0.525327454129731,0.645284116883764
"s__Limosilactobacillus_mucosae","fixed",NA,"(Intercept)",-5.17694208601405,0.0457474670892401,-113.163469267388,30.5416551236677,1.23759032363243e-41,1.20665056554162e-40
"s__Limosilactobacillus_mucosae","fixed",NA,"carrierper",-0.0906640238746241,0.0973610504439271,-0.931214520192959,33.4932575272765,0.358406700923413,0.521872420618976
"s__Longicatena_caecimuris","fixed",NA,"(Intercept)",-5.14839476596964,0.12612761973125,-40.8189322603546,36.4541814721182,4.9509176917421e-32,1.8444015759087e-31
"s__Longicatena_caecimuris","fixed",NA,"carrierper",-0.233557180747696,0.26374484176374,-0.885542174723985,37.1044597370878,0.381567481960846,0.535141542208165
"s__Massiliimalia_massiliensis","fixed",NA,"(Intercept)",-5.8323421057016,0.0678573044161644,-85.9501000796057,35.3826633824349,1.12234119551769e-42,1.29692760370933e-41
"s__Massiliimalia_massiliensis","fixed",NA,"carrierper",-0.126264818274951,0.142194918910518,-0.887969972783681,36.3173767573307,0.380400308635894,0.535141542208165
"s__Massiliimalia_timonensis","fixed",NA,"(Intercept)",-5.78793783845199,0.145082788395168,-39.8940350021887,35.1623770590877,7.13852853692134e-31,2.45423791021428e-30
"s__Massiliimalia_timonensis","fixed",NA,"carrierper",-0.471699341765419,0.304196252748476,-1.5506415266576,36.1743802108897,0.129693342426653,0.244497418955383
"s__Massilimicrobiota_sp_An134","fixed",NA,"(Intercept)",-5.87017822058791,0.0943545075113642,-62.2140730254026,36.9755497862923,4.98771251380761e-39,3.45814734290661e-38
"s__Massilimicrobiota_sp_An134","fixed",NA,"carrierper",-0.108632740918329,0.196434309120198,-0.553023254465477,36.9904086864977,0.58357453720488,0.700289444645856
"s__Massilioclostridium_coli","fixed",NA,"(Intercept)",-6.27052792824376,0.0896212924603504,-69.9669437485286,33.1551492735474,1.35059125168019e-37,7.98833119477193e-37
"s__Massilioclostridium_coli","fixed",NA,"carrierper",0.182964967617522,0.188649438204726,0.96986754563756,34.6708266458358,0.338830243317713,0.507484299358858
"s__Mediterraneibacter_butyricigenes","fixed",NA,"(Intercept)",-6.39710377517954,0.132345060221339,-48.3365511676883,34.1772807601731,4.70569597672038e-33,1.87626472170832e-32
"s__Mediterraneibacter_butyricigenes","fixed",NA,"carrierper",-0.0559765032715778,0.279772784815152,-0.200078443328796,36.314759378048,0.842535478622311,0.902561611434029
"s__Mediterraneibacter_glycyrrhizinilyticus","fixed",NA,"(Intercept)",-5.38090323482023,0.193330672646729,-27.8326411487363,35.5555087823709,9.90703043126725e-26,2.61394798693901e-25
"s__Mediterraneibacter_glycyrrhizinilyticus","fixed",NA,"carrierper",0.4224604168518,0.40609944151427,1.04028810105358,36.8277329272557,0.304987798684708,0.474003452999397
"s__Mediterraneibacter_massiliensis","fixed",NA,"(Intercept)",-5.86345171306184,0.123410919299579,-47.5116119897654,35.4995696796461,9.93456614727024e-34,4.23151486409326e-33
"s__Mediterraneibacter_massiliensis","fixed",NA,"carrierper",-0.200200463329328,0.258441537475701,-0.774645071704664,36.3462625496021,0.443559842201369,0.584509691370389
"s__Megamonas_funiformis","fixed",NA,"(Intercept)",-3.79296482947085,0.263614509379735,-14.388300698605,36.7619427022402,1.11646723185243e-16,2.34966459587156e-16
"s__Megamonas_funiformis","fixed",NA,"carrierper",0.311443844139609,0.54963515472196,0.56663741659166,36.9957001163288,0.574382423254102,0.693258476035899
"s__Megasphaera_elsdenii","fixed",NA,"(Intercept)",-5.67836027963232,0.0576590579967195,-98.4816692627096,31.8690975420079,3.58012267650463e-41,3.26130883231955e-40
"s__Megasphaera_elsdenii","fixed",NA,"carrierper",-0.0426256947030166,0.122637082715245,-0.347575902486123,34.7987931660276,0.730252301729437,0.813709707641372
"s__Megasphaera_hominis","fixed",NA,"(Intercept)",-5.69928481542915,0.0776239344789311,-73.4217461880403,36.6867457045076,2.04847047905414e-41,1.95151996783173e-40
"s__Megasphaera_hominis","fixed",NA,"carrierper",-0.110383356112238,0.161783272427046,-0.682291527772216,36.8643889348542,0.499319636151368,0.623774680597505
"s__Megasphaera_micronuciformis","fixed",NA,"(Intercept)",-6.2654474985094,0.0320845068493908,-195.279532514565,14.7569658970414,1.35271292614808e-26,3.71029831172045e-26
"s__Megasphaera_micronuciformis","fixed",NA,"carrierper",-0.0355826708723347,0.0689317575110205,-0.516201416548038,17.3989198335427,0.612211958457103,0.712724369547075
"s__Megasphaera_sp_AM44_1BH","fixed",NA,"(Intercept)",-4.99601539107655,0.168814256816217,-29.5947480106231,37.3092937028158,1.64232834010945e-27,4.75551222379721e-27
"s__Megasphaera_sp_AM44_1BH","fixed",NA,"carrierper",0.161631043102799,0.351877390683521,0.459339097601103,37.5031779556839,0.648642214683093,0.74755561475188
"s__Megasphaera_sp_MJR8396C","fixed",NA,"(Intercept)",-5.22947704077373,0.146160993024939,-35.7788828095976,34.1385195951344,1.18922551571437e-28,3.59359187315141e-28
"s__Megasphaera_sp_MJR8396C","fixed",NA,"carrierper",0.0753143067976973,0.306689017353649,0.245572232900831,35.2399241724357,0.80743799125521,0.876245750510001
"s__Megasphaera_sp_NM10","fixed",NA,"(Intercept)",-4.63701787858809,0.157098640008246,-29.516601024329,36.8513853241282,3.03244300838976e-27,8.68002035428997e-27
"s__Megasphaera_sp_NM10","fixed",NA,"carrierper",0.148527975164307,0.330867189731788,0.448905118953345,38.521178859122,0.656015438049104,0.753874094553666
"s__Merdimonas_faecis","fixed",NA,"(Intercept)",-5.82547931063153,0.118885824122836,-49.0006218454817,38.8273540074137,1.57611745008664e-36,8.370189692375e-36
"s__Merdimonas_faecis","fixed",NA,"carrierper",-0.0617832165914848,0.248628741517885,-0.248495874669585,39.5107250217186,0.805037871592274,0.875163121730974
"s__Mesosutterella_multiformis","fixed",NA,"(Intercept)",-4.73410559927709,0.227402307601383,-20.8181950711581,37.085442858815,4.70288381342947e-22,1.09499981327611e-21
"s__Mesosutterella_multiformis","fixed",NA,"carrierper",-0.691599586870561,0.474481748791884,-1.45758944075615,37.426835059235,0.153294093258928,0.281754091880916
"s__Methanobrevibacter_smithii","fixed",NA,"(Intercept)",-5.4247611942148,0.089965432497021,-60.2982839480534,33.914626636903,4.36463802967972e-36,2.25085465332243e-35
"s__Methanobrevibacter_smithii","fixed",NA,"carrierper",-0.195027824650209,0.189205210942399,-1.03077406631038,35.3247294158082,0.309652974634917,0.477684687693915
"s__Methylobacterium_SGB15164","fixed",NA,"(Intercept)",-5.54447855905727,0.13247448490011,-41.8531807331651,41.6328050015301,1.19081898524707e-35,5.82800821015037e-35
"s__Methylobacterium_SGB15164","fixed",NA,"carrierper",-0.251061070619181,0.279269729146425,-0.89899134928278,43.5186216700919,0.373604723702915,0.531046349864736
"s__Mitsuokella_multacida","fixed",NA,"(Intercept)",-4.82623907061165,0.115589426808999,-41.7532918351311,37.1785373770499,7.64777591939674e-33,2.98263260856473e-32
"s__Mitsuokella_multacida","fixed",NA,"carrierper",-0.161866402774766,0.240833573935878,-0.6721089594338,37.3103021060665,0.505655342342202,0.630427439803264
"s__Mogibacterium_sp_BX12","fixed",NA,"(Intercept)",-5.85426790908132,0.119898266864109,-48.8269602405216,36.5877511549813,6.52597913017951e-35,2.9724167717022e-34
"s__Mogibacterium_sp_BX12","fixed",NA,"carrierper",-0.332818821134731,0.250507532234471,-1.3285780996925,37.1193068222442,0.192097596324109,0.33868571775482
"s__Mogibacterium_sp_NSJ_24","fixed",NA,"(Intercept)",-5.49615156833009,0.0823206969848102,-66.7651243203667,32.7994841629314,1.27503533361151e-36,6.88850258158945e-36
"s__Mogibacterium_sp_NSJ_24","fixed",NA,"carrierper",0.0211018163416033,0.173499622016758,0.121624566649288,34.4779929101254,0.903902470568501,0.946367687306618
"s__Morganella_morganii","fixed",NA,"(Intercept)",-5.57726442022266,0.0506887546664786,-110.029620118306,7.59606395313858,1.92102114055386e-13,3.93022030067413e-13
"s__Morganella_morganii","fixed",NA,"carrierper",0.139950114146303,0.110632843795132,1.26499608385246,10.0018072423128,0.234550629849072,0.394500250743453
"s__Murimonas_intestini","fixed",NA,"(Intercept)",-5.6148656034136,0.0776923375153973,-72.2705196287964,25.625651438312,3.79431172202166e-31,1.33388761382621e-30
"s__Murimonas_intestini","fixed",NA,"carrierper",-0.105428745077041,0.163317321020108,-0.645545398482631,26.7699973050319,0.524068936801488,0.64437244643178
"s__Negativibacillus_massiliensis","fixed",NA,"(Intercept)",-4.88637822824962,0.178537761547779,-27.3688780787249,36.9071069243573,4.1080344975031e-26,1.09782163873316e-25
"s__Negativibacillus_massiliensis","fixed",NA,"carrierper",-0.0762435300793239,0.37319757330847,-0.204298032817872,37.5067380309888,0.839225167643491,0.900561486860771
"s__Neobittarella_massiliensis","fixed",NA,"(Intercept)",-6.0824536907696,0.0848083300668479,-71.7200030465788,34.1744773136492,7.50452279883829e-39,5.14595849063197e-38
"s__Neobittarella_massiliensis","fixed",NA,"carrierper",0.266228242656647,0.178445314998989,1.49193181484286,35.6563263164177,0.144512530583261,0.267981631750237
"s__Nitrosopumilus_SGB14899","fixed",NA,"(Intercept)",-5.60478711968305,0.129667868286217,-43.2241787711936,36.6830982524723,4.54016570066395e-33,1.81606628026558e-32
"s__Nitrosopumilus_SGB14899","fixed",NA,"carrierper",0.221420487311601,0.270266634125492,0.819266825252242,36.8681325675488,0.417898917813531,0.565046424085902
"s__Odoribacter_splanchnicus","fixed",NA,"(Intercept)",-3.71916968879172,0.265977195420057,-13.9830397223267,37.7906435252547,1.61721780784269e-16,3.38638896675785e-16
"s__Odoribacter_splanchnicus","fixed",NA,"carrierper",0.255383601016074,0.556225122385033,0.459137120454065,38.4617206528545,0.648720136839973,0.74755561475188
"s__Olsenella_SGB72492","fixed",NA,"(Intercept)",-4.85080224737003,0.0274769141333811,-176.541012714266,14.3728418581919,2.18424658143842e-25,5.71475835143637e-25
"s__Olsenella_SGB72492","fixed",NA,"carrierper",0.0212423747289419,0.0591025936622412,0.359415271186534,17.0706083662457,0.723691947207112,0.809007157803701
"s__Olsenella_sp_AF16_14LB","fixed",NA,"(Intercept)",-5.0366582332868,0.118416521260969,-42.533408173568,36.9267742995831,5.6512380680652e-33,2.22484072837393e-32
"s__Olsenella_sp_AF16_14LB","fixed",NA,"carrierper",-0.210846020853877,0.247339950004553,-0.852454368370315,37.4189703069497,0.399385395928943,0.547127304192449
"s__Oscillibacter_SGB15077","fixed",NA,"(Intercept)",-6.18544650073831,0.037947389875824,-163.000578458204,19.3291728945718,8.34146621020325e-32,3.07992598530582e-31
"s__Oscillibacter_SGB15077","fixed",NA,"carrierper",0.0536461783636429,0.0824628131463435,0.650549942656444,23.9519855625963,0.521529144047856,0.643150564991823
"s__Oscillibacter_sp_ER4","fixed",NA,"(Intercept)",-3.65489177763624,0.159164684787981,-22.9629567796701,36.9259395514874,1.8488081293126e-23,4.52414224584731e-23
"s__Oscillibacter_sp_ER4","fixed",NA,"carrierper",-0.379181324623765,0.33344141006491,-1.13717526731293,37.8411721567405,0.262614761062582,0.428985620763017
"s__Oscillibacter_valericigenes","fixed",NA,"(Intercept)",-5.8145029515719,0.0764417114388027,-76.0645312896591,32.3731949772978,4.46991349010197e-38,2.83170154093769e-37
"s__Oscillibacter_valericigenes","fixed",NA,"carrierper",-0.144104493558204,0.161291266769868,-0.893442629871666,34.1947261567287,0.377865379115797,0.533345994757945
"s__Oscillospiraceae_bacterium_Marseille_Q3528","fixed",NA,"(Intercept)",-5.9327069878109,0.100624517071323,-58.9588617215998,35.409650331522,6.03769296341519e-37,3.39416253078476e-36
"s__Oscillospiraceae_bacterium_Marseille_Q3528","fixed",NA,"carrierper",-0.0760585405333352,0.212297123077102,-0.358264584234203,37.2985838074429,0.722165106788181,0.809007157803701
"s__Oscillospiraceae_bacterium_NSJ_64","fixed",NA,"(Intercept)",-6.24483051100528,0.0502587617281549,-124.253568855974,27.2257166349785,4.8474550443473e-39,3.39866510974462e-38
"s__Oscillospiraceae_bacterium_NSJ_64","fixed",NA,"carrierper",-0.10195719236656,0.107605573662489,-0.947508469090594,30.8156237724752,0.350751307388433,0.51554408627397
"s__Oscillospiraceae_unclassified_SGB15256","fixed",NA,"(Intercept)",-6.05432594922272,0.0624061967340824,-97.0148200990467,45.14166565556,4.81229631611165e-54,1.93733735564753e-52
"s__Oscillospiraceae_unclassified_SGB15256","fixed",NA,"carrierper",-0.0706127439561302,0.131372789947877,-0.537499005571443,46.8495005920806,0.593467028794935,0.702546320991725
"s__Oxalobacter_formigenes","fixed",NA,"(Intercept)",-5.54505742373999,0.0319270955870934,-173.678730300215,46.5998810012373,3.56007274195462e-67,3.41766983227643e-65
"s__Oxalobacter_formigenes","fixed",NA,"carrierper",0.112101828807049,0.0682511438961206,1.64249010943568,50.765044539732,0.106669415903077,0.202932059522928
"s__Parabacteroides_distasonis","fixed",NA,"(Intercept)",-3.0103162698164,0.275340103543,-10.9330832344453,36.88555473564,3.97221433923896e-13,8.07381676770395e-13
"s__Parabacteroides_distasonis","fixed",NA,"carrierper",0.649809142085351,0.575404884180437,1.12930765787797,37.4506456604672,0.265949919420288,0.432732072277078
"s__Parabacteroides_faecis","fixed",NA,"(Intercept)",-6.04940472564601,0.0959261911100055,-63.0631181708103,45.3828590424416,7.58456247807313e-46,1.31465749619934e-44
"s__Parabacteroides_faecis","fixed",NA,"carrierper",0.210633152956276,0.202250828401564,1.04144519268949,47.3292241719523,0.302959828169913,0.471843032379932
"s__Parabacteroides_goldsteinii","fixed",NA,"(Intercept)",-4.92031314231556,0.162788607121799,-30.2251688819609,35.2413207143484,8.57795233439535e-27,2.37367727568191e-26
"s__Parabacteroides_goldsteinii","fixed",NA,"carrierper",0.148225083768685,0.341016218340703,0.43465699223899,36.1306658000974,0.666396504310602,0.762993428788652
"s__Parabacteroides_gordonii","fixed",NA,"(Intercept)",-5.75769442082257,0.160144702645809,-35.9530744738826,37.506201051547,1.13370850886476e-30,3.81366096782539e-30
"s__Parabacteroides_gordonii","fixed",NA,"carrierper",-0.337771216266202,0.334686480208959,-1.00921679314718,38.082448559185,0.3192403033293,0.486222387148646
"s__Parabacteroides_johnsonii","fixed",NA,"(Intercept)",-4.66294991895292,0.210459591118399,-22.1560342970052,36.929619642307,6.32894152616154e-23,1.51312624993287e-22
"s__Parabacteroides_johnsonii","fixed",NA,"carrierper",-0.198585365861664,0.438226778212292,-0.45315662057845,36.9701194715765,0.653084527424431,0.751197686843953
"s__Parabacteroides_merdae","fixed",NA,"(Intercept)",-4.18573449263232,0.354195639500986,-11.8175777051616,36.8510835749984,4.25246367078661e-14,8.77202423329205e-14
"s__Parabacteroides_merdae","fixed",NA,"carrierper",0.517781446470071,0.741339912856388,0.698439996944257,37.6354338546186,0.489195603602819,0.6169541731928
"s__Parabacteroides_sp_TM07_1AC","fixed",NA,"(Intercept)",-5.01758455702841,0.0697697028993914,-71.9163813018355,31.0941023845031,3.83008065975702e-36,1.98337786862106e-35
"s__Parabacteroides_sp_TM07_1AC","fixed",NA,"carrierper",0.157606118970824,0.146165603830022,1.07827091217785,31.9362998947033,0.288990105223067,0.455954047178746
"s__Paraprevotella_clara","fixed",NA,"(Intercept)",-5.53130324642868,0.221578013087491,-24.9632315470065,33.9120802807422,2.07764599294244e-23,5.0642621077972e-23
"s__Paraprevotella_clara","fixed",NA,"carrierper",0.428712211238209,0.463138782414539,0.925666835766053,34.4807829830202,0.36105289245976,0.521872420618976
"s__Parasutterella_excrementihominis","fixed",NA,"(Intercept)",-5.46329351772035,0.191719341604225,-28.4963085727598,36.4491090795881,1.64030803240005e-26,4.45992249332302e-26
"s__Parasutterella_excrementihominis","fixed",NA,"carrierper",-0.399545320212894,0.40019143998565,-0.998385473280541,36.8464032335472,0.324604237138072,0.491037682361593
"s__Paratractidigestivibacter_faecalis","fixed",NA,"(Intercept)",-5.56014872035492,0.121380961859347,-45.8074201685587,34.1205347186439,3.14548933137982e-32,1.18597301678611e-31
"s__Paratractidigestivibacter_faecalis","fixed",NA,"carrierper",0.104188830751063,0.254868215335766,0.408794916281747,35.3157552185426,0.685158638786979,0.778502099148457
"s__Phascolarctobacterium_faecium","fixed",NA,"(Intercept)",-3.85210841872773,0.245551657325097,-15.6875683947339,36.8112188373094,6.97142108056185e-18,1.4949026646978e-17
"s__Phascolarctobacterium_faecium","fixed",NA,"carrierper",0.0275208297866779,0.513234738861972,0.0536223051613802,37.3985066809191,0.957521508060282,0.977646683992459
"s__Phascolarctobacterium_SGB4573","fixed",NA,"(Intercept)",-5.46458531068446,0.0701726836546478,-77.8733978249744,44.8482572316371,1.64766859432816e-49,3.87979321834253e-48
"s__Phascolarctobacterium_SGB4573","fixed",NA,"carrierper",0.047462155334356,0.148594012582462,0.31940826221391,47.4593577402968,0.750818703509283,0.829222780512907
"s__Phascolarctobacterium_succinatutens","fixed",NA,"(Intercept)",-4.31001912659076,0.0688014941603175,-62.6442663664802,38.590609601798,1.97153332129507e-40,1.62945270528228e-39
"s__Phascolarctobacterium_succinatutens","fixed",NA,"carrierper",-0.126499744585374,0.144290987507652,-0.876698862281093,39.6779224278194,0.385927470860278,0.537541834412529
"s__Phocaeicola_coprocola","fixed",NA,"(Intercept)",-4.07801396238556,0.310698935369716,-13.1252910716702,36.9439809843913,1.75653095779028e-15,3.64750521684239e-15
"s__Phocaeicola_coprocola","fixed",NA,"carrierper",-0.231274634678476,0.647178328792018,-0.357358434900252,37.0366574599299,0.722851855762902,0.809007157803701
"s__Phocaeicola_dorei","fixed",NA,"(Intercept)",-3.52323481664045,0.395044849995613,-8.91856916165234,37.2909277869576,8.79638015750505e-11,1.77348666180393e-10
"s__Phocaeicola_dorei","fixed",NA,"carrierper",-0.432761768046016,0.825275075936861,-0.524384875618278,37.8084990568177,0.603071950369072,0.708694721337667
"s__Phocaeicola_massiliensis","fixed",NA,"(Intercept)",-4.99300369455712,0.306098312546681,-16.3117648477584,36.1700660892543,2.96048217357724e-18,6.39218296301799e-18
"s__Phocaeicola_massiliensis","fixed",NA,"carrierper",0.80810421410145,0.638682062836146,1.26526837236193,36.5074154899184,0.21379156653116,0.371604282772824
"s__Phocaeicola_plebeius","fixed",NA,"(Intercept)",-5.53078854645183,0.276811869144577,-19.9803157413136,36.6276453065123,2.74313878384189e-21,6.20187898955558e-21
"s__Phocaeicola_plebeius","fixed",NA,"carrierper",0.817305356465428,0.578390366902487,1.41306875638754,37.168795558664,0.165955502719819,0.299295473113199
"s__Phocaeicola_sartorii","fixed",NA,"(Intercept)",-6.46079505372276,0.0578699808502209,-111.643289989063,28.5896645090456,2.66499547043569e-39,1.93367113203706e-38
"s__Phocaeicola_sartorii","fixed",NA,"carrierper",-0.135473229492446,0.124713205704491,-1.08627814293741,33.2453736470197,0.285169754717625,0.452602340530621
"s__Phocaeicola_SGB6473","fixed",NA,"(Intercept)",-4.1843717257255,0.0492111643734818,-85.0289112033348,37.2118888107409,3.12215842280025e-44,4.42778830869854e-43
"s__Phocaeicola_SGB6473","fixed",NA,"carrierper",-0.0555827291613905,0.102500261911653,-0.542269142778368,37.2971009826255,0.59085865642733,0.702315089321919
"s__Phocaeicola_vulgatus","fixed",NA,"(Intercept)",-2.94866039950361,0.294898425708144,-9.99890179957029,37.3320636004283,4.1683625772648e-12,8.41766423369979e-12
"s__Phocaeicola_vulgatus","fixed",NA,"carrierper",0.337658334979667,0.617565746800558,0.546756902773485,38.1983915909723,0.587725753510426,0.702067978219281
"s__Phocea_massiliensis","fixed",NA,"(Intercept)",-5.6363535384598,0.194385149594393,-28.9958031784871,36.5907726541588,7.62211492806532e-27,2.11857448334644e-26
"s__Phocea_massiliensis","fixed",NA,"carrierper",-0.093820944082858,0.410681481600518,-0.228451849635919,38.7080144866557,0.82049761561622,0.88579673381405
"s__Prevotella_bivia","fixed",NA,"(Intercept)",-5.71637981876182,0.118321615874734,-48.312219001587,39.8034881943574,5.84081231115671e-37,3.29834106982967e-36
"s__Prevotella_bivia","fixed",NA,"carrierper",-0.103975256037675,0.254745495950467,-0.408153461751064,45.014861868975,0.685095994419553,0.778502099148457
"s__Prevotella_buccalis","fixed",NA,"(Intercept)",-5.56316582243305,0.0365619121570341,-152.157409014582,38.6930704919186,2.3292317760269e-55,1.11803125249291e-53
"s__Prevotella_buccalis","fixed",NA,"carrierper",-0.0751063415493553,0.0790678085857359,-0.949897852144403,44.6076728935858,0.347282508474713,0.514119149338335
"s__Prevotella_copri_clade_A","fixed",NA,"(Intercept)",-3.652572455466,0.330952417650984,-11.0365486416175,36.3435441845785,3.68906693921997e-13,7.51053106059791e-13
"s__Prevotella_copri_clade_A","fixed",NA,"carrierper",-0.482065523019623,0.692113490755024,-0.696512247570466,37.0053161492087,0.490460317910328,0.617653356964773
"s__Prevotella_copri_clade_B","fixed",NA,"(Intercept)",-4.74703376803438,0.224638853122067,-21.1318465263659,36.9424083680737,3.17443972051137e-22,7.44680596089884e-22
"s__Prevotella_copri_clade_B","fixed",NA,"carrierper",-0.562074281192264,0.468252549259656,-1.20036566182276,37.1398380795751,0.23759801027002,0.396420209648375
"s__Prevotella_copri_clade_C","fixed",NA,"(Intercept)",-4.95130785719472,0.168986286078571,-29.3000572537145,36.9200499863935,3.64170505603273e-27,1.03527287242115e-26
"s__Prevotella_copri_clade_C","fixed",NA,"carrierper",-0.130760074961939,0.353408673934709,-0.36999679013565,37.5909851397673,0.713461375652973,0.805791671325711
"s__Prevotella_copri_clade_D","fixed",NA,"(Intercept)",-5.48001939346158,0.267993570731204,-20.448324109081,36.8045111697163,1.08934581903728e-21,2.49450198561198e-21
"s__Prevotella_copri_clade_D","fixed",NA,"carrierper",-0.587074900688985,0.559198990237652,-1.04984971528558,37.150536553021,0.300568994563656,0.47006278849053
"s__Prevotella_copri_clade_E","fixed",NA,"(Intercept)",-4.19902535136572,0.073131902496161,-57.4171491242983,37.4672631650956,3.94769265169826e-38,2.51363287210175e-37
"s__Prevotella_copri_clade_E","fixed",NA,"carrierper",-0.118829615689914,0.152526184598227,-0.77907682541805,37.747449560096,0.440791558412927,0.583217658070724
"s__Prevotella_copri_clade_G","fixed",NA,"(Intercept)",-5.80334815988742,0.249304178748314,-23.2781824557631,37.4844482484117,6.91162764486279e-24,1.72514226015775e-23
"s__Prevotella_copri_clade_G","fixed",NA,"carrierper",-0.344722651930493,0.520601369895475,-0.662162398842141,37.944509193448,0.511869019359229,0.636207508431576
"s__Prevotella_disiens","fixed",NA,"(Intercept)",-5.44685590099692,0.0627264844679325,-86.835025861867,45.3765463789125,4.29165189940538e-52,1.48777265846053e-50
"s__Prevotella_disiens","fixed",NA,"carrierper",-0.111715984451803,0.134363670191123,-0.831444871168636,49.8676627662326,0.409685997781732,0.55878483631869
"s__Prevotella_SGB1635","fixed",NA,"(Intercept)",-5.7530658619742,0.121408290240614,-47.3861039519826,35.9100028804297,5.65088436721469e-34,2.4572486725728e-33
"s__Prevotella_SGB1635","fixed",NA,"carrierper",-0.0183342901339731,0.253717213526499,-0.0722626970363534,36.4675853284731,0.942787733306593,0.969991006732587
"s__Prevotella_SGB1680","fixed",NA,"(Intercept)",-5.02326732538461,0.135887780998473,-36.9662915125611,38.4225958733012,1.21333414705076e-31,4.4276053085361e-31
"s__Prevotella_SGB1680","fixed",NA,"carrierper",-0.115778126631156,0.283813859142985,-0.407936832192635,38.9133324282645,0.685555935067432,0.778502099148457
"s__Prevotella_sp_885","fixed",NA,"(Intercept)",-5.9630566477772,0.222851011287005,-26.7580416769907,37.5861435764797,4.4832868139369e-26,1.19554315038317e-25
"s__Prevotella_sp_885","fixed",NA,"carrierper",-0.10018212892297,0.465419738585416,-0.215251139170549,38.0648446629474,0.83072070158822,0.892971090079327
"s__Prevotella_sp_Marseille_P4119","fixed",NA,"(Intercept)",-4.70788612402198,0.158282068375031,-29.7436479846042,37.7417360815615,8.40276248966111e-28,2.46744649108166e-27
"s__Prevotella_sp_Marseille_P4119","fixed",NA,"carrierper",-0.244845998882079,0.329981305359309,-0.741999606964012,37.9620761586363,0.462653932533428,0.596520324870936
"s__Prevotella_sp_P4_51","fixed",NA,"(Intercept)",-4.41404504897805,0.168130552141956,-26.2536760436687,36.9774884136334,1.64922291390241e-25,4.32401301796261e-25
"s__Prevotella_sp_P4_51","fixed",NA,"carrierper",0.18058968744009,0.350380292080723,0.515410516863446,37.1406411854415,0.609320645243483,0.710902606165207
"s__Prevotella_stercorea","fixed",NA,"(Intercept)",-6.19200169739655,0.229206072583288,-27.0149984579772,38.1023272982143,1.86004054127498e-26,5.02452509850903e-26
"s__Prevotella_stercorea","fixed",NA,"carrierper",-0.175926500040053,0.479409533628471,-0.366964959391883,38.8003289490964,0.71563900559171,0.807520324573648
"s__Prevotella_timonensis","fixed",NA,"(Intercept)",-5.5280715085717,0.0611338623029132,-90.4256871777635,36.2567224746933,2.66537680226532e-44,3.86789563863618e-43
"s__Prevotella_timonensis","fixed",NA,"carrierper",0.0367601054513434,0.131083818110253,0.280432062334535,40.6410714510044,0.780568646383214,0.857202167682095
"s__Prevotellamassilia_timonensis","fixed",NA,"(Intercept)",-5.16017384093062,0.137565267581384,-37.5107316814387,37.1777557767398,3.75786608240757e-31,1.32480702566233e-30
"s__Prevotellamassilia_timonensis","fixed",NA,"carrierper",-0.221778105786511,0.286452477786631,-0.77422303168802,37.2230011579539,0.443688936078506,0.584509691370389
"s__Proteus_mirabilis","fixed",NA,"(Intercept)",-5.76602325469242,0.120667070380909,-47.7845632324614,33.4938014025775,2.1183137885833e-32,8.05992563460962e-32
"s__Proteus_mirabilis","fixed",NA,"carrierper",0.13979195742275,0.255635345162716,0.546841272413916,35.9170702967232,0.587869420864703,0.702067978219281
"s__Pseudoflavonifractor_capillosus","fixed",NA,"(Intercept)",-5.89863040714149,0.0876813625747415,-67.2734801778812,35.5017207879786,4.91793762805233e-39,3.42881908369235e-38
"s__Pseudoflavonifractor_capillosus","fixed",NA,"carrierper",0.306975727330775,0.185413084014032,1.65563141869504,37.7218710780541,0.106093736021323,0.202366977503416
"s__Pseudoflavonifractor_gallinarum","fixed",NA,"(Intercept)",-5.83715067884596,0.123855072385599,-47.1288786677472,33.4482647288425,3.59983635384396e-32,1.35319149686664e-31
"s__Pseudoflavonifractor_gallinarum","fixed",NA,"carrierper",-0.36613819555213,0.262589057600227,-1.39433912021402,35.9796164086505,0.171766238087243,0.307552747679884
"s__Pseudoflavonifractor_sp_An184","fixed",NA,"(Intercept)",-5.06194585530373,0.120534628702793,-41.9957808787478,35.7278374403087,5.24908735111484e-32,1.94966101612837e-31
"s__Pseudoflavonifractor_sp_An184","fixed",NA,"carrierper",-0.189895439819254,0.251988166093307,-0.753588721102637,36.3381275029152,0.455951556400966,0.590890490538324
"s__Pyramidobacter_piscolens","fixed",NA,"(Intercept)",-5.14405945810213,0.0707674703216371,-72.689604909183,43.1962573451243,8.3360505608948e-47,1.57627137878738e-45
"s__Pyramidobacter_piscolens","fixed",NA,"carrierper",0.17978909711988,0.149996875494131,1.19861894807879,45.9363532176013,0.236823314130029,0.396186992003051
"s__Raoultibacter_timonensis","fixed",NA,"(Intercept)",-6.01802874937057,0.0338091788258594,-177.999849696663,103.000000001143,4.90300109085748e-130,3.05947268069507e-127
"s__Raoultibacter_timonensis","fixed",NA,"carrierper",0.0587424874962849,0.073861467427601,0.795306261060467,103.00000000027,0.428264307641276,0.572241815777637
"s__Rheinheimera_SGB14999","fixed",NA,"(Intercept)",-4.97450799987551,0.188204109046969,-26.4314526662861,36.9110329885083,1.39338006054326e-25,3.66092276959577e-25
"s__Rheinheimera_SGB14999","fixed",NA,"carrierper",-0.489050713643214,0.395277061007049,-1.23723525062967,38.1849587696711,0.223554506935561,0.382186335144631
"s__Romboutsia_timonensis","fixed",NA,"(Intercept)",-4.772190355413,0.150304719627644,-31.7501031719784,30.7259522330481,4.68170100071731e-25,1.21471161099692e-24
"s__Romboutsia_timonensis","fixed",NA,"carrierper",-1.17805555362047,0.323177659656227,-3.64522583297868,35.2115342415107,0.000854415301876466,0.00171432523591934
"s__Roseburia_faecis","fixed",NA,"(Intercept)",-3.83845836854868,0.273119235264643,-14.054148785344,37.5818101470922,1.52954560690541e-16,3.20818977717302e-16
"s__Roseburia_faecis","fixed",NA,"carrierper",-0.0721996018404506,0.574634660666517,-0.125644355940358,39.1184338420236,0.900656977889056,0.944554544878606
"s__Roseburia_hominis","fixed",NA,"(Intercept)",-4.06987117627477,0.19817886169266,-20.5363535823836,35.8282111985653,2.09588709243761e-21,4.7471272075538e-21
"s__Roseburia_hominis","fixed",NA,"carrierper",-0.660840372244314,0.416218093609894,-1.58772620025427,37.082868273497,0.120839473601245,0.228496459173262
"s__Roseburia_intestinalis","fixed",NA,"(Intercept)",-4.38364452569,0.287565031189337,-15.2440110939767,36.9722145217464,1.5926564332225e-17,3.38609067915108e-17
"s__Roseburia_intestinalis","fixed",NA,"carrierper",-0.1573312462898,0.606814112341723,-0.259274204554426,38.9230459566202,0.796790084638047,0.869824465400039
"s__Roseburia_inulinivorans","fixed",NA,"(Intercept)",-3.52460747275195,0.297154396699257,-11.8611991338601,36.0916842894578,5.18619035434391e-14,1.06628757202985e-13
"s__Roseburia_inulinivorans","fixed",NA,"carrierper",-0.721127847589565,0.622545917407752,-1.15835286590956,37.003120818287,0.254141698218166,0.417877258730265
"s__Roseburia_SGB4949","fixed",NA,"(Intercept)",-6.42098916589161,0.0579760090644883,-110.752521077285,102.999999999943,6.3374635730674e-109,1.12987921988402e-106
"s__Roseburia_SGB4949","fixed",NA,"carrierper",-0.181070738577449,0.126657708167219,-1.42960693981919,103.000000000449,0.15585603598672,0.283539843894207
"s__Roseburia_sp_AF02_12","fixed",NA,"(Intercept)",-5.07898976546026,0.226318096169312,-22.4418190654122,36.738361287311,4.82520688041985e-23,1.16476947519613e-22
"s__Roseburia_sp_AF02_12","fixed",NA,"carrierper",-0.136352237230223,0.475322278761443,-0.286862710465662,38.0085737546188,0.775775488757502,0.853011286316619
"s__Roseburia_sp_AM16_25","fixed",NA,"(Intercept)",-4.67954372302821,0.179355651179138,-26.0908629990942,36.8069905119528,2.44284651398398e-25,6.37797583567366e-25
"s__Roseburia_sp_AM16_25","fixed",NA,"carrierper",-0.450594320999204,0.37543491280434,-1.20019291129175,37.6057622144664,0.237570792434141,0.396420209648375
"s__Roseburia_sp_AM23_20","fixed",NA,"(Intercept)",-4.90172471256036,0.145841490547702,-33.6099466218572,38.5112822216986,3.78595697767578e-30,1.23364864442281e-29
"s__Roseburia_sp_AM23_20","fixed",NA,"carrierper",-0.223124269860221,0.305909610711951,-0.729379731944149,39.6211756399546,0.470059521809579,0.604154771594598
"s__Roseburia_sp_AM59_24XD","fixed",NA,"(Intercept)",-5.53814672739209,0.103617489001402,-53.4479920403894,35.4174089201823,1.85269148884411e-35,8.82503426747116e-35
"s__Roseburia_sp_AM59_24XD","fixed",NA,"carrierper",-0.139633934444555,0.216789594003025,-0.644098878853967,36.1337164720654,0.523579127352479,0.64437244643178
"s__Rothia_mucilaginosa","fixed",NA,"(Intercept)",-6.28857301072105,0.0638027940131614,-98.5626587046302,42.2272424352245,1.51660353388466e-51,4.73180302572014e-50
"s__Rothia_mucilaginosa","fixed",NA,"carrierper",0.0941460142413566,0.136435013298651,0.690042914682572,46.3741761687155,0.493606235763204,0.619739016330461
"s__Ruminococcaceae_bacterium_AM28_23LB","fixed",NA,"(Intercept)",-5.38948618648946,0.0617414015058778,-87.291283564018,34.6026111351,3.64809580365205e-42,3.82590215374601e-41
"s__Ruminococcaceae_bacterium_AM28_23LB","fixed",NA,"carrierper",-0.0548035635954158,0.131194974618743,-0.417726088630123,37.5078393472083,0.678529129065006,0.774752381585662
"s__Ruminococcus_bicirculans","fixed",NA,"(Intercept)",-4.64552846408852,0.305315579452216,-15.2154975924364,37.2870969479976,1.41320585301291e-17,3.01483915309422e-17
"s__Ruminococcus_bicirculans","fixed",NA,"carrierper",-1.20524160876192,0.640613857758826,-1.88138547763926,38.4270399959604,0.0675114128800037,0.131647255116007
"s__Ruminococcus_bromii","fixed",NA,"(Intercept)",-3.88338326252395,0.316056053776275,-12.2870080041968,36.5174945102778,1.54785005554018e-14,3.19820673727508e-14
"s__Ruminococcus_bromii","fixed",NA,"carrierper",-0.801122556348237,0.664410757372557,-1.20576397576149,37.9159517852938,0.23537931180163,0.394614182491258
"s__Ruminococcus_callidus","fixed",NA,"(Intercept)",-4.43518114838658,0.181991001207223,-24.3703321536019,37.0528450139578,2.07782135377712e-24,5.25988042497737e-24
"s__Ruminococcus_callidus","fixed",NA,"carrierper",-0.650555738698899,0.381059574267744,-1.70722842996145,37.894267371804,0.0959621249239884,0.183964257918798
"s__Ruminococcus_gnavus","fixed",NA,"(Intercept)",-3.17768785516741,0.234788485607414,-13.5342576402182,36.711274654692,7.6619358299888e-16,1.5963432246788e-15
"s__Ruminococcus_gnavus","fixed",NA,"carrierper",-0.292223855012239,0.492365840456597,-0.593509604040045,37.766859489388,0.556378312014542,0.675447600577965
"s__Ruminococcus_lactaris","fixed",NA,"(Intercept)",-4.91265335552354,0.169359660220176,-29.0072225530971,36.3117323772289,1.02883060522789e-26,2.82815109102293e-26
"s__Ruminococcus_lactaris","fixed",NA,"carrierper",-0.431750418824631,0.354086956606828,-1.21933443401034,36.9368348217397,0.230446735818356,0.390227308414258
"s__Ruminococcus_SGB4421","fixed",NA,"(Intercept)",-4.26943833543773,0.0824089186998037,-51.8079645115875,38.8000163510424,1.95661647467313e-37,1.14105484130471e-36
"s__Ruminococcus_SGB4421","fixed",NA,"carrierper",0.0575987061928118,0.172862517632615,0.333205295061284,39.9179328292523,0.740723189808784,0.822439982990536
"s__Ruminococcus_sp_AF13_28","fixed",NA,"(Intercept)",-5.73414022711038,0.13284307374894,-43.1647662560665,34.2389651562702,1.92715800990059e-31,6.97128462711866e-31
"s__Ruminococcus_sp_AF13_28","fixed",NA,"carrierper",0.0805373437340624,0.279789175321348,0.287850105857606,35.8579776642861,0.775118680452178,0.853011286316619
"s__Ruminococcus_sp_BSD2780120874_150323_B10","fixed",NA,"(Intercept)",-5.46211504214313,0.0993777273768678,-54.9631711885428,26.7167063220582,5.07768588452225e-29,1.5569906594309e-28
"s__Ruminococcus_sp_BSD2780120874_150323_B10","fixed",NA,"carrierper",0.0462538026677857,0.211837638696539,0.218345535535567,29.6634104436533,0.828655116752687,0.892154877651871
"s__Ruminococcus_sp_NSJ_13","fixed",NA,"(Intercept)",-5.55142251636678,0.0970292986773006,-57.2138786123733,37.02671989826,9.78605197442892e-38,5.89999655269917e-37
"s__Ruminococcus_sp_NSJ_13","fixed",NA,"carrierper",-0.244457283830183,0.202203850893055,-1.20896453134058,37.1877788883733,0.23430721425126,0.394500250743453
"s__Ruminococcus_torques","fixed",NA,"(Intercept)",-2.97517445542667,0.233952577978083,-12.7169979537708,36.311398608278,6.0978915421363e-15,1.26414761537975e-14
"s__Ruminococcus_torques","fixed",NA,"carrierper",-0.558359377513299,0.491962091879599,-1.13496423145129,37.7491977830566,0.263545711792855,0.429941239630698
"s__Ruthenibacterium_lactatiformans","fixed",NA,"(Intercept)",-3.90070593410529,0.217923645553404,-17.8994157527041,35.7170892744448,2.03586338077735e-19,4.47316461128546e-19
"s__Ruthenibacterium_lactatiformans","fixed",NA,"carrierper",-0.315814421435635,0.460564622784933,-0.68571141987844,37.8606035442634,0.497072742947788,0.622838135741806
"s__Sanguibacter_SGB15121","fixed",NA,"(Intercept)",-5.62339904230602,0.096445291629443,-58.3066207515028,38.3381858451067,4.77101158260137e-39,3.36396748874944e-38
"s__Sanguibacter_SGB15121","fixed",NA,"carrierper",0.105038569935314,0.202712367996292,0.518165571117179,39.7403322015512,0.607215825360883,0.710902606165207
"s__Sellimonas_intestinalis","fixed",NA,"(Intercept)",-4.48284297146593,0.176380942845551,-25.4156877673081,35.931291503372,1.47192614778142e-24,3.75657225446054e-24
"s__Sellimonas_intestinalis","fixed",NA,"carrierper",-0.414887679124958,0.369458159084068,-1.12296255725822,36.8165111183284,0.268723235224575,0.435435706405525
"s__Senegalimassilia_anaerobia","fixed",NA,"(Intercept)",-5.15334565979347,0.0495208103510896,-104.064243360672,33.0542080878996,3.51484201035746e-43,4.34309190982784e-42
"s__Senegalimassilia_anaerobia","fixed",NA,"carrierper",-0.134847067735893,0.105568533872756,-1.27734148414363,36.377974285332,0.209574139546073,0.365802134480418
"s__Senegalimassilia_faecalis","fixed",NA,"(Intercept)",-5.59188034800322,0.0816907178728883,-68.4518448803969,37.3002387972553,7.99631930231283e-41,7.07759325481306e-40
"s__Senegalimassilia_faecalis","fixed",NA,"carrierper",-0.152847016605151,0.170888444506683,-0.894425700031306,38.01170000794,0.37672283271345,0.533345994757945
"s__Slackia_isoflavoniconvertens","fixed",NA,"(Intercept)",-5.26459360375904,0.0788890931666917,-66.7341123142969,35.0700981992365,1.50917129719278e-38,9.94656018490585e-38
"s__Slackia_isoflavoniconvertens","fixed",NA,"carrierper",-0.155622929912505,0.164995734646501,-0.943193654344601,35.7352234637827,0.35191528065189,0.51554408627397
"s__Solibaculum_mannosilyticum","fixed",NA,"(Intercept)",-5.42816728134446,0.0288360170159291,-188.242616112549,35.3581798038567,1.15658693977594e-54,4.97731207186335e-53
"s__Solibaculum_mannosilyticum","fixed",NA,"carrierper",0.1000352587392,0.0603791589000403,1.65678456874186,36.1850603763684,0.106210232583924,0.202366977503416
"s__Streptococcus_anginosus","fixed",NA,"(Intercept)",-5.25394572209958,0.0821731880596061,-63.9374697046987,33.6644010447748,9.83625595874012e-37,5.38405589320512e-36
"s__Streptococcus_anginosus","fixed",NA,"carrierper",0.00979788462237479,0.172290891785818,0.0568682680832308,34.6535058991783,0.954976775268095,0.976094197817021
"s__Streptococcus_australis","fixed",NA,"(Intercept)",-5.23878837331542,0.0665395280468284,-78.7319737168639,44.4446318322571,2.25290827840225e-49,5.20672135452964e-48
"s__Streptococcus_australis","fixed",NA,"carrierper",0.0382224170676031,0.14130855814108,0.270489045889509,47.508280551845,0.787955703600838,0.864120138922536
"s__Streptococcus_equinus","fixed",NA,"(Intercept)",-5.23248863867218,0.078585244563075,-66.583601893259,20.0238542011045,5.58728689622639e-25,1.44068885258069e-24
"s__Streptococcus_equinus","fixed",NA,"carrierper",0.0887150774584219,0.16952141996436,0.523326653806188,23.8486539007118,0.605576011962818,0.710299683204508
"s__Streptococcus_gallolyticus","fixed",NA,"(Intercept)",-4.19506428959171,0.0297400360172212,-141.057807971803,36.0515893171931,4.81154673925041e-51,1.39646751874058e-49
"s__Streptococcus_gallolyticus","fixed",NA,"carrierper",0.00328859737319962,0.0627928761953903,0.0523721411162408,38.0645205375302,0.958506061904066,0.977646683992459
"s__Streptococcus_gordonii","fixed",NA,"(Intercept)",-5.52777761003079,0.0542866729828028,-101.825684027126,30.7922798003969,1.67773869469291e-40,1.42436591222908e-39
"s__Streptococcus_gordonii","fixed",NA,"carrierper",0.242348475450458,0.116441835434981,2.08128353993339,34.9127972161028,0.0448073686241905,0.0886205959476858
"s__Streptococcus_infantis","fixed",NA,"(Intercept)",-5.58651039521005,0.0310668185144099,-179.822417046626,102.999999999348,1.72273174713114e-130,2.14996922041967e-127
"s__Streptococcus_infantis","fixed",NA,"carrierper",0.103424222075218,0.067870350108184,1.52384983885248,103.000000000122,0.130610779245999,0.245719768960324
"s__Streptococcus_mitis","fixed",NA,"(Intercept)",-5.21968181974779,0.0854173171305558,-61.1080047359692,38.755618242488,3.77850626396253e-40,3.02280501117002e-39
"s__Streptococcus_mitis","fixed",NA,"carrierper",0.139934604008903,0.18070315822177,0.774389365332321,41.1200427111322,0.443130618520437,0.584509691370389
"s__Streptococcus_oralis","fixed",NA,"(Intercept)",-5.27008461106079,0.0594317550880107,-88.6745579573828,34.5946935442462,2.16018410674177e-42,2.34426936105542e-41
"s__Streptococcus_oralis","fixed",NA,"carrierper",0.11012130111562,0.126352518922538,0.8715402118982,37.577016572782,0.388993776120746,0.539543067377
"s__Streptococcus_parasanguinis","fixed",NA,"(Intercept)",-4.64176153322325,0.206024227431653,-22.5301732281128,35.4134394010628,1.39369030146192e-22,3.31300094518949e-22
"s__Streptococcus_parasanguinis","fixed",NA,"carrierper",-0.47243708433287,0.434262325551359,-1.08790713938411,37.1693951617373,0.283640316683626,0.451117873093293
"s__Streptococcus_pasteurianus","fixed",NA,"(Intercept)",-5.26877984730294,0.107574430294517,-48.9779944256092,43.9647636302257,5.33537888594693e-40,4.08500174825875e-39
"s__Streptococcus_pasteurianus","fixed",NA,"carrierper",-0.275760603211278,0.227353459142746,-1.21291580190183,46.2651474532294,0.231318899105251,0.391173422877173
"s__Streptococcus_salivarius","fixed",NA,"(Intercept)",-3.83616313068179,0.18686430054836,-20.5291386285365,38.0140291781309,3.59364396753464e-22,8.41438587520306e-22
"s__Streptococcus_salivarius","fixed",NA,"carrierper",-0.313324053160604,0.393897774088651,-0.795445097108079,39.8307861806661,0.431069606654794,0.575005291395338
"s__Streptococcus_SGB14888","fixed",NA,"(Intercept)",-5.16433715663911,0.0693806644361345,-74.4348183836281,36.4049908957309,2.202846870218e-41,2.08269158638793e-40
"s__Streptococcus_SGB14888","fixed",NA,"carrierper",-0.158969103447636,0.145257940425083,-1.09439183140301,37.2265221091253,0.28081393203172,0.448398720835516
"s__Streptococcus_SGB15012","fixed",NA,"(Intercept)",-5.4322147316369,0.124821619144498,-43.5198226787009,37.3417025234041,1.32275294103748e-33,5.52105575389557e-33
"s__Streptococcus_SGB15012","fixed",NA,"carrierper",-0.324747176247377,0.260943798623678,-1.24451003610825,37.9603268179458,0.220941141078199,0.379799647473268
"s__Streptococcus_thermophilus","fixed",NA,"(Intercept)",-4.61444179598106,0.0978769363936491,-47.1453435916949,40.289699281216,7.19852816246317e-37,3.99278362077957e-36
"s__Streptococcus_thermophilus","fixed",NA,"carrierper",-0.278151765480953,0.207963436231676,-1.33750321941731,43.3573071766964,0.188032716116852,0.332857914487703
"s__Streptococcus_vestibularis","fixed",NA,"(Intercept)",-4.69417754810022,0.0863553976240106,-54.3588203778363,36.9484340225191,7.28886778242558e-37,4.025003094012e-36
"s__Streptococcus_vestibularis","fixed",NA,"carrierper",-0.0657572784347297,0.180697916738845,-0.363907230484377,37.6975220801449,0.717960415326547,0.808001470336898
"s__Sutterella_SGB9298","fixed",NA,"(Intercept)",-4.80427866311228,0.149919597619395,-32.0457014253003,37.5515822910687,7.03288332261896e-29,2.14074106990938e-28
"s__Sutterella_SGB9298","fixed",NA,"carrierper",0.0555147292373442,0.313092767803469,0.177310800331841,38.0249242843379,0.860205411037096,0.913513175820319
"s__Sutterella_sp_AM11_39","fixed",NA,"(Intercept)",-5.36561147525312,0.0745135874892785,-72.0084974572612,37.2531141375438,1.34595337359608e-41,1.30213163585109e-40
"s__Sutterella_sp_AM11_39","fixed",NA,"carrierper",-0.0841601282625821,0.155219727536723,-0.542199948409721,37.3553673769599,0.590900833225364,0.702315089321919
"s__Sutterella_wadsworthensis","fixed",NA,"(Intercept)",-4.91332620652443,0.29877748502404,-16.4447672692911,36.7257085111469,1.60304853221225e-18,3.4732718197932e-18
"s__Sutterella_wadsworthensis","fixed",NA,"carrierper",0.929868479099597,0.623266518107462,1.49192753354235,37.0328800846962,0.144188592284779,0.267778814243161
"s__TM7_phylum_sp_oral_taxon_352","fixed",NA,"(Intercept)",-4.99692583626755,0.0565948318416517,-88.292970818406,31.4860751729505,2.74193314587326e-39,1.97799570291898e-38
"s__TM7_phylum_sp_oral_taxon_352","fixed",NA,"carrierper",-0.113762760106151,0.120546577230787,-0.943724514785281,34.6061068129728,0.351852902898432,0.51554408627397
"s__Turicibacter_bilis","fixed",NA,"(Intercept)",-5.39557478954007,0.115740607757536,-46.6178197443306,103.000000001033,4.66551715999614e-71,5.29324128697744e-69
"s__Turicibacter_bilis","fixed",NA,"carrierper",-0.495730218223438,0.252853557135062,-1.96054278943223,103.000000000601,0.0526332445027433,0.103280328835572
"s__Turicibacter_sanguinis","fixed",NA,"(Intercept)",-5.57034255217708,0.0957428538100632,-58.1802435430602,18.4112436972725,2.49484939670742e-22,5.87466423979407e-22
"s__Turicibacter_sanguinis","fixed",NA,"carrierper",-0.29932393990452,0.204457862192082,-1.46398840668359,20.8823096962108,0.158089207252498,0.286350262193204
"s__Tyzzerella_nexilis","fixed",NA,"(Intercept)",-4.54862309459053,0.233377759161665,-19.490388076953,37.4512222243359,3.35541567396256e-21,7.57243898934047e-21
"s__Tyzzerella_nexilis","fixed",NA,"carrierper",-0.86861928680422,0.487102119775596,-1.78323856854572,37.8394489788975,0.0825707093261279,0.160012803166161
"s__Veillonella_atypica","fixed",NA,"(Intercept)",-5.05964109579081,0.179652163965583,-28.1635410568176,33.7259129333447,5.15551203385349e-25,1.33487116561186e-24
"s__Veillonella_atypica","fixed",NA,"carrierper",0.220496473644968,0.382840469457924,0.575948707714144,37.0251949345742,0.568134456856583,0.687046319919589
"s__Veillonella_dispar","fixed",NA,"(Intercept)",-5.22353385745684,0.20882341664759,-25.014119303833,37.3930841158001,5.97840595224971e-25,1.53836095431085e-24
"s__Veillonella_dispar","fixed",NA,"carrierper",0.038427029635725,0.442412025768871,0.0868580133393581,39.9417643728439,0.931218362395159,0.962053407507581
"s__Veillonella_parvula","fixed",NA,"(Intercept)",-4.44613662792537,0.271290312387819,-16.3888514440186,35.2220802093139,4.68103731662182e-18,1.00896970140657e-17
"s__Veillonella_parvula","fixed",NA,"carrierper",0.465355554742868,0.570223610595805,0.816093101189962,36.5784371890007,0.419729873189082,0.566374660548857
"s__Veillonella_ratti","fixed",NA,"(Intercept)",-4.68436974376328,0.182689086719719,-25.6412127723318,39.7389608170399,2.46122239405474e-26,6.60560332855983e-26
"s__Veillonella_ratti","fixed",NA,"carrierper",-0.44639849307629,0.381992614488144,-1.16860503618492,40.4016487446211,0.249412162427562,0.411899340403187
"s__Veillonella_rogosae","fixed",NA,"(Intercept)",-5.2524343959366,0.129266838036113,-40.6324969012489,29.4964116030423,1.87938733659473e-27,5.42934119460699e-27
"s__Veillonella_rogosae","fixed",NA,"carrierper",-0.367242383783628,0.275253015769797,-1.33419931024757,32.4656228508637,0.191422177468701,0.338378013429092
"s__Vescimonas_coprocola","fixed",NA,"(Intercept)",-4.67017953678769,0.220697483575901,-21.1610003934709,37.4387097543053,2.00124719875209e-22,4.73919640235789e-22
"s__Vescimonas_coprocola","fixed",NA,"carrierper",-0.161493114792952,0.461764360708785,-0.349730573717445,38.1786201589659,0.728462826360319,0.812441114653868
"s__Vescimonas_fastidiosa","fixed",NA,"(Intercept)",-5.90053583191234,0.101181159689876,-58.316546776077,36.2262242046947,2.03727733564094e-37,1.18256842552553e-36
"s__Vescimonas_fastidiosa","fixed",NA,"carrierper",-0.254366084643963,0.213173992853233,-1.19323225708443,37.9342408775145,0.240188065183087,0.399672940464656
"s__Vescimonas_SGB15087","fixed",NA,"(Intercept)",-5.04496014986501,0.108012971902802,-46.7069839945226,37.7609651809869,5.14316312579764e-35,2.35980425771892e-34
"s__Vescimonas_SGB15087","fixed",NA,"carrierper",-0.2648435529592,0.22620949753814,-1.17078883000722,38.639355742414,0.248853745134324,0.411895854015432
"s__Victivallis_lenta","fixed",NA,"(Intercept)",-4.87305444928678,0.123468392526921,-39.4680318545837,36.735144342278,1.10599461944626e-31,4.04774570401447e-31
"s__Victivallis_lenta","fixed",NA,"carrierper",-0.310704250721432,0.257698376563095,-1.20568959286927,37.1186079672958,0.235566959900631,0.394614182491258
"s__Victivallis_vadensis","fixed",NA,"(Intercept)",-4.75263510234402,0.0690670456954819,-68.811906669622,37.1809829796341,8.30270986592069e-41,7.2970295159641e-40
"s__Victivallis_vadensis","fixed",NA,"carrierper",-0.0874969637043526,0.143846569598281,-0.608265904071988,37.2550663887716,0.546701909700074,0.666944265205956
"s__Waltera_intestinalis","fixed",NA,"(Intercept)",-4.67352469344047,0.279116672044246,-16.7439825762168,36.864506283478,8.15328539895679e-19,1.78201404166341e-18
"s__Waltera_intestinalis","fixed",NA,"carrierper",-0.380282498754657,0.58430517099657,-0.650828569779831,37.6750371136472,0.519107042652176,0.640796824164111
"s__Weissella_cibaria","fixed",NA,"(Intercept)",-5.96097035792457,0.0684325109190323,-87.1072868417387,32.4201398796707,5.10055582587966e-40,3.96478505103104e-39
"s__Weissella_cibaria","fixed",NA,"carrierper",-0.102593670476422,0.142908418608912,-0.717898018010984,32.8552901850295,0.47789412633665,0.608583540477693
"s__Weissella_confusa","fixed",NA,"(Intercept)",-5.79748672793293,0.0766066818926092,-75.6786038071734,27.7466406832708,1.08445322880772e-33,4.57228928902714e-33
"s__Weissella_confusa","fixed",NA,"carrierper",-0.0916277963602947,0.164682569365631,-0.556390373997998,31.9603141440228,0.581819101671467,0.698854897869096
