"Species","effect","group","term","estimate","std.error","statistic","df","p.value","padj"
"s__Acidaminococcus_fermentans","fixed",NA,"(Intercept)",-3.72527023763392,0.0194401023524945,-191.628118519443,138.814586029483,3.79316757286312e-170,1.69066897533327e-168
"s__Acidaminococcus_fermentans","fixed",NA,"st131_detectyes",-0.0114130318324268,0.028197909235725,-0.404747449075665,192.161733452559,0.686113339396667,0.810951116726957
"s__Acidaminococcus_intestini","fixed",NA,"(Intercept)",-4.67875833200759,0.14556883620117,-32.1412086137843,121.928458909484,2.24892728033789e-61,4.86423092870309e-61
"s__Acidaminococcus_intestini","fixed",NA,"st131_detectyes",0.198407915912978,0.162571548148068,1.22043443747162,160.394017007899,0.224091454890903,0.367015926120534
"s__Acidaminococcus_massiliensis","fixed",NA,"(Intercept)",-5.37459113160165,0.0566660411193484,-94.8467728719894,124.42661093583,6.64750763427858e-118,2.99497816880132e-117
"s__Acidaminococcus_massiliensis","fixed",NA,"st131_detectyes",-0.0603646531916296,0.0663051240875807,-0.910407061630645,165.119974167841,0.363934952281636,0.528128860985443
"s__Acidaminococcus_SGB5735","fixed",NA,"(Intercept)",-6.08131457574238,0.0388234630332926,-156.640188705666,127.406562198405,1.47525264354095e-147,2.45482039885214e-146
"s__Acidaminococcus_SGB5735","fixed",NA,"st131_detectyes",0.0632454719417244,0.0653325806547018,0.968054090439068,200.756859484727,0.334182134677233,0.492977900800457
"s__Actinomyces_sp_ICM47","fixed",NA,"(Intercept)",-6.38542019069127,0.0387246156143572,-164.89305547358,125.540643888962,1.31657411791514e-148,2.56731952993452e-147
"s__Actinomyces_sp_ICM47","fixed",NA,"st131_detectyes",-0.0348194642261456,0.0839939102365813,-0.414547484788735,244.323965244579,0.678836934953662,0.80853393434593
"s__Adlercreutzia_equolifaciens","fixed",NA,"(Intercept)",-5.65128567003047,0.0557908454253809,-101.294139333109,122.969762362479,2.54306328376928e-120,1.27973507183228e-119
"s__Adlercreutzia_equolifaciens","fixed",NA,"st131_detectyes",0.164857143346468,0.112223025573797,1.46901353357345,229.516193890521,0.143198404028498,0.250962615521879
"s__Agathobaculum_butyriciproducens","fixed",NA,"(Intercept)",-4.11993032772453,0.116351404431443,-35.4093734223217,122.42880888782,3.56465766266812e-66,7.83220556867925e-66
"s__Agathobaculum_butyriciproducens","fixed",NA,"st131_detectyes",0.189831902870551,0.17312192632272,1.09652143378235,181.972228911479,0.27429962752098,0.429518111852175
"s__Akkermansia_muciniphila","fixed",NA,"(Intercept)",-4.5375514195583,0.116916412531405,-38.8102176701621,131.097260609228,9.62240153010046e-74,2.19538521198636e-73
"s__Akkermansia_muciniphila","fixed",NA,"st131_detectyes",-0.0143659527606896,0.239926575416204,-0.059876454851943,235.702164583308,0.95230476853921,0.977365420342873
"s__Alistipes_communis","fixed",NA,"(Intercept)",-4.11150896032278,0.105679188707753,-38.9055689260901,120.184779259528,5.90606374471388e-70,1.31620849167909e-69
"s__Alistipes_communis","fixed",NA,"st131_detectyes",-0.00973345827425792,0.0874861849934558,-0.111257089047671,148.251194333396,0.91156296662249,0.951196139084337
"s__Alistipes_dispar","fixed",NA,"(Intercept)",-4.30846364292205,0.0998863768869265,-43.1336462208387,122.522889798825,6.28862091712825e-76,1.48359147534519e-75
"s__Alistipes_dispar","fixed",NA,"st131_detectyes",0.00703319438010882,0.102873170569186,0.0683676253117787,157.336394194326,0.945579801343404,0.971262215700879
"s__Alistipes_finegoldii","fixed",NA,"(Intercept)",-5.04389987497363,0.157404873985866,-32.0441149454275,120.908073223501,6.26123539377554e-61,1.34957198124903e-60
"s__Alistipes_finegoldii","fixed",NA,"st131_detectyes",-0.0307975711951759,0.200076884643038,-0.153928682216952,167.070284836143,0.877851745764913,0.934777285592672
"s__Alistipes_ihumii","fixed",NA,"(Intercept)",-4.41447435242964,0.0782073468402692,-56.4457756308467,123.7545796891,3.53589615764502e-90,9.65601401475051e-90
"s__Alistipes_ihumii","fixed",NA,"st131_detectyes",-0.0724492304704243,0.11551096983157,-0.627206494552547,182.273596973866,0.531308753661323,0.684286196665977
"s__Alistipes_indistinctus","fixed",NA,"(Intercept)",-4.88060824247167,0.103757063294201,-47.0388047571547,123.395526835033,1.1688148377649e-80,2.88276861172054e-80
"s__Alistipes_indistinctus","fixed",NA,"st131_detectyes",0.19102339989172,0.136169227442691,1.40283824384709,171.580715789877,0.162471969428333,0.28122748661104
"s__Alistipes_onderdonkii","fixed",NA,"(Intercept)",-4.05379286613978,0.158946765036565,-25.5040916699829,124.176603977274,3.36945448574838e-51,6.9505441292793e-51
"s__Alistipes_onderdonkii","fixed",NA,"st131_detectyes",-0.164995393730066,0.232714321062776,-0.709004039702211,181.727070736284,0.479230546994177,0.634907236020979
"s__Alistipes_provencensis","fixed",NA,"(Intercept)",-5.37454587635782,0.0446523376165557,-120.364266760473,125.302901622856,2.33098073000283e-131,1.73158568514496e-130
"s__Alistipes_provencensis","fixed",NA,"st131_detectyes",0.0483026343272547,0.0536065436439323,0.90105854703285,167.366933448283,0.368851965087328,0.532170234021949
"s__Alistipes_putredinis","fixed",NA,"(Intercept)",-3.90866673009014,0.181349242636038,-21.5532564309337,123.912833339049,9.66893841360225e-44,1.96528259611981e-43
"s__Alistipes_putredinis","fixed",NA,"st131_detectyes",0.141293048475518,0.230538993018412,0.612881346559166,169.755836316857,0.540775001533288,0.691549021100342
"s__Alistipes_senegalensis","fixed",NA,"(Intercept)",-5.3973042204227,0.0997412955024354,-54.1130350596951,114.978606689776,1.22491624004548e-83,3.17156736011775e-83
"s__Alistipes_senegalensis","fixed",NA,"st131_detectyes",-0.0303890440325589,0.127957073005076,-0.237494054207956,162.316323034674,0.812573034430751,0.891900744916075
"s__Alistipes_SGB2300","fixed",NA,"(Intercept)",-4.9774146600713,0.032258947067298,-154.295633074679,133.640164268799,1.90659308400125e-152,4.575823401603e-151
"s__Alistipes_SGB2300","fixed",NA,"st131_detectyes",0.0793217370390846,0.0542820104216862,1.46128959526147,204.720095652594,0.145469158547126,0.254265419981531
"s__Alistipes_SGB2302","fixed",NA,"(Intercept)",-6.03117149854724,0.0484712156689332,-124.427898399355,125.914922384703,1.16257887904682e-133,9.67265627366957e-133
"s__Alistipes_SGB2302","fixed",NA,"st131_detectyes",0.0592961830187699,0.0626476356746952,0.946503126257979,172.660929308015,0.345214769819581,0.506260908031536
"s__Alistipes_shahii","fixed",NA,"(Intercept)",-4.37983589770121,0.140626033917302,-31.1452707275871,120.477161621683,1.79446896627973e-59,3.83475559917313e-59
"s__Alistipes_shahii","fixed",NA,"st131_detectyes",-0.140159975743515,0.13335724937449,-1.05101129785544,152.375861748271,0.294917364321146,0.449947274661112
"s__Alistipes_sp_AF17_16","fixed",NA,"(Intercept)",-4.70754616084666,0.0504122670795239,-93.3809652603134,119.168389099139,2.68208916838944e-113,1.05259348495284e-112
"s__Alistipes_sp_AF17_16","fixed",NA,"st131_detectyes",0.0289069838839083,0.061053572594513,0.473469162499202,162.315719918426,0.63651466035982,0.769291403776046
"s__Alistipes_sp_D31t1_170403_E11","fixed",NA,"(Intercept)",-4.29286179953325,0.0319326031225867,-134.435071987501,131.311900473283,1.64937229336643e-142,2.10042512461357e-141
"s__Alistipes_sp_D31t1_170403_E11","fixed",NA,"st131_detectyes",0.027841709484998,0.036779987570933,0.756979850286875,170.437320060616,0.45010711083367,0.611244476953667
"s__Allisonella_histaminiformans","fixed",NA,"(Intercept)",-4.72742301636105,0.0795296667991555,-59.4422585511354,126.685020360815,2.13208158070008e-94,6.07497217514542e-94
"s__Allisonella_histaminiformans","fixed",NA,"st131_detectyes",-0.320434686111703,0.124057845049268,-2.58294577005144,190.523886973818,0.0105456459575998,0.0209569524762493
"s__Anaerobutyricum_hallii","fixed",NA,"(Intercept)",-4.69656817063396,0.112089484425649,-41.9001674840363,124.26919758514,3.66417288115371e-75,8.51561965675946e-75
"s__Anaerobutyricum_hallii","fixed",NA,"st131_detectyes",0.143783210765184,0.173679254676291,0.827866350723187,187.921401617456,0.408796295904221,0.573515028083728
"s__Anaerobutyricum_soehngenii","fixed",NA,"(Intercept)",-5.41851115897281,0.125516826500772,-43.1695997264518,117.786106335416,4.81771408421856e-74,1.10727572322371e-73
"s__Anaerobutyricum_soehngenii","fixed",NA,"st131_detectyes",0.0419695398769414,0.175838508816626,0.23868230093278,172.103404485717,0.81163591111822,0.891900744916075
"s__Anaerococcus_SGB53821","fixed",NA,"(Intercept)",-5.30220153422979,0.0477043600850612,-111.147105312292,126.126279083938,1.03876799078344e-127,6.64811514101399e-127
"s__Anaerococcus_SGB53821","fixed",NA,"st131_detectyes",0.0773239766861446,0.0833927076260177,0.927227078810189,205.588066998313,0.354895896520801,0.518023484044397
"s__Anaerofilum_sp_BX8","fixed",NA,"(Intercept)",-6.45827530132482,0.0352084815133729,-183.429532423085,131.1879570108,5.16803665413049e-160,1.46584312371701e-158
"s__Anaerofilum_sp_BX8","fixed",NA,"st131_detectyes",-0.125635396000603,0.0773550817595236,-1.62413888193111,246.923662238971,0.105621978217735,0.191872239906454
"s__Anaeromassilibacillus_sp_An250","fixed",NA,"(Intercept)",-5.51722382969287,0.0936127585597765,-58.9366654137197,129.571961374423,1.95430679852533e-95,5.69853944990564e-95
"s__Anaeromassilibacillus_sp_An250","fixed",NA,"st131_detectyes",-0.231515197812835,0.179437004951577,-1.29023106396204,222.879497179587,0.198307426703717,0.331752906871634
"s__Anaerosacchariphilus_sp_NSJ_68","fixed",NA,"(Intercept)",-6.23613180147619,0.077949091706995,-80.0026230570763,130.672287820879,7.14738856150391e-113,2.77879779587442e-112
"s__Anaerosacchariphilus_sp_NSJ_68","fixed",NA,"st131_detectyes",0.00414035771312834,0.107217298059361,0.0386165086051323,181.375183482358,0.969238611566103,0.987376426275901
"s__Anaerostipes_caccae","fixed",NA,"(Intercept)",-6.06207591294807,0.0806662448378925,-75.150094381243,137.386625667371,1.79937653898254e-113,7.10639848307028e-113
"s__Anaerostipes_caccae","fixed",NA,"st131_detectyes",-0.0582143268151399,0.136474316349144,-0.426558845447588,207.699061207982,0.670142461169625,0.801857901763846
"s__Anaerostipes_hadrus","fixed",NA,"(Intercept)",-3.76591011554634,0.115267455588618,-32.6710613704066,124.56766647197,6.09968141952184e-63,1.32389607157622e-62
"s__Anaerostipes_hadrus","fixed",NA,"st131_detectyes",0.039974270574497,0.177213884393984,0.225570759939022,187.251216182851,0.821781287942887,0.898058710466482
"s__Anaerotignum_faecicola","fixed",NA,"(Intercept)",-5.00802560553848,0.116296160431471,-43.0626908657877,123.488680300725,3.11465349068725e-76,7.36190825071532e-76
"s__Anaerotignum_faecicola","fixed",NA,"st131_detectyes",0.197301111309765,0.168087440416425,1.17380043875357,179.895737678501,0.242026617958225,0.390244469265976
"s__Anaerotignum_lactatifermentans","fixed",NA,"(Intercept)",-5.08258704838811,0.0801013545883274,-63.4519487780142,125.81600652945,2.14218858650408e-97,6.44205146013756e-97
"s__Anaerotignum_lactatifermentans","fixed",NA,"st131_detectyes",-0.0729573736557202,0.120723822123938,-0.604332867963877,186.024368990045,0.546358702466035,0.696481778015947
"s__Anaerotruncus_colihominis","fixed",NA,"(Intercept)",-4.95852349981147,0.110827564352942,-44.7408866987324,126.334638010219,2.45944537055622e-79,6.01840749500817e-79
"s__Anaerotruncus_colihominis","fixed",NA,"st131_detectyes",0.028496876450131,0.196077978841414,0.14533440531422,207.607730809729,0.88458785481146,0.93794871946024
"s__Anaerotruncus_rubiinfantis","fixed",NA,"(Intercept)",-5.66848648770592,0.0392858771229783,-144.288148892835,130.249942735659,1.42498560695983e-145,2.11712147319746e-144
"s__Anaerotruncus_rubiinfantis","fixed",NA,"st131_detectyes",0.168184613420919,0.0738738385991697,2.27664646389188,219.818550728811,0.023769959449304,0.0464967231860994
"s__Angelakisella_massiliensis","fixed",NA,"(Intercept)",-6.38428518784709,0.0729553433098337,-87.5094941399109,126.348250265723,6.22789625668639e-115,2.55671530537652e-114
"s__Angelakisella_massiliensis","fixed",NA,"st131_detectyes",-0.0585666352227176,0.114512084960014,-0.511445016857113,191.004089749491,0.609630214053616,0.749574883880702
"s__Bacteroides_bouchesdurhonensis","fixed",NA,"(Intercept)",-5.25442325921619,0.0348448664362974,-150.794759647657,108.683780694413,4.62520531689916e-128,2.97538981210832e-127
"s__Bacteroides_bouchesdurhonensis","fixed",NA,"st131_detectyes",-0.0151882403898306,0.0492315244882087,-0.30850640007031,164.723739557879,0.75808683619883,0.861650611635829
"s__Bacteroides_caccae","fixed",NA,"(Intercept)",-3.77090581766497,0.17092912258673,-22.0612249135696,123.127800258366,1.33764007016969e-44,2.72773661367937e-44
"s__Bacteroides_caccae","fixed",NA,"st131_detectyes",0.42378315467794,0.20652724741999,2.05194791472789,165.790439947145,0.0417473392657409,0.0797866453348311
"s__Bacteroides_cellulosilyticus","fixed",NA,"(Intercept)",-5.39039264199147,0.122757392132099,-43.9109413157855,124.348906993923,1.4476410183435e-77,3.47433844402439e-77
"s__Bacteroides_cellulosilyticus","fixed",NA,"st131_detectyes",0.0902513020303585,0.182553067888786,0.494383923941178,183.456329867508,0.62162654085921,0.757607346672162
"s__Bacteroides_clarus","fixed",NA,"(Intercept)",-5.24225907440757,0.16167490345091,-32.4246927786123,122.503394298816,5.80527220600345e-62,1.25780897796742e-61
"s__Bacteroides_clarus","fixed",NA,"st131_detectyes",-0.0927264040589922,0.175174877329959,-0.529336200900162,159.492134127972,0.59730823386225,0.739141889568428
"s__Bacteroides_cutis","fixed",NA,"(Intercept)",-5.47154963079848,0.0364057684590322,-150.293479918043,149.106183038086,1.1179735155219e-164,4.1036204334451e-163
"s__Bacteroides_cutis","fixed",NA,"st131_detectyes",0.00983547659734524,0.0752990208308868,0.130618917600995,240.893684176361,0.89618578873772,0.941338217171838
"s__Bacteroides_eggerthii","fixed",NA,"(Intercept)",-4.53308949059997,0.150372198611718,-30.1457951167225,121.811169291845,2.52079082673299e-58,5.36851015659176e-58
"s__Bacteroides_eggerthii","fixed",NA,"st131_detectyes",0.18894593736658,0.181127553644255,1.04316507105087,164.409112131583,0.298403289740189,0.452499763785852
"s__Bacteroides_faecis","fixed",NA,"(Intercept)",-6.06540788666727,0.106874895289242,-56.752410098294,123.701212637298,1.97334714586979e-90,5.4126093143857e-90
"s__Bacteroides_faecis","fixed",NA,"st131_detectyes",-0.0381819756617212,0.120740329757579,-0.316232163175159,162.607258458461,0.752231862466081,0.859690754022205
"s__Bacteroides_finegoldii","fixed",NA,"(Intercept)",-5.00749420354075,0.162650913479188,-30.7867573346367,123.719918204545,7.63764960889059e-60,1.63495483909013e-59
"s__Bacteroides_finegoldii","fixed",NA,"st131_detectyes",0.201161827065613,0.194647579914528,1.03346687975235,165.756268553509,0.302890937571237,0.456567211689806
"s__Bacteroides_fragilis","fixed",NA,"(Intercept)",-3.86888967694062,0.17579955712078,-22.00739148781,125.151030806769,7.57388047842293e-45,1.54700537431617e-44
"s__Bacteroides_fragilis","fixed",NA,"st131_detectyes",0.194175111588448,0.268742871183889,0.722531208857939,187.059296508847,0.470870289751804,0.627157013458112
"s__Bacteroides_gallinarum","fixed",NA,"(Intercept)",-6.27563663950276,0.0295976743278387,-212.031410643642,116.284526875462,2.36233654845689e-152,5.45962224532258e-151
"s__Bacteroides_gallinarum","fixed",NA,"st131_detectyes",-0.0962588804923787,0.0534433666483048,-1.80113803693974,205.057067309827,0.073150323956621,0.13564874338464
"s__Bacteroides_intestinalis","fixed",NA,"(Intercept)",-5.37196871116084,0.115384004990036,-46.5573084555761,119.140598286259,2.73249804594054e-78,6.59604944165144e-78
"s__Bacteroides_intestinalis","fixed",NA,"st131_detectyes",-0.0661641700251425,0.123854397707734,-0.534209291310542,155.902812416914,0.593957684702265,0.73757133383923
"s__Bacteroides_nordii","fixed",NA,"(Intercept)",-4.85651026299742,0.112153638183864,-43.302298005132,123.744371911208,1.29214282367659e-76,3.0716080837112e-76
"s__Bacteroides_nordii","fixed",NA,"st131_detectyes",0.0942778026898157,0.147473494751481,0.639286421256177,172.029670984106,0.523486957249661,0.677400571412511
"s__Bacteroides_ovatus","fixed",NA,"(Intercept)",-3.33329291836338,0.166105225634309,-20.0673573371005,125.995799155797,4.68585667951836e-41,9.46270086737688e-41
"s__Bacteroides_ovatus","fixed",NA,"st131_detectyes",0.265265203380461,0.219855462043165,1.20654361240468,174.467686577783,0.229241417697623,0.373002984728335
"s__Bacteroides_salyersiae","fixed",NA,"(Intercept)",-5.24175826092749,0.125776487061758,-41.6751841570652,122.034157170876,5.05238966783225e-74,1.15907762967916e-73
"s__Bacteroides_salyersiae","fixed",NA,"st131_detectyes",0.0846595651303179,0.146884163642934,0.576369589686469,162.828183765758,0.565161258424024,0.711726791637924
"s__Bacteroides_sp_AF16_49","fixed",NA,"(Intercept)",-5.07723124523945,0.0557661343035541,-91.0450636151745,121.931856404045,5.76468478963225e-114,2.29850690653708e-113
"s__Bacteroides_sp_AF16_49","fixed",NA,"st131_detectyes",-0.000931031264748625,0.0419370987755809,-0.0222006598437073,147.886470630677,0.982317817610797,0.992533253032266
"s__Bacteroides_sp_AM10_21B","fixed",NA,"(Intercept)",-6.29878526105788,0.0623243993586007,-101.064516078463,116.913239704557,1.24957056154915e-115,5.21559886559646e-115
"s__Bacteroides_sp_AM10_21B","fixed",NA,"st131_detectyes",-0.082513112301363,0.0743983641963823,-1.10907159307375,159.339453446938,0.269070416321926,0.422921762682321
"s__Bacteroides_stercoris","fixed",NA,"(Intercept)",-3.71087853694238,0.18532589244972,-20.0235298364969,122.404866866197,1.975968618863e-40,3.98385918633444e-40
"s__Bacteroides_stercoris","fixed",NA,"st131_detectyes",-0.149396104383602,0.219158611693852,-0.681680282736493,163.872920531638,0.496403411251172,0.654128392518591
"s__Bacteroides_thetaiotaomicron","fixed",NA,"(Intercept)",-3.01461939300031,0.142405951821891,-21.1691952087138,129.105700410769,8.19863990246464e-44,1.66915213674973e-43
"s__Bacteroides_thetaiotaomicron","fixed",NA,"st131_detectyes",-0.179238133924936,0.215040280923324,-0.833509578555873,188.756168284216,0.405610887093355,0.570690402584563
"s__Bacteroides_uniformis","fixed",NA,"(Intercept)",-2.54135452524992,0.15476654478791,-16.4205676926661,122.237327901792,1.03427902350122e-32,2.07187836489489e-32
"s__Bacteroides_uniformis","fixed",NA,"st131_detectyes",-0.252882043471575,0.170280975123577,-1.48508688823312,159.958000807782,0.139488880455191,0.245531908050886
"s__Bacteroides_xylanisolvens","fixed",NA,"(Intercept)",-3.33307871303761,0.144886388092036,-23.0047746853923,123.8757742061,1.51664975876709e-46,3.10801132831089e-46
"s__Bacteroides_xylanisolvens","fixed",NA,"st131_detectyes",0.0160445940828238,0.17524287868729,0.0915563257292436,166.527794718156,0.927160594126225,0.960245992920771
"s__Barnesiella_intestinihominis","fixed",NA,"(Intercept)",-4.43077042831113,0.154622743888793,-28.6553602456946,120.736893090084,1.07576766664999e-55,2.25261417446172e-55
"s__Barnesiella_intestinihominis","fixed",NA,"st131_detectyes",-0.320586685573059,0.149351787002587,-2.14652058744704,153.246942118437,0.0334051844404291,0.0639412119350545
"s__Bifidobacterium_adolescentis","fixed",NA,"(Intercept)",-3.99711791934585,0.136306393075655,-29.3245080377654,123.719603852086,1.53088061989286e-57,3.24369951379675e-57
"s__Bifidobacterium_adolescentis","fixed",NA,"st131_detectyes",-0.233589264445053,0.207244359455856,-1.12712000972364,185.343266773148,0.261148838731412,0.413505204827367
"s__Bifidobacterium_bifidum","fixed",NA,"(Intercept)",-4.59738176222337,0.118042450569867,-38.9468512389299,128.09140794255,7.26969364874992e-73,1.65256423927867e-72
"s__Bifidobacterium_bifidum","fixed",NA,"st131_detectyes",0.0923461929313616,0.190315217408287,0.485227582896063,195.531345734342,0.62805812569077,0.762467452200468
"s__Bifidobacterium_breve","fixed",NA,"(Intercept)",-5.15938422987639,0.134899265685775,-38.2461995152315,128.909571613615,3.21388682673876e-72,7.27936617018144e-72
"s__Bifidobacterium_breve","fixed",NA,"st131_detectyes",-0.0176452472602609,0.206152384883067,-0.0855932240137292,189.880224940503,0.931879969188294,0.961145621113215
"s__Bifidobacterium_catenulatum","fixed",NA,"(Intercept)",-5.21073341100147,0.116034983927476,-44.9065724373116,125.39874534319,3.85659632212268e-79,9.41884972604522e-79
"s__Bifidobacterium_catenulatum","fixed",NA,"st131_detectyes",-0.0543818254242306,0.157541393863375,-0.345190708871043,175.945789869781,0.730363324172625,0.841637514836044
"s__Bifidobacterium_dentium","fixed",NA,"(Intercept)",-5.37860140133795,0.0584809702451915,-91.9718222660678,128.791723685496,2.4680063640308e-119,1.18010419245611e-118
"s__Bifidobacterium_dentium","fixed",NA,"st131_detectyes",0.000736150684449566,0.114376185330421,0.0064362234351749,226.211230241939,0.994870344517445,0.99781344993295
"s__Bifidobacterium_longum","fixed",NA,"(Intercept)",-3.4771468980624,0.112530609366496,-30.8995651728662,125.891231619686,1.27422702919002e-60,2.74178505591232e-60
"s__Bifidobacterium_longum","fixed",NA,"st131_detectyes",-0.159509126160228,0.198664590395609,-0.802906677242235,207.002432909035,0.422949583681654,0.583895000480867
"s__Bifidobacterium_pseudocatenulatum","fixed",NA,"(Intercept)",-4.87350096502113,0.122244482848578,-39.8668377619779,127.221187826502,9.51784796905703e-74,2.17550810721304e-73
"s__Bifidobacterium_pseudocatenulatum","fixed",NA,"st131_detectyes",-0.337343637727513,0.215920929888861,-1.56234802203358,207.866864260318,0.119727161790522,0.214992083330319
"s__Bilophila_SGB15450","fixed",NA,"(Intercept)",-5.92831781892928,0.0680247031458906,-87.1494845955445,118.90632277797,1.35949314646791e-109,4.91781868635349e-109
"s__Bilophila_SGB15450","fixed",NA,"st131_detectyes",-0.00490978037934458,0.0551292044740962,-0.0890595180210076,146.504821470963,0.929156239633014,0.961145621113215
"s__Bilophila_SGB69261","fixed",NA,"(Intercept)",-4.45305062997165,0.0121421128236031,-366.744296866962,131.401797487957,1.11227819720252e-199,2.77624638021748e-197
"s__Bilophila_SGB69261","fixed",NA,"st131_detectyes",-0.0137136359327283,0.0219722587190255,-0.624134100553527,214.022459334123,0.533204221718291,0.685312944082829
"s__Bilophila_wadsworthia","fixed",NA,"(Intercept)",-4.13366073545295,0.122636206924029,-33.7066910265226,129.314667805703,6.58882606378922e-66,1.44260612765069e-65
"s__Bilophila_wadsworthia","fixed",NA,"st131_detectyes",-0.313253465863995,0.197340662899867,-1.58737414408577,196.147448940583,0.114038621275172,0.205665027964473
"s__Blautia_caecimuris","fixed",NA,"(Intercept)",-5.41926173229681,0.117607579907405,-46.0791875537573,123.387724842078,1.30803465333954e-79,3.20712622272642e-79
"s__Blautia_caecimuris","fixed",NA,"st131_detectyes",0.0603075073559996,0.190503710628673,0.316568675523335,192.775388827917,0.751913443666212,0.859690754022205
"s__Blautia_faecicola","fixed",NA,"(Intercept)",-5.54630638312377,0.041160032635933,-134.749805282754,134.228550355568,3.88506852487428e-145,5.44782642589112e-144
"s__Blautia_faecicola","fixed",NA,"st131_detectyes",-0.0563541493361077,0.077873240143497,-0.723665141353614,222.603862270459,0.470031111495331,0.627157013458112
"s__Blautia_faecis","fixed",NA,"(Intercept)",-3.86153276582237,0.125684392859436,-30.7240435981663,125.204144685459,3.71111953946174e-60,7.97156142039286e-60
"s__Blautia_faecis","fixed",NA,"st131_detectyes",0.0094446627605911,0.212379563408096,0.0444706760341285,199.894831055404,0.964573618224112,0.984680249813393
"s__Blautia_glucerasea","fixed",NA,"(Intercept)",-5.39351103859122,0.0495538015497304,-108.841519114906,122.155921705369,1.76045783535219e-123,9.76467279342014e-123
"s__Blautia_glucerasea","fixed",NA,"st131_detectyes",-0.113713606918121,0.110880722770444,-1.02554893291543,248.730495493619,0.306100578836246,0.458599666731855
"s__Blautia_hansenii","fixed",NA,"(Intercept)",-5.54097044724067,0.0989515285990114,-55.9968150638153,133.124591583371,2.07932985036718e-94,5.93822346283351e-94
"s__Blautia_hansenii","fixed",NA,"st131_detectyes",-0.145271067973841,0.180947173692833,-0.802836899903427,216.563329610343,0.422949214780996,0.583895000480867
"s__Blautia_hydrogenotrophica","fixed",NA,"(Intercept)",-5.55423727658883,0.0395439756405065,-140.457229871935,118.915772980008,5.27224073573419e-134,4.53776306082502e-133
"s__Blautia_hydrogenotrophica","fixed",NA,"st131_detectyes",0.216090127620987,0.075345463956388,2.86799120045323,216.906119224302,0.0045385306189747,0.00903363032293529
"s__Blautia_luti","fixed",NA,"(Intercept)",-5.17312202759844,0.0638847473243212,-80.9758548677708,124.357806531474,1.88783537176508e-109,6.7896788010456e-109
"s__Blautia_luti","fixed",NA,"st131_detectyes",-0.0360983702212948,0.0788233712183626,-0.457965317434753,168.186248743963,0.64756848670083,0.779330252075831
"s__Blautia_marasmi","fixed",NA,"(Intercept)",-5.40805527503266,0.0313672976114427,-172.410621470299,155.729339891814,1.09406366867532e-179,7.58550810281552e-178
"s__Blautia_marasmi","fixed",NA,"st131_detectyes",0.00544347418876031,0.0693760152313872,0.0784633445810472,249.500385174219,0.937522377535451,0.965369576868187
"s__Blautia_massiliensis","fixed",NA,"(Intercept)",-4.29556266666644,0.108123384976578,-39.7283406137992,121.626672827334,1.65221484969866e-71,3.70856858349627e-71
"s__Blautia_massiliensis","fixed",NA,"st131_detectyes",-0.0909518400069311,0.152607683932873,-0.595984669074314,176.097603811739,0.551950736344873,0.699695494072911
"s__Blautia_obeum","fixed",NA,"(Intercept)",-4.41503625641326,0.123362698934575,-35.7890699096554,126.13973438719,6.43769320857627e-68,1.42451083764241e-67
"s__Blautia_obeum","fixed",NA,"st131_detectyes",-0.0289331219669525,0.196526676824571,-0.147222364080269,192.647227409672,0.883110469375725,0.937216584936292
"s__Blautia_producta","fixed",NA,"(Intercept)",-5.88472352838799,0.119019360381589,-49.4434141598553,125.538972790615,3.62969722162851e-84,9.45691468182126e-84
"s__Blautia_producta","fixed",NA,"st131_detectyes",-0.157391513843648,0.181752222114022,-0.865967480413575,187.241025986873,0.38761623517099,0.554118054402514
"s__Blautia_SGB4815","fixed",NA,"(Intercept)",-5.61750812484533,0.0743712959339973,-75.5332827577825,136.850142441399,1.9184108007236e-113,7.55260782114529e-113
"s__Blautia_SGB4815","fixed",NA,"st131_detectyes",-0.0132573671563535,0.153458773659751,-0.086390415094465,238.017389191354,0.931228695926845,0.961145621113215
"s__Blautia_sp_Marseille_P3087","fixed",NA,"(Intercept)",-5.24061901900936,0.0541530681008732,-96.7741847839063,117.215552315711,1.12023123883645e-113,4.43824947958061e-113
"s__Blautia_sp_Marseille_P3087","fixed",NA,"st131_detectyes",-0.0259141335182462,0.0648523780199946,-0.399586481011638,159.8162700907,0.68999462550709,0.813906703811766
"s__Blautia_sp_MSK_20_85","fixed",NA,"(Intercept)",-5.18907146156279,0.0830075519511707,-62.5132453564619,123.960698440228,1.35843220813309e-95,3.98899622529434e-95
"s__Blautia_sp_MSK_20_85","fixed",NA,"st131_detectyes",-0.031243270772346,0.106236366176774,-0.294092050554121,170.263677218313,0.769045779564023,0.864070125247404
"s__Blautia_sp_OF03_15BH","fixed",NA,"(Intercept)",-5.28054642969721,0.0451737183729151,-116.894216812209,129.907318308124,1.76271812493573e-133,1.45686901981443e-132
"s__Blautia_sp_OF03_15BH","fixed",NA,"st131_detectyes",0.107151586458673,0.0901731342087662,1.18828725871498,230.350076015731,0.235943941573953,0.381917041613869
"s__Blautia_stercoris","fixed",NA,"(Intercept)",-5.10598300026118,0.0469879583205314,-108.665776993978,116.624500975635,4.80483218770896e-119,2.26280398877765e-118
"s__Blautia_stercoris","fixed",NA,"st131_detectyes",0.0736576910433667,0.0651211862806481,1.13108644437049,170.099488778928,0.259610900856131,0.41273172518274
"s__Blautia_wexlerae","fixed",NA,"(Intercept)",-3.10063347298315,0.11397042550204,-27.2055970601571,128.212083322579,4.20651020303484e-55,8.76414813587226e-55
"s__Blautia_wexlerae","fixed",NA,"st131_detectyes",-0.541594424903724,0.211560824366056,-2.55999392385909,216.624102084244,0.0111481784885494,0.0221191204351505
"s__Bradyrhizobium_denitrificans","fixed",NA,"(Intercept)",-5.30384964080546,0.0830820942260453,-63.8386609077888,111.197929160314,1.87467038368996e-89,5.04221689406266e-89
"s__Bradyrhizobium_denitrificans","fixed",NA,"st131_detectyes",-0.0486987873716411,0.200939794563455,-0.242355116752458,252.078588658948,0.808702071751352,0.891572602072162
"s__Bradyrhizobium_viridifuturi","fixed",NA,"(Intercept)",-5.30359425570279,0.047144462305707,-112.496653823556,252.999999993899,4.71180144523067e-218,1.96010940121596e-215
"s__Bradyrhizobium_viridifuturi","fixed",NA,"st131_detectyes",0.0592154019311977,0.125472781815423,0.471938224963455,252.999999991888,0.637377653449064,0.769291403776046
"s__Butyricicoccus_SGB14990","fixed",NA,"(Intercept)",-5.18047329360484,0.0493658288344665,-104.940470279067,119.806371089918,9.29664359747333e-120,4.53211375376825e-119
"s__Butyricicoccus_SGB14990","fixed",NA,"st131_detectyes",-0.0116240290511736,0.0586052288349811,-0.198344572357258,161.70822540946,0.843024616076124,0.914864974663481
"s__Butyricicoccus_sp_AM29_23AC","fixed",NA,"(Intercept)",-4.69904893224235,0.0396740583242822,-118.441347588742,126.149725322427,3.53636970769607e-131,2.58092947087994e-130
"s__Butyricicoccus_sp_AM29_23AC","fixed",NA,"st131_detectyes",-0.0287364025425023,0.0544286791221167,-0.527964356401687,177.429508099571,0.5981837407565,0.739141889568428
"s__Butyricimonas_faecalis","fixed",NA,"(Intercept)",-5.12430671484954,0.0445687650519707,-114.975290629529,131.504694749849,8.07768235294459e-134,6.76573662850661e-133
"s__Butyricimonas_faecalis","fixed",NA,"st131_detectyes",-0.0801611365840778,0.0660206188417949,-1.21418335650818,188.633319087701,0.226195605314027,0.369492297685741
"s__Butyricimonas_faecihominis","fixed",NA,"(Intercept)",-4.67495417379803,0.0800701309140294,-58.3857441024729,120.609906985931,2.75906050819521e-90,7.55111296979743e-90
"s__Butyricimonas_faecihominis","fixed",NA,"st131_detectyes",0.0393021009439406,0.0776835103281637,0.505925913722412,153.279191527397,0.613635494318733,0.751613085689562
"s__Butyricimonas_paravirosa","fixed",NA,"(Intercept)",-4.49277076689447,0.0840716213061118,-53.4398016488337,120.402771398673,1.01702467455034e-85,2.6720985133449e-85
"s__Butyricimonas_paravirosa","fixed",NA,"st131_detectyes",0.0328086486427493,0.0856895109198886,0.382878234343317,154.914905834191,0.70233489126576,0.820705940355495
"s__Butyricimonas_SGB15260","fixed",NA,"(Intercept)",-5.4796062349588,0.117108637602916,-46.7907948305117,124.873497964261,4.99586805919469e-81,1.24447970815868e-80
"s__Butyricimonas_SGB15260","fixed",NA,"st131_detectyes",-0.106779873707542,0.170899167151157,-0.624812136229415,181.965992543007,0.532877044894019,0.685312944082829
"s__Butyricimonas_SGB15266","fixed",NA,"(Intercept)",-4.88231708321984,0.0713427183908432,-68.4346937338805,118.772821630411,2.8322802589635e-97,8.49684077689051e-97
"s__Butyricimonas_SGB15266","fixed",NA,"st131_detectyes",-0.0240614847827797,0.0617659934775762,-0.389558775437087,148.011900162219,0.697422786153701,0.818029734135168
"s__Butyricimonas_synergistica","fixed",NA,"(Intercept)",-5.09799382707132,0.0390264285853327,-130.629268725535,129.391786437446,2.93727818246612e-139,3.24400280682984e-138
"s__Butyricimonas_synergistica","fixed",NA,"st131_detectyes",-0.059439163741816,0.0572220042958375,-1.03874662331847,186.012499469938,0.300270938103931,0.454228037277219
"s__Butyricimonas_virosa","fixed",NA,"(Intercept)",-5.34327854776931,0.104909780284783,-50.9321298096777,120.095212004165,3.62846614199677e-83,9.26037984705925e-83
"s__Butyricimonas_virosa","fixed",NA,"st131_detectyes",-0.128809368058652,0.105093138038214,-1.22566868268615,153.951917400427,0.222195050761751,0.365323667162607
"s__Candidatus_Allochristensenella_caecavium","fixed",NA,"(Intercept)",-5.7756298029353,0.0676523670040394,-85.3721762993222,120.928338294387,6.2897133341723e-110,2.30192441086423e-109
"s__Candidatus_Allochristensenella_caecavium","fixed",NA,"st131_detectyes",0.197064349753282,0.0886370755012218,2.2232722440235,169.2825337832,0.0275211831151146,0.0534159199497092
"s__Candidatus_Alloruminococcus_vanvlietii","fixed",NA,"(Intercept)",-6.5270648924934,0.0412758607363954,-158.13273850733,116.057675185467,2.23989977562597e-137,2.27267879673269e-136
"s__Candidatus_Alloruminococcus_vanvlietii","fixed",NA,"st131_detectyes",0.0313259657229747,0.10075847532094,0.310901545732943,251.191051457882,0.756133307574186,0.860213644350579
"s__Candidatus_Avimonas_narfia","fixed",NA,"(Intercept)",-6.1759412368523,0.0703697633982743,-87.764132471188,133.332721621877,7.93384127208784e-120,3.89820232581324e-119
"s__Candidatus_Avimonas_narfia","fixed",NA,"st131_detectyes",-0.183438759460858,0.13843977801008,-1.32504372729853,228.906416108459,0.186477775570359,0.314067832539551
"s__Candidatus_Borkfalkia_ceftriaxoniphila","fixed",NA,"(Intercept)",-4.87250891042235,0.0504118433011767,-96.654051733685,125.05631381302,2.28087233958103e-119,1.09481872299889e-118
"s__Candidatus_Borkfalkia_ceftriaxoniphila","fixed",NA,"st131_detectyes",-0.047649362769723,0.0764804618186206,-0.623026608844586,186.146283287453,0.534029597948314,0.685667631933638
"s__Candidatus_Catenibacterium_tridentinum","fixed",NA,"(Intercept)",-4.79843358983093,0.112070298172381,-42.8162828874624,122.067408954689,2.23594284629353e-75,5.25509731106275e-75
"s__Candidatus_Catenibacterium_tridentinum","fixed",NA,"st131_detectyes",-0.104821172835935,0.130202878823563,-0.805060331868526,162.574457030531,0.421960686042235,0.583895000480867
"s__Candidatus_Cibionibacter_quicibialis","fixed",NA,"(Intercept)",-4.10541597742464,0.101829628925749,-40.3165171152511,121.611962988723,3.17457439318467e-72,7.20339789580811e-72
"s__Candidatus_Cibionibacter_quicibialis","fixed",NA,"st131_detectyes",0.0500516795470353,0.109521854466426,0.457001753584978,158.324192472684,0.648296198172724,0.779454388554489
"s__Candidatus_Heritagella_intestinalis","fixed",NA,"(Intercept)",-5.33071410500386,0.0398410846366695,-133.799422219984,121.707666833669,5.95084020782656e-134,5.08674560230654e-133
"s__Candidatus_Heritagella_intestinalis","fixed",NA,"st131_detectyes",-0.0560915008352129,0.048984355202821,-1.14509011301597,165.581251980221,0.253824247489031,0.406118795982449
"s__Candidatus_Neochristensenella_gallicola","fixed",NA,"(Intercept)",-5.29364550193316,0.0374972962278652,-141.174058784519,128.195944840906,1.55113551908581e-142,1.99568776063824e-141
"s__Candidatus_Neochristensenella_gallicola","fixed",NA,"st131_detectyes",0.0490542905384088,0.0538884618534364,0.910293017303493,183.172593655644,0.363864292961481,0.528128860985443
"s__Candidatus_Parachristensenella_avicola","fixed",NA,"(Intercept)",-6.13697639892022,0.0432993178358739,-141.733789483299,122.660866885561,7.8616535127452e-138,8.10854841645125e-137
"s__Candidatus_Parachristensenella_avicola","fixed",NA,"st131_detectyes",0.0118767824167667,0.0620117589673289,0.191524682004651,178.331228544612,0.848332437781389,0.917434040165662
"s__Candidatus_Pararuminococcus_gallinarum","fixed",NA,"(Intercept)",-6.13901811490201,0.0807433450295272,-76.0312582127606,124.214699895224,5.03192384693691e-106,1.71112832724176e-105
"s__Candidatus_Pararuminococcus_gallinarum","fixed",NA,"st131_detectyes",-0.205419497315418,0.116608695290711,-1.76161388997019,180.414487699761,0.0798283596201543,0.1473754331449
"s__Candidatus_Pseudobutyricicoccus_lothianensis","fixed",NA,"(Intercept)",-5.16752556134065,0.0375580187919814,-137.587810208027,130.922845478511,1.74583776935715e-143,2.3428016517825e-142
"s__Candidatus_Pseudobutyricicoccus_lothianensis","fixed",NA,"st131_detectyes",-0.171842253336184,0.0864404041538356,-1.98798530638937,251.962107955566,0.0478955453658097,0.0911183545983696
"s__Candidatus_Schneewindia_gallinarum","fixed",NA,"(Intercept)",-6.14538375738858,0.0631526265913394,-97.3100263454655,126.653357263269,6.79360322891929e-121,3.50347802879804e-120
"s__Candidatus_Schneewindia_gallinarum","fixed",NA,"st131_detectyes",-0.0874631544081936,0.11946984621255,-0.732093973341081,219.228847683036,0.464893123326284,0.625201096887071
"s__Candidatus_Stoquefichus_sp_SB1","fixed",NA,"(Intercept)",-5.53623939181068,0.023235211593781,-238.269377038618,142.033441366153,9.57177063135958e-187,1.70650996399097e-184
"s__Candidatus_Stoquefichus_sp_SB1","fixed",NA,"st131_detectyes",0.0510632839706008,0.0489489686562935,1.04319427706748,242.237243986065,0.297898281018266,0.45228352154598
"s__Candidatus_Woodwardibium_gallinarum","fixed",NA,"(Intercept)",-4.35365893113641,0.021650095487033,-201.091904363376,96.9148911125595,7.58458838833092e-129,5.0348756960835e-128
"s__Candidatus_Woodwardibium_gallinarum","fixed",NA,"st131_detectyes",-0.033575437190923,0.0419806689446649,-0.799783282042958,208.94792489188,0.424744670554803,0.585078751492709
"s__Catenibacterium_SGB4425","fixed",NA,"(Intercept)",-5.41682326703168,0.115032268846204,-47.0895977395166,118.355714730079,1.68179891891302e-78,4.0913938612153e-78
"s__Catenibacterium_SGB4425","fixed",NA,"st131_detectyes",-0.0513329657408262,0.132717468104782,-0.386783793225307,158.745417906884,0.699434264956669,0.818082439237041
"s__Christensenella_hongkongensis","fixed",NA,"(Intercept)",-5.75892618153203,0.0548231390325856,-105.045538857398,119.896929172545,7.03005481249142e-120,3.48155095475766e-119
"s__Christensenella_hongkongensis","fixed",NA,"st131_detectyes",-0.00237799883039915,0.0899654792479201,-0.0264323477213526,191.999236155778,0.978939945983557,0.991653451775551
"s__Christensenella_minuta","fixed",NA,"(Intercept)",-5.90369706088779,0.0449899021685253,-131.222713905299,120.868423850775,3.3137332143028e-132,2.63410130665599e-131
"s__Christensenella_minuta","fixed",NA,"st131_detectyes",0.042173705294108,0.0420160146357016,1.00375310842244,152.254348120471,0.317090209521219,0.471666962434424
"s__Christensenellaceae_bacterium_NSJ_44","fixed",NA,"(Intercept)",-6.29455519729047,0.0453039719820537,-138.940470821939,122.942931256628,5.00691531972526e-137,5.03921799920736e-136
"s__Christensenellaceae_bacterium_NSJ_44","fixed",NA,"st131_detectyes",-0.124620030249509,0.0930777560589683,-1.33888090480563,233.736635139257,0.181910122000178,0.307752607570568
"s__Christensenellaceae_bacterium_NSJ_63","fixed",NA,"(Intercept)",-6.10202433650454,0.0661548862311122,-92.2384525791052,119.215887817689,1.05411562241225e-112,4.06029721225461e-112
"s__Christensenellaceae_bacterium_NSJ_63","fixed",NA,"st131_detectyes",0.0680775994473525,0.13342216033543,0.510242071303612,228.77324037018,0.6103738186635,0.749750517413433
"s__Citrobacter_freundii","fixed",NA,"(Intercept)",-4.97765610831946,0.0427017528643882,-116.567957388715,131.701783977132,9.3834444254307e-135,8.24685819925177e-134
"s__Citrobacter_freundii","fixed",NA,"st131_detectyes",-0.0208172508847244,0.109594244950245,-0.189948394591115,241.948927926291,0.849508833951079,0.917910843957529
"s__Cloacibacillus_evryensis","fixed",NA,"(Intercept)",-5.15263230920372,0.0306652325102037,-168.028476793359,114.712153345879,4.20442043793991e-139,4.52337647116294e-138
"s__Cloacibacillus_evryensis","fixed",NA,"st131_detectyes",0.000513599707694593,0.0644474695992787,0.00796927654240037,236.253694473396,0.993648229757258,0.99781344993295
"s__Clostridia_bacterium","fixed",NA,"(Intercept)",-5.88705112115189,0.0403226317172923,-145.998682884263,124.037520262235,1.19767600370047e-140,1.45116471127979e-139
"s__Clostridia_bacterium","fixed",NA,"st131_detectyes",0.100100360694207,0.0791126096129036,1.26528958131954,224.974041018741,0.207076457449102,0.344116403324207
"s__Clostridia_bacterium_UC5_1_1D1","fixed",NA,"(Intercept)",-5.30787709128581,0.0535921707254712,-99.0420245986248,117.337960074965,6.19892669053489e-115,2.55322129035892e-114
"s__Clostridia_bacterium_UC5_1_1D1","fixed",NA,"st131_detectyes",0.034946463479191,0.115766080237684,0.301871354782344,242.393608498486,0.763008970393923,0.862557105585227
"s__Clostridiaceae_bacterium","fixed",NA,"(Intercept)",-3.85295822841754,0.132216557406138,-29.1412687185779,125.799025974049,8.75234645801332e-58,1.85764088088446e-57
"s__Clostridiaceae_bacterium","fixed",NA,"st131_detectyes",-0.208789198841106,0.225606422798198,-0.925457689774487,201.710952891835,0.35583375518377,0.518180310932725
"s__Clostridiaceae_bacterium_AF18_31LB","fixed",NA,"(Intercept)",-4.44489167798431,0.103148256898112,-43.0922616789819,120.812499253947,3.44022479986462e-75,8.0250477574412e-75
"s__Clostridiaceae_bacterium_AF18_31LB","fixed",NA,"st131_detectyes",0.0110840188411528,0.106819324208838,0.103764173039354,155.944424780375,0.9174898254062,0.955782389070899
"s__Clostridiaceae_bacterium_Marseille_Q3526","fixed",NA,"(Intercept)",-5.04283027620968,0.0502649214170597,-100.325040486349,122.956699569085,8.36398904924232e-120,4.09343464057036e-119
"s__Clostridiaceae_bacterium_Marseille_Q3526","fixed",NA,"st131_detectyes",0.0394859752215779,0.0627287582256091,0.629471654445373,167.667218105925,0.529897097162349,0.683173117002698
"s__Clostridiaceae_bacterium_Marseille_Q4143","fixed",NA,"(Intercept)",-4.3865504719892,0.0704239937599919,-62.2877266367305,123.413506851518,4.17430165886816e-95,1.21151824889941e-94
"s__Clostridiaceae_bacterium_Marseille_Q4143","fixed",NA,"st131_detectyes",-0.21622169711095,0.0987663063626095,-2.189225304398,177.028033526206,0.0298889105807077,0.0576527981525862
"s__Clostridiaceae_bacterium_Marseille_Q4145","fixed",NA,"(Intercept)",-5.34562721610861,0.0787775074655806,-67.8572778967932,121.774945318439,1.30438769371431e-98,4.00954640826467e-98
"s__Clostridiaceae_bacterium_Marseille_Q4145","fixed",NA,"st131_detectyes",0.0188442744365607,0.105529830639264,0.178568224002716,171.749498119405,0.858487207670751,0.92281446115767
"s__Clostridiaceae_bacterium_Marseille_Q4149","fixed",NA,"(Intercept)",-4.53304829575718,0.078507191093211,-57.7405487654644,120.858748151131,7.47069966662424e-90,2.02683330085806e-89
"s__Clostridiaceae_bacterium_Marseille_Q4149","fixed",NA,"st131_detectyes",-0.0624413940059415,0.100523444886214,-0.621162496735175,167.540163251425,0.53533690528668,0.686639730521867
"s__Clostridiaceae_bacterium_NSJ_31","fixed",NA,"(Intercept)",-5.59935939506909,0.0281235143494953,-199.098851071206,136.653978460861,2.99018973516777e-170,1.38213214425532e-168
"s__Clostridiaceae_bacterium_NSJ_31","fixed",NA,"st131_detectyes",0.0737674594558861,0.0476820777943978,1.54706889607384,207.541977172398,0.123370110802239,0.220265948900134
"s__Clostridiaceae_bacterium_OM02_2AC","fixed",NA,"(Intercept)",-5.83034543950409,0.0521668228611648,-111.763475706021,129.979774950459,4.9795015022306e-131,3.59214906056866e-130
"s__Clostridiaceae_bacterium_OM02_2AC","fixed",NA,"st131_detectyes",-0.179965471748384,0.100703928358242,-1.78707498984726,224.31067626672,0.075275602867079,0.139176225745355
"s__Clostridiaceae_unclassified_SGB15090","fixed",NA,"(Intercept)",-5.89303556918036,0.0991776682801438,-59.418976785525,127.667400039671,6.87628264538229e-95,1.98648165311044e-94
"s__Clostridiaceae_unclassified_SGB15090","fixed",NA,"st131_detectyes",-0.0967726292565199,0.143722782471499,-0.67332838672053,183.530584814946,0.501585408692577,0.657540535765059
"s__Clostridiaceae_unclassified_SGB4771","fixed",NA,"(Intercept)",-5.89670907174255,0.0715335242364308,-82.4328052432157,127.047977921099,3.61241809216447e-112,1.37868433609213e-111
"s__Clostridiaceae_unclassified_SGB4771","fixed",NA,"st131_detectyes",-0.0940504093739273,0.11215996322682,-0.838538161640888,191.394077280769,0.402774551619257,0.56922697706538
"s__Clostridiales_bacterium","fixed",NA,"(Intercept)",-4.29554720471987,0.132178794718377,-32.4980055527974,129.723797756241,3.43989230073351e-64,7.49212145081225e-64
"s__Clostridiales_bacterium","fixed",NA,"st131_detectyes",0.0283063788089146,0.234124894861352,0.120902900247654,209.749570596676,0.903883684266669,0.945554767782735
"s__Clostridiales_bacterium_1_7_47FAA","fixed",NA,"(Intercept)",-5.76065867263087,0.0921643629027921,-62.5041880743728,131.067713404436,1.95980866798613e-99,6.12992786377615e-99
"s__Clostridiales_bacterium_1_7_47FAA","fixed",NA,"st131_detectyes",0.084379473032302,0.167315106254135,0.504314732371731,214.350516377938,0.614558222385327,0.751930060330282
"s__Clostridiales_bacterium_Choco116","fixed",NA,"(Intercept)",-5.39877823827429,0.0518410744035282,-104.140940371924,125.665693868591,7.82562014239348e-124,4.41917372746926e-123
"s__Clostridiales_bacterium_Choco116","fixed",NA,"st131_detectyes",0.0247401760121003,0.0639179379964814,0.387061547784321,169.303689348009,0.699196743539128,0.818082439237041
"s__Clostridiales_bacterium_KLE1615","fixed",NA,"(Intercept)",-5.00568799093613,0.127852307057353,-39.1521131385659,124.996473185151,5.07358375288517e-72,1.14293005841168e-71
"s__Clostridiales_bacterium_KLE1615","fixed",NA,"st131_detectyes",0.0836109636020238,0.236997758171331,0.352792213087431,214.761840134116,0.724590224803076,0.837304259772444
"s__Clostridiales_bacterium_NSJ_40","fixed",NA,"(Intercept)",-5.40534096627681,0.0334234805516668,-161.72286300109,116.893907838309,2.62473936455849e-139,2.92470957765089e-138
"s__Clostridiales_bacterium_NSJ_40","fixed",NA,"st131_detectyes",-0.00711834603277317,0.0526845588272379,-0.135112567917964,184.272615537227,0.892670344737001,0.941338217171838
"s__Clostridiales_Family_XIII_bacterium_BX16","fixed",NA,"(Intercept)",-5.30804460638016,0.108490408931557,-48.926395048698,122.564262351238,2.7565097001914e-82,6.97793936275633e-82
"s__Clostridiales_Family_XIII_bacterium_BX16","fixed",NA,"st131_detectyes",0.0132141265117293,0.15406057929161,0.0857722758962064,177.450946397083,0.93174414549827,0.961145621113215
"s__Clostridioides_difficile","fixed",NA,"(Intercept)",-4.72310248937227,0.0327361488632945,-144.277890142052,133.014746750001,5.08324194631209e-148,9.19403760724274e-147
"s__Clostridioides_difficile","fixed",NA,"st131_detectyes",-0.0797921065720639,0.0711028749240622,-1.12220647417255,245.465568451526,0.262871166388838,0.415269893231987
"s__Clostridium_butyricum","fixed",NA,"(Intercept)",-5.12521075512028,0.115925715257764,-44.2111635345465,131.909106626268,5.82727378415343e-81,1.44581266056133e-80
"s__Clostridium_butyricum","fixed",NA,"st131_detectyes",0.047001528986677,0.254789130527869,0.184472268849538,247.041884986103,0.853794321522891,0.919825407381507
"s__Clostridium_fessum","fixed",NA,"(Intercept)",-4.73359395738996,0.110860990899938,-42.6984633545489,121.994685088748,3.27729575184302e-75,7.65929793689155e-75
"s__Clostridium_fessum","fixed",NA,"st131_detectyes",0.227466019045155,0.144120104381882,1.57830873090701,169.647001380943,0.116357515170022,0.209242332755313
"s__Clostridium_hylemonae","fixed",NA,"(Intercept)",-5.53233765865196,0.0484240506423031,-114.247725774079,120.720524329995,7.13178360413515e-125,4.19833298960409e-124
"s__Clostridium_hylemonae","fixed",NA,"st131_detectyes",0.0905800517814535,0.109875332928938,0.824389327129829,250.392290283698,0.41050298074392,0.573692855507741
"s__Clostridium_leptum","fixed",NA,"(Intercept)",-5.05024538315023,0.120053488379384,-42.0666275617982,127.392430391694,1.42122413132404e-76,3.36563133945427e-76
"s__Clostridium_leptum","fixed",NA,"st131_detectyes",-0.00676198955527372,0.220769386758066,-0.0306291993404138,214.596366066614,0.975593722396186,0.990043994541175
"s__Clostridium_methylpentosum","fixed",NA,"(Intercept)",-6.72383826644578,0.0317226159152215,-211.957244774996,74.2677503081248,4.40177369233317e-105,1.4767240774279e-104
"s__Clostridium_methylpentosum","fixed",NA,"st131_detectyes",-0.00426036439940136,0.0761314403476989,-0.0559606435914506,252.31699031423,0.955417446989143,0.97975429239314
"s__Clostridium_neonatale","fixed",NA,"(Intercept)",-5.73089914119059,0.0682506605913811,-83.9684054562001,140.764162793045,3.94184180343002e-122,2.11133844235222e-121
"s__Clostridium_neonatale","fixed",NA,"st131_detectyes",-0.0769548804581342,0.140140940204929,-0.549124904867932,238.113230627691,0.583434311316396,0.726672675172517
"s__Clostridium_paraputrificum","fixed",NA,"(Intercept)",-5.18204012550213,0.0487389894221074,-106.322272721388,149.282362066521,1.32754731352796e-142,1.73209285392245e-141
"s__Clostridium_paraputrificum","fixed",NA,"st131_detectyes",-0.124280806908956,0.10340426761636,-1.20189243416964,244.296396154747,0.230568980689609,0.374187370481966
"s__Clostridium_perfringens","fixed",NA,"(Intercept)",-5.34872461606206,0.0526914698743585,-101.510256381459,143.957416902399,7.69584560994143e-136,7.11438171941252e-135
"s__Clostridium_perfringens","fixed",NA,"st131_detectyes",0.07752011586712,0.122611670077266,0.632240926318592,252.670834893337,0.527801130766292,0.681174572074801
"s__Clostridium_saudiense","fixed",NA,"(Intercept)",-5.38267311292512,0.0261199035545507,-206.075535527287,142.473468472989,2.87748021500871e-178,1.8900501622794e-176
"s__Clostridium_saudiense","fixed",NA,"st131_detectyes",-0.00807525306207485,0.0607899521941284,-0.132838615110061,252.668809914903,0.894426744751498,0.941338217171838
"s__Clostridium_scindens","fixed",NA,"(Intercept)",-5.33407298131022,0.105154371624933,-50.726117220651,123.995679594291,8.76087610797552e-85,2.28735844827478e-84
"s__Clostridium_scindens","fixed",NA,"st131_detectyes",0.0785691736549325,0.161124889946153,0.487629029141245,186.428753208799,0.626385569795137,0.761916346731144
"s__Clostridium_SGB4750","fixed",NA,"(Intercept)",-5.0866794814768,0.097495198877603,-52.1736407539688,123.725508089761,4.19651912244047e-86,1.10958810695036e-85
"s__Clostridium_SGB4750","fixed",NA,"st131_detectyes",-0.212426030177987,0.153642054328001,-1.38260342265726,189.528217940834,0.168413443212039,0.288708759792067
"s__Clostridium_SGB4751","fixed",NA,"(Intercept)",-5.69274316204249,0.0299629543364688,-189.992718946065,118.699567338486,2.58761570875345e-149,5.38224067420719e-148
"s__Clostridium_SGB4751","fixed",NA,"st131_detectyes",-0.0341739486768332,0.0641782033545884,-0.532485281459502,241.000910511171,0.594880524881376,0.73798299706954
"s__Clostridium_SGB4909","fixed",NA,"(Intercept)",-5.26193175399832,0.0516561446610304,-101.864585298173,139.401805333899,9.18965958320029e-133,7.39915816763481e-132
"s__Clostridium_SGB4909","fixed",NA,"st131_detectyes",-0.0954882844947295,0.0886793024296164,-1.07678208870122,210.75991750941,0.28280861429781,0.437354585679885
"s__Clostridium_SGB6179","fixed",NA,"(Intercept)",-5.04119832641362,0.0351596107722891,-143.380379238635,130.178846863595,3.72923815432878e-145,5.34952783517507e-144
"s__Clostridium_SGB6179","fixed",NA,"st131_detectyes",0.00254352771584351,0.0836427702962313,0.0304094150257732,252.96866464266,0.975764513850677,0.990043994541175
"s__Clostridium_sp_1001270H_150608_G6","fixed",NA,"(Intercept)",-4.51572489649762,0.100420780123503,-44.9680324226116,129.811642647118,5.05921726730808e-81,1.25774963139452e-80
"s__Clostridium_sp_1001270H_150608_G6","fixed",NA,"st131_detectyes",-0.261003875702325,0.157284557381857,-1.65943739199175,193.284991119372,0.098649332135137,0.180255295028772
"s__Clostridium_sp_AF12_28","fixed",NA,"(Intercept)",-5.5990895260551,0.0582936667300535,-96.0497055706477,122.125467492332,6.67642950142544e-117,2.89311945061769e-116
"s__Clostridium_sp_AF12_28","fixed",NA,"st131_detectyes",0.0387620281966545,0.112975229620777,0.343102008526706,221.771178607645,0.731846731460649,0.842568930685322
"s__Clostridium_sp_AF20_17LB","fixed",NA,"(Intercept)",-4.81446064682716,0.0803339004102142,-59.9306223430304,129.515287264209,2.58504893739519e-96,7.69962070135847e-96
"s__Clostridium_sp_AF20_17LB","fixed",NA,"st131_detectyes",-0.0665060835862242,0.138983229836202,-0.478518765642478,206.072550492396,0.63278831561853,0.766718269797986
"s__Clostridium_sp_AF27_2AA","fixed",NA,"(Intercept)",-5.39477354047729,0.063288889618156,-85.2404517289818,133.135845276347,4.89418295049715e-118,2.22106920808016e-117
"s__Clostridium_sp_AF27_2AA","fixed",NA,"st131_detectyes",-0.0772628589840261,0.129798089103686,-0.595254209962265,236.11078301594,0.552243639152098,0.699695494072911
"s__Clostridium_sp_AF34_10BH","fixed",NA,"(Intercept)",-3.74184070553568,0.10579275358012,-35.369536938103,123.947067957331,1.28562328132779e-66,2.82973166683788e-66
"s__Clostridium_sp_AF34_10BH","fixed",NA,"st131_detectyes",0.224169826645863,0.181645979774506,1.23410287926078,201.445700455691,0.218602361209615,0.361345359986224
"s__Clostridium_sp_AF34_13","fixed",NA,"(Intercept)",-5.17432996090835,0.0698903111041641,-74.0350111361867,131.986240104267,2.31367452461192e-109,8.27354099345466e-109
"s__Clostridium_sp_AF34_13","fixed",NA,"st131_detectyes",0.0684564264280461,0.121287061891479,0.56441656150676,207.991742477626,0.57307882642298,0.719158794290508
"s__Clostridium_sp_AF36_4","fixed",NA,"(Intercept)",-4.60372870876129,0.06947850619282,-66.2611930081628,123.822109849174,1.47230721941354e-98,4.51459314454077e-98
"s__Clostridium_sp_AF36_4","fixed",NA,"st131_detectyes",0.120672585639153,0.118412027716257,1.01909061069635,200.240810998735,0.309389635849761,0.462312456499432
"s__Clostridium_sp_AM22_11AC","fixed",NA,"(Intercept)",-4.83565162104627,0.0990932042663296,-48.7990236752225,124.201360882525,6.87675672590109e-83,1.747900691227e-82
"s__Clostridium_sp_AM22_11AC","fixed",NA,"st131_detectyes",-0.102739571493628,0.136412744060323,-0.753152296739927,176.075536581246,0.45236424073514,0.613641926562451
"s__Clostridium_sp_AM33_3","fixed",NA,"(Intercept)",-5.7015520676872,0.0871110741912915,-65.4515183128942,125.264852660233,9.89839554983024e-99,3.05772218965053e-98
"s__Clostridium_sp_AM33_3","fixed",NA,"st131_detectyes",-0.326435651060357,0.148253858479224,-2.20186951226031,200.97880651623,0.02881225648746,0.0558349318266305
"s__Clostridium_sp_AM42_4","fixed",NA,"(Intercept)",-5.22423681505839,0.0319823643502299,-163.347423531583,119.789908041158,1.33237911840189e-142,1.73209285392245e-141
"s__Clostridium_sp_AM42_4","fixed",NA,"st131_detectyes",-0.0691852177575692,0.0505726322409538,-1.36803671653743,186.950893804275,0.172942628452671,0.294853005886521
"s__Clostridium_sp_AM49_4BH","fixed",NA,"(Intercept)",-4.96308365595864,0.0546994964756372,-90.7336260063959,115.294612437608,4.59702815879215e-109,1.63449890090388e-108
"s__Clostridium_sp_AM49_4BH","fixed",NA,"st131_detectyes",-0.0964784229958975,0.0895058062485107,-1.07790127858329,188.133294318324,0.28245795202193,0.43735424829202
"s__Clostridium_sp_AT4","fixed",NA,"(Intercept)",-4.9157047499566,0.0965066365179324,-50.9364425838548,121.037294242882,1.29497567011684e-83,3.34602409173048e-83
"s__Clostridium_sp_AT4","fixed",NA,"st131_detectyes",0.0677318248071278,0.0954964772708934,0.709259930237992,154.393868332186,0.479232865650451,0.634907236020979
"s__Clostridium_sp_C5_48","fixed",NA,"(Intercept)",-4.86112507402529,0.0476481159174103,-102.021349227138,132.145426339765,1.53321195943586e-127,9.76249247640795e-127
"s__Clostridium_sp_C5_48","fixed",NA,"st131_detectyes",0.0575404117308939,0.0646768321314831,0.889660328661717,181.524520389694,0.374825810440264,0.538299898077618
"s__Clostridium_sp_chh4_2","fixed",NA,"(Intercept)",-6.28221128114307,0.0459026942831053,-136.859314671106,130.406364561158,9.74790839192077e-143,1.29419039075714e-141
"s__Clostridium_sp_chh4_2","fixed",NA,"st131_detectyes",0.0922202403481607,0.0813048808832866,1.13425220412712,210.132848068946,0.257981045848334,0.410663705636123
"s__Clostridium_sp_Marseille_P3244","fixed",NA,"(Intercept)",-6.04216365219289,0.063809776960758,-94.6902487358438,124.484139454161,7.4014734489661e-118,3.29894245153918e-117
"s__Clostridium_sp_Marseille_P3244","fixed",NA,"st131_detectyes",-0.0883147811326935,0.122225334435604,-0.722557083116215,220.546479915154,0.4707175316708,0.627157013458112
"s__Clostridium_spiroforme","fixed",NA,"(Intercept)",-6.05611999136126,0.0558778639057826,-108.381379817465,139.808363289173,8.9080708372604e-137,8.68536906632889e-136
"s__Clostridium_spiroforme","fixed",NA,"st131_detectyes",-0.235693669661045,0.118046194168465,-1.99662235043921,242.28330444214,0.0469851828646173,0.0895229133054083
"s__Clostridium_symbiosum","fixed",NA,"(Intercept)",-5.2135399844398,0.0862272738048918,-60.4627718630718,132.002544019279,4.28379243990046e-98,1.30394462560873e-97
"s__Clostridium_symbiosum","fixed",NA,"st131_detectyes",0.00705870761896784,0.174261554170612,0.0405063965632774,233.222581975178,0.967724061594914,0.986699043194815
"s__Collinsella_aerofaciens","fixed",NA,"(Intercept)",-3.80914552456175,0.138964556723392,-27.410914080371,128.668250437631,1.44396744157307e-55,3.01854500348943e-55
"s__Collinsella_aerofaciens","fixed",NA,"st131_detectyes",-0.568438011288664,0.245066843314705,-2.31952231317845,208.46418308523,0.021334857277673,0.0419966906664603
"s__Collinsella_bouchesdurhonensis","fixed",NA,"(Intercept)",-4.99227423350866,0.0397572603738873,-125.568869347637,116.488940323834,3.43846269707805e-126,2.09326899802605e-125
"s__Collinsella_bouchesdurhonensis","fixed",NA,"st131_detectyes",-0.000205906645156857,0.0537182192727253,-0.00383308769249176,167.769075927186,0.996946200009241,0.998276376798649
"s__Collinsella_SGB14861","fixed",NA,"(Intercept)",-5.36209760380276,0.129781966266759,-41.3161994539463,124.788227291655,1.18118890364164e-74,2.7349234726248e-74
"s__Collinsella_SGB14861","fixed",NA,"st131_detectyes",0.0332680491738227,0.189730669611047,0.175343550107229,182.072922905179,0.861004540350939,0.923932645191721
"s__Collinsella_SGB14987","fixed",NA,"(Intercept)",-5.01316250890744,0.0204355526951811,-245.315729096458,119.664139187344,1.49731351629363e-163,5.33899219524128e-162
"s__Collinsella_SGB14987","fixed",NA,"st131_detectyes",0.0398645341545801,0.0311454361605977,1.27994785332347,182.388554531575,0.202189085245721,0.337342217094465
"s__Collinsella_SGB15196","fixed",NA,"(Intercept)",-4.69910017042033,0.0295429331668058,-159.060041326573,111.113543439969,6.40083206166132e-133,5.22107085813943e-132
"s__Collinsella_SGB15196","fixed",NA,"st131_detectyes",-0.0767193887740164,0.0461643346902491,-1.66187575947501,178.401896230481,0.0982938294617181,0.179869060363965
"s__Collinsella_SGB4121","fixed",NA,"(Intercept)",-4.67115375089922,0.0790889346867244,-59.0620390754018,122.697761882632,5.69091758182639e-92,1.58887363358374e-91
"s__Collinsella_SGB4121","fixed",NA,"st131_detectyes",0.182053665530254,0.117119314918022,1.55442905090149,181.69028369795,0.121822255907055,0.218126506989964
"s__Collinsella_stercoris","fixed",NA,"(Intercept)",-4.48481797616341,0.0330388847630987,-135.743624771879,127.841816535049,4.64531316138895e-140,5.41808488356393e-139
"s__Collinsella_stercoris","fixed",NA,"st131_detectyes",0.0133032935222397,0.0451871840482273,0.294404128127155,178.589684369695,0.768791028377578,0.864070125247404
"s__Collinsella_tanakaei","fixed",NA,"(Intercept)",-5.29206469009944,0.0696121944240472,-76.0220925928938,122.836447040538,3.75577905071224e-105,1.26681412305105e-104
"s__Collinsella_tanakaei","fixed",NA,"st131_detectyes",0.202698339939196,0.116260691595633,1.743481284665,196.598476880901,0.0828128185276751,0.152434214635012
"s__Coprobacillus_cateniformis","fixed",NA,"(Intercept)",-5.50557323250135,0.0716482920263185,-76.8416535383564,129.346533999009,8.31583179943726e-110,3.03454914786482e-109
"s__Coprobacillus_cateniformis","fixed",NA,"st131_detectyes",0.217418342176162,0.156312952647742,1.39091699371915,245.71014161472,0.165508885080882,0.284903570456471
"s__Coprobacter_fastidiosus","fixed",NA,"(Intercept)",-4.71888072885165,0.0888047699591171,-53.137694416911,119.324600891841,6.58444814342192e-85,1.72634270651062e-84
"s__Coprobacter_fastidiosus","fixed",NA,"st131_detectyes",-0.134432073856416,0.0844935100932792,-1.59103431385446,151.376752687752,0.113688047394308,0.205329498043555
"s__Coprobacter_secundus","fixed",NA,"(Intercept)",-4.98093887164932,0.075687587777194,-65.8091903564425,120.528682817884,2.55729724050443e-96,7.63518410562089e-96
"s__Coprobacter_secundus","fixed",NA,"st131_detectyes",-0.0466289217987822,0.0598200898259836,-0.779485987641033,147.531446543729,0.43694212057872,0.595309788736073
"s__Coprococcus_catus","fixed",NA,"(Intercept)",-4.48609027071277,0.0699739732960941,-64.110840922666,122.256096799269,5.86046759629745e-96,1.73314302373915e-95
"s__Coprococcus_catus","fixed",NA,"st131_detectyes",-0.0126162048964181,0.0804950150278933,-0.156732747885646,162.214772177724,0.875650376851897,0.934027068642023
"s__Coprococcus_comes","fixed",NA,"(Intercept)",-4.43844987409288,0.113418230998345,-39.133478233827,122.158056934008,5.79097767865234e-71,1.29751169532462e-70
"s__Coprococcus_comes","fixed",NA,"st131_detectyes",-0.0517541461709033,0.127438835085007,-0.406109692829358,160.90986308676,0.685201560694738,0.810951116726957
"s__Coprococcus_eutactus","fixed",NA,"(Intercept)",-4.35135284038227,0.094441342223053,-46.074661138394,120.656208866988,1.96172815060713e-78,4.76310648240798e-78
"s__Coprococcus_eutactus","fixed",NA,"st131_detectyes",0.152116609633369,0.110613060921971,1.37521381621178,161.721173278998,0.170967226940615,0.29268463542097
"s__Coprococcus_SGB4669","fixed",NA,"(Intercept)",-4.54824528939441,0.0505498762651409,-89.9753990600937,124.015301454754,8.28715197069197e-115,3.37985805863515e-114
"s__Coprococcus_SGB4669","fixed",NA,"st131_detectyes",-0.02022631612631,0.0683649212386491,-0.295858106172663,174.452190091596,0.767690319628399,0.864070125247404
"s__Desulfovibrio_piger","fixed",NA,"(Intercept)",-4.74453703900528,0.0451731093130766,-105.030118828501,116.420532796422,3.51988078743848e-117,1.53594797997315e-116
"s__Desulfovibrio_piger","fixed",NA,"st131_detectyes",-0.0142178152747069,0.0472309909549128,-0.301027249000119,152.145016026634,0.763804712139108,0.862557105585227
"s__Desulfovibrio_porci","fixed",NA,"(Intercept)",-6.03116054102986,0.0579722221566628,-104.035352047251,120.015930390036,1.7923707495816e-119,8.67007246309237e-119
"s__Desulfovibrio_porci","fixed",NA,"st131_detectyes",0.0446262230843381,0.0336534620465907,1.32605147792986,142.229210745687,0.186948262288851,0.314435891289065
"s__Desulfovibrio_SGB5076","fixed",NA,"(Intercept)",-5.46604194357593,0.0505794905218026,-108.06834721318,131.270298923816,3.87053546560641e-130,2.63957828474142e-129
"s__Desulfovibrio_SGB5076","fixed",NA,"st131_detectyes",0.116205683923539,0.104709126773519,1.10979517740499,237.297722473185,0.268210664181171,0.422102028875285
"s__Desulfovibrio_SGB5077","fixed",NA,"(Intercept)",-4.51957928511012,0.0544919417982568,-82.9403235774341,114.57232190134,3.83136488246867e-104,1.26831389212756e-103
"s__Desulfovibrio_SGB5077","fixed",NA,"st131_detectyes",-0.120229129419585,0.111543060498764,-1.07787188985116,230.415091555801,0.282218069766809,0.43735424829202
"s__Dialister_hominis","fixed",NA,"(Intercept)",-5.10647550630822,0.167343134349909,-30.5149985755062,121.86828207655,6.55231498691697e-59,1.39782719720895e-58
"s__Dialister_hominis","fixed",NA,"st131_detectyes",0.0719274079686022,0.150962586110942,0.476458504200126,152.157649187785,0.634431250273991,0.767963336898099
"s__Dialister_invisus","fixed",NA,"(Intercept)",-5.01573846459206,0.100134260259042,-50.0901335029252,122.12618738238,2.8193567865784e-83,7.22496359271014e-83
"s__Dialister_invisus","fixed",NA,"st131_detectyes",-0.000232182510461814,0.147922510991223,-0.00156962256052827,180.971415894682,0.998749351782354,0.998749351782354
"s__Dielma_fastidiosa","fixed",NA,"(Intercept)",-5.67932517380694,0.0750999273020177,-75.6235775164905,128.673357652522,1.6359701617336e-108,5.73508640967285e-108
"s__Dielma_fastidiosa","fixed",NA,"st131_detectyes",0.00331538962744689,0.155335096713088,0.0213434677519825,236.521810348155,0.982989664060801,0.992533253032266
"s__Dorea_formicigenerans","fixed",NA,"(Intercept)",-4.0421099293572,0.066332591156274,-60.9370123931136,123.21511784412,7.3394786475443e-94,2.08648504604448e-93
"s__Dorea_formicigenerans","fixed",NA,"st131_detectyes",0.0862594610460402,0.104240745578618,0.827502341500272,188.800657087191,0.408997095348171,0.573515028083728
"s__Dorea_longicatena","fixed",NA,"(Intercept)",-3.49126243138036,0.087850648680123,-39.7408839187125,123.379460088172,3.55957579717952e-72,8.0477365849276e-72
"s__Dorea_longicatena","fixed",NA,"st131_detectyes",0.0354992748166483,0.118004814481704,0.300829037972449,173.359384272287,0.763905350028203,0.862557105585227
"s__Dorea_sp_AF24_7LB","fixed",NA,"(Intercept)",-5.36185093412057,0.0687851653174449,-77.9506876137539,123.76092216566,4.7191166962055e-107,1.61355003749711e-106
"s__Dorea_sp_AF24_7LB","fixed",NA,"st131_detectyes",0.0781571212762027,0.102837480614253,0.760006184606691,183.548017406198,0.448225970964551,0.609352953991024
"s__Dorea_sp_AF36_15AT","fixed",NA,"(Intercept)",-5.14524806037223,0.0878544055655479,-58.5656237413544,121.10653383293,1.05645990030471e-90,2.91051204322358e-90
"s__Dorea_sp_AF36_15AT","fixed",NA,"st131_detectyes",0.0514340266690991,0.129768344059964,0.396352647031791,180.125534539335,0.692314029277292,0.815716134002883
"s__Drancourtella_sp_An57","fixed",NA,"(Intercept)",-4.71600027940279,0.025640411863281,-183.928413652218,149.216776201846,8.5916276503415e-178,5.3611756538131e-176
"s__Drancourtella_sp_An57","fixed",NA,"st131_detectyes",-0.0244531202335819,0.0470494171988695,-0.519732691485272,224.357373695971,0.603762290647468,0.743825605851964
"s__Duodenibacillus_massiliensis","fixed",NA,"(Intercept)",-5.29145449496872,0.0933031426986434,-56.7125001572499,122.304103937145,1.10489055478821e-89,2.9846394207266e-89
"s__Duodenibacillus_massiliensis","fixed",NA,"st131_detectyes",-0.033955458575855,0.108317042840064,-0.313482141734537,162.750692277959,0.754315786641362,0.860213644350579
"s__Dysgonomonas_mossii","fixed",NA,"(Intercept)",-5.3414822586817,0.0386143796743006,-138.328837695577,179.918835615852,1.21626545567273e-184,1.51789928867956e-182
"s__Dysgonomonas_mossii","fixed",NA,"st131_detectyes",0.00202779334874208,0.093829694392016,0.0216114244203978,252.555020008184,0.982774984756944,0.992533253032266
"s__Dysosmobacter_sp_BX15","fixed",NA,"(Intercept)",-4.3948072076681,0.108519465041884,-40.4978701836753,124.409790845272,1.67455533287979e-73,3.81358586758026e-73
"s__Dysosmobacter_sp_BX15","fixed",NA,"st131_detectyes",0.125132062574653,0.15509454468965,0.806811502139207,179.583911758185,0.420842308437674,0.583895000480867
"s__Dysosmobacter_sp_NSJ_60","fixed",NA,"(Intercept)",-4.53369699324478,0.0719197622817102,-63.038264440951,134.231633118946,1.33316500344361e-101,4.29919877079488e-101
"s__Dysosmobacter_sp_NSJ_60","fixed",NA,"st131_detectyes",-0.0542418842951243,0.138301946223781,-0.392198994852594,225.328451071316,0.69528189532344,0.817027191136028
"s__Dysosmobacter_welbionis","fixed",NA,"(Intercept)",-3.86490624939412,0.145510566671768,-26.5610006049409,126.308256082263,1.54358149666964e-53,3.19998290339486e-53
"s__Dysosmobacter_welbionis","fixed",NA,"st131_detectyes",0.0732896767488397,0.234551967641524,0.312466689091483,194.242925271885,0.755021065738963,0.860213644350579
"s__Eggerthella_guodeyinii","fixed",NA,"(Intercept)",-5.51401837957562,0.0382379881861238,-144.202627835337,149.531839897978,2.20524622548981e-162,6.88036822352821e-161
"s__Eggerthella_guodeyinii","fixed",NA,"st131_detectyes",-0.0545088837761415,0.0942717117353138,-0.578210396021936,251.078981071801,0.563640320072986,0.710528403485946
"s__Eggerthella_lenta","fixed",NA,"(Intercept)",-4.97698793148573,0.107169535883359,-46.4403236466619,129.581199947398,1.23054176795955e-82,3.12137424067789e-82
"s__Eggerthella_lenta","fixed",NA,"st131_detectyes",0.0689894935443845,0.212916545241708,0.324021289496623,229.375965947696,0.746217178312566,0.855954998652649
"s__Eisenbergiella_massiliensis","fixed",NA,"(Intercept)",-5.54024615402685,0.060926436478182,-90.9333693922972,125.378836623873,2.50882940360536e-116,1.06860719989744e-115
"s__Eisenbergiella_massiliensis","fixed",NA,"st131_detectyes",0.0885414898913177,0.105885468903828,0.836200574148062,204.218874235395,0.404019416813492,0.56973585557428
"s__Eisenbergiella_sp_OF01_20","fixed",NA,"(Intercept)",-5.67627711219976,0.0617445338176961,-91.9316538846866,147.411303105439,4.60427996843581e-132,3.61392540918735e-131
"s__Eisenbergiella_sp_OF01_20","fixed",NA,"st131_detectyes",0.105706220868455,0.117674738128811,0.89829153265457,228.847724070739,0.369974272459257,0.532558122294294
"s__Eisenbergiella_tayi","fixed",NA,"(Intercept)",-5.34942729739123,0.0977451766084518,-54.7282994722083,126.203859187594,8.72953923203374e-90,2.36322450359612e-89
"s__Eisenbergiella_tayi","fixed",NA,"st131_detectyes",0.122747448828529,0.168707496276529,0.727575546656998,203.680277591992,0.467708966648784,0.626383105187655
"s__Ellagibacter_isourolithinifaciens","fixed",NA,"(Intercept)",-5.27183607795039,0.0301056092492337,-175.111423067599,117.617822823753,4.75692757817046e-144,6.59627290839638e-143
"s__Ellagibacter_isourolithinifaciens","fixed",NA,"st131_detectyes",-0.0510044867645756,0.0582528665115492,-0.875570419431007,219.430209950524,0.382221026366284,0.54703192764349
"s__Emergencia_timonensis","fixed",NA,"(Intercept)",-4.38280571021179,0.0238320270154479,-183.904025762091,121.225511718835,3.40385522728265e-150,7.20001919262499e-149
"s__Emergencia_timonensis","fixed",NA,"st131_detectyes",-0.00260863338639011,0.0303250323510287,-0.0860224436430524,167.429226235855,0.931551360308731,0.961145621113215
"s__Enorma_massiliensis","fixed",NA,"(Intercept)",-6.09182332171175,0.0928076145058883,-65.6392619737603,126.756386966381,1.00699214296221e-99,3.15760350355989e-99
"s__Enorma_massiliensis","fixed",NA,"st131_detectyes",0.278884249230051,0.144742020101956,1.92676770044804,190.554465653316,0.0554961954415136,0.104463426713437
"s__Enterobacter_cloacae","fixed",NA,"(Intercept)",-5.71161552365158,0.0484462325579412,-117.895968831437,151.821964291689,3.49098559820821e-151,7.77991076172115e-150
"s__Enterobacter_cloacae","fixed",NA,"st131_detectyes",0.079936956658781,0.125046697953814,0.639256837380112,243.632227128316,0.523256439748255,0.677400571412511
"s__Enterobacter_hormaechei","fixed",NA,"(Intercept)",-6.05291812803141,0.0586842187030074,-103.14388198068,97.103818401692,4.88222195528081e-101,1.56632724940629e-100
"s__Enterobacter_hormaechei","fixed",NA,"st131_detectyes",0.0234668923018688,0.152055778960551,0.154330815061998,229.572289437844,0.87748448977059,0.934777285592672
"s__Enterobacter_kobei","fixed",NA,"(Intercept)",-5.70794782167061,0.0321108719430639,-177.757484499064,111.670366870791,7.94489088705651e-139,8.40273205681909e-138
"s__Enterobacter_kobei","fixed",NA,"st131_detectyes",0.0804572544347461,0.078030471479892,1.03110045228266,251.613354714927,0.303483812104124,0.456567211689806
"s__Enterobacter_roggenkampii","fixed",NA,"(Intercept)",-5.27428126578641,0.0683607199047119,-77.1536823067141,125.482855729481,1.33381413998694e-107,4.5856750597898e-107
"s__Enterobacter_roggenkampii","fixed",NA,"st131_detectyes",0.229764906266853,0.15478111101099,1.48445055579514,250.351518199094,0.138947396080612,0.245040527005048
"s__Enterocloster_aldenensis","fixed",NA,"(Intercept)",-5.30245203700835,0.0728361380882121,-72.7997416692594,131.918155145204,2.22090315400359e-108,7.72057698104868e-108
"s__Enterocloster_aldenensis","fixed",NA,"st131_detectyes",0.150940825460662,0.144241705536923,1.04644370987435,229.585611709041,0.296456674366556,0.450643032411038
"s__Enterocloster_asparagiformis","fixed",NA,"(Intercept)",-5.52072571932331,0.0739107172042508,-74.6945223663151,129.967620437596,1.25142949904878e-108,4.39939159102219e-108
"s__Enterocloster_asparagiformis","fixed",NA,"st131_detectyes",0.328341794524647,0.146216425947901,2.24558761025686,228.730288898173,0.0256863455051254,0.0500102327463284
"s__Enterocloster_bolteae","fixed",NA,"(Intercept)",-4.46235652187062,0.108026640551756,-41.3079264436877,129.969631867789,1.31978057629201e-76,3.13134250800842e-76
"s__Enterocloster_bolteae","fixed",NA,"st131_detectyes",-0.173796983355929,0.19680096384326,-0.883110427723042,214.360057323204,0.378165916873749,0.541849671938506
"s__Enterocloster_citroniae","fixed",NA,"(Intercept)",-5.688807084826,0.079670682916855,-71.404020607717,128.226228786378,4.11060196157266e-105,1.38275774879857e-104
"s__Enterocloster_citroniae","fixed",NA,"st131_detectyes",0.0959341599965572,0.174437274447312,0.549963649114076,246.126692543124,0.582843023541477,0.726672675172517
"s__Enterocloster_clostridioformis","fixed",NA,"(Intercept)",-5.32059986168126,0.0598161558118943,-88.9492109525245,117.711157504034,8.60356818721041e-110,3.13039448910746e-109
"s__Enterocloster_clostridioformis","fixed",NA,"st131_detectyes",0.0683732492232009,0.0876221184492688,0.780319517871363,176.421352710647,0.436248510848358,0.595014362337432
"s__Enterocloster_lavalensis","fixed",NA,"(Intercept)",-5.30300357732906,0.0198897667542012,-266.619696593926,95.9248262915717,1.72561574437487e-139,1.94015175583769e-138
"s__Enterocloster_lavalensis","fixed",NA,"st131_detectyes",0.114621247415233,0.0478793290704013,2.39396101910064,252.293649390739,0.0173984575160236,0.0344108953724206
"s__Enterococcus_avium","fixed",NA,"(Intercept)",-4.92791242235339,0.0349071889725346,-141.171849335412,131.156416732572,3.84052848595627e-145,5.44656767099253e-144
"s__Enterococcus_avium","fixed",NA,"st131_detectyes",-0.0721865952519706,0.0645264974135226,-1.11871243823073,217.354107836687,0.264497679662317,0.417311130491241
"s__Enterococcus_casseliflavus","fixed",NA,"(Intercept)",-5.00633796070681,0.021861627452499,-229.00115609346,139.413274806785,1.69331055164206e-181,1.32078223028081e-179
"s__Enterococcus_casseliflavus","fixed",NA,"st131_detectyes",0.0292801723119994,0.0552353347119308,0.530098576657578,246.81004843692,0.596520153208855,0.739141889568428
"s__Enterococcus_faecalis","fixed",NA,"(Intercept)",-5.14567358180519,0.0491074036035558,-104.784069289149,120.91728345774,1.55010385264156e-120,7.86394149632792e-120
"s__Enterococcus_faecalis","fixed",NA,"st131_detectyes",0.19331565863733,0.110218061032389,1.75393811891248,249.06069414286,0.0806710650828905,0.148711210078947
"s__Enterococcus_faecium","fixed",NA,"(Intercept)",-5.47056815474552,0.0574143460328773,-95.2822514361288,97.0490473899792,1.10175057695567e-97,3.32926082334304e-97
"s__Enterococcus_faecium","fixed",NA,"st131_detectyes",-0.11011093674334,0.116119988179392,-0.948251360250146,220.467116473059,0.344039742844644,0.505726265100254
"s__Enterococcus_gallinarum","fixed",NA,"(Intercept)",-5.75359640768106,0.0450653064637033,-127.672412753149,120.88197553419,8.67580079366068e-131,6.18708536599345e-130
"s__Enterococcus_gallinarum","fixed",NA,"st131_detectyes",0.0284214371156557,0.106004676146487,0.26811493746163,252.92875458861,0.788829379650899,0.875074725159398
"s__Enterococcus_raffinosus","fixed",NA,"(Intercept)",-5.37245959858957,0.0380903120853805,-141.045302714954,121.325418681935,2.22080677175701e-136,2.11569988637615e-135
"s__Enterococcus_raffinosus","fixed",NA,"st131_detectyes",-0.130459563800848,0.0727963491759444,-1.79211684758441,218.66437829612,0.0744967604685798,0.137940589116896
"s__Erysipelatoclostridium_ramosum","fixed",NA,"(Intercept)",-4.74921509607919,0.111129734452382,-42.7357729187609,130.41516381843,1.44674032373459e-78,3.52642953910307e-78
"s__Erysipelatoclostridium_ramosum","fixed",NA,"st131_detectyes",-0.057499966692284,0.191946072919057,-0.299563131549618,206.374754319451,0.764811894000099,0.862557105585227
"s__Erysipelotrichaceae_bacterium_3_1_53","fixed",NA,"(Intercept)",-5.93237148574292,0.0571223566370786,-103.853759455928,125.579562390449,1.28133756100697e-123,7.17089361496278e-123
"s__Erysipelotrichaceae_bacterium_3_1_53","fixed",NA,"st131_detectyes",0.0656443420715477,0.099594862878126,0.659113735131866,204.844180186249,0.510562980411057,0.665117536067849
"s__Escherichia_coli","fixed",NA,"(Intercept)",-2.92588791506565,0.120472730022704,-24.286723763247,135.144544153171,3.83350582807414e-51,7.89474467563784e-51
"s__Escherichia_coli","fixed",NA,"st131_detectyes",-0.11033712471418,0.233727761517777,-0.472075392318287,227.167118150746,0.637326122980879,0.769291403776046
"s__Escherichia_marmotae","fixed",NA,"(Intercept)",-5.81091009797689,0.0635130722817413,-91.4915605436301,133.904808351327,1.3659403681883e-122,7.34781715301294e-122
"s__Escherichia_marmotae","fixed",NA,"st131_detectyes",0.000761297596954869,0.132338197079254,0.0057526671343342,238.994517228259,0.995414859909072,0.99781344993295
"s__Eubacteriaceae_bacterium","fixed",NA,"(Intercept)",-5.5434185653933,0.101787434989554,-54.4607354135824,124.544475288582,1.02493450785764e-88,2.74488898241702e-88
"s__Eubacteriaceae_bacterium","fixed",NA,"st131_detectyes",-0.10571610369235,0.177050028654668,-0.597097354322078,203.830918442085,0.551105059648854,0.699673565047578
"s__Eubacteriales_unclassified_SGB15145","fixed",NA,"(Intercept)",-4.38620188595659,0.0356926015920533,-122.888265083292,127.392635761085,3.30853363366948e-134,2.88744753483882e-133
"s__Eubacteriales_unclassified_SGB15145","fixed",NA,"st131_detectyes",-0.0871815331369106,0.0562973736680073,-1.54858970244387,192.35024902076,0.123124108449698,0.22014167241436
"s__Eubacterium_callanderi","fixed",NA,"(Intercept)",-5.67990333777712,0.0508033766957344,-111.801689320663,115.028684059937,3.46199079200967e-119,1.63657746531366e-118
"s__Eubacterium_callanderi","fixed",NA,"st131_detectyes",0.0547278198260985,0.0862743452710694,0.634346394100664,193.599946911079,0.526603635109002,0.68033264660045
"s__Eubacterium_limosum","fixed",NA,"(Intercept)",-5.52509294690247,0.0435260512463502,-126.937610665194,120.143527771787,7.3701794439121e-130,4.9718832140553e-129
"s__Eubacterium_limosum","fixed",NA,"st131_detectyes",0.0290996947003282,0.0972869907654059,0.299111879927482,248.441581447224,0.765104740290742,0.862557105585227
"s__Eubacterium_ramulus","fixed",NA,"(Intercept)",-4.78037628457451,0.0848196085691459,-56.3593297023706,127.306489405597,6.94998137140529e-92,1.93175428764227e-91
"s__Eubacterium_ramulus","fixed",NA,"st131_detectyes",-0.171158388175205,0.140257196109769,-1.22031805085603,198.279697036963,0.223793669939358,0.367009855564151
"s__Eubacterium_rectale","fixed",NA,"(Intercept)",-3.43208156105337,0.159155417622319,-21.5643401420227,123.753000629874,9.78178553308966e-44,1.98498672281234e-43
"s__Eubacterium_rectale","fixed",NA,"st131_detectyes",-0.296650585868817,0.226740978419087,-1.30832365608177,178.744287731808,0.192443428261203,0.322808331276856
"s__Eubacterium_siraeum","fixed",NA,"(Intercept)",-5.58520578287146,0.119988942720408,-46.5476706123317,132.402887826758,6.10504322043374e-84,1.58731123731277e-83
"s__Eubacterium_siraeum","fixed",NA,"st131_detectyes",0.0773141432269093,0.215551139082848,0.358681209275322,213.402812375269,0.720188179030366,0.834535605784491
"s__Eubacterium_sp_AF16_48","fixed",NA,"(Intercept)",-5.11420877205944,0.0771736166868688,-66.2688751883988,134.202392024474,2.07794871655917e-104,6.89702127198363e-104
"s__Eubacterium_sp_AF16_48","fixed",NA,"st131_detectyes",0.0868210965376841,0.133039985382582,0.652594002382166,208.345425881738,0.514737446660263,0.668533207156939
"s__Eubacterium_sp_AF34_35BH","fixed",NA,"(Intercept)",-4.31763249299479,0.0441373475392281,-97.8226543667445,134.778087510285,4.73558260412111e-127,2.96985280901666e-126
"s__Eubacterium_sp_AF34_35BH","fixed",NA,"st131_detectyes",-0.0239428109178903,0.0815034481973183,-0.293764392150934,218.910511127149,0.769216273357264,0.864070125247404
"s__Eubacterium_ventriosum","fixed",NA,"(Intercept)",-4.93702306308155,0.134277589151422,-36.7672900167591,127.250583054833,1.21855727835897e-69,2.70597772845551e-69
"s__Eubacterium_ventriosum","fixed",NA,"st131_detectyes",-0.310851180499154,0.205594048679623,-1.51196584967084,188.83903060105,0.132214221419868,0.234379756153402
"s__Evtepia_gabavorous","fixed",NA,"(Intercept)",-4.61336002762931,0.0696390815691297,-66.246709802594,125.961072953991,9.14558879618545e-100,2.87498610016107e-99
"s__Evtepia_gabavorous","fixed",NA,"st131_detectyes",0.132013556111953,0.0990107055301714,1.33332608231667,180.37754190611,0.184106222890567,0.310912809428184
"s__Faecalibacillus_intestinalis","fixed",NA,"(Intercept)",-5.07469386731133,0.0827349082960847,-61.3367920727058,127.220691893756,2.3644281129031e-96,7.07627406451575e-96
"s__Faecalibacillus_intestinalis","fixed",NA,"st131_detectyes",0.0425635624930159,0.155066153844097,0.274486478434289,217.828775044114,0.783970933287699,0.873567611377722
"s__Faecalibacterium_prausnitzii","fixed",NA,"(Intercept)",-2.59922958128599,0.165440279275588,-15.7109840038183,121.818721144049,4.48736238134381e-31,8.97472476268762e-31
"s__Faecalibacterium_prausnitzii","fixed",NA,"st131_detectyes",-0.0618516129139325,0.226789117858188,-0.27272742845011,173.682886976715,0.785386734309708,0.874059064001147
"s__Faecalibacterium_SGB15315","fixed",NA,"(Intercept)",-5.49442374722281,0.112352963896925,-48.9032381225253,121.787196829151,6.53708852288766e-82,1.64481582188786e-81
"s__Faecalibacterium_SGB15315","fixed",NA,"st131_detectyes",-0.23559325222142,0.107161965150346,-2.19847827436616,153.822055046895,0.0294088004596552,0.0569026092614724
"s__Faecalibacterium_SGB15346","fixed",NA,"(Intercept)",-4.81529680456777,0.15075924469114,-31.9403086320368,121.459519530585,6.12052270349583e-61,1.32152462525308e-60
"s__Faecalibacterium_SGB15346","fixed",NA,"st131_detectyes",-0.263812139208006,0.189133609867243,-1.39484536562899,166.671564616158,0.164918586200178,0.28427955190307
"s__Faecalicatena_contorta","fixed",NA,"(Intercept)",-5.77029372205185,0.059249284040052,-97.3901004128791,136.676241819622,3.78667340375874e-128,2.46133771244318e-127
"s__Faecalicatena_contorta","fixed",NA,"st131_detectyes",-0.109061818253831,0.136346682523048,-0.79988611556717,252.044613771855,0.42453001455248,0.585078751492709
"s__Faecalicatena_fissicatena","fixed",NA,"(Intercept)",-4.79942757321612,0.103366644532513,-46.4311054588459,125.365015764024,7.6694876610816e-81,1.89535061406531e-80
"s__Faecalicatena_fissicatena","fixed",NA,"st131_detectyes",0.153349565986746,0.156743657235574,0.97834622906797,186.333774067539,0.329171605048975,0.487314546976419
"s__Faecalimonas_umbilicata","fixed",NA,"(Intercept)",-4.86331021515502,0.0834218299443485,-58.2978126756436,124.071836141142,5.14148500632802e-92,1.43869356230883e-91
"s__Faecalimonas_umbilicata","fixed",NA,"st131_detectyes",-0.0854628826575212,0.108827198012515,-0.785308123505052,171.727428460759,0.433355040489146,0.593012160669358
"s__Faecalitalea_cylindroides","fixed",NA,"(Intercept)",-4.53401118383828,0.0202953283258143,-223.401716446801,123.7701241979,3.49660526783374e-163,1.21215649284903e-161
"s__Faecalitalea_cylindroides","fixed",NA,"st131_detectyes",0.021652051387444,0.0205247204364025,1.05492552040036,157.794546057161,0.293071942086887,0.448227676132885
"s__Firmicutes_bacterium_AF16_15","fixed",NA,"(Intercept)",-5.23749892543268,0.105240209389509,-49.767089554601,123.884337421868,9.40594465885201e-84,2.44046131689133e-83
"s__Firmicutes_bacterium_AF16_15","fixed",NA,"st131_detectyes",0.112969673995271,0.185912795059814,0.607648731002751,205.900379940454,0.544090067061583,0.694298981281038
"s__Flavonifractor_plautii","fixed",NA,"(Intercept)",-3.44477102095789,0.124921472363662,-27.5754916731187,127.335341972123,1.54271232198989e-55,3.21957354154413e-55
"s__Flavonifractor_plautii","fixed",NA,"st131_detectyes",-0.201946513291914,0.214762237986628,-0.940325986472944,203.797740934539,0.34816357599749,0.50938820966573
"s__Formosa_SGB1638","fixed",NA,"(Intercept)",-4.92634089617104,0.0269016216694614,-183.124309630873,123.042067551406,8.47761208680302e-152,1.92364725169639e-150
"s__Formosa_SGB1638","fixed",NA,"st131_detectyes",-0.0199818783660737,0.0371697956102406,-0.537583756865441,175.405810772859,0.591545812696731,0.736041051092243
"s__Fusicatenibacter_saccharivorans","fixed",NA,"(Intercept)",-3.84939067761008,0.125007282477417,-30.7933314069561,124.579090827815,4.30705312565782e-60,9.23574278491573e-60
"s__Fusicatenibacter_saccharivorans","fixed",NA,"st131_detectyes",-0.115544264223945,0.231643310331872,-0.498802508297808,214.484710238277,0.618429690333287,0.755186158058652
"s__Fusobacterium_mortiferum","fixed",NA,"(Intercept)",-5.70482475765029,0.0750027785001629,-76.0615122763472,124.722002336423,2.30380789111593e-106,7.85560723528054e-106
"s__Fusobacterium_mortiferum","fixed",NA,"st131_detectyes",-0.154851534963625,0.122700299028413,-1.26203062412886,195.048480690449,0.208444767524828,0.345929614190139
"s__Fusobacterium_ulcerans","fixed",NA,"(Intercept)",-4.99889760943712,0.028613469068723,-174.704353304065,104.971833878365,3.25060120913145e-131,2.38632371117415e-130
"s__Fusobacterium_ulcerans","fixed",NA,"st131_detectyes",-0.0927293022100069,0.0671080411919028,-1.38179122148473,252.810272920753,0.16825562010595,0.288708759792067
"s__Fusobacterium_varium","fixed",NA,"(Intercept)",-5.22986033819172,0.0690243455875765,-75.7683436716715,122.450614007825,9.81767816483704e-105,3.27605945179589e-104
"s__Fusobacterium_varium","fixed",NA,"st131_detectyes",-0.0534496555576039,0.0737715578023627,-0.72452930573593,158.82900246865,0.469806790308943,0.627157013458112
"s__Gemella_sanguinis","fixed",NA,"(Intercept)",-6.46254051979542,0.047165558583035,-137.018212313083,128.462199292911,4.0894129383146e-141,5.10358734701662e-140
"s__Gemella_sanguinis","fixed",NA,"st131_detectyes",0.00134943509192481,0.114291499362743,0.0118069593928584,252.161939873125,0.990588964083753,0.996298713568609
"s__Gemmiger_formicilis","fixed",NA,"(Intercept)",-4.34893766549548,0.158343318951889,-27.4652425772183,122.437358713622,3.53788022778751e-54,7.35879087379803e-54
"s__Gemmiger_formicilis","fixed",NA,"st131_detectyes",0.032970481773342,0.193485096641074,0.170403211129507,165.854353324029,0.864900739108759,0.925279928638846
"s__Gemmiger_SGB15295","fixed",NA,"(Intercept)",-6.04998144485212,0.0703999572052256,-85.9372886721449,119.192598442725,4.45216870330872e-109,1.5875161547798e-108
"s__Gemmiger_SGB15295","fixed",NA,"st131_detectyes",0.0368896385881279,0.0788881965610424,0.467619240852886,158.003406106363,0.640701209448294,0.771809951150069
"s__Gemmiger_SGB15299","fixed",NA,"(Intercept)",-5.61921157747913,0.05282094320319,-106.382265001655,120.581318464526,4.61676483222874e-121,2.40071771275895e-120
"s__Gemmiger_SGB15299","fixed",NA,"st131_detectyes",-0.0959434771819064,0.0823554775875956,-1.16499205629472,185.811779147874,0.245515641677008,0.394849897954775
"s__GGB1093_SGB1404","fixed",NA,"(Intercept)",-4.37113536626776,0.031118434525391,-140.467714167985,122.162792406585,6.52180268380858e-137,6.45969027729612e-136
"s__GGB1093_SGB1404","fixed",NA,"st131_detectyes",-0.013142983495324,0.032113431546521,-0.409267489096717,157.078230054242,0.68290088664175,0.810133371225194
"s__GGB1146_SGB1472","fixed",NA,"(Intercept)",-4.36359282407531,0.0425574678817946,-102.534127175879,118.774625758253,8.88036446489159e-118,3.94401952035043e-117
"s__GGB1146_SGB1472","fixed",NA,"st131_detectyes",0.0151003985698128,0.0447635248512618,0.337337120344918,154.660271669745,0.736320156512423,0.846157969914829
"s__GGB1239_SGB1657","fixed",NA,"(Intercept)",-3.51633060663784,0.022686723999304,-154.99508023925,128.656128947035,3.94513344480137e-148,7.24048020457662e-147
"s__GGB1239_SGB1657","fixed",NA,"st131_detectyes",0.0254913717154538,0.0253580932725051,1.00525585427565,166.587931324346,0.31623158982805,0.470951102751082
"s__GGB1246_SGB1667","fixed",NA,"(Intercept)",-4.7715383638426,0.0528030260673811,-90.3648657892015,122.819667853746,3.37160494538602e-114,1.35297844753754e-113
"s__GGB1246_SGB1667","fixed",NA,"st131_detectyes",0.00874770039191488,0.0662478612648668,0.132045023415028,167.896130410356,0.895106787508835,0.941338217171838
"s__GGB1247_SGB1668","fixed",NA,"(Intercept)",-4.96117863934383,0.0641870589299908,-77.292506029214,118.313391961824,4.04354568523484e-103,1.32450000398244e-102
"s__GGB1247_SGB1668","fixed",NA,"st131_detectyes",0.022626636083848,0.0571697071821507,0.395780163990631,148.349884418932,0.692835818944757,0.815716134002883
"s__GGB1266_SGB1699","fixed",NA,"(Intercept)",-5.59851113786183,0.0920753448025338,-60.8035859096534,125.336648104739,6.96792541143526e-95,2.00830737031668e-94
"s__GGB1266_SGB1699","fixed",NA,"st131_detectyes",-0.0107096670822925,0.0950718509588495,-0.112648139005183,160.071609331486,0.910450663593649,0.950830483819978
"s__GGB13404_SGB14252","fixed",NA,"(Intercept)",-5.1695361861599,0.0559938625150196,-92.3232646216045,113.334194731846,1.69535800398714e-108,5.92662966099704e-108
"s__GGB13404_SGB14252","fixed",NA,"st131_detectyes",-0.0370443051309816,0.0901000082708916,-0.411146523090269,184.204052943933,0.68144302331152,0.809943707707407
"s__GGB13493_SGB15238","fixed",NA,"(Intercept)",-5.99989050315823,0.0465768220874781,-128.817086144039,106.808047263482,5.16001734088468e-119,2.42094046670078e-118
"s__GGB13493_SGB15238","fixed",NA,"st131_detectyes",-0.04781805440308,0.0953808038008164,-0.501338345847225,227.816944719097,0.616617112645962,0.753710241510441
"s__GGB14025_SGB14906","fixed",NA,"(Intercept)",-5.52863511298756,0.0852003480012965,-64.8898184418616,118.597369919416,1.67933782606114e-94,4.80691194248693e-94
"s__GGB14025_SGB14906","fixed",NA,"st131_detectyes",-0.285204215683111,0.122386999061219,-2.33034732341504,175.191671056995,0.0209271466161555,0.0412592084944109
"s__GGB1495_SGB2071","fixed",NA,"(Intercept)",-5.61547724905294,0.145629021793028,-38.5601522273069,121.667016676434,4.62307762346612e-70,1.03212895779709e-69
"s__GGB1495_SGB2071","fixed",NA,"st131_detectyes",-0.135421572583312,0.163085763841263,-0.830370287348458,160.28705907325,0.407564553508864,0.572793426552997
"s__GGB1627_SGB2230","fixed",NA,"(Intercept)",-4.81560257791372,0.0505485140553023,-95.2669463764105,121.678980880681,3.77722245865825e-116,1.59795716217135e-115
"s__GGB1627_SGB2230","fixed",NA,"st131_detectyes",0.0113539233419683,0.0376630067339591,0.301460885004991,147.464632637742,0.763487758404428,0.862557105585227
"s__GGB1663_SGB2279","fixed",NA,"(Intercept)",-4.89893146564557,0.047466745009185,-103.207655479591,122.149750754979,1.09622185658744e-120,5.60690523369313e-120
"s__GGB1663_SGB2279","fixed",NA,"st131_detectyes",-0.0105049461227984,0.039132052304415,-0.268448637476986,150.057397176272,0.788722703987562,0.875074725159398
"s__GGB2653_SGB3574","fixed",NA,"(Intercept)",-4.71769538473142,0.0982161438626084,-48.0338078771537,127.194502450538,2.15295621514779e-83,5.52857892284864e-83
"s__GGB2653_SGB3574","fixed",NA,"st131_detectyes",-0.071584121862745,0.163755779477788,-0.437139514043562,199.328212954564,0.662483389454839,0.794980067345807
"s__GGB2734_SGB3677","fixed",NA,"(Intercept)",-5.97767720533047,0.0882405041491333,-67.7430083040746,121.072066131049,4.10336682110504e-98,1.25207867793132e-97
"s__GGB2734_SGB3677","fixed",NA,"st131_detectyes",-0.0283249969995007,0.0997061555000519,-0.284084737370964,160.184659843428,0.776712324949342,0.86936052155765
"s__GGB28262_SGB40814","fixed",NA,"(Intercept)",-6.74482725086157,0.0231974780194663,-290.756919575551,121.727132760087,7.35008918223432e-175,4.16950513610383e-173
"s__GGB28262_SGB40814","fixed",NA,"st131_detectyes",-0.0287388735243858,0.0429616204706176,-0.668942959077648,212.884089487337,0.504256625817351,0.659215260803847
"s__GGB2848_SGB3813","fixed",NA,"(Intercept)",-5.63208630676863,0.0530187358866021,-106.228226919908,124.917640321322,2.4889756720393e-124,1.43807483273382e-123
"s__GGB2848_SGB3813","fixed",NA,"st131_detectyes",0.0798732241809937,0.10798709613454,0.739655264750158,232.600381122178,0.460255038740821,0.619631379016768
"s__GGB2958_SGB3940","fixed",NA,"(Intercept)",-5.42451814559605,0.03674358500162,-147.631706197337,121.71767810535,3.95421060321136e-139,4.32882002877876e-138
"s__GGB2958_SGB3940","fixed",NA,"st131_detectyes",-0.0619648996793718,0.071840071250259,-0.862539507561366,223.348221472506,0.389315888371352,0.55591101680486
"s__GGB2980_SGB3962","fixed",NA,"(Intercept)",-5.95216807568656,0.074307535313559,-80.1018100058078,127.118274295909,1.16296455560933e-110,4.35849779399534e-110
"s__GGB2980_SGB3962","fixed",NA,"st131_detectyes",-0.100296910434533,0.123124836244675,-0.814595279828207,198.427254348483,0.416280577354386,0.580467218478518
"s__GGB2982_SGB3964","fixed",NA,"(Intercept)",-5.79788054163825,0.0570151851366997,-101.690111638456,124.065708008001,2.37808419183487e-121,1.24699540815543e-120
"s__GGB2982_SGB3964","fixed",NA,"st131_detectyes",0.0642048407177401,0.0949325962733842,0.676320286583597,197.014819426842,0.499630512676674,0.655666540294941
"s__GGB2983_SGB3965","fixed",NA,"(Intercept)",-5.00529365715995,0.0290364541130618,-172.379645175351,124.881907187227,2.24276072259567e-150,4.91046558210421e-149
"s__GGB2983_SGB3965","fixed",NA,"st131_detectyes",-0.0218580022802863,0.043226227386051,-0.505665277820194,183.99118394439,0.613696902498128,0.751613085689562
"s__GGB2987_SGB3969","fixed",NA,"(Intercept)",-5.28158103796193,0.045034771160172,-117.277847802919,127.654682213384,7.44004257336199e-132,5.69642523408329e-131
"s__GGB2987_SGB3969","fixed",NA,"st131_detectyes",-0.132645964238073,0.0697254371193999,-1.9024041973509,190.386518547993,0.0586277585217056,0.110026229526449
"s__GGB2998_SGB3988","fixed",NA,"(Intercept)",-5.76778447349962,0.0711188738419491,-81.100615939415,125.66043952187,2.2050266260437e-110,8.16579593264848e-110
"s__GGB2998_SGB3988","fixed",NA,"st131_detectyes",0.115152317689249,0.113053247154884,1.01856709636556,192.030795982096,0.309690075026863,0.462312456499432
"s__GGB2998_SGB3989","fixed",NA,"(Intercept)",-5.12047225410377,0.0294874061655846,-173.649463277648,141.234105468146,1.54175376849697e-166,6.20680226801362e-165
"s__GGB2998_SGB3989","fixed",NA,"st131_detectyes",-0.0607954768232055,0.0642604208850939,-0.946079655032385,246.794618739283,0.345033322066177,0.506260908031536
"s__GGB3000_SGB3991","fixed",NA,"(Intercept)",-5.7875972747742,0.0470343300688726,-123.050488149813,129.880491387251,2.50194947076309e-136,2.36547949963056e-135
"s__GGB3000_SGB3991","fixed",NA,"st131_detectyes",0.0126408653484673,0.0735123201701381,0.171955739108915,193.093354889216,0.863652409645933,0.925279928638846
"s__GGB3002_SGB3993","fixed",NA,"(Intercept)",-6.10516671383162,0.0508319106212089,-120.105001744403,125.172242168121,3.89845653943718e-131,2.82864753559163e-130
"s__GGB3002_SGB3993","fixed",NA,"st131_detectyes",0.00347287628845474,0.0777008687938818,0.0446954627710443,187.068011906623,0.964397724565714,0.984680249813393
"s__GGB3005_SGB3996","fixed",NA,"(Intercept)",-4.90033816056116,0.0517575599115266,-94.6786936814199,125.219077292818,2.22688409638813e-118,1.02174682069573e-117
"s__GGB3005_SGB3996","fixed",NA,"st131_detectyes",0.0376712567218903,0.088728419419436,0.424568103076548,202.030616368976,0.6716033337716,0.802836169106281
"s__GGB3033_SGB4029","fixed",NA,"(Intercept)",-4.79102513473355,0.02478927403153,-193.270086434953,140.231596276173,4.4641198044487e-172,2.32134229831333e-170
"s__GGB3033_SGB4029","fixed",NA,"st131_detectyes",0.0411848308584453,0.0507735518546304,0.811147326788591,237.600933148009,0.418092856721724,0.582343621862401
"s__GGB3061_SGB4063","fixed",NA,"(Intercept)",-5.62398440792556,0.0203570395136775,-276.267303216998,113.702488395687,1.33200532056845e-162,4.4928179461336e-161
"s__GGB3061_SGB4063","fixed",NA,"st131_detectyes",-0.0279483977474684,0.0373190582026494,-0.748904154968312,206.364881390116,0.454767730201833,0.614897212667267
"s__GGB3109_SGB4119","fixed",NA,"(Intercept)",-5.06986605465063,0.0601240233217871,-84.3234663042497,120.425056841871,5.99600142258464e-109,2.12585504982546e-108
"s__GGB3109_SGB4119","fixed",NA,"st131_detectyes",-0.0603114440124905,0.0934814881253647,-0.645169917830245,185.351439855511,0.519614870101398,0.67409496661803
"s__GGB3189_SGB4212","fixed",NA,"(Intercept)",-4.83252553483924,0.0297222423983276,-162.589533793425,144.691570056744,1.05472341554932e-165,3.98877218971378e-164
"s__GGB3189_SGB4212","fixed",NA,"st131_detectyes",-0.0465700159987592,0.0451194864136742,-1.03214862801819,200.409618485037,0.303246455873886,0.456567211689806
"s__GGB32387_SGB47381","fixed",NA,"(Intercept)",-4.86680747633806,0.0267842973678687,-181.703757597033,128.326963402436,1.2005340475587e-156,3.18780104543246e-155
"s__GGB32387_SGB47381","fixed",NA,"st131_detectyes",0.00844379482410807,0.05053258947856,0.167096024787936,219.515779688156,0.867448317613441,0.926512427595023
"s__GGB3256_SGB4303","fixed",NA,"(Intercept)",-5.45306425366117,0.12759983741531,-42.7356677259128,120.358684249374,1.34397048383065e-74,3.10032377785703e-74
"s__GGB3256_SGB4303","fixed",NA,"st131_detectyes",0.156089633894931,0.144054262878758,1.08354748256428,159.474947231906,0.280200979843173,0.436023469880648
"s__GGB3277_SGB4327","fixed",NA,"(Intercept)",-4.6155028207476,0.0866378058851925,-53.2735423478268,124.027515818589,2.53186130461558e-87,6.73723434575744e-87
"s__GGB3277_SGB4327","fixed",NA,"st131_detectyes",-0.0818958415602752,0.0851853377911816,-0.961384243859312,156.996766200788,0.337837347294222,0.49778159317968
"s__GGB3278_SGB4328","fixed",NA,"(Intercept)",-5.49869186205826,0.071847779200594,-76.5325236665463,117.354519662689,5.24447323670119e-102,1.70445380192789e-101
"s__GGB3278_SGB4328","fixed",NA,"st131_detectyes",0.0297376139042235,0.139692274480788,0.212879445300415,220.313501609368,0.831617840157473,0.906427130582119
"s__GGB3304_SGB4367","fixed",NA,"(Intercept)",-4.9989818058756,0.0950956078220437,-52.5679568212068,123.944183857677,1.3526492265369e-86,3.58408967031434e-86
"s__GGB3304_SGB4367","fixed",NA,"st131_detectyes",-0.11727437387287,0.130362512819156,-0.899601974039555,175.504796939644,0.369564759765403,0.532558122294294
"s__GGB3321_SGB4394","fixed",NA,"(Intercept)",-5.06864930140673,0.0508821654519255,-99.6154400345971,125.706099246055,1.81789668122829e-121,9.57272176444262e-121
"s__GGB3321_SGB4394","fixed",NA,"st131_detectyes",-0.00277664940892816,0.0958476298524503,-0.0289694112749849,218.01008671599,0.976915488369048,0.99040660396797
"s__GGB3341_SGB4420","fixed",NA,"(Intercept)",-5.33208537660638,0.0610784199579888,-87.2990064293398,123.094189660829,1.41959767338087e-112,5.45125506578256e-112
"s__GGB3341_SGB4420","fixed",NA,"st131_detectyes",0.0220597440413192,0.0546148668879389,0.403914635305847,153.077360175653,0.686839207035572,0.810951116726957
"s__GGB33469_SGB15236","fixed",NA,"(Intercept)",-4.95506910884765,0.0505519944210732,-98.0192604781201,119.869842797636,2.69596597108722e-116,1.14441004486968e-115
"s__GGB33469_SGB15236","fixed",NA,"st131_detectyes",-0.0797356375087482,0.0673460705530299,-1.18396866890641,169.634120507731,0.238081838649544,0.38487841273916
"s__GGB33469_SGB15237","fixed",NA,"(Intercept)",-5.77148331916172,0.0276577755841269,-208.674891500459,148.855108298046,1.42481210563072e-185,2.22270688478393e-183
"s__GGB33469_SGB15237","fixed",NA,"st131_detectyes",-0.0252398890973936,0.0563965839609246,-0.447542870945543,238.87318524401,0.654888716891084,0.786622828373506
"s__GGB3351_SGB4434","fixed",NA,"(Intercept)",-5.72166076421421,0.0297066563363692,-192.605344049081,105.691656802205,2.06980791756599e-136,1.98701560086335e-135
"s__GGB3351_SGB4434","fixed",NA,"st131_detectyes",-0.0707914746747435,0.0634314835581001,-1.11603056879321,237.650299853012,0.265536217101354,0.418420705735467
"s__GGB33512_SGB15201","fixed",NA,"(Intercept)",-6.21779889995198,0.0705003626831179,-88.1952753619083,126.333912537389,2.41371549565794e-115,1.00076974703691e-114
"s__GGB33512_SGB15201","fixed",NA,"st131_detectyes",-0.0272061792785579,0.119037502636776,-0.228551327740579,200.528605735551,0.819450560839775,0.896296494240175
"s__GGB33586_SGB53517","fixed",NA,"(Intercept)",-5.2131906549034,0.0424392169775138,-122.838992474003,141.075317840676,2.55170162964011e-145,3.70293445789635e-144
"s__GGB33586_SGB53517","fixed",NA,"st131_detectyes",0.0293218532607402,0.0894290704229096,0.327878318784678,242.116691737483,0.743287018053403,0.853378287516695
"s__GGB3363_SGB4447","fixed",NA,"(Intercept)",-5.58381402266975,0.0451145649143454,-123.769652511804,115.874787111499,6.05233847254186e-125,3.59681829225345e-124
"s__GGB3363_SGB4447","fixed",NA,"st131_detectyes",-0.112337285592721,0.0804760215188637,-1.39591002975202,202.572107851363,0.164269588660397,0.283552484990561
"s__GGB3363_SGB4448","fixed",NA,"(Intercept)",-5.44788147728796,0.0612763116116753,-88.9068113598722,123.834935434881,4.75614826816445e-114,1.90245930726578e-113
"s__GGB3363_SGB4448","fixed",NA,"st131_detectyes",-0.166064290658114,0.0730442974250042,-2.27347372091045,165.632632158499,0.024282034946477,0.0473499681456302
"s__GGB33928_SGB15225","fixed",NA,"(Intercept)",-5.00780222329582,0.0438429314177867,-114.221427750248,137.42701672071,4.42570638251293e-138,4.60273463781345e-137
"s__GGB33928_SGB15225","fixed",NA,"st131_detectyes",-0.0330036414446346,0.0843348744646047,-0.391340375546372,226.603452328032,0.695913384757691,0.817027191136028
"s__GGB34228_SGB72916","fixed",NA,"(Intercept)",-5.75846864158006,0.0416919158014689,-138.119549818749,124.631884405562,3.35340166518463e-138,3.51684477155497e-137
"s__GGB34228_SGB72916","fixed",NA,"st131_detectyes",-0.0922717255988253,0.0678933308625455,-1.35906906358204,194.372927174,0.175699535770878,0.298362701929927
"s__GGB3444_SGB4594","fixed",NA,"(Intercept)",-6.50671818782302,0.096865542231113,-67.1726812027598,126.17156525265,1.26454989209419e-100,4.0362103972725e-100
"s__GGB3444_SGB4594","fixed",NA,"st131_detectyes",-0.0141315931427882,0.150868799927237,-0.0936680953888663,189.962667033971,0.925471534436226,0.959292753302666
"s__GGB3446_SGB4597","fixed",NA,"(Intercept)",-5.57956802207136,0.0430624972783585,-129.569076916387,119.58580773068,1.92622421987526e-130,1.33551545911352e-129
"s__GGB3446_SGB4597","fixed",NA,"st131_detectyes",-0.0177402773702533,0.0357658308788489,-0.496011889961278,147.746735404278,0.62062308062404,0.757123758180647
"s__GGB3463_SGB4621","fixed",NA,"(Intercept)",-5.95627946832026,0.0687142229837315,-86.6819009178121,123.965734999319,8.50219234711758e-113,3.28505760037237e-112
"s__GGB3463_SGB4621","fixed",NA,"st131_detectyes",-0.151298973822696,0.113622642286675,-1.33159175651771,195.977009558586,0.184541101910603,0.311226074573558
"s__GGB34797_SGB14321","fixed",NA,"(Intercept)",-5.74586923540713,0.0432575924915713,-132.829149854484,104.759208271567,1.37953844944776e-118,6.35300363435721e-118
"s__GGB34797_SGB14321","fixed",NA,"st131_detectyes",-0.144754846828062,0.0880759840899172,-1.64352233271991,225.597873707854,0.101667814562981,0.185228368722045
"s__GGB34900_SGB14891","fixed",NA,"(Intercept)",-5.77683488982568,0.0338271208261184,-170.775246274146,120.278843986487,2.19895743306165e-145,3.22858691348345e-144
"s__GGB34900_SGB14891","fixed",NA,"st131_detectyes",0.0743173080895353,0.0710039702845021,1.04666412021408,237.335690017838,0.296319288017038,0.450643032411038
"s__GGB35068_SGB47850","fixed",NA,"(Intercept)",-6.11865912495351,0.0527854410203242,-115.915657929193,128.015671708592,1.67767810656178e-131,1.26129052830669e-130
"s__GGB35068_SGB47850","fixed",NA,"st131_detectyes",-0.171242356193047,0.100709948855079,-1.70035193285088,221.378954309384,0.0904690890728916,0.166037387004366
"s__GGB3510_SGB4687","fixed",NA,"(Intercept)",-5.36204414409252,0.0521532346579514,-102.813261329995,130.081055251857,1.91097222606589e-126,1.18651409857225e-125
"s__GGB3510_SGB4687","fixed",NA,"st131_detectyes",0.0252381873959208,0.108882417989153,0.231793046683028,238.519070927981,0.81689749599562,0.895072936788879
"s__GGB3534_SGB4722","fixed",NA,"(Intercept)",-6.24011469373968,0.0426679611784525,-146.248250945043,123.471899124955,3.15689400905049e-140,3.75219402218572e-139
"s__GGB3534_SGB4722","fixed",NA,"st131_detectyes",-0.120372326690514,0.0949476229109361,-1.26777609591582,248.062324392282,0.206066608078777,0.342894835843085
"s__GGB3538_SGB4728","fixed",NA,"(Intercept)",-5.37247686447266,0.02700871296484,-198.916433799217,95.0965688208666,2.11498800634922e-126,1.30024878419893e-125
"s__GGB3538_SGB4728","fixed",NA,"st131_detectyes",-0.0549623755281914,0.0666692119582914,-0.824404157687902,248.143019296631,0.410501678604253,0.573692855507741
"s__GGB3570_SGB4777","fixed",NA,"(Intercept)",-5.33460365657911,0.0258840735082606,-206.095986200805,147.781038476408,1.10749039229528e-183,1.15179000798709e-181
"s__GGB3570_SGB4777","fixed",NA,"st131_detectyes",0.0114183202038955,0.058016964331888,0.196810025057095,250.299816586061,0.844135917144633,0.91527508653041
"s__GGB3588_SGB4808","fixed",NA,"(Intercept)",-5.41859157952806,0.0312912892665068,-173.166133660333,121.482018964989,2.72498527949297e-147,4.47471266948319e-146
"s__GGB3588_SGB4808","fixed",NA,"st131_detectyes",-0.0402352378299411,0.0442869710217865,-0.908511846749415,176.229387842224,0.364848599468999,0.528590828458968
"s__GGB3614_SGB4886","fixed",NA,"(Intercept)",-4.86168695237239,0.0407322719293598,-119.357126968115,126.558147871488,6.27561482958426e-132,4.89497956707572e-131
"s__GGB3614_SGB4886","fixed",NA,"st131_detectyes",-0.0139661469522392,0.0549595426258261,-0.254116870064279,176.429107842726,0.799701189279396,0.883209809044855
"s__GGB3619_SGB4894","fixed",NA,"(Intercept)",-5.38132371825144,0.0553802600479111,-97.1704306479581,119.284324799641,2.04406913927505e-115,8.50332761938421e-115
"s__GGB3619_SGB4894","fixed",NA,"st131_detectyes",-0.139513155481674,0.102453349314602,-1.36172371537872,211.355796870591,0.174734805784633,0.297502097706988
"s__GGB3626_SGB4905","fixed",NA,"(Intercept)",-5.53551693205032,0.0309861586165394,-178.644826567681,141.425432574892,1.87061624149033e-168,8.05010023924113e-167
"s__GGB3626_SGB4905","fixed",NA,"st131_detectyes",-0.0678629169500976,0.0539532978732383,-1.25780850522872,213.725431570298,0.209833544086958,0.34777192964213
"s__GGB36267_SGB14177","fixed",NA,"(Intercept)",-5.27291808834357,0.0300173435980588,-175.662382353,115.871690263577,1.8157561541869e-142,2.28895321255075e-141
"s__GGB36267_SGB14177","fixed",NA,"st131_detectyes",-0.0519300747332563,0.0492300157050774,-1.05484578847901,188.905362137269,0.292843109323966,0.448227676132885
"s__GGB3653_SGB4964","fixed",NA,"(Intercept)",-4.53985176986842,0.0544557166752397,-83.3677719630974,129.355742714421,2.65962383283765e-114,1.07417816937909e-113
"s__GGB3653_SGB4964","fixed",NA,"st131_detectyes",-0.149413338927219,0.0974901939828664,-1.53259864221296,211.216927148579,0.126871203192744,0.225548805675989
"s__GGB36599_SGB9269","fixed",NA,"(Intercept)",-4.75069574369358,0.0349658108381245,-135.866883387521,154.380018866277,1.43477449247112e-162,4.71210149106306e-161
"s__GGB36599_SGB9269","fixed",NA,"st131_detectyes",0.0110658352222274,0.0570979365119752,0.193804468221133,213.40375404096,0.846513335252169,0.916260747957248
"s__GGB3730_SGB5060","fixed",NA,"(Intercept)",-5.30861621126064,0.0444921524956274,-119.315787470214,121.881887111574,4.38044338792983e-128,2.83253541354219e-127
"s__GGB3730_SGB5060","fixed",NA,"st131_detectyes",0.00801802404322918,0.0544670009435318,0.147208840294728,165.466808865643,0.883146397343814,0.937216584936292
"s__GGB3746_SGB5089","fixed",NA,"(Intercept)",-4.33552639256768,0.121982438202445,-35.5422178508378,123.910873865584,7.62382183230688e-67,1.68398754809185e-66
"s__GGB3746_SGB5089","fixed",NA,"st131_detectyes",0.129768164283437,0.215684070556333,0.601658545986797,206.064450182197,0.548062804356919,0.697229744992289
"s__GGB3815_SGB5180","fixed",NA,"(Intercept)",-5.29571758759021,0.0415150919323346,-127.56126365375,141.02316284271,1.44164899191522e-147,2.43132154312189e-146
"s__GGB3815_SGB5180","fixed",NA,"st131_detectyes",-0.118315037138272,0.0801418254434165,-1.47632071622586,228.483736223107,0.141234669182083,0.247905579661378
"s__GGB3817_SGB5182","fixed",NA,"(Intercept)",-5.25608194520575,0.0487928603859654,-107.722357402879,121.097203856945,4.1020568717851e-122,2.18776366495205e-121
"s__GGB3817_SGB5182","fixed",NA,"st131_detectyes",0.00255401547341479,0.0703290542307614,0.0363152256396714,177.643293991134,0.971071785009678,0.987376426275901
"s__GGB3818_SGB5183","fixed",NA,"(Intercept)",-4.57981458564736,0.0289707480780716,-158.084098253365,152.395909352487,7.02088448258513e-171,3.5048255337065e-169
"s__GGB3818_SGB5183","fixed",NA,"st131_detectyes",0.094133468764198,0.0629885941634032,1.49445260708629,247.552724446403,0.136330930189205,0.240992919087999
"s__GGB3819_SGB5184","fixed",NA,"(Intercept)",-4.76814112868439,0.028169602976722,-169.265471459592,123.726985499843,2.83849722838295e-148,5.28723065824167e-147
"s__GGB3819_SGB5184","fixed",NA,"st131_detectyes",-0.0211046918559075,0.0383891183680657,-0.549757138300516,174.82853802406,0.583187566968775,0.726672675172517
"s__GGB3828_SGB5197","fixed",NA,"(Intercept)",-5.69376594709854,0.0576829982420342,-98.7078709606573,128.537725875202,4.77663840608764e-123,2.59184553512929e-122
"s__GGB3828_SGB5197","fixed",NA,"st131_detectyes",0.0409662532046683,0.101360008195211,0.404165843453471,207.832380818231,0.686506359750774,0.810951116726957
"s__GGB42389_SGB59559","fixed",NA,"(Intercept)",-6.27402673576125,0.0456452678780179,-137.451854867583,122.01809286266,1.21993631241812e-135,1.11947096904251e-134
"s__GGB42389_SGB59559","fixed",NA,"st131_detectyes",0.10909308049299,0.094515807186017,1.15423106188242,235.04453360031,0.249577668055793,0.400866061433242
"s__GGB4266_SGB5809","fixed",NA,"(Intercept)",-4.61769485619125,0.0522381296330737,-88.3970174396832,124.148627591987,5.82056037676175e-114,2.3133946975155e-113
"s__GGB4266_SGB5809","fixed",NA,"st131_detectyes",-0.0179949302029981,0.0458138613413249,-0.392783530489415,153.545960190011,0.695024124301484,0.817027191136028
"s__GGB4285_SGB5849","fixed",NA,"(Intercept)",-3.6170891540802,0.0337556877842554,-107.154953476235,119.631100854254,1.07116416295998e-120,5.50128755297964e-120
"s__GGB4285_SGB5849","fixed",NA,"st131_detectyes",-0.00656871689242674,0.0253134285917389,-0.259495345271816,145.586013933986,0.795619657662003,0.881041111590222
"s__GGB42994_SGB4746","fixed",NA,"(Intercept)",-5.16630141725802,0.0393326995417164,-131.34876266956,120.484454184093,6.34605922465646e-132,4.91918131203184e-131
"s__GGB42994_SGB4746","fixed",NA,"st131_detectyes",0.0133079525375821,0.0456479761046316,0.29153433893933,161.054126170591,0.771017836446907,0.865314981911637
"s__GGB4684_SGB6478","fixed",NA,"(Intercept)",-4.76216846352023,0.0497073265818611,-95.8041558657876,141.858636965398,8.11436619112613e-131,5.81995919915253e-130
"s__GGB4684_SGB6478","fixed",NA,"st131_detectyes",-0.0620130480519732,0.0830462071616818,-0.746729443419862,208.76820471572,0.456067007754029,0.615986607875571
"s__GGB4716_SGB14929","fixed",NA,"(Intercept)",-5.0179892764067,0.0401150088304185,-125.09007034299,121.097822314179,6.620883566138e-130,4.49068624485881e-129
"s__GGB4716_SGB14929","fixed",NA,"st131_detectyes",-0.0380747471489623,0.0514229302890241,-0.740423521860036,167.834744562695,0.46007760532734,0.619631379016768
"s__GGB47687_SGB2286","fixed",NA,"(Intercept)",-4.52482230363254,0.0608007745228346,-74.4204714354943,119.644538224158,4.76288253555238e-102,1.55197843456119e-101
"s__GGB47687_SGB2286","fixed",NA,"st131_detectyes",0.0203326008006595,0.0490289422127709,0.414706087527284,147.112473447024,0.678961188457159,0.80853393434593
"s__GGB4774_SGB6609","fixed",NA,"(Intercept)",-5.21124145327516,0.0341571921275408,-152.566447318524,154.521569293596,2.07801607705766e-170,9.97447716987677e-169
"s__GGB4774_SGB6609","fixed",NA,"st131_detectyes",0.00876413052802851,0.0718787844417475,0.121929309129194,244.017901287475,0.903055354380848,0.945554767782735
"s__GGB51441_SGB71759","fixed",NA,"(Intercept)",-5.73785923205781,0.0737541270851005,-77.797127548364,126.186760065681,1.71816724434195e-108,5.98958860597417e-108
"s__GGB51441_SGB71759","fixed",NA,"st131_detectyes",-0.0836187946211904,0.118348613971283,-0.706546463159086,193.582585533437,0.480697911676882,0.636172845994432
"s__GGB51510_SGB71883","fixed",NA,"(Intercept)",-5.90437403857459,0.0600938422029679,-98.2525633596945,136.465399540105,1.63311517231542e-128,1.07837446298923e-127
"s__GGB51510_SGB71883","fixed",NA,"st131_detectyes",0.180899171668525,0.125271111819498,1.4440613565335,239.597149512788,0.150028051230162,0.26120151404095
"s__GGB51647_SGB4348","fixed",NA,"(Intercept)",-5.17127115569727,0.129064411989204,-40.0673669526333,130.761037484536,2.69206575532572e-75,6.31522192226786e-75
"s__GGB51647_SGB4348","fixed",NA,"st131_detectyes",-0.457779409030536,0.208978300623113,-2.19055953496402,197.912653680441,0.0296518643505117,0.0572840970734343
"s__GGB51884_SGB49168","fixed",NA,"(Intercept)",-5.25408727944886,0.0555567859541795,-94.5714765390167,121.772016356767,7.79709350624047e-116,3.26535996502957e-115
"s__GGB51884_SGB49168","fixed",NA,"st131_detectyes",0.00566303314290915,0.0575082969667147,0.0984733237046971,156.833581643032,0.921682199445432,0.957123075297256
"s__GGB52106_SGB72838","fixed",NA,"(Intercept)",-5.49200843778526,0.0307753848861296,-178.454581741413,122.941832323349,2.52917852809019e-150,5.44209448802854e-149
"s__GGB52106_SGB72838","fixed",NA,"st131_detectyes",0.011847495057598,0.0497763240368973,0.238014664337525,192.253423686563,0.812123200324905,0.891900744916075
"s__GGB52130_SGB14966","fixed",NA,"(Intercept)",-6.00848216097239,0.0855626320659109,-70.2232039372505,119.399866970409,5.95381096409154e-99,1.8529566292235e-98
"s__GGB52130_SGB14966","fixed",NA,"st131_detectyes",-0.0416791079699035,0.13832660704465,-0.301309407209346,189.553775349425,0.763508844279053,0.862557105585227
"s__GGB55957_SGB77276","fixed",NA,"(Intercept)",-5.3029853355923,0.0498798219148814,-106.315241955789,123.725933388856,1.85382431180969e-123,1.02370475271615e-122
"s__GGB55957_SGB77276","fixed",NA,"st131_detectyes",0.0689221562182095,0.0928285048280894,0.742467589517332,214.824593357166,0.458615139096901,0.618758587668035
"s__GGB58158_SGB79798","fixed",NA,"(Intercept)",-6.37777326155583,0.051306022050063,-124.308473093715,125.28933639545,4.35181721053123e-133,3.57307097285722e-132
"s__GGB58158_SGB79798","fixed",NA,"st131_detectyes",0.0209388317970224,0.111759690478748,0.187355849925193,244.992146678409,0.851536706216438,0.918511503334584
"s__GGB58233_SGB79883","fixed",NA,"(Intercept)",-5.80455171687796,0.0599761838044356,-96.7809445129898,118.618264635352,1.0178222834087e-114,4.13759677424775e-114
"s__GGB58233_SGB79883","fixed",NA,"st131_detectyes",0.143703157644316,0.12222704190247,1.17570674547603,230.769311505911,0.240923598120655,0.388968499941238
"s__GGB58485_SGB80143","fixed",NA,"(Intercept)",-6.50445492759824,0.076638313091374,-84.8721046331374,132.233327838706,3.39607595876713e-117,1.48712378826013e-116
"s__GGB58485_SGB80143","fixed",NA,"st131_detectyes",-0.0530603771384232,0.127662744991623,-0.415629298444937,202.502722798546,0.67812137019608,0.80853393434593
"s__GGB6020_SGB14985","fixed",NA,"(Intercept)",-5.70089577299476,0.0414544418942144,-137.521952111733,137.590272700501,3.32718067898156e-149,6.80708440552294e-148
"s__GGB6020_SGB14985","fixed",NA,"st131_detectyes",0.0119188720063236,0.098144853083295,0.121441640920366,252.999969070586,0.903437633600066,0.945554767782735
"s__GGB6518_SGB9205","fixed",NA,"(Intercept)",-4.97863249907162,0.0446307963710533,-111.551504877485,113.527766620872,7.27349471732069e-118,3.25352021764022e-117
"s__GGB6518_SGB9205","fixed",NA,"st131_detectyes",-0.0650055110620669,0.0789579107573192,-0.823293200625132,199.532659508891,0.41132417883255,0.574197511390406
"s__GGB6547_SGB9247","fixed",NA,"(Intercept)",-4.30648617853662,0.0545580785825317,-78.9339780729643,119.957491023131,2.98726944373845e-105,1.01032852731317e-104
"s__GGB6547_SGB9247","fixed",NA,"st131_detectyes",0.00532698768497063,0.0312749213515051,0.170327772373895,142.036432593443,0.864994748890949,0.925279928638846
"s__GGB6565_SGB9274","fixed",NA,"(Intercept)",-5.86637034823331,0.0709240732113525,-82.7133874665041,120.357888525788,6.51820734262371e-108,2.24716098441834e-107
"s__GGB6565_SGB9274","fixed",NA,"st131_detectyes",-0.0143951521614751,0.060249961250015,-0.23892384099204,149.058142835513,0.811492820512563,0.891900744916075
"s__GGB6569_SGB9281","fixed",NA,"(Intercept)",-4.25597595704275,0.0473323351280031,-89.9168812511175,117.663490734875,2.6503814683954e-110,9.7571565562167e-110
"s__GGB6569_SGB9281","fixed",NA,"st131_detectyes",0.0349837366090306,0.027454108662891,1.27426233496034,139.890365205413,0.204683241452275,0.341047643968544
"s__GGB6612_SGB9346","fixed",NA,"(Intercept)",-5.05251061164443,0.0565546311190023,-89.3385830952188,124.864346994917,5.07294857714073e-115,2.09637080273895e-114
"s__GGB6612_SGB9346","fixed",NA,"st131_detectyes",-0.019015516353803,0.0810008189295586,-0.23475708770722,180.158604040819,0.814663875207623,0.893409943988676
"s__GGB77437_SGB9391","fixed",NA,"(Intercept)",-5.78203451219006,0.0404755607974693,-142.852486741866,124.457397650445,7.39976870995624e-140,8.5508438426161e-139
"s__GGB77437_SGB9391","fixed",NA,"st131_detectyes",0.0994641036778621,0.0740131874821832,1.34387001913417,212.06907750996,0.18042643070655,0.305940469458932
"s__GGB781_SGB1024","fixed",NA,"(Intercept)",-5.20699546872939,0.103792984666916,-50.1671233893046,122.404576700726,1.75352611013015e-83,4.51216615555141e-83
"s__GGB781_SGB1024","fixed",NA,"st131_detectyes",-0.00185915613704529,0.10644235634761,-0.0174663188681564,157.054597241853,0.986086771513262,0.994855530192846
"s__GGB79630_SGB13983","fixed",NA,"(Intercept)",-4.95341583829624,0.037656904699855,-131.54070622048,124.381834394569,2.312195962229e-135,2.09102939192884e-134
"s__GGB79630_SGB13983","fixed",NA,"st131_detectyes",0.0266849189649074,0.0724947364106681,0.3680945719113,221.457671499794,0.713154308343937,0.830239344042196
"s__GGB79734_SGB15291","fixed",NA,"(Intercept)",-5.21945726556527,0.0885339487446953,-58.9543032878447,120.448134587411,1.08595482778469e-90,2.98517979091475e-90
"s__GGB79734_SGB15291","fixed",NA,"st131_detectyes",-0.2962180294139,0.13781363649477,-2.14941015234833,185.510402971642,0.0328972976769498,0.0630657872516641
"s__GGB79916_SGB4587","fixed",NA,"(Intercept)",-5.16318286651325,0.0761779520774617,-67.7779163879734,124.858477107801,2.4122081511837e-100,7.64069993065295e-100
"s__GGB79916_SGB4587","fixed",NA,"st131_detectyes",-0.0866041593775051,0.156532480712398,-0.553266382691689,234.298219703123,0.580608551447194,0.725372183842917
"s__GGB79973_SGB14341","fixed",NA,"(Intercept)",-5.59533907878573,0.0430739356515486,-129.900808787241,127.095330544304,5.31937720098056e-137,5.31086619745899e-136
"s__GGB79973_SGB14341","fixed",NA,"st131_detectyes",0.0584448976115742,0.0566502399185222,1.03167961328378,174.933368907839,0.303646462902676,0.456567211689806
"s__GGB80011_SGB15265","fixed",NA,"(Intercept)",-4.49706969118486,0.102851818454452,-43.7237742488371,125.21215401447,1.06790249822674e-77,2.57286161734936e-77
"s__GGB80011_SGB15265","fixed",NA,"st131_detectyes",-0.0552772977522664,0.158982678566795,-0.34769383841424,188.362210961978,0.728458343215777,0.840218126001191
"s__GGB80011_SGB15267","fixed",NA,"(Intercept)",-4.02757611937369,0.025055983931997,-160.743083580541,126.988186511068,1.37677983392509e-148,2.64341728113618e-147
"s__GGB80011_SGB15267","fixed",NA,"st131_detectyes",-0.00688025948374909,0.0253609298695014,-0.271293659938833,160.828951153675,0.786513084033083,0.874059064001147
"s__GGB80140_SGB15224","fixed",NA,"(Intercept)",-4.79416468647649,0.0454417680427693,-105.501279834981,120.205795729955,2.42785256457425e-120,1.22670445367962e-119
"s__GGB80140_SGB15224","fixed",NA,"st131_detectyes",-0.0311270667628448,0.0555158271424494,-0.560688156243716,163.811917219249,0.57577621966251,0.720730914883463
"s__GGB8965_SGB13825","fixed",NA,"(Intercept)",-6.37537007526689,0.0531142525519665,-120.031249033003,135.924483725874,8.24203131329482e-140,9.43674777889169e-139
"s__GGB8965_SGB13825","fixed",NA,"st131_detectyes",0.0603698973170565,0.0901176065016125,0.669901250828009,207.202731840183,0.503666606111774,0.659215260803847
"s__GGB9059_SGB13976","fixed",NA,"(Intercept)",-5.42050156520755,0.065919453160773,-82.2291646137798,117.398434171357,1.25186845207411e-105,4.24546692442523e-105
"s__GGB9059_SGB13976","fixed",NA,"st131_detectyes",-0.0347992687501274,0.0937155013733079,-0.37132884357634,173.15087711934,0.710846578219354,0.828325424479695
"s__GGB9060_SGB13977","fixed",NA,"(Intercept)",-5.48678084109971,0.0524305482320755,-104.648549864734,125.654777680137,4.35955035378282e-124,2.49574258785365e-123
"s__GGB9060_SGB13977","fixed",NA,"st131_detectyes",-0.0119391782392133,0.0584877970854185,-0.204131098009671,163.771269170632,0.838504501268373,0.910751625398546
"s__GGB9061_SGB13979","fixed",NA,"(Intercept)",-5.96666732327502,0.0761115117459474,-78.3937565606521,119.998236348474,6.30826900954013e-105,2.11064871954587e-104
"s__GGB9061_SGB13979","fixed",NA,"st131_detectyes",-0.0135065015791747,0.0525622173451268,-0.256962172856792,144.506355137336,0.797573481286986,0.881640128118829
"s__GGB9062_SGB13981","fixed",NA,"(Intercept)",-4.35383264492135,0.0358230626602717,-121.537141762862,122.784565639068,8.4092129186653e-130,5.64231060349156e-129
"s__GGB9062_SGB13981","fixed",NA,"st131_detectyes",-0.0425807769435981,0.0391547891872531,-1.08749856217998,160.156740537493,0.278450435538034,0.433840378965626
"s__GGB9063_SGB13982","fixed",NA,"(Intercept)",-4.83759488130966,0.0493654527155444,-97.9955538782364,119.469708038648,5.49715795834918e-116,2.31772065270938e-115
"s__GGB9063_SGB13982","fixed",NA,"st131_detectyes",-0.0369569987689325,0.0527697006812565,-0.700345052024512,156.028560115738,0.484754828178297,0.640862315218765
"s__GGB9082_SGB14007","fixed",NA,"(Intercept)",-6.35803332609581,0.0653595971678401,-97.2777312223743,123.083881515838,2.85724422193696e-118,1.30140174780194e-117
"s__GGB9082_SGB14007","fixed",NA,"st131_detectyes",-0.0323653316052654,0.0569083297393813,-0.568727491273886,152.332093075344,0.570378599651159,0.71757307698049
"s__GGB9186_SGB14125","fixed",NA,"(Intercept)",-4.92382781604909,0.0310453486220934,-158.601144280437,126.842008104137,1.02748219365409e-147,1.78096913566709e-146
"s__GGB9186_SGB14125","fixed",NA,"st131_detectyes",-0.00263339773486926,0.0502341558616482,-0.0524224541987328,195.108678833589,0.958245716249113,0.981847827486776
"s__GGB9189_SGB14128","fixed",NA,"(Intercept)",-5.58175134007556,0.043748695487309,-127.58669208079,141.483913331812,5.88081592597638e-148,1.0484654679455e-146
"s__GGB9189_SGB14128","fixed",NA,"st131_detectyes",0.078546930409174,0.0788277980696361,0.99643694651709,218.418605725918,0.320140503507409,0.475637319496722
"s__GGB9261_SGB14209","fixed",NA,"(Intercept)",-6.24749136524384,0.0764473074377888,-81.7228438075195,123.635144304416,1.8396468865032e-109,6.63548934784971e-109
"s__GGB9261_SGB14209","fixed",NA,"st131_detectyes",-0.0172351778041259,0.0936644608845003,-0.184009790280852,167.100167284874,0.854228883938435,0.919825407381507
"s__GGB9290_SGB14247","fixed",NA,"(Intercept)",-5.86268057412213,0.0329371639109423,-177.995913369288,161.80710416726,1.59329507453853e-187,3.31405375504013e-185
"s__GGB9290_SGB14247","fixed",NA,"st131_detectyes",0.0112628575745305,0.075721112464246,0.148741311478336,252.324015782946,0.881876566466726,0.937216584936292
"s__GGB9342_SGB14306","fixed",NA,"(Intercept)",-5.21108181471297,0.0771223876025059,-67.568989715039,109.769231321978,2.88732948015459e-91,7.98977204264507e-91
"s__GGB9342_SGB14306","fixed",NA,"st131_detectyes",-0.0782265752568275,0.119794011092441,-0.653009065674101,176.476919956828,0.514600235630052,0.668533207156939
"s__GGB9345_SGB14311","fixed",NA,"(Intercept)",-4.69659652912224,0.0323156782701817,-145.334920401652,131.379500601812,5.50478113025888e-147,8.92203487086115e-146
"s__GGB9345_SGB14311","fixed",NA,"st131_detectyes",-0.0535606554585048,0.0562259721652984,-0.952596342861661,208.013463573263,0.341900223533092,0.503173913878889
"s__GGB9359_SGB14334","fixed",NA,"(Intercept)",-6.09385582292895,0.0525274125648525,-116.01286881217,115.938680656359,9.13301621079841e-122,4.82966280977814e-121
"s__GGB9359_SGB14334","fixed",NA,"st131_detectyes",-0.0238337209199976,0.0825144931271059,-0.288842844653774,183.066472176907,0.773028456356285,0.8667920157526
"s__GGB9444_SGB14834","fixed",NA,"(Intercept)",-5.11465146221886,0.0221831739040291,-230.564457743799,156.93366128233,1.55882541501331e-200,4.86353529484154e-198
"s__GGB9444_SGB14834","fixed",NA,"st131_detectyes",-0.0329967891007901,0.0485515447371429,-0.679623877663092,248.5962182692,0.497374979596938,0.654128392518591
"s__GGB9453_SGB14844","fixed",NA,"(Intercept)",-5.52784541084229,0.0563951535465143,-98.019866304344,131.154949778421,1.46976270085742e-124,8.57132640500029e-124
"s__GGB9453_SGB14844","fixed",NA,"st131_detectyes",-0.212411451096368,0.112625149696286,-1.8860037182563,230.837766140665,0.0605499995405646,0.113463062202139
"s__GGB9453_SGB14845","fixed",NA,"(Intercept)",-5.68268660937315,0.0722003275327456,-78.7072137144506,125.83610298159,6.83210796303487e-109,2.41543080392847e-108
"s__GGB9453_SGB14845","fixed",NA,"st131_detectyes",-0.157186804999062,0.114808084512109,-1.36912662263329,192.197508375961,0.172557526925481,0.294598896857729
"s__GGB9469_SGB14863","fixed",NA,"(Intercept)",-5.28653578349881,0.0401894978107108,-131.540229947584,125.758358419828,1.52377400575455e-136,1.47416275905556e-135
"s__GGB9469_SGB14863","fixed",NA,"st131_detectyes",-0.0208534576593628,0.0511906908412111,-0.407368162388125,171.510656707014,0.684245596995269,0.810951116726957
"s__GGB9480_SGB14874","fixed",NA,"(Intercept)",-5.88279680167556,0.0953696909596922,-61.6841340522107,125.131964679473,1.57058802019417e-95,4.60115927042799e-95
"s__GGB9480_SGB14874","fixed",NA,"st131_detectyes",0.321522069228807,0.177737930020595,1.80896710787366,215.793487089891,0.0718478597742665,0.133431739580781
"s__GGB9501_SGB14898","fixed",NA,"(Intercept)",-5.94859373359191,0.0857869354084788,-69.3414877832782,128.015693553439,2.12821994878695e-103,7.00796436962037e-103
"s__GGB9501_SGB14898","fixed",NA,"st131_detectyes",-0.111728315615263,0.138543866556178,-0.806447216989996,195.689727956696,0.420964005938615,0.583895000480867
"s__GGB9512_SGB14909","fixed",NA,"(Intercept)",-5.71890665798176,0.0795237551554735,-71.9144442663826,121.789861070215,1.28649431747658e-101,4.15944276738542e-101
"s__GGB9512_SGB14909","fixed",NA,"st131_detectyes",0.112577660247188,0.0704502709523189,1.59797341763782,151.563363256993,0.112131624189333,0.203106338154264
"s__GGB9522_SGB14921","fixed",NA,"(Intercept)",-5.29565482221175,0.0304594958780331,-173.858912288528,114.065920522753,3.76255644175445e-140,4.42987777293354e-139
"s__GGB9522_SGB14921","fixed",NA,"st131_detectyes",-0.0659324334039323,0.0553423072322428,-1.19135678834726,204.852092774122,0.234892033928163,0.380708127717335
"s__GGB9523_SGB14922","fixed",NA,"(Intercept)",-5.31421284303461,0.0494236967186227,-107.523580708447,122.042208630495,9.41248165516611e-123,5.08518489421962e-122
"s__GGB9523_SGB14922","fixed",NA,"st131_detectyes",-0.0553331530334404,0.0522883349759888,-1.05823130644435,158.002929931554,0.291565163097524,0.447018824994729
"s__GGB9531_SGB14932","fixed",NA,"(Intercept)",-5.82809924126592,0.0485624744033544,-120.012402845423,128.586869151574,7.02321596159012e-134,5.96256702045202e-133
"s__GGB9531_SGB14932","fixed",NA,"st131_detectyes",-0.020601947293712,0.079761685962877,-0.258293779087125,198.250726581852,0.796448135417132,0.881176660461508
"s__GGB9534_SGB14937","fixed",NA,"(Intercept)",-5.45565728698742,0.0783904518011815,-69.5959413631699,122.701210532387,1.82086412911127e-100,5.79703681921139e-100
"s__GGB9534_SGB14937","fixed",NA,"st131_detectyes",-0.0736071085458135,0.130498501682583,-0.564045621955501,196.04096794719,0.573367788717192,0.719158794290508
"s__GGB9537_SGB14940","fixed",NA,"(Intercept)",-5.99398563356686,0.0400246597390145,-149.757316430704,128.735814690547,2.71673735467134e-146,4.18578792423436e-145
"s__GGB9537_SGB14940","fixed",NA,"st131_detectyes",-0.0121900197371861,0.0894704336715144,-0.136246346831636,249.025047171109,0.891736614364208,0.941338217171838
"s__GGB9561_SGB14972","fixed",NA,"(Intercept)",-6.1753507168675,0.0626841917298679,-98.5152802716135,117.13629822954,1.62881716193585e-114,6.59988252628553e-114
"s__GGB9561_SGB14972","fixed",NA,"st131_detectyes",-0.118173948731748,0.111192362076601,-1.06278836535856,202.384516249908,0.289144427371847,0.445122010096272
"s__GGB9581_SGB4365","fixed",NA,"(Intercept)",-5.58983122366297,0.0609005086383875,-91.7862814061873,126.904180172674,6.6954434998771e-118,3.00572427620382e-117
"s__GGB9581_SGB4365","fixed",NA,"st131_detectyes",-0.0223699282673279,0.0973364872004017,-0.229820583326286,193.603196022084,0.818473821049425,0.896013446201476
"s__GGB9602_SGB15028","fixed",NA,"(Intercept)",-5.17369907361884,0.0360578379364951,-143.483341478509,120.175371974267,3.07160073686673e-136,2.88222384933059e-135
"s__GGB9602_SGB15028","fixed",NA,"st131_detectyes",-0.0135764572536511,0.0720834415556129,-0.188343632887961,227.27533063326,0.850775344798365,0.918484109263287
"s__GGB9602_SGB15031","fixed",NA,"(Intercept)",-5.07271786919975,0.0574993518950702,-88.222174720454,119.714627952266,8.8432059694707e-111,3.32419308731911e-110
"s__GGB9602_SGB15031","fixed",NA,"st131_detectyes",-0.0342600796722442,0.0665025384779557,-0.515169502643884,160.150448848801,0.607144926428535,0.747255294065889
"s__GGB9603_SGB15035","fixed",NA,"(Intercept)",-5.00977326724017,0.032195627545549,-155.60415028881,97.504174587622,1.14787980288033e-118,5.32547953157862e-118
"s__GGB9603_SGB15035","fixed",NA,"st131_detectyes",-0.0561786457022537,0.0595429534068567,-0.943497802643166,197.534023538193,0.346578873151885,0.507664828278817
"s__GGB9608_SGB15041","fixed",NA,"(Intercept)",-5.2643436544265,0.0431554152438149,-121.98570271389,120.773010966809,2.5285143424963e-128,1.66083468391336e-127
"s__GGB9608_SGB15041","fixed",NA,"st131_detectyes",-0.060220817583236,0.0405720540606108,-1.48429304302099,152.376705583229,0.139796856410941,0.245727432113879
"s__GGB9614_SGB15049","fixed",NA,"(Intercept)",-4.83754357480622,0.10076756222607,-48.0069525146723,124.702081666908,2.85264596622425e-82,7.20668454625073e-82
"s__GGB9614_SGB15049","fixed",NA,"st131_detectyes",-0.0267968961819471,0.149270093935531,-0.179519523807097,183.335582906174,0.857728040402564,0.922797064157241
"s__GGB9616_SGB15051","fixed",NA,"(Intercept)",-5.3788968320649,0.0598631022822967,-89.8532923786611,124.265020842198,6.54953338935666e-115,2.67994021964496e-114
"s__GGB9616_SGB15051","fixed",NA,"st131_detectyes",-0.141862794908495,0.0751218459236314,-1.88843595580321,169.196838856894,0.0606788477159898,0.11353403590638
"s__GGB9616_SGB15052","fixed",NA,"(Intercept)",-5.39025122841317,0.0853581190812437,-63.1486645492123,121.821832805547,6.14266249212123e-95,1.77866422045645e-94
"s__GGB9616_SGB15052","fixed",NA,"st131_detectyes",0.067745421892609,0.122404289444138,0.553456273470923,177.753603079001,0.580646483701181,0.725372183842917
"s__GGB9618_SGB15065","fixed",NA,"(Intercept)",-5.77825343492733,0.0580430163739807,-99.5512258993759,120.998392152498,6.15831215907162e-118,2.78462810671065e-117
"s__GGB9618_SGB15065","fixed",NA,"st131_detectyes",-0.141736214720284,0.091781946597148,-1.54427117723268,187.881983660466,0.124205319757855,0.221440341511147
"s__GGB9619_SGB15066","fixed",NA,"(Intercept)",-5.06582150201875,0.0347431241438233,-145.807886505778,129.789040105552,9.47894182115255e-146,1.44264870643883e-144
"s__GGB9619_SGB15066","fixed",NA,"st131_detectyes",0.0624068034440923,0.0517309008651761,1.20637379980566,187.833939691219,0.229190631464918,0.373002984728335
"s__GGB9619_SGB15067","fixed",NA,"(Intercept)",-5.51944814402552,0.0937684289957684,-58.8625425757597,129.867597375019,1.61226445180118e-95,4.71219212142358e-95
"s__GGB9619_SGB15067","fixed",NA,"st131_detectyes",-0.389737174607927,0.171741039590888,-2.26933047299782,215.186617705706,0.0242394799293475,0.0473409561061436
"s__GGB9621_SGB15073","fixed",NA,"(Intercept)",-5.10921933836951,0.0590995674435665,-86.4510445571069,129.530261514408,2.00877042036339e-116,8.58542974182711e-116
"s__GGB9621_SGB15073","fixed",NA,"st131_detectyes",0.199264611888817,0.0873365017346826,2.2815730872088,186.885904467654,0.0236419575256955,0.0463189371931994
"s__GGB9627_SGB15081","fixed",NA,"(Intercept)",-5.49050392776077,0.086193082839423,-63.7000527987788,122.387017896836,1.06259819289682e-95,3.127647511168e-95
"s__GGB9627_SGB15081","fixed",NA,"st131_detectyes",0.0583218584323658,0.111160941853987,0.524661427473089,169.414993836568,0.600504423616775,0.741275490280649
"s__GGB9634_SGB15093","fixed",NA,"(Intercept)",-5.12041616933687,0.0438811721549242,-116.688226815342,109.854818172857,5.18316845893926e-117,2.25386558771993e-116
"s__GGB9634_SGB15093","fixed",NA,"st131_detectyes",-0.0678262037861375,0.0644504892175399,-1.05237686493276,169.849011180322,0.294121553289273,0.449282372711154
"s__GGB9634_SGB15095","fixed",NA,"(Intercept)",-4.94739669290242,0.0474431043774541,-104.280627455178,121.883167649728,5.02490672910657e-121,2.60210937673236e-120
"s__GGB9634_SGB15095","fixed",NA,"st131_detectyes",-0.047861226459465,0.0850551932489562,-0.562707868047227,207.171408165294,0.574242236827684,0.719532441326254
"s__GGB9635_SGB15103","fixed",NA,"(Intercept)",-4.19193073533223,0.0419370023553291,-99.957805753838,118.838592813372,1.57785250725162e-116,6.79020665189662e-116
"s__GGB9635_SGB15103","fixed",NA,"st131_detectyes",-0.0491002812507692,0.050210846007995,-0.977881974801839,161.314170219871,0.329596924136805,0.487366067917929
"s__GGB9635_SGB15106","fixed",NA,"(Intercept)",-5.02660160510946,0.0771187567573148,-65.1800134813855,120.571320414968,7.45925990905053e-96,2.20074618593264e-95
"s__GGB9635_SGB15106","fixed",NA,"st131_detectyes",-0.178702315033298,0.0952331708970004,-1.876471331891,164.829554722713,0.0623581826305403,0.116501514854662
"s__GGB9640_SGB15115","fixed",NA,"(Intercept)",-4.97467663120492,0.0218735301713472,-227.429070307151,140.20101443094,6.34027939914163e-182,5.65190620723483e-180
"s__GGB9640_SGB15115","fixed",NA,"st131_detectyes",-0.0504663977656255,0.0386692048931132,-1.3050797890756,215.130248598797,0.193259854271662,0.323742682055079
"s__GGB9642_SGB15119","fixed",NA,"(Intercept)",-4.68056400577031,0.0512016177060686,-91.4143774253358,118.933942236554,4.81260964575984e-112,1.83113927985008e-111
"s__GGB9642_SGB15119","fixed",NA,"st131_detectyes",-0.114923500353505,0.0577333347910788,-1.99059175724704,158.076296045281,0.0482495177512385,0.0916520519840877
"s__GGB9646_SGB15123","fixed",NA,"(Intercept)",-5.50070638617251,0.0300065502901555,-183.316853586371,131.440202176244,3.1507837154608e-160,9.14460017882575e-159
"s__GGB9646_SGB15123","fixed",NA,"st131_detectyes",0.00115292134430215,0.049315845413447,0.0233783145079732,200.244295235802,0.981371782567901,0.992533253032266
"s__GGB9691_SGB15198","fixed",NA,"(Intercept)",-4.70332510974294,0.0296820172009095,-158.457057615303,135.296177865768,1.64636255590481e-155,4.2805426453525e-154
"s__GGB9691_SGB15198","fixed",NA,"st131_detectyes",-0.0393110554851907,0.0498047233424566,-0.789303761711283,205.371313370717,0.430844777181139,0.591522862400507
"s__GGB9695_SGB15209","fixed",NA,"(Intercept)",-5.66140791218631,0.0436183317934587,-129.794232823809,129.636937772813,4.15404061248787e-139,4.5080371168564e-138
"s__GGB9695_SGB15209","fixed",NA,"st131_detectyes",0.00623957526044058,0.0786090756435243,0.079374744065631,212.43247208365,0.936809277586784,0.965369576868187
"s__GGB9699_SGB15216","fixed",NA,"(Intercept)",-5.12082567421463,0.132300597386994,-38.7059905650739,126.562717186684,5.26810929862911e-72,1.18461268552957e-71
"s__GGB9699_SGB15216","fixed",NA,"st131_detectyes",-0.409853153343801,0.210053446677615,-1.9511850903967,192.539260488072,0.0524859486631045,0.0989463201382998
"s__GGB9707_SGB15229","fixed",NA,"(Intercept)",-5.38036543029825,0.0814383765454456,-66.0667078413064,124.382665170084,1.00551507562888e-98,3.09847608490083e-98
"s__GGB9707_SGB15229","fixed",NA,"st131_detectyes",0.0530913221562538,0.0896251654626702,0.592370701712867,161.957575909469,0.554428500725442,0.701751286922263
"s__GGB9708_SGB15233","fixed",NA,"(Intercept)",-5.56358526404511,0.0519154044794628,-107.16636651162,126.8102250825,2.93783325913012e-126,1.79726269970313e-125
"s__GGB9708_SGB15233","fixed",NA,"st131_detectyes",-0.0840545311956408,0.0944532388255348,-0.889906288453469,212.471663465076,0.37452269727984,0.538299898077618
"s__GGB9708_SGB15234","fixed",NA,"(Intercept)",-5.2251844825124,0.0819669957885507,-63.7474197052646,121.579689871661,2.74795926059373e-95,7.99406330354539e-95
"s__GGB9708_SGB15234","fixed",NA,"st131_detectyes",-0.0798018056276124,0.101299928589321,-0.78777751118795,165.795386814848,0.431951667702086,0.592128425933037
"s__GGB9712_SGB15244","fixed",NA,"(Intercept)",-4.92572068811595,0.0551785865736716,-89.2686999428552,121.268078622487,1.79106164658711e-112,6.85657955503288e-112
"s__GGB9712_SGB15244","fixed",NA,"st131_detectyes",-0.00958714508113604,0.0684795573418779,-0.140000102998229,165.784713243188,0.888829851976948,0.941338217171838
"s__GGB9713_SGB15249","fixed",NA,"(Intercept)",-4.67477093578838,0.0800993499186323,-58.3621582514362,119.261345894086,1.48169017489687e-89,3.99384306322093e-89
"s__GGB9713_SGB15249","fixed",NA,"st131_detectyes",-0.0830138954385521,0.0735757836707116,-1.12827742087099,150.186050577494,0.261001921391828,0.413505204827367
"s__GGB9719_SGB15272","fixed",NA,"(Intercept)",-5.7276998190898,0.071245950461095,-80.3933385970828,130.507451342702,4.88302489410266e-113,1.90437970870004e-112
"s__GGB9719_SGB15272","fixed",NA,"st131_detectyes",-0.252957822220226,0.136935715011939,-1.84727426441065,223.749270070339,0.0660276115333128,0.122988745065036
"s__GGB9724_SGB15278","fixed",NA,"(Intercept)",-5.95477448373107,0.0401485841362176,-148.318417992712,126.798132745858,5.30171063917546e-144,7.27091744801205e-143
"s__GGB9724_SGB15278","fixed",NA,"st131_detectyes",0.000872385776784413,0.0748419835875495,0.0116563689919296,216.664565177976,0.990710499630323,0.996298713568609
"s__GGB9747_SGB15356","fixed",NA,"(Intercept)",-4.85434285339701,0.0625201975016167,-77.6443940899496,120.028015252651,1.86940068145095e-104,6.22136546786875e-104
"s__GGB9747_SGB15356","fixed",NA,"st131_detectyes",-0.0992727923292508,0.0930643605295734,-1.0667111638048,180.05879371584,0.287530457505237,0.443557491924024
"s__GGB9758_SGB15368","fixed",NA,"(Intercept)",-4.981085806864,0.0477204765131641,-104.380470833939,124.6460213976,3.49862736457664e-123,1.9066755244505e-122
"s__GGB9758_SGB15368","fixed",NA,"st131_detectyes",-0.144852826503142,0.0737984103604485,-1.96281770563413,187.984794933717,0.0511427416445363,0.0967062751096686
"s__GGB9759_SGB15370","fixed",NA,"(Intercept)",-6.03443005285963,0.0596803201091588,-101.112561759426,136.436547576146,3.60046985155368e-130,2.48253390869558e-129
"s__GGB9759_SGB15370","fixed",NA,"st131_detectyes",-0.116554949493395,0.115356015667028,-1.01039333596462,227.025572658288,0.313382534033143,0.467265713827195
"s__GGB9760_SGB15373","fixed",NA,"(Intercept)",-5.52235251938956,0.0460170824910069,-120.006576263691,130.142383866403,3.8604489477652e-135,3.44131449057926e-134
"s__GGB9760_SGB15373","fixed",NA,"st131_detectyes",0.0981228702143322,0.0927013030049827,1.05848426110103,232.095604636513,0.290935092965712,0.446601471120798
"s__GGB9760_SGB15374","fixed",NA,"(Intercept)",-6.08523881524155,0.0575158025073182,-105.801163331891,94.8276551784031,3.1390003360053e-100,9.91765169451803e-100
"s__GGB9760_SGB15374","fixed",NA,"st131_detectyes",-0.046528734454567,0.107490075358172,-0.432865399894145,198.122541104118,0.665583401520357,0.797932838710284
"s__GGB9767_SGB15385","fixed",NA,"(Intercept)",-4.67761023827762,0.0226057437443607,-206.921315714043,113.00311994455,1.31799897385163e-147,2.25323660187238e-146
"s__GGB9767_SGB15385","fixed",NA,"st131_detectyes",-0.0367693066258373,0.0335681770639096,-1.09536203160014,173.848990043561,0.274873215338533,0.429539205686031
"s__GGB9770_SGB15390","fixed",NA,"(Intercept)",-5.29977032282335,0.0571677911986777,-92.7055289648122,127.312925902676,9.90900572602775e-119,4.63162514834555e-118
"s__GGB9770_SGB15390","fixed",NA,"st131_detectyes",-0.0137859775850466,0.100650029267437,-0.136969434439169,207.4128724682,0.891187816782782,0.941338217171838
"s__GGB9774_SGB15394","fixed",NA,"(Intercept)",-5.32599312677221,0.0331338423377419,-160.741789994742,138.977430605965,9.49025017524091e-160,2.63196271526681e-158
"s__GGB9774_SGB15394","fixed",NA,"st131_detectyes",-0.0346985096561235,0.0597976846878388,-0.580265102859078,217.437010704238,0.562336697414123,0.710320038838892
"s__GGB9775_SGB15395","fixed",NA,"(Intercept)",-5.03393537631509,0.0366001469911249,-137.538665556063,124.126546819431,1.57056326422655e-137,1.60660897848749e-136
"s__GGB9775_SGB15395","fixed",NA,"st131_detectyes",-0.0415769502016284,0.0571257061388721,-0.727815076815947,188.67055024716,0.4676290518238,0.626383105187655
"s__GGB9818_SGB15459","fixed",NA,"(Intercept)",-5.86897221938238,0.0532220808212432,-110.273257430398,125.005786470107,2.09303664562108e-126,1.29312363056194e-125
"s__GGB9818_SGB15459","fixed",NA,"st131_detectyes",0.077460289761414,0.09893377129661,0.782950945326676,215.267857867744,0.434516399601623,0.593300291797402
"s__GGB9819_SGB15460","fixed",NA,"(Intercept)",-5.82916767401933,0.0552854547410508,-105.437636378724,118.049211767448,1.21938972586118e-118,5.63629028842502e-118
"s__GGB9819_SGB15460","fixed",NA,"st131_detectyes",-0.0873461959453103,0.0850536256000888,-1.02695441057388,182.183513092797,0.305803497465508,0.458599666731855
"s__Gordonibacter_pamelaeae","fixed",NA,"(Intercept)",-6.01266603832596,0.0366792426975464,-163.925577414611,111.533668570622,8.86150336290612e-135,7.84337318929563e-134
"s__Gordonibacter_pamelaeae","fixed",NA,"st131_detectyes",0.176620145075329,0.0774437274656457,2.28062556975552,236.477866673187,0.0234611759367827,0.0460370244797245
"s__Gordonibacter_urolithinfaciens","fixed",NA,"(Intercept)",-5.55270872997403,0.0305651404162911,-181.668026200673,107.733115113661,7.68700566881928e-136,7.11438171941252e-135
"s__Gordonibacter_urolithinfaciens","fixed",NA,"st131_detectyes",0.0291718593331352,0.055798083727259,0.522811132291338,201.735331749596,0.60167939824523,0.741991985187793
"s__Granulicatella_SGB8255","fixed",NA,"(Intercept)",-6.10055023024579,0.0515447457506589,-118.354453812934,147.745639052733,2.79422542066861e-148,5.28362624999156e-147
"s__Granulicatella_SGB8255","fixed",NA,"st131_detectyes",0.018997826059687,0.114070063739801,0.16654523927524,249.076484364848,0.867863003091812,0.926512427595023
"s__Haemophilus_parainfluenzae","fixed",NA,"(Intercept)",-4.73242386477489,0.109455040488145,-43.2362351123287,126.204692774993,1.60410614925769e-77,3.83510435684597e-77
"s__Haemophilus_parainfluenzae","fixed",NA,"st131_detectyes",-0.295029500153387,0.210932649507085,-1.39869053388758,222.436602127267,0.163298526162959,0.282266704503287
"s__Haemophilus_SGB5071","fixed",NA,"(Intercept)",-5.00736780093147,0.0521053265089444,-96.1008813575307,136.908594359875,1.56330184211122e-127,9.90355684748629e-127
"s__Haemophilus_SGB5071","fixed",NA,"st131_detectyes",0.0123094346412724,0.090661059257059,0.135774220400078,211.172707836351,0.892129109937639,0.941338217171838
"s__Harryflintia_acetispora","fixed",NA,"(Intercept)",-5.81152713207696,0.0343363501529937,-169.252908541017,121.084551590034,1.05470405598998e-145,1.58586826731987e-144
"s__Harryflintia_acetispora","fixed",NA,"st131_detectyes",0.0498340855474739,0.053266756747819,0.935556970051764,185.598350438412,0.350717016645401,0.512523228071968
"s__Holdemanella_biformis","fixed",NA,"(Intercept)",-4.47209111447483,0.0460696015468934,-97.0724938856432,124.543100198273,3.16812079590862e-119,1.50335161722204e-118
"s__Holdemanella_biformis","fixed",NA,"st131_detectyes",0.0200014949305388,0.0619493316032208,0.322868615575165,174.445494295638,0.747181410815632,0.856274013496702
"s__Holdemanella_porci","fixed",NA,"(Intercept)",-5.04835451914635,0.0930253230735538,-54.2686050674039,127.276121403895,7.30850983452975e-90,1.98715038638194e-89
"s__Holdemanella_porci","fixed",NA,"st131_detectyes",-0.243008116239416,0.123336114372543,-1.97029164957636,175.686482603607,0.0503763292076038,0.0954683584059778
"s__Holdemania_filiformis","fixed",NA,"(Intercept)",-5.29650220799047,0.0524213799677619,-101.037061810424,118.163906935196,1.44916802992196e-116,6.2579989665834e-116
"s__Holdemania_filiformis","fixed",NA,"st131_detectyes",0.0188327787772635,0.068247439659785,0.27594850255402,166.327641906603,0.782930176359508,0.873567611377722
"s__Holdemania_massiliensis","fixed",NA,"(Intercept)",-5.38823401745,0.10345594707352,-52.0823999960186,132.525765916652,3.99416837486557e-90,1.08836727769263e-89
"s__Holdemania_massiliensis","fixed",NA,"st131_detectyes",-0.0641268990857888,0.189327181840604,-0.338709415427616,216.387358296604,0.73515708604881,0.845600039989784
"s__Hungatella_effluvii","fixed",NA,"(Intercept)",-5.54522634036991,0.0497558104695101,-111.448819505573,121.693276075656,2.33881073055056e-124,1.35759804266377e-123
"s__Hungatella_effluvii","fixed",NA,"st131_detectyes",-0.0479448949566626,0.0997913193919823,-0.480451558800762,228.487233996925,0.631366016464579,0.765738375653834
"s__Hungatella_hathewayi","fixed",NA,"(Intercept)",-4.97134367359449,0.108742736655961,-45.7165584247046,130.132726413208,4.96034038727423e-82,1.25060703097338e-81
"s__Hungatella_hathewayi","fixed",NA,"st131_detectyes",-0.102006505474774,0.207792023396986,-0.490906743228979,222.565755197211,0.623976087378386,0.759728933705586
"s__Hydrogeniiclostidium_mannosilyticum","fixed",NA,"(Intercept)",-6.18766174305296,0.0513597901733832,-120.47677224078,136.70392610177,1.18619624761669e-140,1.45116471127979e-139
"s__Hydrogeniiclostidium_mannosilyticum","fixed",NA,"st131_detectyes",0.0886424472735925,0.105536919530453,0.839918842315783,237.301451597432,0.401799304782545,0.568532349624281
"s__Hydrogenoanaerobacterium_saccharovorans","fixed",NA,"(Intercept)",-5.01642965786565,0.121613949089285,-41.2488016007339,123.276070344446,5.42251841085946e-74,1.24170696821149e-73
"s__Hydrogenoanaerobacterium_saccharovorans","fixed",NA,"st131_detectyes",0.0411852593633283,0.17087770372271,0.241021844664774,177.080485152965,0.809817024215243,0.891900744916075
"s__Intestinibacillus_sp_Marseille_P6563","fixed",NA,"(Intercept)",-6.35390200034596,0.0435845043373341,-145.783509459422,119.974148100412,7.0041438691735e-137,6.88281224309333e-136
"s__Intestinibacillus_sp_Marseille_P6563","fixed",NA,"st131_detectyes",-0.122412993190413,0.0824353958740769,-1.48495669721055,215.976049310413,0.139013375897094,0.245040527005048
"s__Intestinibacter_bartlettii","fixed",NA,"(Intercept)",-5.46791088759703,0.0870986475453883,-62.7783673075707,127.120464537676,1.53264469204149e-97,4.62014631803813e-97
"s__Intestinibacter_bartlettii","fixed",NA,"st131_detectyes",-0.0754543215137189,0.208881964877794,-0.361229470231494,252.7477765274,0.718229677075818,0.833814546037787
"s__Intestinimonas_butyriciproducens","fixed",NA,"(Intercept)",-5.54112421819238,0.0831655311010233,-66.6276538468977,128.931721927783,9.32667531050396e-102,3.02329630844388e-101
"s__Intestinimonas_butyriciproducens","fixed",NA,"st131_detectyes",-0.247618257687907,0.152051317233542,-1.62851767543441,214.412007681495,0.10488357983126,0.190808611704684
"s__Intestinimonas_massiliensis","fixed",NA,"(Intercept)",-5.89601436570736,0.0653169055030776,-90.2678153579941,130.742916743642,1.19026986531262e-119,5.77998751716014e-119
"s__Intestinimonas_massiliensis","fixed",NA,"st131_detectyes",0.0705956862557675,0.110545119391267,0.638614229597046,203.693538849212,0.523791307222014,0.677400571412511
"s__Intestinimonas_timonensis","fixed",NA,"(Intercept)",-5.2637458301084,0.0349085303643603,-150.786806982926,129.990204317913,8.17314806640249e-148,1.43663222350286e-146
"s__Intestinimonas_timonensis","fixed",NA,"st131_detectyes",0.0247801194979913,0.0640258092965912,0.387033288141672,215.47973944695,0.699113533926089,0.818082439237041
"s__Klebsiella_pneumoniae","fixed",NA,"(Intercept)",-3.93381191860515,0.10845926007581,-36.2699498028618,132.223322826009,1.39887932805603e-70,3.12867634661993e-70
"s__Klebsiella_pneumoniae","fixed",NA,"st131_detectyes",0.356537917535833,0.216915181181733,1.64367434124918,231.434744701197,0.101601250629786,0.185228368722045
"s__Klebsiella_quasipneumoniae","fixed",NA,"(Intercept)",-4.90348607567008,0.0922128937454785,-53.1757097787696,134.215326887056,4.68037177458447e-92,1.31260763475987e-91
"s__Klebsiella_quasipneumoniae","fixed",NA,"st131_detectyes",0.375474532002346,0.183499739027631,2.04618564577799,231.182624435684,0.0418697266717665,0.0798981940158481
"s__Klebsiella_quasivariicola","fixed",NA,"(Intercept)",-5.29751272008302,0.0249262756367945,-212.527246239032,120.482817113697,5.44304196196534e-157,1.47672094968103e-155
"s__Klebsiella_quasivariicola","fixed",NA,"st131_detectyes",-0.00267417499370562,0.0608040404237409,-0.0439802186675326,251.394359990199,0.964955084552708,0.984680249813393
"s__Klebsiella_variicola","fixed",NA,"(Intercept)",-5.49455077701149,0.0516982129746798,-106.281251533831,110.181597468051,7.46295837667023e-113,2.89247579319393e-112
"s__Klebsiella_variicola","fixed",NA,"st131_detectyes",0.0016058592832182,0.135338791687236,0.011865476728426,229.017483380619,0.990543271181381,0.996298713568609
"s__Kluyvera_genomosp_3","fixed",NA,"(Intercept)",-5.63613943370475,0.0445224760246055,-126.590880313797,150.537413860061,8.45320789446798e-155,2.15298029638695e-153
"s__Kluyvera_genomosp_3","fixed",NA,"st131_detectyes",0.134489583866329,0.107462406222019,1.25150355919325,252.599711296304,0.211908554398019,0.350745193486376
"s__Lachnoclostridium_phocaeense","fixed",NA,"(Intercept)",-4.61665665242359,0.0271083004734507,-170.304171482275,136.474588754932,7.58766896658703e-161,2.25462163578586e-159
"s__Lachnoclostridium_phocaeense","fixed",NA,"st131_detectyes",-0.112553777285563,0.05240740081017,-2.14766951891499,227.070545388876,0.0327990864048518,0.0629742458973154
"s__Lachnoclostridium_sp_An131","fixed",NA,"(Intercept)",-6.27787874251899,0.0374829838131946,-167.486099127175,128.821670508389,1.34401360509329e-152,3.2888803512871e-151
"s__Lachnoclostridium_sp_An131","fixed",NA,"st131_detectyes",-0.128805034812853,0.0708663254728686,-1.81757744532932,220.113451241029,0.0704883631002998,0.13110205238327
"s__Lachnoclostridium_sp_An138","fixed",NA,"(Intercept)",-6.24380461575182,0.0444572413719629,-140.445165355885,126.834576060802,4.76231549847857e-141,5.88452449712995e-140
"s__Lachnoclostridium_sp_An138","fixed",NA,"st131_detectyes",0.111665286951612,0.0695781766604566,1.60488952587162,191.02084956401,0.110170100864887,0.199843438778167
"s__Lachnospira_eligens","fixed",NA,"(Intercept)",-4.45651649299327,0.154112204713413,-28.9173495459404,124.117198842476,5.4843266153487e-57,1.16007451117884e-56
"s__Lachnospira_eligens","fixed",NA,"st131_detectyes",0.17421484878677,0.231843744440267,0.751432173455319,184.495670219109,0.453350056366592,0.614311477030952
"s__Lachnospira_pectinoschiza","fixed",NA,"(Intercept)",-4.21799143854701,0.103546909469644,-40.7350780448313,127.681360118143,5.03733778570923e-75,1.16851255698236e-74
"s__Lachnospira_pectinoschiza","fixed",NA,"st131_detectyes",-0.412307698874184,0.178120624555273,-2.31476674811591,204.101406766079,0.0216200322728819,0.0424910240575695
"s__Lachnospira_sp_NSJ_43","fixed",NA,"(Intercept)",-5.75167421926199,0.0941181269678078,-61.1112269714983,120.8873104758,9.50034784013357e-93,2.68245115486124e-92
"s__Lachnospira_sp_NSJ_43","fixed",NA,"st131_detectyes",0.0314921779540653,0.110006541815654,0.286275501750059,161.818936085195,0.775033294378905,0.868259920453207
"s__Lachnospiraceae_bacterium","fixed",NA,"(Intercept)",-5.7263937779171,0.134733564683294,-42.5016126558933,126.664957612604,8.03030569460579e-77,1.91256135627252e-76
"s__Lachnospiraceae_bacterium","fixed",NA,"st131_detectyes",-0.340036003806452,0.220685609073539,-1.54081639139932,196.570626719126,0.124969715849939,0.22248531438049
"s__Lachnospiraceae_bacterium_AM48_27BH","fixed",NA,"(Intercept)",-5.83614193503612,0.0826739471363103,-70.5922740741247,133.068779478071,2.48597194850631e-107,8.52333239487877e-107
"s__Lachnospiraceae_bacterium_AM48_27BH","fixed",NA,"st131_detectyes",-0.108559857346037,0.164630140052233,-0.659416661563877,230.937209642606,0.510285271014395,0.665117536067849
"s__Lachnospiraceae_bacterium_BX3","fixed",NA,"(Intercept)",-6.02076418452642,0.0904296976314284,-66.5795014494656,130.084476601744,2.28466403897059e-102,7.46403330009238e-102
"s__Lachnospiraceae_bacterium_BX3","fixed",NA,"st131_detectyes",0.353069374257549,0.149202588127656,2.36637566873483,199.849811252768,0.0189194053371108,0.0373598383872061
"s__Lachnospiraceae_bacterium_Marseille_Q4251","fixed",NA,"(Intercept)",-5.35814794649101,0.101557307678772,-52.7598463267554,122.349563511108,5.11866561223473e-86,1.35054855899978e-85
"s__Lachnospiraceae_bacterium_Marseille_Q4251","fixed",NA,"st131_detectyes",-0.30545866377094,0.159223416894971,-1.91842801597726,187.856257732793,0.0565730015403135,0.106329978798662
"s__Lachnospiraceae_bacterium_NSJ_29","fixed",NA,"(Intercept)",-5.95081691165072,0.04334240306167,-137.297807488514,117.533426493366,1.31304878208466e-131,9.99198097586378e-131
"s__Lachnospiraceae_bacterium_NSJ_29","fixed",NA,"st131_detectyes",0.255989447849127,0.0890333660983457,2.87520801545751,232.119677661963,0.00441289868332251,0.00879759993096883
"s__Lachnospiraceae_bacterium_NSJ_46","fixed",NA,"(Intercept)",-5.94843631047007,0.0401718791624774,-148.074634159166,114.014523802598,3.4718090812666e-132,2.74228970469666e-131
"s__Lachnospiraceae_bacterium_NSJ_46","fixed",NA,"st131_detectyes",-0.0114414935524313,0.0870202084103419,-0.131480879688074,242.399416665837,0.895503972938966,0.941338217171838
"s__Lachnospiraceae_bacterium_OM04_12BH","fixed",NA,"(Intercept)",-5.52208640466584,0.0695879981904692,-79.3540056943634,126.002230818401,1.94671023739801e-109,6.9813056789446e-109
"s__Lachnospiraceae_bacterium_OM04_12BH","fixed",NA,"st131_detectyes",0.102991507164144,0.127664869932585,0.806733341901573,213.464665643887,0.420718030560045,0.583895000480867
"s__Lachnotalea_sp_AF33_28","fixed",NA,"(Intercept)",-6.03063371412447,0.045785347387934,-131.715364372527,129.463653699881,8.80889850952758e-140,9.99409576353674e-139
"s__Lachnotalea_sp_AF33_28","fixed",NA,"st131_detectyes",0.0788149287301707,0.0936579898565193,0.84151847430115,234.699036627106,0.400914142443868,0.568437803510552
"s__Lacrimispora_amygdalina","fixed",NA,"(Intercept)",-4.38616468170718,0.100748918865078,-43.5356004919626,124.470856043081,3.52382113106243e-77,8.40865921905528e-77
"s__Lacrimispora_amygdalina","fixed",NA,"st131_detectyes",0.0308958134964716,0.146562929224024,0.210802374516184,181.330259822433,0.833278190360001,0.90744431201508
"s__Lacrimispora_celerecrescens","fixed",NA,"(Intercept)",-5.23412157933639,0.10448046026943,-50.0966550667835,121.805187252147,3.90604400896261e-83,9.94845494527621e-83
"s__Lacrimispora_celerecrescens","fixed",NA,"st131_detectyes",-0.107494760606334,0.118908747172176,-0.9040105388604,161.235501525192,0.3673385181761,0.530600081809923
"s__Lacrimispora_saccharolytica","fixed",NA,"(Intercept)",-5.57211672912553,0.0687463268249805,-81.0533011212575,125.952982751316,1.52767564063281e-110,5.70820119613697e-110
"s__Lacrimispora_saccharolytica","fixed",NA,"st131_detectyes",0.0410776227870087,0.0874047265828147,0.469970268119176,171.556568718529,0.638973113663707,0.770471928359716
"s__Lacticaseibacillus_paracasei","fixed",NA,"(Intercept)",-5.1695646744933,0.0401302548691096,-128.819632253883,85.6885038813821,7.12667398102865e-100,2.24598210311206e-99
"s__Lacticaseibacillus_paracasei","fixed",NA,"st131_detectyes",-0.0810502443910183,0.0749410543165712,-1.08151993763846,190.846277763484,0.280830597876119,0.436459011394018
"s__Lactobacillus_gasseri","fixed",NA,"(Intercept)",-4.83241694992725,0.0513468628422409,-94.1131878840284,113.644047731748,1.16953419662367e-109,4.24296127147192e-109
"s__Lactobacillus_gasseri","fixed",NA,"st131_detectyes",0.0118065593168185,0.0905196309725362,0.130430926308136,198.975974810512,0.896357269207128,0.941338217171838
"s__Lactococcus_petauri","fixed",NA,"(Intercept)",-5.42101758209095,0.0267856193058518,-202.385374039369,147.018489469128,9.43635835351361e-182,7.85105015012332e-180
"s__Lactococcus_petauri","fixed",NA,"st131_detectyes",0.0766972997328696,0.066877469270042,1.14683316474157,249.434249076398,0.252549468650153,0.405117913721583
"s__Lactonifactor_sp_BIOML_A6","fixed",NA,"(Intercept)",-5.65815639133567,0.041099095247788,-137.671069331878,116.386847516619,1.00810520157044e-130,7.1483823384086e-130
"s__Lactonifactor_sp_BIOML_A6","fixed",NA,"st131_detectyes",-0.121673620564943,0.0895976942959426,-1.35799946104699,243.970442934965,0.175718418203923,0.298362701929927
"s__Lawsonibacter_asaccharolyticus","fixed",NA,"(Intercept)",-4.55212168184456,0.104190971038158,-43.6901742683386,124.947284046055,1.49497307303774e-77,3.58104874309232e-77
"s__Lawsonibacter_asaccharolyticus","fixed",NA,"st131_detectyes",-0.0666792805728215,0.136965785417812,-0.486831659230936,173.053133227232,0.626993660330837,0.761916346731144
"s__Leuconostoc_lactis","fixed",NA,"(Intercept)",-5.8746339022392,0.0265067437970924,-221.627897685554,143.405115956928,9.75890643329891e-184,1.10719229352337e-181
"s__Leuconostoc_lactis","fixed",NA,"st131_detectyes",0.0522605897619154,0.0660428587868636,0.79131325811581,249.533123241137,0.429512718514685,0.590343472143531
"s__Ligilactobacillus_ruminis","fixed",NA,"(Intercept)",-5.21686922045386,0.112492924037621,-46.3750877229324,125.631372651351,6.81565302245557e-81,1.68768551032233e-80
"s__Ligilactobacillus_ruminis","fixed",NA,"st131_detectyes",-0.116415024813018,0.171433639247728,-0.679067569958039,187.085258413095,0.497934273151171,0.654128392518591
"s__Ligilactobacillus_salivarius","fixed",NA,"(Intercept)",-5.54305629734976,0.0625354222900248,-88.6386642060615,134.520059679277,3.4069579950379e-121,1.77903078569343e-120
"s__Ligilactobacillus_salivarius","fixed",NA,"st131_detectyes",0.0616080744255766,0.105546072897797,0.583707879735454,205.660692027371,0.560056481789184,0.708156524086019
"s__Limosilactobacillus_fermentum","fixed",NA,"(Intercept)",-5.82456840220552,0.0566837539377909,-102.755516308921,121.852540054546,3.12985998772868e-120,1.5687009095122e-119
"s__Limosilactobacillus_fermentum","fixed",NA,"st131_detectyes",-0.0328104372349255,0.103736580807958,-0.316286087119699,210.783170514914,0.75209835924919,0.859690754022205
"s__Limosilactobacillus_mucosae","fixed",NA,"(Intercept)",-5.04398827008353,0.051397512515948,-98.136816806425,125.668606488599,1.23926785388225e-120,6.31267870059202e-120
"s__Limosilactobacillus_mucosae","fixed",NA,"st131_detectyes",-0.0858510717083367,0.10284501026485,-0.834761662109328,229.396128041514,0.404720409810195,0.570080216075759
"s__Longicatena_caecimuris","fixed",NA,"(Intercept)",-5.26082170398106,0.0498936017708908,-105.440808385382,126.225332247319,6.27321536651621e-125,3.71041363858399e-124
"s__Longicatena_caecimuris","fixed",NA,"st131_detectyes",0.0469888911257801,0.0703681618530404,0.667757830933733,179.86812508237,0.505144069247777,0.659434935587056
"s__Massiliimalia_massiliensis","fixed",NA,"(Intercept)",-5.810777292105,0.0424359319738389,-136.93059211442,101.888037308517,2.48937535484522e-117,1.0977881423487e-116
"s__Massiliimalia_massiliensis","fixed",NA,"st131_detectyes",-0.0281590955948432,0.0779070398216043,-0.361444814991346,198.971998214915,0.718150466414694,0.833814546037787
"s__Massiliimalia_timonensis","fixed",NA,"(Intercept)",-6.05007272557819,0.0598303943059349,-101.120388654668,128.183633611456,4.07739147398579e-124,2.34496984310335e-123
"s__Massiliimalia_timonensis","fixed",NA,"st131_detectyes",0.186949927709461,0.0949600189539718,1.96872251889585,193.669285217232,0.0504115770749514,0.0954683584059778
"s__Massilimicrobiota_sp_An134","fixed",NA,"(Intercept)",-5.79991729176362,0.048029683486668,-120.756933436248,116.118657093729,6.43050998964814e-124,3.64785293958222e-123
"s__Massilimicrobiota_sp_An134","fixed",NA,"st131_detectyes",-0.0789303055624851,0.087132995564021,-0.90586011707231,205.828772109538,0.366069069261177,0.529379140716048
"s__Massilioclostridium_coli","fixed",NA,"(Intercept)",-6.2546336002308,0.0496340318405522,-126.015021715818,121.605685773844,1.01526683164759e-130,7.15849155873557e-130
"s__Massilioclostridium_coli","fixed",NA,"st131_detectyes",-0.0041695304570753,0.0872587757476479,-0.0477835085508599,203.700188058406,0.961935595641749,0.984012806033527
"s__Mediterraneibacter_butyricigenes","fixed",NA,"(Intercept)",-6.40409849528137,0.0746382059430599,-85.8018814140165,126.891462484186,3.10249371021671e-114,1.24900391946789e-113
"s__Mediterraneibacter_butyricigenes","fixed",NA,"st131_detectyes",0.102820268310931,0.157612187604577,0.652362421165615,239.894509423943,0.514791996857226,0.668533207156939
"s__Mediterraneibacter_glycyrrhizinilyticus","fixed",NA,"(Intercept)",-5.41126867151249,0.0917706509470253,-58.9651333587701,126.065095256261,1.19947897081275e-93,3.40215853539617e-93
"s__Mediterraneibacter_glycyrrhizinilyticus","fixed",NA,"st131_detectyes",-0.113271859550022,0.163720018118957,-0.691863223883348,208.796591581949,0.489791853040779,0.646152465745129
"s__Mediterraneibacter_massiliensis","fixed",NA,"(Intercept)",-6.01019432382902,0.0518303586440572,-115.958956894429,127.72660796439,2.72432898893854e-131,2.01181217644692e-130
"s__Mediterraneibacter_massiliensis","fixed",NA,"st131_detectyes",0.104859103318384,0.0816223546840941,1.28468608537727,192.406429300356,0.200446509975539,0.334882522690057
"s__Megamonas_funiformis","fixed",NA,"(Intercept)",-3.65514843261124,0.128549069828671,-28.4338769427332,122.17068321797,1.0499998043871e-55,2.20235253088251e-55
"s__Megamonas_funiformis","fixed",NA,"st131_detectyes",0.0255495509951391,0.143821150357763,0.177648078405597,160.707562426739,0.859223080020202,0.92281446115767
"s__Megasphaera_elsdenii","fixed",NA,"(Intercept)",-5.63087420604489,0.0539249344049933,-104.420603718407,125.747886242981,4.85804055912372e-124,2.76841763369242e-123
"s__Megasphaera_elsdenii","fixed",NA,"st131_detectyes",-0.0112415575691944,0.0753611141323321,-0.149169206143298,178.66704454495,0.881588358285128,0.937216584936292
"s__Megasphaera_hominis","fixed",NA,"(Intercept)",-5.67155751725354,0.0520065583213443,-109.054659649067,123.467643260444,1.30926372237375e-124,7.67117899306307e-124
"s__Megasphaera_hominis","fixed",NA,"st131_detectyes",0.0193513266253443,0.054117061261918,0.357582732212433,158.642580588988,0.721130879810186,0.834852818184705
"s__Megasphaera_micronuciformis","fixed",NA,"(Intercept)",-6.09836423650426,0.0673838972618094,-90.5018036105872,129.153112134531,1.07058789138446e-118,4.98542421062613e-118
"s__Megasphaera_micronuciformis","fixed",NA,"st131_detectyes",0.0116490051476205,0.115707091609299,0.100676674053437,204.753988646027,0.919905640132429,0.957123075297256
"s__Megasphaera_sp_AM44_1BH","fixed",NA,"(Intercept)",-4.97566311455433,0.0746855481304483,-66.6214982564454,123.249175607054,1.63381741891852e-98,4.99755916375078e-98
"s__Megasphaera_sp_AM44_1BH","fixed",NA,"st131_detectyes",-0.0622540635693256,0.0724439611769757,-0.859340965870753,155.784707779786,0.391472836609768,0.558352114387417
"s__Megasphaera_sp_MJR8396C","fixed",NA,"(Intercept)",-5.18265628830325,0.0774845011067412,-66.8863606821669,123.283543898905,9.69820892396406e-99,3.00331631193726e-98
"s__Megasphaera_sp_MJR8396C","fixed",NA,"st131_detectyes",-0.121709652351603,0.113670224743915,-1.07072588820688,181.201467291682,0.285716810588253,0.441305172789776
"s__Megasphaera_sp_NM10","fixed",NA,"(Intercept)",-4.34474712356082,0.10317485384366,-42.1105236567079,125.545806219733,6.51528186276695e-76,1.53416448391192e-75
"s__Megasphaera_sp_NM10","fixed",NA,"st131_detectyes",-0.2786808253636,0.150524391315182,-1.85139978264434,182.481180978356,0.0657280048811922,0.122613677267157
"s__Merdimonas_faecis","fixed",NA,"(Intercept)",-5.69844486233771,0.0804366918689523,-70.8438491182809,122.104632292903,4.95253240549811e-101,1.5848103697594e-100
"s__Merdimonas_faecis","fixed",NA,"st131_detectyes",0.103083024960143,0.111336884430611,0.925865902277772,174.759865712558,0.355792459482637,0.518180310932725
"s__Mesosutterella_multiformis","fixed",NA,"(Intercept)",-4.87750658239804,0.117040145659138,-41.6737911161104,123.617511461536,1.22854077719416e-74,2.83929424062651e-74
"s__Mesosutterella_multiformis","fixed",NA,"st131_detectyes",0.179415981663172,0.146501757600516,1.22466777601677,168.454690113219,0.222410233565011,0.365323667162607
"s__Methanobrevibacter_smithii","fixed",NA,"(Intercept)",-5.3171956629789,0.0655653827322403,-81.0976073257068,115.197515909974,1.83316620972202e-103,6.05235827971714e-103
"s__Methanobrevibacter_smithii","fixed",NA,"st131_detectyes",-0.105069308946681,0.10552859014726,-0.995647803121997,185.718876440215,0.320716761333035,0.475926894344385
"s__Methylobacterium_SGB15164","fixed",NA,"(Intercept)",-5.65810227523575,0.0593151657213597,-95.3904824579835,144.928793464199,1.11222000595042e-132,8.8977600476034e-132
"s__Methylobacterium_SGB15164","fixed",NA,"st131_detectyes",-0.208262044387909,0.119952540142435,-1.73620370306968,236.771202337078,0.0838286152200761,0.154076747856635
"s__Mitsuokella_multacida","fixed",NA,"(Intercept)",-4.79906910118116,0.0590942510030258,-81.2104226676033,125.585671921787,2.08810120085604e-110,7.75580446032243e-110
"s__Mitsuokella_multacida","fixed",NA,"st131_detectyes",-0.0596035499068267,0.0672777520859165,-0.885932541722121,164.720736416061,0.376945405107956,0.540721684568654
"s__Mogibacterium_sp_BX12","fixed",NA,"(Intercept)",-5.81643595118332,0.0689900345878924,-84.3083495453718,122.412474773278,2.78142064166851e-110,1.02094498847126e-109
"s__Mogibacterium_sp_BX12","fixed",NA,"st131_detectyes",-0.0302767295815873,0.100270052998114,-0.301951865749554,179.554641312663,0.763038211323496,0.862557105585227
"s__Mogibacterium_sp_NSJ_24","fixed",NA,"(Intercept)",-5.54903851564905,0.0400292257220768,-138.624677733615,121.231218192782,2.17094713059873e-135,1.9776219116695e-134
"s__Mogibacterium_sp_NSJ_24","fixed",NA,"st131_detectyes",0.085052288938805,0.069963089960869,1.2156737071844,202.502624124581,0.225524556547934,0.368878960120343
"s__Morganella_morganii","fixed",NA,"(Intercept)",-5.54030868988095,0.036383978582737,-152.273305605716,96.935331074988,3.36855730825318e-117,1.48026743686618e-116
"s__Morganella_morganii","fixed",NA,"st131_detectyes",0.142062376186893,0.0942804812472753,1.50680580229854,229.47603540878,0.133235791838408,0.235855699594798
"s__Murimonas_intestini","fixed",NA,"(Intercept)",-5.6288653257384,0.0442468340205293,-127.215097991571,119.486943996335,2.06311683781167e-129,1.37688225325613e-128
"s__Murimonas_intestini","fixed",NA,"st131_detectyes",0.0868232988085718,0.0818008520999127,1.06139846443806,211.339152486385,0.289720270981919,0.445284357371225
"s__Negativibacillus_massiliensis","fixed",NA,"(Intercept)",-4.99901619116042,0.0723638480964113,-69.0816799087324,127.978957109523,3.57021609862911e-103,1.17253412923398e-102
"s__Negativibacillus_massiliensis","fixed",NA,"st131_detectyes",0.0850691370694546,0.117045899486252,0.72680151498555,195.858340526629,0.468215327400915,0.626383105187655
"s__Neobittarella_massiliensis","fixed",NA,"(Intercept)",-6.06992870374482,0.0382954534659019,-158.502593764804,126.040025769171,6.25689666825341e-147,1.00110346692055e-145
"s__Neobittarella_massiliensis","fixed",NA,"st131_detectyes",-0.0367956385967625,0.0688899488013212,-0.534122019786679,210.152426198789,0.593821670052114,0.73757133383923
"s__Nitrosopumilus_SGB14899","fixed",NA,"(Intercept)",-5.60056303471829,0.0558645706625425,-100.252502942325,127.610619019408,3.21354159491329e-123,1.75899118879464e-122
"s__Nitrosopumilus_SGB14899","fixed",NA,"st131_detectyes",-0.0161216253939736,0.0783786134774197,-0.205689086329884,180.543290618645,0.837265527244407,0.910198064460819
"s__Odoribacter_splanchnicus","fixed",NA,"(Intercept)",-3.60165673901538,0.138112642281306,-26.0776760152019,122.932593512861,6.22881854739611e-52,1.28701416343549e-51
"s__Odoribacter_splanchnicus","fixed",NA,"st131_detectyes",-0.13522845976552,0.160692334059588,-0.841536471275441,163.447790724316,0.401277007125638,0.568437803510552
"s__Olsenella_SGB72492","fixed",NA,"(Intercept)",-4.76885493591853,0.0344364881695503,-138.482615080805,126.920982458993,2.35614093756357e-140,2.82736912507628e-139
"s__Olsenella_SGB72492","fixed",NA,"st131_detectyes",-0.0887528550637961,0.0662907872460842,-1.33884147029856,222.53782243318,0.18198832082298,0.307752607570568
"s__Olsenella_sp_AF16_14LB","fixed",NA,"(Intercept)",-5.06812485298751,0.0611713376041349,-82.8513001593237,124.080950620184,1.75956242216313e-110,6.55502657570026e-110
"s__Olsenella_sp_AF16_14LB","fixed",NA,"st131_detectyes",-0.0471487116313401,0.081487968262859,-0.57859721669892,173.312421553506,0.563612120348836,0.710528403485946
"s__Oscillibacter_SGB15077","fixed",NA,"(Intercept)",-6.04438872937801,0.0557313101519383,-108.455887954175,131.436119947808,1.81564769169583e-130,1.26588174259016e-129
"s__Oscillibacter_SGB15077","fixed",NA,"st131_detectyes",-0.131539405015204,0.0932703573453499,-1.41030235928181,202.609953820782,0.159983784273357,0.277305226073819
"s__Oscillibacter_sp_ER4","fixed",NA,"(Intercept)",-3.58991236090899,0.0897680201065228,-39.9909940828487,122.227243786382,4.67182012703796e-72,1.05432758020676e-71
"s__Oscillibacter_sp_ER4","fixed",NA,"st131_detectyes",-0.16013444137796,0.110542350735371,-1.44862525821718,166.150602059964,0.149326846900114,0.260643223680198
"s__Oscillibacter_valericigenes","fixed",NA,"(Intercept)",-5.73660634209006,0.0571927830513676,-100.302975935578,127.799726470367,2.18694345263131e-123,1.20233719334091e-122
"s__Oscillibacter_valericigenes","fixed",NA,"st131_detectyes",0.00519421541611406,0.104658473751501,0.0496301467996477,213.973127784238,0.960463418640215,0.983312835490557
"s__Oscillospiraceae_bacterium_Marseille_Q3528","fixed",NA,"(Intercept)",-5.88214143165152,0.0649282823639632,-90.5944407812682,124.967974474875,7.71179021259254e-116,3.24050982670555e-115
"s__Oscillospiraceae_bacterium_Marseille_Q3528","fixed",NA,"st131_detectyes",0.0691838916165155,0.0999191998050178,0.692398375402534,187.669685148981,0.489543024410623,0.646152465745129
"s__Oscillospiraceae_bacterium_NSJ_64","fixed",NA,"(Intercept)",-6.17201281346887,0.0453204872113408,-136.185932527319,109.256933831547,8.55502028841848e-124,4.8093087026785e-123
"s__Oscillospiraceae_bacterium_NSJ_64","fixed",NA,"st131_detectyes",-0.0743618204885193,0.0873169567272508,-0.851630923427633,214.36494120564,0.39536934646221,0.562967393190601
"s__Oscillospiraceae_unclassified_SGB15256","fixed",NA,"(Intercept)",-5.97364192560876,0.0557871385829137,-107.079195623745,110.151695740717,3.48533328265195e-113,1.36354104600302e-112
"s__Oscillospiraceae_unclassified_SGB15256","fixed",NA,"st131_detectyes",0.0178853547063826,0.0650938467805271,0.274762601858292,151.521366091411,0.783872911716817,0.873567611377722
"s__Oxalobacter_formigenes","fixed",NA,"(Intercept)",-5.48050052743773,0.0294100908408972,-186.347623238778,99.406722903848,2.71560488940941e-128,1.7743847654361e-127
"s__Oxalobacter_formigenes","fixed",NA,"st131_detectyes",0.0211448813495027,0.0595049156377254,0.35534679988853,221.668992292733,0.722667691699949,0.835856607267411
"s__Parabacteroides_distasonis","fixed",NA,"(Intercept)",-2.85900991201864,0.132768196445754,-21.5338461209479,122.866807509652,1.58517420837446e-43,3.20631671321123e-43
"s__Parabacteroides_distasonis","fixed",NA,"st131_detectyes",0.187199900037004,0.164231085972563,1.139856677732,167.013578392798,0.255978091980436,0.40904053622482
"s__Parabacteroides_faecis","fixed",NA,"(Intercept)",-6.02320587075933,0.0495672814924903,-121.515759779399,124.976288358252,1.32725725132758e-131,1.00388912100413e-130
"s__Parabacteroides_faecis","fixed",NA,"st131_detectyes",0.0139888444854188,0.082312813992251,0.169947348498324,197.269991738469,0.865225702501229,0.925279928638846
"s__Parabacteroides_goldsteinii","fixed",NA,"(Intercept)",-4.93768918775662,0.0777376710265577,-63.5173285043457,123.162482721457,5.54099148840433e-96,1.64255519656261e-95
"s__Parabacteroides_goldsteinii","fixed",NA,"st131_detectyes",0.13635670627995,0.1234171761263,1.10484383584023,190.023625364663,0.270624234117711,0.424828986388557
"s__Parabacteroides_gordonii","fixed",NA,"(Intercept)",-5.75898653937523,0.0964142245134007,-59.7317104238575,122.728583280595,1.43899725967124e-92,4.05387941324991e-92
"s__Parabacteroides_gordonii","fixed",NA,"st131_detectyes",0.112975911941895,0.132665789207473,0.85158285807364,174.784591178141,0.395610900503331,0.562967393190601
"s__Parabacteroides_johnsonii","fixed",NA,"(Intercept)",-4.84800850871112,0.0851504165824279,-56.9346422870183,119.289002704342,2.48312909095543e-88,6.63585675698582e-88
"s__Parabacteroides_johnsonii","fixed",NA,"st131_detectyes",0.0874002406371301,0.0552478069464435,1.58196760139013,142.880784887436,0.115868061603415,0.208662829554202
"s__Parabacteroides_merdae","fixed",NA,"(Intercept)",-3.73687806477308,0.174396867146485,-21.4274380378307,124.243505294247,1.51101257284306e-43,3.06127222550023e-43
"s__Parabacteroides_merdae","fixed",NA,"st131_detectyes",-0.231451530292761,0.217715240074494,-1.06309291996999,168.836792884067,0.289257972907113,0.445122010096272
"s__Parabacteroides_sp_TM07_1AC","fixed",NA,"(Intercept)",-4.97109658331571,0.0372887979739088,-133.313403848363,112.704250874864,7.42219029896178e-126,4.47482777444652e-125
"s__Parabacteroides_sp_TM07_1AC","fixed",NA,"st131_detectyes",0.012151745506521,0.054892298703808,0.221374323784294,172.627479923222,0.825062624098394,0.900855778543128
"s__Paraprevotella_clara","fixed",NA,"(Intercept)",-5.21579428621016,0.140724576424549,-37.0638478276512,117.467363286937,1.15888737472798e-66,2.55528523614932e-66
"s__Paraprevotella_clara","fixed",NA,"st131_detectyes",0.183158740869219,0.124498913621954,1.47116738243506,147.332535510593,0.143378481464022,0.250962615521879
"s__Parasutterella_excrementihominis","fixed",NA,"(Intercept)",-5.37303181997318,0.110268849335162,-48.7266517458785,120.737513567094,2.9631850755958e-81,7.4258132014931e-81
"s__Parasutterella_excrementihominis","fixed",NA,"st131_detectyes",-0.0983075193283413,0.107117551909189,-0.917753604112271,153.445592537018,0.360188141209465,0.523910023577404
"s__Paratractidigestivibacter_faecalis","fixed",NA,"(Intercept)",-5.56649064502769,0.0597290129431549,-93.1957581540048,128.587978282714,6.41965913681429e-120,3.19192613655149e-119
"s__Paratractidigestivibacter_faecalis","fixed",NA,"st131_detectyes",-0.148613341473804,0.105380169794212,-1.41025908160917,208.486582616257,0.159953370846384,0.277305226073819
"s__Phascolarctobacterium_faecium","fixed",NA,"(Intercept)",-3.9952543796893,0.116830579704884,-34.1969918302329,123.410202365244,8.42474035516883e-65,1.83812516840047e-64
"s__Phascolarctobacterium_faecium","fixed",NA,"st131_detectyes",-0.113710949452842,0.160018618378314,-0.710610743957356,174.976866820914,0.478271565136292,0.634907236020979
"s__Phascolarctobacterium_SGB4573","fixed",NA,"(Intercept)",-5.49790742537254,0.0337776006658341,-162.767849610279,111.285897199105,3.39553399965905e-134,2.94279613303784e-133
"s__Phascolarctobacterium_SGB4573","fixed",NA,"st131_detectyes",0.107628419993354,0.067607600939664,1.59195739084731,224.095852224958,0.112803859241371,0.204027849758306
"s__Phascolarctobacterium_succinatutens","fixed",NA,"(Intercept)",-4.19939057962207,0.0579179053665458,-72.5059125160921,116.643470289729,7.22590252911419e-99,2.24326526276978e-98
"s__Phascolarctobacterium_succinatutens","fixed",NA,"st131_detectyes",-0.0487788725051237,0.0621961742694487,-0.784274484372656,153.538263031533,0.434087369735254,0.593300291797402
"s__Phocaeicola_coprocola","fixed",NA,"(Intercept)",-4.52371338045322,0.119883469275664,-37.7342548375142,119.570901236926,2.92299223346312e-68,6.47938598110475e-68
"s__Phocaeicola_coprocola","fixed",NA,"st131_detectyes",-0.01657263151995,0.0768492278699467,-0.215651243080753,142.99340885964,0.829566909517757,0.90498208311028
"s__Phocaeicola_dorei","fixed",NA,"(Intercept)",-3.491339120573,0.187263325801812,-18.644008941014,124.357678152367,8.00013885259063e-38,1.60517255434616e-37
"s__Phocaeicola_dorei","fixed",NA,"st131_detectyes",0.00810495356287915,0.222640180390438,0.0364038222959831,165.953502907843,0.971004118461782,0.987376426275901
"s__Phocaeicola_massiliensis","fixed",NA,"(Intercept)",-4.70672060257091,0.161523672633599,-29.1395095581294,120.654416719511,1.92772677229932e-56,4.05700339262993e-56
"s__Phocaeicola_massiliensis","fixed",NA,"st131_detectyes",-0.112334564578774,0.154498327343089,-0.727092432070912,152.833587685524,0.468281600272502,0.626383105187655
"s__Phocaeicola_plebeius","fixed",NA,"(Intercept)",-5.0697271267291,0.167573905941508,-30.2536788066437,119.69008407577,6.62362131561213e-58,1.40822477033798e-57
"s__Phocaeicola_plebeius","fixed",NA,"st131_detectyes",-0.0187153449920411,0.145400206365269,-0.128716082733921,148.963565233371,0.897755929089114,0.941512100422869
"s__Phocaeicola_sartorii","fixed",NA,"(Intercept)",-6.54285454098096,0.0328916482188869,-198.921455605984,101.925769705417,7.82338850218868e-134,6.59701949373748e-133
"s__Phocaeicola_sartorii","fixed",NA,"st131_detectyes",0.173367264720943,0.0799313169359114,2.16895293818252,251.371823956684,0.0310240609468733,0.0597500433050892
"s__Phocaeicola_SGB6473","fixed",NA,"(Intercept)",-4.14147704689164,0.0320226897569919,-129.329456030075,120.813961304094,2.11145933031054e-131,1.57790493666321e-130
"s__Phocaeicola_SGB6473","fixed",NA,"st131_detectyes",-0.0373355382568281,0.0549722022926101,-0.679171230180951,199.349586008997,0.497817156133049,0.654128392518591
"s__Phocaeicola_vulgatus","fixed",NA,"(Intercept)",-2.78460582577079,0.147941412587489,-18.8223552625877,126.507171799967,1.73082356008038e-38,3.4839803273876e-38
"s__Phocaeicola_vulgatus","fixed",NA,"st131_detectyes",0.231487843695091,0.214441739063295,1.07949060992629,182.626088843931,0.281792684247172,0.43735424829202
"s__Phocea_massiliensis","fixed",NA,"(Intercept)",-5.82751052790246,0.102303535048208,-56.9629439017566,125.102761249068,2.45646480434192e-91,6.81259572404158e-91
"s__Phocea_massiliensis","fixed",NA,"st131_detectyes",0.115902992946356,0.193164837224276,0.600021176793094,218.153235703189,0.549114870927118,0.697856780974586
"s__Prevotella_bivia","fixed",NA,"(Intercept)",-5.81335274968464,0.0674647255062503,-86.1687749570116,121.811181150961,5.17620414587117e-111,1.96349628390493e-110
"s__Prevotella_bivia","fixed",NA,"st131_detectyes",0.126447254963573,0.157377669256709,0.803463766878619,252.652718696917,0.422461980980877,0.583895000480867
"s__Prevotella_buccalis","fixed",NA,"(Intercept)",-5.57093675157387,0.0264806154678485,-210.377918078899,126.204081119555,1.52418295553457e-162,4.87738545771061e-161
"s__Prevotella_buccalis","fixed",NA,"st131_detectyes",0.0120554599253665,0.061830830068153,0.194974900257337,252.714759499763,0.845569256136264,0.916033360814286
"s__Prevotella_copri_clade_A","fixed",NA,"(Intercept)",-3.52150478797347,0.18540796594243,-18.9932766376764,122.305943739856,2.74821205647022e-38,5.52297688643291e-38
"s__Prevotella_copri_clade_A","fixed",NA,"st131_detectyes",0.0619825805369075,0.224124094465548,0.27655473939432,165.073385654715,0.782467987302327,0.873567611377722
"s__Prevotella_copri_clade_B","fixed",NA,"(Intercept)",-4.95573483132177,0.102630384715904,-48.287208949279,118.392437085363,9.58433966958499e-80,2.35457793457521e-79
"s__Prevotella_copri_clade_B","fixed",NA,"st131_detectyes",0.000304047787167917,0.0959730829157345,0.00316805272823084,149.907138769525,0.997476475855701,0.998276376798649
"s__Prevotella_copri_clade_C","fixed",NA,"(Intercept)",-4.73804441916014,0.12405761075476,-38.1922913905413,121.908492139437,1.113503232743e-69,2.47709810064754e-69
"s__Prevotella_copri_clade_C","fixed",NA,"st131_detectyes",-0.00859870519108078,0.122479474365319,-0.0702052750931431,155.139696854852,0.944120690223026,0.971138655942258
"s__Prevotella_copri_clade_D","fixed",NA,"(Intercept)",-5.73403431047051,0.119736011213607,-47.8889705139843,122.958819889375,2.24011440228937e-81,5.6250760041391e-81
"s__Prevotella_copri_clade_D","fixed",NA,"st131_detectyes",0.161119053396391,0.147311608010213,1.09372951373405,166.752265947301,0.275651062239131,0.430015657093044
"s__Prevotella_copri_clade_E","fixed",NA,"(Intercept)",-4.21271209468249,0.0394229926834889,-106.859266837113,125.428887364689,4.84002179877194e-125,2.89011827984085e-124
"s__Prevotella_copri_clade_E","fixed",NA,"st131_detectyes",-0.0139409287140397,0.0565416972512555,-0.246560138654665,180.749574565881,0.805528451195246,0.888858980629237
"s__Prevotella_copri_clade_G","fixed",NA,"(Intercept)",-5.82149318892273,0.136810223181042,-42.5515948557376,122.428248075979,3.26746637641302e-75,7.65065297891828e-75
"s__Prevotella_copri_clade_G","fixed",NA,"st131_detectyes",0.0204061472731634,0.180430083331562,0.113097255714639,171.104183501847,0.910086034723345,0.950830483819978
"s__Prevotella_disiens","fixed",NA,"(Intercept)",-5.46627957994538,0.0343980577213101,-158.912448610694,142.164850052611,5.63750828332226e-162,1.71600252136248e-160
"s__Prevotella_disiens","fixed",NA,"st131_detectyes",-0.0684655782671675,0.0851243244223638,-0.804300988369198,250.390070966746,0.421986139814954,0.583895000480867
"s__Prevotella_SGB1635","fixed",NA,"(Intercept)",-5.73876256147772,0.0676023888618491,-84.8899374429703,119.754736145314,7.75970614023161e-109,2.73562521553928e-108
"s__Prevotella_SGB1635","fixed",NA,"st131_detectyes",-0.00800249735438985,0.0608891338004685,-0.131427347621888,150.073946569798,0.895613282529341,0.941338217171838
"s__Prevotella_SGB1680","fixed",NA,"(Intercept)",-5.08085411386943,0.0756682372088593,-67.1464580289516,126.999728725427,4.45456461877327e-101,1.43280841346109e-100
"s__Prevotella_SGB1680","fixed",NA,"st131_detectyes",0.119958320426532,0.105548173322799,1.13652673135007,179.538696256769,0.257250876821606,0.410024386045165
"s__Prevotella_sp_885","fixed",NA,"(Intercept)",-6.05529194866649,0.109829071381643,-55.1337808149633,120.596276618341,2.19729968008548e-87,5.85946581356128e-87
"s__Prevotella_sp_885","fixed",NA,"st131_detectyes",0.0944118496958107,0.111443832984875,0.847169799953165,154.923743547893,0.398207297698717,0.566016751170841
"s__Prevotella_sp_Marseille_P4119","fixed",NA,"(Intercept)",-4.68269464852484,0.0886269204353819,-52.8360302436436,123.593258804611,1.08982282257047e-86,2.89382740971905e-86
"s__Prevotella_sp_Marseille_P4119","fixed",NA,"st131_detectyes",0.0364859933498846,0.0955496622034338,0.381853713644771,160.281222109577,0.703075654255951,0.8208030088975
"s__Prevotella_sp_P4_51","fixed",NA,"(Intercept)",-4.56445935094044,0.0535469631404424,-85.2421702976661,122.390230512809,7.64680378346992e-111,2.8831453540092e-110
"s__Prevotella_sp_P4_51","fixed",NA,"st131_detectyes",-0.0156648457639757,0.0420307596143786,-0.37269956355052,149.193424160457,0.709900998434042,0.827996678547369
"s__Prevotella_stercorea","fixed",NA,"(Intercept)",-6.14614463234142,0.128497171919955,-47.8309720012364,122.561444403614,3.86720598267953e-81,9.6525461327681e-81
"s__Prevotella_stercorea","fixed",NA,"st131_detectyes",0.15430266894073,0.125973744190663,1.22487959639582,155.506585236337,0.222472746028511,0.365323667162607
"s__Prevotella_timonensis","fixed",NA,"(Intercept)",-5.55689979236797,0.0373383659100466,-148.825468306656,135.924693075569,2.08302910664058e-152,4.90494400959894e-151
"s__Prevotella_timonensis","fixed",NA,"st131_detectyes",0.00772911595488302,0.0728419343724691,0.106108054673027,228.378387083588,0.915589763484741,0.954599853658276
"s__Prevotellamassilia_timonensis","fixed",NA,"(Intercept)",-5.16685315268148,0.0764348884835461,-67.5980989204129,121.22580184537,4.29590300893942e-98,1.30444938081664e-97
"s__Prevotellamassilia_timonensis","fixed",NA,"st131_detectyes",-0.000511725945969926,0.0671318370597765,-0.00762270136469329,150.780371364719,0.993928099295258,0.99781344993295
"s__Proteus_mirabilis","fixed",NA,"(Intercept)",-5.80038713273377,0.0568843504922311,-101.968064723284,118.905409046809,1.35315308550812e-117,5.98842216565294e-117
"s__Proteus_mirabilis","fixed",NA,"st131_detectyes",0.156996897876579,0.127554085605092,1.2308261011932,248.806902372858,0.219550183869658,0.362278633977821
"s__Pseudoflavonifractor_capillosus","fixed",NA,"(Intercept)",-5.70448794937508,0.0616886687838009,-92.472216726989,132.289829573182,4.44142662687263e-122,2.35868103418598e-121
"s__Pseudoflavonifractor_capillosus","fixed",NA,"st131_detectyes",-0.066509128427579,0.110424590251832,-0.60230360172403,212.791724306661,0.547613330447166,0.697229744992289
"s__Pseudoflavonifractor_gallinarum","fixed",NA,"(Intercept)",-5.92019987531109,0.0715541208100191,-82.7373714929655,123.951398768001,2.53617459031364e-110,9.36433694885038e-110
"s__Pseudoflavonifractor_gallinarum","fixed",NA,"st131_detectyes",0.144640183147663,0.159409061673771,0.907352327583908,248.257698880288,0.365100395938806,0.528590828458968
"s__Pseudoflavonifractor_sp_An184","fixed",NA,"(Intercept)",-5.07363373545627,0.0559016097637068,-90.7600649945906,128.364902411595,2.62685365544516e-118,1.20084738534636e-117
"s__Pseudoflavonifractor_sp_An184","fixed",NA,"st131_detectyes",-0.073030514481541,0.102915154370207,-0.709618665282618,215.286287932519,0.478708489917792,0.634907236020979
"s__Pyramidobacter_piscolens","fixed",NA,"(Intercept)",-5.13465306780656,0.0407500057372002,-126.003738525101,137.271498852877,9.31619103155298e-144,1.26376156601936e-142
"s__Pyramidobacter_piscolens","fixed",NA,"st131_detectyes",0.244799985771051,0.0791163263733386,3.09417786432443,228.060894089349,0.00222018453737892,0.00443326448423823
"s__Raoultibacter_timonensis","fixed",NA,"(Intercept)",-5.97798199689356,0.0339122250373802,-176.278082322946,103.891915324898,1.61972014614e-130,1.13562401257456e-129
"s__Raoultibacter_timonensis","fixed",NA,"st131_detectyes",0.0540818640610028,0.0699421583657726,0.773236990745609,228.540570439287,0.44018115595429,0.599068792400167
"s__Rheinheimera_SGB14999","fixed",NA,"(Intercept)",-5.126159210718,0.0995974213883798,-51.4687944653563,124.81756259222,6.45841075317835e-86,1.70044232488746e-85
"s__Rheinheimera_SGB14999","fixed",NA,"st131_detectyes",0.118304432294966,0.157777055862591,0.74982025522138,190.984247254086,0.454285629291173,0.614897212667267
"s__Romboutsia_timonensis","fixed",NA,"(Intercept)",-5.03628437416477,0.0971057360652943,-51.8639225470507,118.313644403726,3.23581965878983e-83,8.27521093067562e-83
"s__Romboutsia_timonensis","fixed",NA,"st131_detectyes",-0.0217787242483914,0.221116463433594,-0.0984943586298451,250.693513855709,0.921618458727934,0.957123075297256
"s__Roseburia_faecis","fixed",NA,"(Intercept)",-3.33186677362376,0.140163950523546,-23.7712105086824,128.500749103153,7.03391929694151e-49,1.44618307785552e-48
"s__Roseburia_faecis","fixed",NA,"st131_detectyes",-0.497462027997349,0.25454478097154,-1.95432028147915,213.071195854982,0.0519716835162961,0.0981250545058056
"s__Roseburia_hominis","fixed",NA,"(Intercept)",-4.11201068836552,0.101041047103947,-40.6964377965643,126.534656639846,1.51117116222039e-74,3.47959706725285e-74
"s__Roseburia_hominis","fixed",NA,"st131_detectyes",-0.412558518293172,0.185303510056826,-2.226393435109,213.684739480741,0.0270317902652586,0.0525477792072317
"s__Roseburia_intestinalis","fixed",NA,"(Intercept)",-4.44588501113961,0.153649688013435,-28.9352036351084,123.866799337401,5.94968694448925e-57,1.25638059335408e-56
"s__Roseburia_intestinalis","fixed",NA,"st131_detectyes",0.0809558538133056,0.288744439479182,0.280371992476559,216.682452019093,0.779459618751855,0.871653767206376
"s__Roseburia_inulinivorans","fixed",NA,"(Intercept)",-3.82213858091408,0.16032165608895,-23.840438491937,123.122188271534,5.76546097158222e-48,1.18343672574582e-47
"s__Roseburia_inulinivorans","fixed",NA,"st131_detectyes",-0.0452803936708457,0.219034263981653,-0.20672744459122,174.519897465841,0.836463715758925,0.910119195524968
"s__Roseburia_SGB4949","fixed",NA,"(Intercept)",-6.52703937931194,0.0274316916789971,-237.937909761115,252.999999997947,1.60469808026765e-299,2.00266320417403e-296
"s__Roseburia_SGB4949","fixed",NA,"st131_detectyes",0.0764215326527926,0.0730081646185221,1.04675323714965,253.000000000225,0.296212397035089,0.450643032411038
"s__Roseburia_sp_AF02_12","fixed",NA,"(Intercept)",-5.25752760474717,0.109205152936791,-48.1435853836518,130.385469757627,6.67857857337689e-85,1.74735137517282e-84
"s__Roseburia_sp_AF02_12","fixed",NA,"st131_detectyes",-0.073640599896288,0.174495701983863,-0.422019562998165,196.037834971472,0.673473181604234,0.804300986260367
"s__Roseburia_sp_AM16_25","fixed",NA,"(Intercept)",-4.81507984666289,0.0879609549771242,-54.7411047085055,128.638899397425,5.49791404168239e-91,1.5180081247831e-90
"s__Roseburia_sp_AM16_25","fixed",NA,"st131_detectyes",-0.144697194454896,0.146349347094375,-0.988710898461245,200.002860279609,0.323999226489901,0.480226882018286
"s__Roseburia_sp_AM23_20","fixed",NA,"(Intercept)",-4.96732362816533,0.0758693508102532,-65.4720723864957,118.133355100762,1.10820130699072e-94,3.17939133591819e-94
"s__Roseburia_sp_AM23_20","fixed",NA,"st131_detectyes",-0.0751785121686743,0.0941696659077073,-0.798330454334991,162.93071671402,0.425840840527311,0.585941972412442
"s__Roseburia_sp_AM59_24XD","fixed",NA,"(Intercept)",-5.52233801409509,0.0580479049574699,-95.1341485647269,122.198118802665,1.87585696629823e-116,8.04491235030994e-116
"s__Roseburia_sp_AM59_24XD","fixed",NA,"st131_detectyes",-0.0249497084162494,0.0713818072243251,-0.349524751283506,166.035818082023,0.727138309844967,0.839471425241923
"s__Rothia_mucilaginosa","fixed",NA,"(Intercept)",-6.22667288163869,0.0409637646792774,-152.004410004548,130.798719292476,5.2990811448991e-149,1.06665375303775e-147
"s__Rothia_mucilaginosa","fixed",NA,"st131_detectyes",-0.160027712489303,0.0947058857301593,-1.68973354987949,252.252922139603,0.0923143848764088,0.169175260390247
"s__Ruminococcaceae_bacterium_AM28_23LB","fixed",NA,"(Intercept)",-5.31129204671896,0.0474191587768108,-112.007302190192,124.108931470098,1.55248808925346e-126,9.68752567694157e-126
"s__Ruminococcaceae_bacterium_AM28_23LB","fixed",NA,"st131_detectyes",-0.093779555638836,0.0901322972326025,-1.04046561019987,218.921983716587,0.299271342599574,0.453265334422656
"s__Ruminococcus_bicirculans","fixed",NA,"(Intercept)",-4.82336855924625,0.169352139159864,-28.4812969188013,123.844103479596,3.31528796738499e-56,6.96545350723311e-56
"s__Ruminococcus_bicirculans","fixed",NA,"st131_detectyes",-0.25714234345934,0.250783208492741,-1.02535710028123,182.614153245239,0.30655102824612,0.458723840828726
"s__Ruminococcus_bromii","fixed",NA,"(Intercept)",-4.11730595190176,0.180899358994956,-22.7602019972694,123.321985477184,5.60406617883547e-46,1.14653681822732e-45
"s__Ruminococcus_bromii","fixed",NA,"st131_detectyes",-0.100296681176704,0.273803973667708,-0.366308347659065,184.530220889195,0.714554639768743,0.831094306087037
"s__Ruminococcus_callidus","fixed",NA,"(Intercept)",-4.5149122701961,0.102043717967822,-44.2448820967087,123.515961074015,1.310570072018e-77,3.1514286124826e-77
"s__Ruminococcus_callidus","fixed",NA,"st131_detectyes",-0.0141073622175549,0.143586021501425,-0.0982502479700989,177.411221844551,0.921844500406492,0.957123075297256
"s__Ruminococcus_gnavus","fixed",NA,"(Intercept)",-3.54066676655466,0.127196398271236,-27.8362187505063,129.439624398649,1.73312753207052e-56,3.65362020274327e-56
"s__Ruminococcus_gnavus","fixed",NA,"st131_detectyes",0.00724089917059178,0.202790763753494,0.0357062572109723,195.105394528066,0.971553086111223,0.987376426275901
"s__Ruminococcus_lactaris","fixed",NA,"(Intercept)",-5.0160251911046,0.0873410775251155,-57.4303103790105,125.955114739544,3.36957384965114e-92,9.47123460442482e-92
"s__Ruminococcus_lactaris","fixed",NA,"st131_detectyes",-0.161138921604292,0.140530921551999,-1.14664388324435,193.758751723118,0.252942852469234,0.405228087139414
"s__Ruminococcus_SGB4421","fixed",NA,"(Intercept)",-4.2780120742676,0.0418516055983348,-102.218589062634,121.722993311991,7.37226555923323e-120,3.6365958173609e-119
"s__Ruminococcus_SGB4421","fixed",NA,"st131_detectyes",0.0984716133338133,0.0649393262774445,1.51636333449329,186.12273803128,0.131124061555912,0.232777850386598
"s__Ruminococcus_sp_AF13_28","fixed",NA,"(Intercept)",-5.56114734743318,0.0852897644328248,-65.2029863655351,124.409612406028,4.76728712656386e-98,1.44407144027954e-97
"s__Ruminococcus_sp_AF13_28","fixed",NA,"st131_detectyes",-0.0203653672700795,0.156880828795849,-0.129814250896017,213.079097956126,0.896835849533105,0.941338217171838
"s__Ruminococcus_sp_BSD2780120874_150323_B10","fixed",NA,"(Intercept)",-5.37861884947478,0.0750077370156228,-71.7075206302319,112.89670847884,5.37245477111063e-96,1.59638656055859e-95
"s__Ruminococcus_sp_BSD2780120874_150323_B10","fixed",NA,"st131_detectyes",-0.041272866046419,0.135402146779826,-0.304816925196407,202.870267577939,0.760818069621047,0.862557105585227
"s__Ruminococcus_sp_NSJ_13","fixed",NA,"(Intercept)",-5.56525114411493,0.0511313557711421,-108.842237022314,117.921501428628,3.75125101802783e-120,1.87262450819949e-119
"s__Ruminococcus_sp_NSJ_13","fixed",NA,"st131_detectyes",-0.0702240159836958,0.0638659929614369,-1.09955255884142,163.156361054705,0.273146893327713,0.428250405619329
"s__Ruminococcus_torques","fixed",NA,"(Intercept)",-3.34911826153382,0.124695659707983,-26.8583386893891,126.59540616989,4.00865250963026e-54,8.32412368056334e-54
"s__Ruminococcus_torques","fixed",NA,"st131_detectyes",0.248513368687884,0.206484426827095,1.20354533514521,197.985806498166,0.230202432446955,0.374078952726301
"s__Ruthenibacterium_lactatiformans","fixed",NA,"(Intercept)",-4.14694534191396,0.122218126799615,-33.9306897471368,128.396430865788,5.81034762727341e-66,1.2743961052438e-65
"s__Ruthenibacterium_lactatiformans","fixed",NA,"st131_detectyes",0.207596199796535,0.214119006798808,0.969536534379678,207.289593586289,0.333407452133455,0.492417160074026
"s__Sanguibacter_SGB15121","fixed",NA,"(Intercept)",-5.3845018223675,0.0772011844089371,-69.7463628776163,120.639926651971,2.38198443392987e-99,7.43179143386118e-99
"s__Sanguibacter_SGB15121","fixed",NA,"st131_detectyes",0.093105981543602,0.118289288444674,0.787104079902797,183.786869235307,0.432234772455927,0.592128425933037
"s__Sellimonas_intestinalis","fixed",NA,"(Intercept)",-4.75182071180497,0.0818207086803864,-58.0760150876578,124.264636613736,6.45039023012511e-92,1.79689442124914e-91
"s__Sellimonas_intestinalis","fixed",NA,"st131_detectyes",0.324752064720908,0.126786510116528,2.56140865792766,187.92509070522,0.0112094881552254,0.0222054622503513
"s__Senegalimassilia_anaerobia","fixed",NA,"(Intercept)",-5.06741873446643,0.0449299640969987,-112.784838276889,114.557986154776,3.07296240623854e-119,1.46376224541439e-118
"s__Senegalimassilia_anaerobia","fixed",NA,"st131_detectyes",-0.103055762878588,0.072408660986663,-1.42325188001432,185.393382052831,0.156343791779983,0.27175076899919
"s__Senegalimassilia_faecalis","fixed",NA,"(Intercept)",-5.62262888648563,0.0366248008942535,-153.519712031194,136.017977272993,2.58052874711665e-154,6.44099975280316e-153
"s__Senegalimassilia_faecalis","fixed",NA,"st131_detectyes",-0.0842426591668174,0.0684519830198697,-1.23068252299373,221.393159640005,0.219747536795842,0.362278633977821
"s__Slackia_isoflavoniconvertens","fixed",NA,"(Intercept)",-5.17403387309173,0.0490715911904505,-105.438477692947,126.617948091945,3.16009254751327e-125,1.89605552850796e-124
"s__Slackia_isoflavoniconvertens","fixed",NA,"st131_detectyes",-0.133305369230091,0.0922921160059578,-1.4443852302778,218.160384412338,0.150065292922565,0.26120151404095
"s__Solibaculum_mannosilyticum","fixed",NA,"(Intercept)",-5.38003586638434,0.0217343385696964,-247.536213220014,138.657770390792,2.31528642892195e-185,3.21053051477178e-183
"s__Solibaculum_mannosilyticum","fixed",NA,"st131_detectyes",0.0242558733930971,0.0394673717128195,0.614580407572934,218.185090196605,0.539472220615653,0.691233399721083
"s__Streptococcus_anginosus","fixed",NA,"(Intercept)",-5.31401952946343,0.030567976502866,-173.842698713315,122.663336965081,1.17210508698214e-148,2.32188436278366e-147
"s__Streptococcus_anginosus","fixed",NA,"st131_detectyes",0.0750647969780874,0.065979003155286,1.13770735216198,243.080558500715,0.256362855934407,0.409131514330102
"s__Streptococcus_australis","fixed",NA,"(Intercept)",-5.22594139187044,0.032982799619369,-158.444445352708,147.316950728618,1.82884182821904e-166,7.13248313005424e-165
"s__Streptococcus_australis","fixed",NA,"st131_detectyes",-0.0276421627119825,0.0769780648514183,-0.359091421242363,252.783149947471,0.719826457140937,0.834535605784491
"s__Streptococcus_equinus","fixed",NA,"(Intercept)",-5.22300654434921,0.0495406125347694,-105.428784125015,135.424392346146,7.33868874421205e-132,5.65350836591151e-131
"s__Streptococcus_equinus","fixed",NA,"st131_detectyes",0.0300480463100547,0.113825014462002,0.263984559563448,251.920685558083,0.792007636281207,0.877820186571001
"s__Streptococcus_gallolyticus","fixed",NA,"(Intercept)",-4.16570165854763,0.0256101795846744,-162.658041689035,146.46480089649,2.35369807785834e-167,9.7913840038907e-166
"s__Streptococcus_gallolyticus","fixed",NA,"st131_detectyes",-0.0568620041311885,0.0548726146117508,-1.03625468794431,245.194577716003,0.301104223193487,0.454937131410983
"s__Streptococcus_gordonii","fixed",NA,"(Intercept)",-5.50391039052172,0.028204459573543,-195.143267190435,141.053602389233,1.74018491226884e-173,9.44239465439786e-172
"s__Streptococcus_gordonii","fixed",NA,"st131_detectyes",0.0294446460184058,0.0715571569110096,0.411484291571617,246.112023480644,0.681075563472685,0.809943707707407
"s__Streptococcus_infantis","fixed",NA,"(Intercept)",-5.55870936458774,0.0219783135602919,-252.917920628389,132.63167862697,6.83130234879627e-180,5.01497960664573e-178
"s__Streptococcus_infantis","fixed",NA,"st131_detectyes",-0.0337661091231289,0.0551362157026527,-0.612412525829268,247.631594972371,0.540826798552831,0.691549021100342
"s__Streptococcus_mitis","fixed",NA,"(Intercept)",-5.13723615430982,0.0502965332609457,-102.138971043135,139.263637191375,7.99961289269381e-133,6.48280317537784e-132
"s__Streptococcus_mitis","fixed",NA,"st131_detectyes",-0.0865483280623201,0.104951403694095,-0.824651457874587,240.305587200741,0.410387298680249,0.573692855507741
"s__Streptococcus_oralis","fixed",NA,"(Intercept)",-5.28825642659426,0.0247175816906431,-213.947160882496,144.922432375528,4.04247377394724e-183,3.88077482298935e-181
"s__Streptococcus_oralis","fixed",NA,"st131_detectyes",-0.0642618073184623,0.0570933848820626,-1.12555609465453,252.358760185155,0.261422761705764,0.413505204827367
"s__Streptococcus_parasanguinis","fixed",NA,"(Intercept)",-4.74362403535993,0.110885232521349,-42.7795832456464,129.871384593792,2.07515613194552e-78,5.02872786925826e-78
"s__Streptococcus_parasanguinis","fixed",NA,"st131_detectyes",-0.0561127022060603,0.206459703118189,-0.27178525086776,217.949461176705,0.786044420586844,0.874059064001147
"s__Streptococcus_pasteurianus","fixed",NA,"(Intercept)",-5.4201263959468,0.0480501766690922,-112.801383297166,149.529132505321,1.40813065990693e-146,2.19668382945481e-145
"s__Streptococcus_pasteurianus","fixed",NA,"st131_detectyes",0.0302434852945507,0.0959622178454624,0.31516034095059,236.118835560725,0.75291826454028,0.859690754022205
"s__Streptococcus_salivarius","fixed",NA,"(Intercept)",-3.98042897621246,0.0953491347807362,-41.7458321500852,133.118148665013,2.40570324212421e-78,5.81844505071902e-78
"s__Streptococcus_salivarius","fixed",NA,"st131_detectyes",-0.0598425125117339,0.192340428175639,-0.311128102808878,233.218625878257,0.75598115247025,0.860213644350579
"s__Streptococcus_SGB14888","fixed",NA,"(Intercept)",-5.22044736554235,0.0314176218208522,-166.163034086733,115.167000623609,5.41154750447168e-139,5.77231733810313e-138
"s__Streptococcus_SGB14888","fixed",NA,"st131_detectyes",0.00534896922774548,0.0565151565692585,0.0946466320267625,203.655907992445,0.924688565449555,0.959277913284327
"s__Streptococcus_SGB15012","fixed",NA,"(Intercept)",-5.56983130560817,0.0554191829876382,-100.503670486275,133.027851442671,2.45359751388404e-127,1.5465099481451e-126
"s__Streptococcus_SGB15012","fixed",NA,"st131_detectyes",0.077960501675752,0.093069548497469,0.837658535303543,204.076965056867,0.403202442087978,0.56922697706538
"s__Streptococcus_thermophilus","fixed",NA,"(Intercept)",-4.79395875496109,0.0460434455596492,-104.118158332667,140.891174423593,3.64870392062323e-135,3.2759586280128e-134
"s__Streptococcus_thermophilus","fixed",NA,"st131_detectyes",0.0576335260342432,0.101848772929945,0.565873543453344,248.5732522636,0.57199021376046,0.718875918200457
"s__Streptococcus_vestibularis","fixed",NA,"(Intercept)",-4.76644846797646,0.0366311804008962,-130.119980186602,138.645867356599,8.40684389448992e-147,1.32806850383841e-145
"s__Streptococcus_vestibularis","fixed",NA,"st131_detectyes",-0.00451413289695556,0.0649810288529435,-0.0694684737474894,214.805295980119,0.944681352815626,0.971138655942258
"s__Sutterella_SGB9298","fixed",NA,"(Intercept)",-4.91150217633674,0.0519892341896467,-94.4715238239618,136.350452639064,3.85177512397792e-126,2.3335025993808e-125
"s__Sutterella_SGB9298","fixed",NA,"st131_detectyes",-0.10312583411516,0.0745010999999468,-1.38421894596501,189.26521102892,0.167921390531731,0.288658258104133
"s__Sutterella_sp_AM11_39","fixed",NA,"(Intercept)",-5.32826172609667,0.0498967291947744,-106.78579161567,118.208313856764,2.0755789886909e-119,1.00012454744643e-118
"s__Sutterella_sp_AM11_39","fixed",NA,"st131_detectyes",0.0369245662911512,0.02806157883128,1.31584065576495,140.106231545268,0.19037650536746,0.319771034587604
"s__Sutterella_wadsworthensis","fixed",NA,"(Intercept)",-4.31468993767081,0.160262253971582,-26.9226834812638,121.473980826065,4.87452958178197e-53,1.00885786369219e-52
"s__Sutterella_wadsworthensis","fixed",NA,"st131_detectyes",-0.243225773689864,0.177091142706608,-1.37344968230751,159.452917174527,0.171540626930058,0.293263975902346
"s__TM7_phylum_sp_oral_taxon_352","fixed",NA,"(Intercept)",-5.08401538238114,0.0224988732876442,-225.967554791872,135.418677451277,2.04513086273524e-176,1.21539205556837e-174
"s__TM7_phylum_sp_oral_taxon_352","fixed",NA,"st131_detectyes",0.0229425762681227,0.0532648600968694,0.430726302977207,252.99995059178,0.667034110857553,0.798904578071234
"s__Turicibacter_bilis","fixed",NA,"(Intercept)",-5.38348493842014,0.083008609594271,-64.8545369538595,119.187389255737,8.23158955400117e-95,2.36705616668052e-94
"s__Turicibacter_bilis","fixed",NA,"st131_detectyes",-0.214553939763993,0.196121220801916,-1.09398635643154,252.99171140805,0.275001462614694,0.429539205686031
"s__Turicibacter_sanguinis","fixed",NA,"(Intercept)",-5.758788643652,0.0433523242761142,-132.836906436062,117.775371793563,3.81708489859334e-130,2.61742964474972e-129
"s__Turicibacter_sanguinis","fixed",NA,"st131_detectyes",0.210684808691902,0.0971601655536285,2.16842784788806,248.658791045457,0.031074688059152,0.0597553323541167
"s__Tyzzerella_nexilis","fixed",NA,"(Intercept)",-4.86742559757545,0.10550086877156,-46.1363555983113,124.32617159073,4.50532875849087e-80,1.10900400209006e-79
"s__Tyzzerella_nexilis","fixed",NA,"st131_detectyes",-0.222920324511021,0.142891471935893,-1.5600673818451,174.836663506963,0.120552235005042,0.216162628284903
"s__Veillonella_atypica","fixed",NA,"(Intercept)",-5.26098585860362,0.108463712679721,-48.504571055378,126.486449768639,1.36240010001167e-83,3.51296554713754e-83
"s__Veillonella_atypica","fixed",NA,"st131_detectyes",-0.154531638070949,0.215072541329184,-0.718509378816645,227.938983540978,0.473179124434289,0.629560284961613
"s__Veillonella_dispar","fixed",NA,"(Intercept)",-5.2614372474617,0.119692581904264,-43.9579225692536,133.168707789272,3.77366338229806e-81,9.43793968157912e-81
"s__Veillonella_dispar","fixed",NA,"st131_detectyes",-0.248267665944519,0.241961079637398,-1.02606446589084,233.605775945191,0.305922483362563,0.458599666731855
"s__Veillonella_parvula","fixed",NA,"(Intercept)",-4.52933335124483,0.136598987266383,-33.1578838312477,128.413430751111,8.18970439412459e-65,1.7899739201169e-64
"s__Veillonella_parvula","fixed",NA,"st131_detectyes",-0.283984954996232,0.234863670426263,-1.20914807505485,204.485909326425,0.22800214193824,0.371956435475717
"s__Veillonella_ratti","fixed",NA,"(Intercept)",-4.9033015578634,0.0783015480043545,-62.6207486675833,132.704924231804,2.05664926995815e-100,6.53103890307321e-100
"s__Veillonella_ratti","fixed",NA,"st131_detectyes",0.0770352271139417,0.105496508360705,0.730215893501892,181.409737817703,0.466200156974759,0.626283956840149
"s__Veillonella_rogosae","fixed",NA,"(Intercept)",-5.19583319947748,0.0823583086865946,-63.088148388885,118.363778477378,5.83235130461823e-93,1.65051574334775e-92
"s__Veillonella_rogosae","fixed",NA,"st131_detectyes",-0.129567952800027,0.193829617824967,-0.668463128875538,252.937109442132,0.504447575374739,0.659215260803847
"s__Vescimonas_coprocola","fixed",NA,"(Intercept)",-4.64180010028584,0.112896402164444,-41.1155715442962,126.807353617538,3.56829197925947e-75,8.30826192185786e-75
"s__Vescimonas_coprocola","fixed",NA,"st131_detectyes",-0.00245123164228717,0.169079061939733,-0.0144975469710194,186.129077003006,0.988448564175038,0.996298713568609
"s__Vescimonas_fastidiosa","fixed",NA,"(Intercept)",-5.85801481968507,0.0701647105826502,-83.4894745669142,124.25247284506,5.30603759816784e-111,2.0066469462162e-110
"s__Vescimonas_fastidiosa","fixed",NA,"st131_detectyes",-0.135793293000136,0.120308549527314,-1.12870858749159,201.436639417253,0.260363223263551,0.413401148387928
"s__Vescimonas_SGB15087","fixed",NA,"(Intercept)",-5.0964472861067,0.0591410556345469,-86.1744389143038,117.680791274372,3.56046185700064e-108,1.23429344376022e-107
"s__Vescimonas_SGB15087","fixed",NA,"st131_detectyes",0.0409943101834804,0.0776051410253966,0.528242196867665,166.490648733225,0.598034638619671,0.739141889568428
"s__Victivallis_lenta","fixed",NA,"(Intercept)",-4.71484981613074,0.0840643389002049,-56.0862058491635,121.64331444942,8.8365463939035e-89,2.37161503217023e-88
"s__Victivallis_lenta","fixed",NA,"st131_detectyes",-0.10565197394386,0.0902093778753948,-1.17118614973485,158.251829811478,0.243284391580512,0.391766349280617
"s__Victivallis_vadensis","fixed",NA,"(Intercept)",-4.6668091800428,0.0426935631102176,-109.30943308702,121.879483133072,1.72659799020764e-123,9.61961737401398e-123
"s__Victivallis_vadensis","fixed",NA,"st131_detectyes",-0.0585359900807525,0.0693173606950144,-0.844463630666807,191.985651676534,0.399461443415593,0.567153448671969
"s__Waltera_intestinalis","fixed",NA,"(Intercept)",-4.67562982697685,0.143659306192797,-32.5466546573874,125.316800764846,5.60698961728582e-63,1.21908066940291e-62
"s__Waltera_intestinalis","fixed",NA,"st131_detectyes",-0.0844230792940133,0.205943441118124,-0.409933323613789,180.61379851409,0.682340667276311,0.810133371225194
"s__Weissella_cibaria","fixed",NA,"(Intercept)",-5.94288174109065,0.0341942398169859,-173.797744090762,252.9999999971,3.21429490392611e-265,2.0057200200499e-262
"s__Weissella_cibaria","fixed",NA,"st131_detectyes",-0.0461145692221325,0.0910063702514971,-0.506718036272564,252.999999993409,0.612793995755153,0.751613085689562
"s__Weissella_confusa","fixed",NA,"(Intercept)",-5.68070065179364,0.058624764738009,-96.8993338767395,109.59598255164,4.91161540720615e-108,1.69797673911171e-107
"s__Weissella_confusa","fixed",NA,"st131_detectyes",-0.086690345021617,0.142521678518162,-0.608260763716516,251.516675581057,0.543563422040453,0.694298981281038
